path	package	versionName	versionCode	sdk	targetSdk	label	sharedUserId	privileged	permissions	cert_sha256	cert_subject
product/app/AIGCInput/AIGCInput.apk	cn.zte.aigcinput	15.0.002.001.2604201650	150000	33	35	AI Writing		no	android.permission.ACCESS_NETWORK_STATE;android.permission.CAPTURE_BLACKOUT_CONTENT;android.permission.INJECT_EVENTS;android.permission.INTERNET;android.permission.QUERY_ALL_PACKAGES;android.permission.READ_FRAME_BUFFER;android.permission.RECEIVE_BOOT_COMPLETED;android.permission.RECORD_AUDIO;android.permission.SYSTEM_ALERT_WINDOW;android.permission.SYSTEM_OVERLAY_WINDOW;android.permission.VIBRATE;android.permission.WRITE_SECURE_SETTINGS;android.permission.WRITE_SETTINGS;android.permission.ZTE_AIENGINE_OCR_PREDICT;cn.zte.aigcinput.DYNAMIC_RECEIVER_NOT_EXPORTED_PERMISSION;com.zte.aigc.billing;zte.permission.BIND_DATA_COLLECTION	?	
product/app/Alarming_MFV_RedMagic_abroad/Alarming_MFV_RedMagic_abroad.apk	zte.com.cn.alarmclock	16.0.000.000.2604201740	160000	29	36	Clock		no	alarmclock.permission.MY_BROADCAST;android.permission.ACCESS_NETWORK_STATE;android.permission.ACCESS_WIFI_STATE;android.permission.CHANGE_CONFIGURATION;android.permission.CHANGE_WIFI_STATE;android.permission.CONTROL_INCALL_EXPERIENCE;android.permission.DEVICE_POWER;android.permission.DISABLE_KEYGUARD;android.permission.EXPAND_STATUS_BAR;android.permission.FOREGROUND_SERVICE;android.permission.FOREGROUND_SERVICE_SYSTEM_EXEMPTED;android.permission.INTERACT_ACROSS_USERS;android.permission.INTERACT_ACROSS_USERS_FULL;android.permission.INTERNET;android.permission.QUERY_ALL_PACKAGES;android.permission.READ_PRIVILEGED_PHONE_STATE;android.permission.READ_SETTINGS;android.permission.RECEIVE_BOOT_COMPLETED;android.permission.SCHEDULE_EXACT_ALARM;android.permission.SHUTDOWN;android.permission.STATUS_BAR;android.permission.STOP_APP_SWITCHES;android.permission.SYSTEM_ALERT_WINDOW;android.permission.VIBRATE;android.permission.WAKE_LOCK;android.permission.WRITE_SETTINGS;android.permission.ZDM_RECOVERY_REBOOT;android.permission.ZTE_HS_INTERFACE;com.android.calendar.permission.ACCESS_PROVIDER;com.moji.zteweather.data.weather.WeatherMainInfo.read;com.moji.zteweather.data.weather.WeatherMainInfoCity.cityread;com.zte.halo.permission.halospeechservice;com.zte.permission.zgesture;com.zte.weather.permission.READ_WEATHER_DATA;zte.com.cn.alarmclock.DYNAMIC_RECEIVER_NOT_EXPORTED_PERMISSION;zte.permission.BIND_DATA_COLLECTION;zte.permission.ZMS	?	
product/app/CalculatorGoogle/CalculatorGoogle.apk	com.google.android.calculator	9.0 (799007469)	85006687	23	35	Calculator		no	android.permission.ACCESS_NETWORK_STATE;android.permission.GET_PACKAGE_SIZE;android.permission.INTERNET;android.permission.WAKE_LOCK;com.google.android.calculator.DYNAMIC_RECEIVER_NOT_EXPORTED_PERMISSION;com.google.android.providers.gsf.permission.READ_GSERVICES	?	
product/app/CalendarGoogle/CalendarGoogle.apk	com.google.android.calendar	2026.02.0-854937005-release	2018008851	26	36	Calendar		no	android.permission.ACCESS_COARSE_LOCATION;android.permission.ACCESS_NETWORK_STATE;android.permission.FOREGROUND_SERVICE;android.permission.GET_PACKAGE_SIZE;android.permission.INTERACT_ACROSS_PROFILES;android.permission.INTERNET;android.permission.POST_NOTIFICATIONS;android.permission.READ_CALENDAR;android.permission.READ_CONTACTS;android.permission.READ_SYNC_SETTINGS;android.permission.READ_SYNC_STATS;android.permission.RECEIVE_BOOT_COMPLETED;android.permission.SCHEDULE_EXACT_ALARM;android.permission.SUBSCRIBED_FEEDS_READ;android.permission.SUBSCRIBED_FEEDS_WRITE;android.permission.USE_CREDENTIALS;android.permission.USE_EXACT_ALARM;android.permission.VIBRATE;android.permission.WAKE_LOCK;android.permission.WRITE_CALENDAR;android.permission.WRITE_SYNC_SETTINGS;com.google.android.c2dm.permission.RECEIVE;com.google.android.calendar.permission.C2D_MESSAGE;com.google.android.gm.exchange.BIND;com.google.android.gm.permission.READ_GMAIL;com.google.android.googleapps.permission.GOOGLE_AUTH;com.google.android.hangouts.START_HANGOUT;com.google.android.providers.gsf.permission.READ_GSERVICES	?	
product/app/Chrome64/Chrome64.apk	com.android.chrome	143.0.7499.192	749919233	29	36	Chrome		no	android.permission.ACCESS_COARSE_LOCATION;android.permission.ACCESS_FINE_LOCATION;android.permission.ACCESS_NETWORK_STATE;android.permission.CAMERA;android.permission.CAPTURE_KEYBOARD;android.permission.CREDENTIAL_MANAGER_QUERY_CANDIDATE_CREDENTIALS;android.permission.CREDENTIAL_MANAGER_SET_ALLOWED_PROVIDERS;android.permission.CREDENTIAL_MANAGER_SET_ORIGIN;android.permission.DOWNLOAD_WITHOUT_NOTIFICATION;android.permission.FOREGROUND_SERVICE;android.permission.FOREGROUND_SERVICE_DATA_SYNC;android.permission.FOREGROUND_SERVICE_MEDIA_PLAYBACK;android.permission.FOREGROUND_SERVICE_MEDIA_PROJECTION;android.permission.GET_ACCOUNTS;android.permission.INTERNET;android.permission.MANAGE_ACCOUNTS;android.permission.MODIFY_AUDIO_SETTINGS;android.permission.NFC;android.permission.POST_NOTIFICATIONS;android.permission.QUERY_ADVANCED_PROTECTION_MODE;android.permission.QUERY_ALL_PACKAGES;android.permission.READ_EXTERNAL_STORAGE;android.permission.RECEIVE_BOOT_COMPLETED;android.permission.RECORD_AUDIO;android.permission.REPOSITION_SELF_WINDOWS;android.permission.RUN_USER_INITIATED_JOBS;android.permission.USE_CREDENTIALS;android.permission.VIBRATE;android.permission.WAKE_LOCK;android.permission.WRITE_EXTERNAL_STORAGE;com.android.chrome.TOS_ACKED;com.android.chrome.permission.C2D_MESSAGE;com.android.chrome.permission.READ_WRITE_BOOKMARK_FOLDERS;com.android.launcher.permission.INSTALL_SHORTCUT;com.chrome.permission.DEVICE_EXTRAS;com.google.android.apps.aicore.service.BIND_SERVICE;com.google.android.apps.now.CURRENT_ACCOUNT_ACCESS;com.google.android.c2dm.permission.RECEIVE;com.google.android.finsky.permission.DSE;com.google.android.googlequicksearchbox.permission.LENS_SERVICE;com.google.android.providers.gsf.permission.READ_GSERVICES;com.sec.enterprise.knox.MDM_CONTENT_PROVIDER	?	
product/app/ConferenceDialer/ConferenceDialer.apk	com.qualcomm.qti.confdialer	16	36	36	35	ConfDialer		no	android.permission.CALL_PHONE;android.permission.CALL_PRIVILEGED;android.permission.MANAGE_ACCOUNTS;android.permission.READ_CALL_LOG;android.permission.READ_CONTACTS;android.permission.READ_PHONE_NUMBERS;android.permission.READ_PHONE_STATE;android.permission.READ_PRIVILEGED_PHONE_STATE;com.qualcomm.qti.confdialer.DYNAMIC_RECEIVER_NOT_EXPORTED_PERMISSION	?	
product/app/DeviceStatisticsService/DeviceStatisticsService.apk	com.qualcomm.qti.devicestatisticsservice	16	36	30	35			no	android.permission.INTERACT_ACROSS_USERS;android.permission.INTERACT_ACROSS_USERS_FULL;android.permission.READ_PRIVILEGED_PHONE_STATE;android.permission.RECEIVE_BOOT_COMPLETED	?	
product/app/Drive/Drive.apk	com.google.android.apps.docs	2.26.027.4.all.alldpi	214309283	26	36	Drive		no	android.permission.ACCESS_NETWORK_STATE;android.permission.ACCESS_WIFI_STATE;android.permission.CAMERA;android.permission.DOWNLOAD_WITHOUT_NOTIFICATION;android.permission.FOREGROUND_SERVICE;android.permission.FOREGROUND_SERVICE_DATA_SYNC;android.permission.FOREGROUND_SERVICE_MEDIA_PLAYBACK;android.permission.GET_ACCOUNTS;android.permission.GET_PACKAGE_SIZE;android.permission.INTERNET;android.permission.MANAGE_ACCOUNTS;android.permission.NFC;android.permission.POST_NOTIFICATIONS;android.permission.READ_CONTACTS;android.permission.READ_EXTERNAL_STORAGE;android.permission.READ_MEDIA_AUDIO;android.permission.READ_SYNC_SETTINGS;android.permission.READ_SYNC_STATS;android.permission.RECEIVE_BOOT_COMPLETED;android.permission.RUN_USER_INITIATED_JOBS;android.permission.SUBSCRIBED_FEEDS_READ;android.permission.SUBSCRIBED_FEEDS_WRITE;android.permission.USE_CREDENTIALS;android.permission.VIBRATE;android.permission.WAKE_LOCK;android.permission.WRITE_EXTERNAL_STORAGE;android.permission.WRITE_SYNC_SETTINGS;com.android.launcher.permission.INSTALL_SHORTCUT;com.android.launcher.permission.UNINSTALL_SHORTCUT;com.google.android.apps.docs.DYNAMIC_RECEIVER_NOT_EXPORTED_PERMISSION;com.google.android.apps.docs.permission.C2D_MESSAGE;com.google.android.apps.docs.permission.READ_MY_DATA;com.google.android.apps.docs.permission.SYNC_STATUS;com.google.android.c2dm.permission.RECEIVE;com.google.android.gm.permission.READ_GMAIL;com.google.android.googleapps.permission.GOOGLE_AUTH;com.google.android.googleapps.permission.GOOGLE_AUTH.ALL_SERVICES;com.google.android.googleapps.permission.GOOGLE_AUTH.OTHER_SERVICES;com.google.android.googleapps.permission.GOOGLE_AUTH.wise;com.google.android.googleapps.permission.GOOGLE_AUTH.writely;com.google.android.providers.gsf.permission.READ_GSERVICES	?	
product/app/Gemini/Gemini.apk	com.google.android.apps.bard	1.0.795460806	272	28	35	Gemini		no	android.permission.ACCESS_NETWORK_STATE;android.permission.GET_PACKAGE_SIZE;android.permission.WAKE_LOCK	?	
product/app/Gmail2/Gmail2.apk	com.google.android.gm	2025.12.29.855765709.Release	65512427	23	36	Gmail		no	android.permission.ACCESS_ADSERVICES_AD_ID;android.permission.ACCESS_ADSERVICES_ATTRIBUTION;android.permission.ACCESS_NETWORK_STATE;android.permission.ACCESS_NOTIFICATION_POLICY;android.permission.ACCESS_WIFI_STATE;android.permission.ANSWER_PHONE_CALLS;android.permission.AUTHENTICATE_ACCOUNTS;android.permission.BLUETOOTH;android.permission.BLUETOOTH_CONNECT;android.permission.CALL_PHONE;android.permission.CAMERA;android.permission.CHANGE_NETWORK_STATE;android.permission.DOWNLOAD_WITHOUT_NOTIFICATION;android.permission.FOREGROUND_SERVICE;android.permission.FOREGROUND_SERVICE_CAMERA;android.permission.FOREGROUND_SERVICE_DATA_SYNC;android.permission.FOREGROUND_SERVICE_MEDIA_PLAYBACK;android.permission.FOREGROUND_SERVICE_MEDIA_PROJECTION;android.permission.FOREGROUND_SERVICE_MICROPHONE;android.permission.FOREGROUND_SERVICE_PHONE_CALL;android.permission.GET_ACCOUNTS;android.permission.GET_PACKAGE_SIZE;android.permission.INTERNET;android.permission.MANAGE_ACCOUNTS;android.permission.MANAGE_OWN_CALLS;android.permission.MODIFY_AUDIO_SETTINGS;android.permission.POST_NOTIFICATIONS;android.permission.READ_CALENDAR;android.permission.READ_CONTACTS;android.permission.READ_EXTERNAL_STORAGE;android.permission.READ_PHONE_STATE;android.permission.READ_PROFILE;android.permission.READ_SYNC_SETTINGS;android.permission.READ_SYNC_STATS;android.permission.RECEIVE_BOOT_COMPLETED;android.permission.RECORD_AUDIO;android.permission.SUBSCRIBED_FEEDS_READ;android.permission.SUBSCRIBED_FEEDS_WRITE;android.permission.USE_CREDENTIALS;android.permission.USE_FULL_SCREEN_INTENT;android.permission.VIBRATE;android.permission.WAKE_LOCK;android.permission.WRITE_CALENDAR;android.permission.WRITE_CONTACTS;android.permission.WRITE_EXTERNAL_STORAGE;android.permission.WRITE_SYNC_SETTINGS;com.android.email.partnerprovider.PARTNER_PROVIDER;com.android.launcher.permission.INSTALL_SHORTCUT;com.google.android.apps.dynamite.permission.C2D_MESSAGE;com.google.android.c2dm.permission.RECEIVE;com.google.android.calendar.permission.READ_OOBE;com.google.android.email.permission.ACCESS_PROVIDER;com.google.android.gm.DYNAMIC_RECEIVER_NOT_EXPORTED_PERMISSION;com.google.android.gm.email.permission.ACCESS_PROVIDER;com.google.android.gm.email.permission.GET_WIDGET_UPDATE;com.google.android.gm.email.permission.READ_ATTACHMENT;com.google.android.gm.exchange.BIND;com.google.android.gm.permission.AUTO_SEND;com.google.android.gm.permission.BROADCAST_INTERNAL;com.google.android.gm.permission.READ_GMAIL;com.google.android.gm.permission.WRITE_GMAIL;com.google.android.gms.permission.AD_ID;com.google.android.gms.permission.REQUEST_SCREEN_LOCK_COMPLEXITY;com.google.android.googleapps.permission.GOOGLE_AUTH;com.google.android.googleapps.permission.GOOGLE_AUTH.mail;com.google.android.hangouts.START_HANGOUT;com.google.android.providers.gsf.permission.READ_GSERVICES;com.google.android.voicesearch.AUDIO_FILE_ACCESS	?	
product/app/GoogleContacts/GoogleContacts.apk	com.google.android.contacts	4.70.28.852482159	3254945	29	36	Contacts		no	android.permission.ACCESS_NETWORK_STATE;android.permission.ACCESS_RCS_USER_CAPABILITY_EXCHANGE;android.permission.CALL_PHONE;android.permission.FOREGROUND_SERVICE;android.permission.FOREGROUND_SERVICE_DATA_SYNC;android.permission.GET_ACCOUNTS;android.permission.GET_ACCOUNTS_PRIVILEGED;android.permission.HIDE_OVERLAY_WINDOWS;android.permission.INTERNET;android.permission.MANAGE_ACCOUNTS;android.permission.NFC;android.permission.POST_NOTIFICATIONS;android.permission.READ_CALL_LOG;android.permission.READ_CONTACTS;android.permission.READ_PHONE_NUMBERS;android.permission.READ_PHONE_STATE;android.permission.READ_SMS;android.permission.READ_SYNC_SETTINGS;android.permission.READ_SYNC_STATS;android.permission.RECEIVE_BOOT_COMPLETED;android.permission.SET_DEFAULT_ACCOUNT_FOR_CONTACTS;android.permission.USE_CREDENTIALS;android.permission.VIBRATE;android.permission.WAKE_LOCK;android.permission.WRITE_CONTACTS;android.permission.WRITE_SETTINGS;android.permission.WRITE_SYNC_SETTINGS;com.android.launcher.permission.INSTALL_SHORTCUT;com.google.android.apps.pixel.relationships.permission.CONTACT_UPDATE;com.google.android.apps.pixel.relationships.permission.CRISIS_CHECK;com.google.android.apps.pixel.relationships.permission.LAUNCH_MAIN;com.google.android.apps.pixel.relationships.permission.LAUNCH_ONBOARDING;com.google.android.apps.tips.permission.LAUNCH_CONTEXTUAL_UI;com.google.android.c2dm.permission.RECEIVE;com.google.android.pixelsystemadapter.permission.READ_HAPTIC_PROVIDER;com.google.android.providers.gsf.permission.READ_GSERVICES	?	
product/app/GoogleLocationHistory/GoogleLocationHistory.apk	com.google.android.gms.location.history	1.2	3	28	35	Google Location History		no	android.permission.ACCESS_BACKGROUND_LOCATION;android.permission.ACCESS_COARSE_LOCATION;android.permission.ACCESS_FINE_LOCATION;android.permission.ACTIVITY_RECOGNITION	?	
product/app/Keep/Keep.apk	com.google.android.keep	5.26.031.00.90	220644311	29	36	Keep Notes		no	android.permission.ACCESS_BACKGROUND_LOCATION;android.permission.ACCESS_COARSE_LOCATION;android.permission.ACCESS_FINE_LOCATION;android.permission.ACCESS_NETWORK_STATE;android.permission.GET_ACCOUNTS;android.permission.GET_PACKAGE_SIZE;android.permission.INTERNET;android.permission.LAUNCH_CAPTURE_CONTENT_ACTIVITY_FOR_NOTE;android.permission.POST_NOTIFICATIONS;android.permission.READ_CONTACTS;android.permission.READ_SYNC_SETTINGS;android.permission.READ_SYNC_STATS;android.permission.RECEIVE_BOOT_COMPLETED;android.permission.RECORD_AUDIO;android.permission.SUBSCRIBED_FEEDS_READ;android.permission.SUBSCRIBED_FEEDS_WRITE;android.permission.USE_CREDENTIALS;android.permission.VIBRATE;android.permission.WAKE_LOCK;android.permission.WRITE_SYNC_SETTINGS;com.google.android.c2dm.permission.RECEIVE;com.google.android.providers.gsf.permission.READ_GSERVICES;com.google.android.voicesearch.AUDIO_FILE_ACCESS	?	
product/app/LatinImeGoogle/LatinImeGoogle.apk	com.google.android.inputmethod.latin	16.5.2.838613058-release-arm64-v8a	175587354	26	35	Gboard		no	android.permission.ACCESS_NETWORK_STATE;android.permission.ACCESS_WIFI_STATE;android.permission.FOREGROUND_SERVICE;android.permission.GET_ACCOUNTS;android.permission.GET_PACKAGE_SIZE;android.permission.INTERNET;android.permission.READ_CONTACTS;android.permission.READ_USER_DICTIONARY;android.permission.RECEIVE_BOOT_COMPLETED;android.permission.VIBRATE;android.permission.WAKE_LOCK;android.permission.WRITE_USER_DICTIONARY;com.bitstrips.imoji.provider.READ;com.google.android.apps.aicore.service.BIND_SERVICE;com.google.android.providers.gsf.permission.READ_GSERVICES	?	
product/app/Maps/Maps.apk	com.google.android.apps.maps	26.03.11.854872954	1068404646	28	36	Maps		no	android.permission.ACCESS_ADSERVICES_ATTRIBUTION;android.permission.ACCESS_BACKGROUND_LOCATION;android.permission.ACCESS_COARSE_LOCATION;android.permission.ACCESS_FINE_LOCATION;android.permission.ACCESS_NETWORK_STATE;android.permission.ACCESS_WIFI_STATE;android.permission.ACTIVITY_RECOGNITION;android.permission.BROADCAST_STICKY;android.permission.CAMERA;android.permission.CHANGE_NETWORK_STATE;android.permission.CHANGE_WIFI_STATE;android.permission.DETECT_SCREEN_CAPTURE;android.permission.DISABLE_KEYGUARD;android.permission.DOWNLOAD_WITHOUT_NOTIFICATION;android.permission.FOREGROUND_SERVICE;android.permission.FOREGROUND_SERVICE_DATA_SYNC;android.permission.FOREGROUND_SERVICE_LOCATION;android.permission.FOREGROUND_SERVICE_MEDIA_PROCESSING;android.permission.GET_ACCOUNTS;android.permission.GET_PACKAGE_SIZE;android.permission.INTERNET;android.permission.MANAGE_ACCOUNTS;android.permission.NFC;android.permission.POST_NOTIFICATIONS;android.permission.POST_PROMOTED_NOTIFICATIONS;android.permission.READ_CONTACTS;android.permission.READ_EXTERNAL_STORAGE;android.permission.READ_MEDIA_IMAGES;android.permission.READ_MEDIA_VIDEO;android.permission.READ_MEDIA_VISUAL_USER_SELECTED;android.permission.READ_SYNC_SETTINGS;android.permission.RECEIVE_BOOT_COMPLETED;android.permission.RECORD_AUDIO;android.permission.RUN_USER_INITIATED_JOBS;android.permission.SCHEDULE_EXACT_ALARM;android.permission.USE_CREDENTIALS;android.permission.VIBRATE;android.permission.WAKE_LOCK;android.permission.WRITE_EXTERNAL_STORAGE;android.permission.WRITE_SYNC_SETTINGS;com.android.launcher.permission.INSTALL_SHORTCUT;com.google.android.apps.maps.DYNAMIC_RECEIVER_NOT_EXPORTED_PERMISSION;com.google.android.c2dm.permission.RECEIVE;com.google.android.gms.permission.ACTIVITY_RECOGNITION;com.google.android.gms.permission.AD_ID;com.google.android.gms.permission.CAR_SPEED;com.google.android.googlequicksearchbox.permission.LAUNCH_FROM_GMM;com.google.android.googlequicksearchbox.permission.LENSVIEW_BROADCAST;com.google.android.providers.gsf.permission.READ_GSERVICES	?	
product/app/Meet/Meet.apk	com.google.android.apps.tachyon	342.0.855104646.duo.android_20260112.01_p0	6856553	23	36	Meet		no	android.permission.ACCESS_NETWORK_STATE;android.permission.ACCESS_WIFI_STATE;android.permission.AUTHENTICATE_ACCOUNTS;android.permission.BLUETOOTH;android.permission.BLUETOOTH_CONNECT;android.permission.BROADCAST_STICKY;android.permission.CALL_PHONE;android.permission.CAMERA;android.permission.CHANGE_NETWORK_STATE;android.permission.FOREGROUND_SERVICE;android.permission.FOREGROUND_SERVICE_CAMERA;android.permission.FOREGROUND_SERVICE_DATA_SYNC;android.permission.FOREGROUND_SERVICE_MEDIA_PLAYBACK;android.permission.FOREGROUND_SERVICE_MEDIA_PROJECTION;android.permission.FOREGROUND_SERVICE_MICROPHONE;android.permission.FOREGROUND_SERVICE_PHONE_CALL;android.permission.GET_ACCOUNTS;android.permission.GET_PACKAGE_SIZE;android.permission.INTERNET;android.permission.MANAGE_ACCOUNTS;android.permission.MODIFY_AUDIO_SETTINGS;android.permission.POST_NOTIFICATIONS;android.permission.READ_APP_BADGE;android.permission.READ_CONTACTS;android.permission.READ_PHONE_STATE;android.permission.READ_PROFILE;android.permission.READ_SYNC_STATS;android.permission.RECEIVE_BOOT_COMPLETED;android.permission.RECORD_AUDIO;android.permission.STATUS_BAR;android.permission.STOP_APP_SWITCHES;android.permission.USE_EXACT_ALARM;android.permission.VIBRATE;android.permission.WAKE_LOCK;android.permission.WRITE_CALL_LOG;android.permission.WRITE_CONTACTS;android.permission.WRITE_SYNC_SETTINGS;com.anddoes.launcher.permission.UPDATE_COUNT;com.android.launcher.permission.INSTALL_SHORTCUT;com.google.android.apps.tachyon.DYNAMIC_RECEIVER_NOT_EXPORTED_PERMISSION;com.google.android.c2dm.permission.RECEIVE;com.google.android.gm.permission.READ_HUB_FEATURE_STATUS;com.google.android.providers.gsf.permission.READ_GSERVICES;com.htc.launcher.permission.READ_SETTINGS;com.htc.launcher.permission.UPDATE_SHORTCUT;com.huawei.android.launcher.permission.CHANGE_BADGE;com.huawei.android.launcher.permission.READ_SETTINGS;com.huawei.android.launcher.permission.WRITE_SETTINGS;com.majeur.launcher.permission.UPDATE_BADGE;com.oppo.launcher.permission.READ_SETTINGS;com.oppo.launcher.permission.WRITE_SETTINGS;com.samsung.android.app.telephonyui.permission.READ_SETTINGS_PROVIDER;com.samsung.android.app.telephonyui.permission.WRITE_SETTINGS_PROVIDER;com.samsung.android.aremoji.provider.permission.READ_STICKER_PROVIDER;com.samsung.android.livestickers.provider.permission.READ_STICKER_PROVIDER;com.samsung.android.mcfds.permission.AUTOSWITCH_EXTRA_CALL;com.samsung.android.provider.filterprovider.permission.READ_FILTER;com.samsung.android.provider.stickerprovider.permission.READ_STICKER_PROVIDER;com.sec.android.provider.badge.permission.READ;com.sec.android.provider.badge.permission.WRITE;com.sonyericsson.home.permission.BROADCAST_BADGE;com.sonymobile.home.permission.PROVIDER_INSERT_BADGE	?	
product/app/NebulaTranslation_RedMagicOverseasPhone/NebulaTranslation_RedMagicOverseasPhone.apk	com.zte.nebulatranslation	16.0.002.000.2604162022	160002	34	36	AI Translate		no	android.hardware.camera.flash;android.permission.ACCESS_NETWORK_STATE;android.permission.ANSWER_PHONE_CALLS;android.permission.CALL_AUDIO_INTERCEPTION;android.permission.CALL_PHONE;android.permission.CAMERA;android.permission.CAPTURE_AUDIO_OUTPUT;android.permission.CAPTURE_VIDEO_OUTPUT;android.permission.CAPTURE_VOICE_COMMUNICATION_OUTPUT;android.permission.CONTROL_INCALL_EXPERIENCE;android.permission.FOREGROUND_SERVICE;android.permission.FOREGROUND_SERVICE_MEDIA_PROJECTION;android.permission.FOREGROUND_SERVICE_MICROPHONE;android.permission.INTERACT_ACROSS_USERS_FULL;android.permission.INTERNET;android.permission.MANAGE_EXTERNAL_STORAGE;android.permission.MANAGE_MEDIA_PROJECTION;android.permission.MANAGE_OWN_CALLS;android.permission.MODIFY_AUDIO_ROUTING;android.permission.MODIFY_AUDIO_SETTINGS;android.permission.MODIFY_PHONE_STATE;android.permission.POST_NOTIFICATIONS;android.permission.QUERY_ALL_PACKAGES;android.permission.READ_AND_WRITE_NOTEPAD;android.permission.READ_CONTACTS;android.permission.READ_EXTERNAL_STORAGE;android.permission.READ_MEDIA_IMAGES;android.permission.READ_MEDIA_VIDEO;android.permission.READ_PHONE_STATE;android.permission.READ_PRIVILEGED_PHONE_STATE;android.permission.READ_WALLPAPER_INTERNAL;android.permission.RECORD_AUDIO;android.permission.SUBSCRIBE_TO_KEYGUARD_LOCKED_STATE;android.permission.SYSTEM_ALERT_WINDOW;android.permission.VIBRATE;android.permission.WRITE_CONTACTS;android.permission.WRITE_EXTERNAL_STORAGE;android.permission.WRITE_SECURE_SETTINGS;android.permission.ZTE_HS_INTERFACE;com.zte.aigc.billing;com.zte.livewallpaper.permission.READ_FILE;com.zte.nebulatranslation.DYNAMIC_RECEIVER_NOT_EXPORTED_PERMISSION;contacts.permission.START_MULTI_SELECTION;launchermfv.permission.READ_TASK;launchermfv.permission.RECENT_CLEAR_BLACKLIST;systemui.permission.write_client_provider;zte.permission.BIND_DATA_COLLECTION	?	
product/app/PhotoTable/PhotoTable.apk	com.android.dreams.phototable	16	36	36	35	Photo Screensavers		no	android.permission.ACCESS_NETWORK_STATE;android.permission.READ_EXTERNAL_STORAGE;android.permission.WAKE_LOCK;com.google.android.gallery3d.permission.PICASA_STORE	?	
product/app/Photos/Photos.apk	com.google.android.apps.photos	7.59.0.856624550	51219060	23	36	Photos		no	android.permission.ACCESS_COARSE_LOCATION;android.permission.ACCESS_FINE_LOCATION;android.permission.ACCESS_NETWORK_STATE;android.permission.BLUETOOTH;android.permission.CHANGE_NETWORK_STATE;android.permission.CHANGE_WIFI_STATE;android.permission.DOWNLOAD_WITHOUT_NOTIFICATION;android.permission.FOREGROUND_SERVICE;android.permission.FOREGROUND_SERVICE_CONNECTED_DEVICE;android.permission.FOREGROUND_SERVICE_DATA_SYNC;android.permission.FOREGROUND_SERVICE_MEDIA_PLAYBACK;android.permission.GET_ACCOUNTS;android.permission.GET_PACKAGE_SIZE;android.permission.INTERNET;android.permission.MANAGE_ACCOUNTS;android.permission.MANAGE_MEDIA;android.permission.NFC;android.permission.READ_CALENDAR;android.permission.READ_CONTACTS;android.permission.READ_EXTERNAL_STORAGE;android.permission.READ_MEDIA_AUDIO;android.permission.READ_MEDIA_IMAGES;android.permission.READ_MEDIA_VIDEO;android.permission.READ_MEDIA_VISUAL_USER_SELECTED;android.permission.READ_PHONE_STATE;android.permission.READ_PROFILE;android.permission.READ_SYNC_SETTINGS;android.permission.RECEIVE_BOOT_COMPLETED;android.permission.RECORD_AUDIO;android.permission.RUN_USER_INITIATED_JOBS;android.permission.SET_WALLPAPER;android.permission.SUBSCRIBED_FEEDS_READ;android.permission.SUBSCRIBED_FEEDS_WRITE;android.permission.SYSTEM_ALERT_WINDOW;android.permission.USE_CREDENTIALS;android.permission.VIBRATE;android.permission.WAKE_LOCK;android.permission.WRITE_CALENDAR;android.permission.WRITE_EXTERNAL_STORAGE;android.permission.WRITE_SETTINGS;android.permission.WRITE_SYNC_SETTINGS;com.google.android.apps.photos.DYNAMIC_RECEIVER_NOT_EXPORTED_PERMISSION;com.google.android.c2dm.permission.RECEIVE;com.google.android.googlequicksearchbox.permission.LENS_SERVICE;com.google.android.providers.gsf.permission.READ_GSERVICES	?	
product/app/RideModeAudio/RideModeAudio.apk	com.qualcomm.qti.ridemodeaudio	16	36	36	35	RideMode Recording list		no	android.permission.INTERNET;android.permission.MODIFY_PHONE_STATE;android.permission.READ_MEDIA_AUDIO;android.permission.READ_PHONE_STATE;android.permission.READ_PRECISE_PHONE_STATE;android.permission.WAKE_LOCK;com.qualcomm.qti.ridemodeaudio.DYNAMIC_RECEIVER_NOT_EXPORTED_PERMISSION	?	
product/app/SpeechServicesByGoogle/SpeechServicesByGoogle.apk	com.google.android.tts	googletts.google-speech-apk_20250303.01_p1.734589102	210547004	26	35	Speech Recognition and Synthesis from Google		no	android.permission.ACCESS_NETWORK_STATE;android.permission.DOWNLOAD_WITHOUT_NOTIFICATION;android.permission.FOREGROUND_SERVICE;android.permission.FOREGROUND_SERVICE_DATA_SYNC;android.permission.GET_PACKAGE_SIZE;android.permission.INTERNET;android.permission.QUERY_ALL_PACKAGES;android.permission.RECEIVE_BOOT_COMPLETED;android.permission.RECORD_AUDIO;android.permission.START_ACTIVITIES_FROM_BACKGROUND;android.permission.SYSTEM_ALERT_WINDOW;android.permission.UPDATE_APP_OPS_STATS;android.permission.WAKE_LOCK;com.google.android.apps.aicore.service.BIND_SERVICE;com.google.android.providers.gsf.permission.READ_GSERVICES	?	
product/app/SwitchAccess/SwitchAccess.apk	com.google.android.accessibility.switchaccess	1.16.1.798952610	755	26	36	Switch Access		no	android.permission.ACCESS_COARSE_LOCATION;android.permission.ACCESS_FINE_LOCATION;android.permission.ACCESS_NETWORK_STATE;android.permission.ACCESS_NOTIFICATION_POLICY;android.permission.BLUETOOTH;android.permission.BLUETOOTH_ADMIN;android.permission.BLUETOOTH_ADVERTISE;android.permission.BLUETOOTH_CONNECT;android.permission.BLUETOOTH_SCAN;android.permission.CAMERA;android.permission.GET_PACKAGE_SIZE;android.permission.INTERNET;android.permission.VIBRATE;android.permission.WAKE_LOCK;com.google.android.marvin.talkback.permission.ACCESS_AAS_SWITCH_ACCESS_MIGRATION;com.google.android.providers.gsf.permission.READ_GSERVICES	?	
product/app/TrichromeLibrary64/TrichromeLibrary64.apk	com.google.android.trichromelibrary	143.0.7499.192	749919233	29	36	Trichrome Library		no		?	
product/app/Videos/Videos.apk	com.google.android.videos	4.39.3896.837424156.1-release	439554191	24	35	Google TV		no	android.permission.ACCESS_COARSE_LOCATION;android.permission.ACCESS_FINE_LOCATION;android.permission.ACCESS_NETWORK_STATE;android.permission.ACCESS_WIFI_STATE;android.permission.BLUETOOTH;android.permission.BLUETOOTH_ADMIN;android.permission.BLUETOOTH_CONNECT;android.permission.BLUETOOTH_SCAN;android.permission.CHANGE_WIFI_STATE;android.permission.FOREGROUND_SERVICE;android.permission.FOREGROUND_SERVICE_CONNECTED_DEVICE;android.permission.FOREGROUND_SERVICE_DATA_SYNC;android.permission.GET_PACKAGE_SIZE;android.permission.INTERNET;android.permission.NEARBY_WIFI_DEVICES;android.permission.POST_NOTIFICATIONS;android.permission.QUERY_ALL_PACKAGES;android.permission.READ_CONTACTS;android.permission.READ_SYNC_SETTINGS;android.permission.RECEIVE_BOOT_COMPLETED;android.permission.RECORD_AUDIO;android.permission.USE_BIOMETRIC;android.permission.USE_FINGERPRINT;android.permission.VIBRATE;android.permission.WAKE_LOCK;android.permission.WRITE_SYNC_SETTINGS;com.google.android.c2dm.permission.RECEIVE;com.google.android.gms.permission.AD_ID;com.google.android.googleapps.permission.GOOGLE_AUTH;com.google.android.providers.gsf.permission.READ_GSERVICES;com.google.android.videos.DYNAMIC_RECEIVER_NOT_EXPORTED_PERMISSION	?	
product/app/WebViewGoogle64/WebViewGoogle64.apk	com.google.android.webview	143.0.7499.192	749919233	29	36	Android System WebView		no	android.permission.ACCESS_NETWORK_STATE;android.permission.FOREGROUND_SERVICE;android.permission.FOREGROUND_SERVICE_SPECIAL_USE;android.permission.INTERNET;android.permission.POST_NOTIFICATIONS;android.permission.RECEIVE_BOOT_COMPLETED	?	
product/app/YTMusic/YTMusic.apk	com.google.android.apps.youtube.music	9.03.52	90352240	26	36	YouTube Music		no	android.permission.ACCESS_FINE_LOCATION;android.permission.ACCESS_NETWORK_STATE;android.permission.ACCESS_WIFI_STATE;android.permission.BLUETOOTH;android.permission.BLUETOOTH_ADMIN;android.permission.BLUETOOTH_ADVERTISE;android.permission.BLUETOOTH_CONNECT;android.permission.BLUETOOTH_SCAN;android.permission.CAMERA;android.permission.FOREGROUND_SERVICE;android.permission.FOREGROUND_SERVICE_CONNECTED_DEVICE;android.permission.FOREGROUND_SERVICE_DATA_SYNC;android.permission.FOREGROUND_SERVICE_MEDIA_PLAYBACK;android.permission.GET_ACCOUNTS;android.permission.INTERNET;android.permission.MANAGE_ACCOUNTS;android.permission.NFC;android.permission.POST_NOTIFICATIONS;android.permission.READ_EXTERNAL_STORAGE;android.permission.READ_MEDIA_AUDIO;android.permission.READ_MEDIA_IMAGES;android.permission.RECEIVE_BOOT_COMPLETED;android.permission.REQUEST_COMPANION_START_FOREGROUND_SERVICES_FROM_BACKGROUND;android.permission.RUN_USER_INITIATED_JOBS;android.permission.USE_CREDENTIALS;android.permission.VIBRATE;android.permission.WAKE_LOCK;android.permission.WRITE_EXTERNAL_STORAGE;com.android.vending.BILLING;com.google.android.apps.youtube.music.DYNAMIC_RECEIVER_NOT_EXPORTED_PERMISSION;com.google.android.c2dm.permission.RECEIVE;com.google.android.gms.permission.ACTIVITY_RECOGNITION;com.google.android.gms.permission.AD_ID;com.google.android.providers.gsf.permission.READ_GSERVICES	?	
product/app/YouTube/YouTube.apk	com.google.android.youtube	21.03.36	1560798656	28	36	YouTube		no	android.permission.ACCESS_ADSERVICES_AD_ID;android.permission.ACCESS_ADSERVICES_ATTRIBUTION;android.permission.ACCESS_COARSE_LOCATION;android.permission.ACCESS_FINE_LOCATION;android.permission.ACCESS_NETWORK_STATE;android.permission.ACCESS_WIFI_STATE;android.permission.CAMERA;android.permission.DETECT_SCREEN_CAPTURE;android.permission.FOREGROUND_SERVICE;android.permission.FOREGROUND_SERVICE_CAMERA;android.permission.FOREGROUND_SERVICE_DATA_SYNC;android.permission.FOREGROUND_SERVICE_MEDIA_PLAYBACK;android.permission.FOREGROUND_SERVICE_MEDIA_PROJECTION;android.permission.FOREGROUND_SERVICE_MICROPHONE;android.permission.GET_ACCOUNTS;android.permission.GET_PACKAGE_SIZE;android.permission.HIGH_SAMPLING_RATE_SENSORS;android.permission.INTERNET;android.permission.MANAGE_DOCUMENTS;android.permission.MODIFY_AUDIO_SETTINGS;android.permission.NEARBY_WIFI_DEVICES;android.permission.NFC;android.permission.POST_NOTIFICATIONS;android.permission.READ_CONTACTS;android.permission.READ_EXTERNAL_STORAGE;android.permission.READ_MEDIA_IMAGES;android.permission.READ_MEDIA_VIDEO;android.permission.READ_MEDIA_VISUAL_USER_SELECTED;android.permission.READ_PHONE_STATE;android.permission.RECEIVE_BOOT_COMPLETED;android.permission.RECORD_AUDIO;android.permission.RUN_USER_INITIATED_JOBS;android.permission.SYSTEM_ALERT_WINDOW;android.permission.USE_BIOMETRIC;android.permission.USE_FINGERPRINT;android.permission.VIBRATE;android.permission.WAKE_LOCK;android.permission.WRITE_EXTERNAL_STORAGE;com.android.vending.BILLING;com.google.android.c2dm.permission.RECEIVE;com.google.android.gms.permission.AD_ID;com.google.android.gms.permission.AD_ID_NOTIFICATION;com.google.android.providers.gsf.permission.READ_GSERVICES;com.google.android.youtube.DYNAMIC_RECEIVER_NOT_EXPORTED_PERMISSION;com.google.android.youtube.permission.C2D_MESSAGE;com.htc.launcher.permission.READ_SETTINGS;com.htc.launcher.permission.UPDATE_SHORTCUT;com.sec.android.provider.badge.permission.READ;com.sec.android.provider.badge.permission.WRITE;com.sonyericsson.home.permission.BROADCAST_BADGE;com.sonymobile.home.permission.PROVIDER_INSERT_BADGE	?	
product/app/com.google.android.modulemetadata/com.google.android.modulemetadata.apk	com.google.android.modulemetadata	2025-05-01S+	360536744	31	36	Main components		no		?	
product/app/com.google.mainline.adservices/com.google.mainline.adservices.apk	com.google.mainline.adservices	2025-05-01T+	360515000	33	36	Main components		no		?	
product/app/com.google.mainline.telemetry/com.google.mainline.telemetry.apk	com.google.mainline.telemetry	2025-05-01S+	360515004	31	36	Support components		no		?	
product/app/datastatusnotification/datastatusnotification.apk	com.qti.qualcomm.datastatusnotification	16	36	36	35			no	android.permission.READ_PHONE_STATE;android.permission.READ_PRECISE_PHONE_STATE;android.permission.RECEIVE_BOOT_COMPLETED;android.permission.WRITE_APN_SETTINGS;com.qualcomm.permission.USE_QCRIL_MSG_TUNNEL	?	
product/app/remoteSimLockAuthentication/remoteSimLockAuthentication.apk	com.qualcomm.qti.remoteSimlockAuth	16	36	36	35			no		?	
product/app/remotesimlockservice/remotesimlockservice.apk	com.qualcomm.qti.uim	16	36	36	36			no		?	
product/app/talkback/talkback.apk	com.google.android.marvin.talkback	16.2.0.846008575	60192190	26	36	Android Accessibility Suite		no	android.permission.ACCESS_COARSE_LOCATION;android.permission.ACCESS_FINE_LOCATION;android.permission.ACCESS_NETWORK_STATE;android.permission.BLUETOOTH;android.permission.BLUETOOTH_ADMIN;android.permission.BLUETOOTH_CONNECT;android.permission.BLUETOOTH_SCAN;android.permission.FOREGROUND_SERVICE;android.permission.GET_PACKAGE_SIZE;android.permission.INTERNET;android.permission.MODIFY_AUDIO_SETTINGS;android.permission.POST_NOTIFICATIONS;android.permission.QUERY_ALL_PACKAGES;android.permission.READ_PHONE_STATE;android.permission.RECEIVE_BOOT_COMPLETED;android.permission.RECORD_AUDIO;android.permission.USE_FINGERPRINT;android.permission.VIBRATE;android.permission.WAKE_LOCK;android.permission.WRITE_SETTINGS;com.google.android.apps.aicore.service.BIND_SERVICE;com.google.android.marvin.talkback.DYNAMIC_RECEIVER_NOT_EXPORTED_PERMISSION;com.google.android.providers.gsf.permission.READ_GSERVICES	?	
product/app/uimgbaservice/uimgbaservice.apk	com.qualcomm.qti.uimGbaApp	16	36	36	36			no		?	
product/app/uimlpaservice/uimlpaservice.apk	com.qualcomm.qti.lpa	16	36	36	36			no	android.permission.ACCESS_NETWORK_STATE;android.permission.CHANGE_NETWORK_STATE;android.permission.INTERNET;android.permission.READ_PRIVILEGED_PHONE_STATE;android.permission.RECEIVE_BOOT_COMPLETED;android.permission.WRITE_EMBEDDED_SUBSCRIPTIONS;android.permission.WRITE_SETTINGS	?	
product/app/uimremoteclient/uimremoteclient.apk	com.qualcomm.uimremoteclient	16	36	36	36			no	android.permission.READ_PRIVILEGED_PHONE_STATE	?	
product/app/uimremoteserver/uimremoteserver.apk	com.qualcomm.uimremoteserver	16	36	36	36			no	android.permission.READ_PRIVILEGED_PHONE_STATE	?	
product/app/xdivert/xdivert.apk	com.qti.xdivert	16	36	36	35	Smart-Divert		no	android.permission.MANAGE_USERS;android.permission.MODIFY_PHONE_STATE;android.permission.POST_NOTIFICATIONS;android.permission.READ_PRIVILEGED_PHONE_STATE;android.permission.RECEIVE_BOOT_COMPLETED;android.permission.WRITE_SECURE_SETTINGS;com.qti.xdivert.DYNAMIC_RECEIVER_NOT_EXPORTED_PERMISSION	?	
product/overlay/AigcOverlay_redmagic/AigcOverlay_redmagic.apk	com.zte.aigc.overlay	16.0.000.101.2604151348	160000	30	36			no		?	
product/overlay/CaptivePortalLoginFrameworkOverlay.apk	com.google.android.overlay.modules.captiveportallogin.forframework	1.0	1	36	36			no		?	
product/overlay/CarrierConfigResCommon_Sys.apk	com.android.carrierconfig.overlay.common	16	36	36	36			no		?	
product/overlay/CellBroadcastReceiverResCommon_Sys.apk	com.android.cellbroadcastreceiver.overlay.common	16	36	36	36			no		?	
product/overlay/CompanionDeviceManager__nosdcard__auto_generated_characteristics_rro.apk	com.android.companiondevicemanager.auto_generated_characteristics_rro	16	36	36	36			no		?	
product/overlay/FontNotoSerifSource/FontNotoSerifSourceOverlay.apk	com.android.theme.font.notoserifsource	1.0	1	36	36	Noto Serif / Source Sans Pro		no		?	
product/overlay/FrameworksResOEM.apk	android.overlay.oem	16	36	36	36			no		?	
product/overlay/FusedLocationOverlay.apk	com.android.fusedlocation.resources.overlay	16	36	36	36			no		?	
product/overlay/GmsConfigOverlayADVerifier.apk	com.google.android.verifier.overlay	16	36	36	36			no		?	
product/overlay/GmsConfigOverlayASI.apk	com.google.android.overlay.gmsconfig.asi	1.0	1	36	36			no		?	
product/overlay/GmsConfigOverlayCommon.apk	com.google.android.overlay.gmsconfig.common	1.0	1	36	36			no		?	
product/overlay/GmsConfigOverlayComms.apk	com.google.android.overlay.gmsconfig.comms	1.0	1	36	36			no		?	
product/overlay/GmsConfigOverlayGSA_Gemini.apk	com.google.android.overlay.gmsconfig.gsa	1.0	1	36	36			no		?	
product/overlay/GmsConfigOverlayGSA_circletosearch.apk	com.google.android.overlay.gmsconfig.gsa	1.0	1	36	36			no		?	
product/overlay/GmsConfigOverlayGeotz.apk	com.google.android.overlay.gmsconfig.geotz	1.0	1	36	36			no		?	
product/overlay/GmsConfigOverlayPersonalSafety.apk	com.google.android.overlay.gmsconfig.personalsafety	1.0	1	36	36			no		?	
product/overlay/GmsConfigOverlayPhotos.apk	com.google.android.overlay.gmsconfig.photos	1.0	1	36	36			no		?	
product/overlay/GmsConfigOverlaySearchSelector.apk	com.google.android.overlay.gmsconfig.searchselector	1.0	1	36	36			no		?	
product/overlay/GoogleDocumentsUIOverlay.apk	com.google.android.overlay.modules.documentsui	1.0	1	36	36			no		?	
product/overlay/GoogleExtServicesConfigOverlay.apk	com.google.android.overlay.modules.ext.services	1.0	1	36	36			no		?	
product/overlay/GoogleHealthFitnessFrameworkOverlay.apk	com.google.android.overlay.modules.healthfitness.forframework	1.0	1	36	36			no		?	
product/overlay/GooglePermissionControllerFrameworkOverlay.apk	com.google.android.overlay.modules.permissioncontroller.forframework	1.0	1	36	36			no		?	
product/overlay/GooglePermissionControllerOverlay.apk	com.google.android.overlay.modules.permissioncontroller	1.0	1	36	36			no		?	
product/overlay/Intellitext_Overlay_RedMagic/Intellitext_Overlay_RedMagic.apk	com.zte.intellitext.overlay.redmagic	16.0.000.000.2503251620	160000	33	36			no		?	
product/overlay/ModuleMetadataGoogleOverlay.apk	com.google.android.overlay.modules.modulemetadata.forframework	1.0	1	36	36			no		?	
product/overlay/NavigationBarMode3Button/NavigationBarMode3ButtonOverlay.apk	com.android.internal.systemui.navbar.threebutton	1.0	1	36	36	3 Button Navigation Bar		no		?	
product/overlay/NavigationBarModeGestural/NavigationBarModeGesturalOverlay.apk	com.android.internal.systemui.navbar.gestural	1.0	1	36	36	Gestural Navigation Bar		no		?	
product/overlay/NavigationBarModeGesturalIndicator/NavigationBarModeGesturalOverlayIndicator.apk	com.android.internal.systemui.navbar.gestural_indicator	1.0	1	36	36	Gestural Navigation Bar		no		?	
product/overlay/NfcOverlaySt.apk	com.android.nfc.st_rro	16	36	36	36			no		?	
product/overlay/NfcResCommon_Sys.apk	com.android.nfc.resources.overlay.common	16	36	36	36			no		?	
product/overlay/NotchCustom/NotchCustomOverlay.apk	com.android.internal.display.cutout.emulation.notchcustom	1.0	1	36	36	has cutout		no		?	
product/overlay/NotchCustomNull/NotchCustomNullOverlay.apk	com.android.internal.display.cutout.emulation.notchcustomnull	1.0	1	36	36	null cutout		no		?	
product/overlay/NotesRoleEnabled/NotesRoleEnabledOverlay.apk	com.android.role.notes.enabled	1.0	1	36	36	Notes Role enabled		no		?	
product/overlay/SettingsResCommon_Sys.apk	com.android.settings.overlay.common	16	36	36	36			no		?	
product/overlay/SystemUIResCommon_Sys.apk	com.android.systemui.overlay.common	16	36	36	36			no		?	
product/overlay/TeleService__nosdcard__auto_generated_characteristics_rro.apk	com.android.phone.auto_generated_characteristics_rro	16	36	36	36			no		?	
product/overlay/TelecommResCommon_Sys.apk	com.android.server.telecom.overlay.common	16	36	36	36			no		?	
product/overlay/TelephonyProvider__nosdcard__auto_generated_characteristics_rro.apk	com.android.providers.telephony.auto_generated_characteristics_rro	16	36	36	36			no		?	
product/overlay/TelephonyResCommon_Sys.apk	com.android.phone.overlay.common	16	36	36	36			no		?	
product/overlay/TransparentNavigationBar/TransparentNavigationBarOverlay.apk	com.android.internal.systemui.navbar.transparent	1.0	1	36	36	Transparent navigation bar		no		?	
product/overlay/UwbResCommonMainline_Sys.apk	com.google.android.uwb.resources.overlay.common	1.0	1	36	36			no		?	
product/overlay/UwbResCommon_Sys.apk	com.android.uwb.resources.overlay.common	1.0	1	36	36			no		?	
product/overlay/VendorTelephonyResCommon.apk	com.android.phone.overlay.common.vendor	16	36	36	36			no		?	
product/overlay/WifiResCommonMainline_Sys.apk	com.google.android.wifi.resources.overlay.common	16	36	36	36			no		?	
product/overlay/ZBoard_Global_Overlay_RedMagic/ZBoard_Global_Overlay_RedMagic.apk	com.zte.mifavor.globalzboard.overlay.redmagic	2.0.5.2412191617	205	29	35			no		?	
product/overlay/aptxalsOverlay.apk	com.qualcomm.qtil.aptxalsOverlay	16	36	36	36			no		?	
product/overlay/framework-res__nosdcard__auto_generated_characteristics_rro.apk	android.auto_generated_characteristics_rro	16	36	36	36			no		?	
product/priv-app/AndroidAutoStub/AndroidAutoStub.apk	com.google.android.projection.gearhead	1.2.558700-stub	12558700	28	36	Android Auto		yes	android.permission.ACCESS_COARSE_LOCATION;android.permission.ACCESS_FINE_LOCATION;android.permission.ACCESS_NETWORK_STATE;android.permission.ACCESS_NOTIFICATION_POLICY;android.permission.ACCESS_WIFI_STATE;android.permission.ACTIVITY_EMBEDDING;android.permission.ADD_ALWAYS_UNLOCKED_DISPLAY;android.permission.ADD_TRUSTED_DISPLAY;android.permission.ASSOCIATE_COMPANION_DEVICES;android.permission.BLUETOOTH;android.permission.BLUETOOTH_ADMIN;android.permission.BLUETOOTH_CONNECT;android.permission.BLUETOOTH_PRIVILEGED;android.permission.BLUETOOTH_SCAN;android.permission.CALL_PHONE;android.permission.CALL_PRIVILEGED;android.permission.CAPTURE_SECURE_VIDEO_OUTPUT;android.permission.CHANGE_COMPONENT_ENABLED_STATE;android.permission.CHANGE_NETWORK_STATE;android.permission.CHANGE_WIFI_STATE;android.permission.COMPANION_APPROVE_WIFI_CONNECTIONS;android.permission.CONTROL_INCALL_EXPERIENCE;android.permission.CREATE_VIRTUAL_DEVICE;android.permission.DUMP;android.permission.ENTER_CAR_MODE_PRIORITIZED;android.permission.FOREGROUND_SERVICE;android.permission.FOREGROUND_SERVICE_CONNECTED_DEVICE;android.permission.FOREGROUND_SERVICE_LOCATION;android.permission.FOREGROUND_SERVICE_MICROPHONE;android.permission.INTERACT_ACROSS_PROFILES;android.permission.INTERNET;android.permission.LOCAL_MAC_ADDRESS;android.permission.LOCATION_HARDWARE;android.permission.MANAGE_EXTERNAL_STORAGE;android.permission.MANAGE_USB;android.permission.MODIFY_AUDIO_ROUTING;android.permission.MODIFY_DAY_NIGHT_MODE;android.permission.MODIFY_PHONE_STATE;android.permission.NEARBY_WIFI_DEVICES;android.permission.POST_NOTIFICATIONS;android.permission.QUERY_ALL_PACKAGES;android.permission.READ_CALENDAR;android.permission.READ_CALL_LOG;android.permission.READ_CONTACTS;android.permission.READ_PHONE_STATE;android.permission.READ_PRIVILEGED_PHONE_STATE;android.permission.RECEIVE_BOOT_COMPLETED;android.permission.RECEIVE_SENSITIVE_NOTIFICATIONS;android.permission.RECEIVE_SMS;android.permission.RECORD_AUDIO;android.permission.REQUEST_COMPANION_PROFILE_AUTOMOTIVE_PROJECTION;android.permission.REQUEST_COMPANION_SELF_MANAGED;android.permission.REQUEST_OBSERVE_COMPANION_DEVICE_PRESENCE;android.permission.SEND_SMS;android.permission.START_ACTIVITIES_FROM_BACKGROUND;android.permission.SYSTEM_ALERT_WINDOW;android.permission.TOGGLE_AUTOMOTIVE_PROJECTION;android.permission.UPDATE_APP_OPS_STATS;android.permission.VIBRATE;android.permission.WAKE_LOCK;android.permission.WRITE_SETTINGS;androidx.car.app.ACCESS_SURFACE;androidx.car.app.NAVIGATION_TEMPLATES;com.google.android.finsky.permission.GEARHEAD_SERVICE;com.google.android.gms.permission.CAR_SPEED;com.google.android.projection.gearhead.DYNAMIC_RECEIVER_NOT_EXPORTED_PERMISSION;com.google.android.projection.gearhead.permission.START_PROJECTED_ACTIVITY;com.google.android.providers.gsf.permission.READ_GSERVICES	?	
product/priv-app/AndroidDeveloperVerifier/AndroidDeveloperVerifier.apk	com.google.android.verifier	1.0.804814953	33679	23	35	Android Developer Verifier		yes	android.permission.ACCESS_NETWORK_STATE;android.permission.DEVELOPER_VERIFICATION_AGENT;android.permission.INTERACT_ACROSS_USERS;android.permission.INTERNET;android.permission.QUERY_ALL_PACKAGES;android.permission.READ_PRIVILEGED_PHONE_STATE	?	
product/priv-app/AndroidSystemIntelligence/AndroidSystemIntelligence.apk	com.google.android.as	B.19.playstore.oemfull.836618692	14834247	36	36	Android System Intelligence		yes	android.permission.ACCESS_BACKGROUND_LOCATION;android.permission.ACCESS_COARSE_LOCATION;android.permission.ACCESS_NETWORK_STATE;android.permission.ACCESS_SHORTCUTS;android.permission.ACCESS_WIFI_STATE;android.permission.BLUETOOTH_ADMIN;android.permission.BLUETOOTH_CONNECT;android.permission.BLUETOOTH_SCAN;android.permission.CAMERA;android.permission.CAPTURE_AUDIO_OUTPUT;android.permission.CAPTURE_MEDIA_OUTPUT;android.permission.CAPTURE_VOICE_COMMUNICATION_OUTPUT;android.permission.CONTROL_INCALL_EXPERIENCE;android.permission.FOREGROUND_SERVICE;android.permission.FOREGROUND_SERVICE_DATA_SYNC;android.permission.FOREGROUND_SERVICE_SPECIAL_USE;android.permission.MANAGE_APP_PREDICTIONS;android.permission.MODIFY_AUDIO_ROUTING;android.permission.MODIFY_AUDIO_SETTINGS;android.permission.MODIFY_PHONE_STATE;android.permission.PACKAGE_USAGE_STATS;android.permission.POST_NOTIFICATIONS;android.permission.QUERY_ALL_PACKAGES;android.permission.READ_CALL_LOG;android.permission.READ_CONTACTS;android.permission.READ_DEVICE_CONFIG;android.permission.READ_OEM_UNLOCK_STATE;android.permission.READ_PHONE_STATE;android.permission.READ_SMS;android.permission.READ_SYSTEM_GRAMMATICAL_GENDER;android.permission.RECEIVE_BOOT_COMPLETED;android.permission.RECORD_AUDIO;android.permission.SET_SYSTEM_AUDIO_CAPTION;android.permission.START_ACTIVITIES_FROM_BACKGROUND;android.permission.SUBSTITUTE_NOTIFICATION_APP_NAME;android.permission.SYSTEM_APPLICATION_OVERLAY;android.permission.SYSTEM_CAMERA;android.permission.UNLIMITED_SHORTCUTS_API_CALLS;android.permission.UPDATE_DEVICE_STATS;android.permission.USE_ON_DEVICE_INTELLIGENCE;android.permission.WRITE_SECURE_SETTINGS;com.android.alarm.permission.SET_ALARM;com.google.android.as.DYNAMIC_RECEIVER_NOT_EXPORTED_PERMISSION	?	
product/priv-app/ConfigUpdater/ConfigUpdater.apk	com.google.android.configupdater	16-14848146	36	36	30	ConfigUpdater		yes	android.permission.DOWNLOAD_WITHOUT_NOTIFICATION;android.permission.INTERNET;android.permission.RECEIVE_BOOT_COMPLETED;android.permission.UPDATE_CONFIG;com.google.android.configupdater.DYNAMIC_RECEIVER_NOT_EXPORTED_PERMISSION;com.google.android.providers.gsf.permission.READ_GSERVICES	?	
product/priv-app/FamilyLinkParentalControls/FamilyLinkParentalControls.apk	com.google.android.gms.supervision	1.0.800961816.phone	80206	33	36	System parental controls		yes	android.permission.ACCESS_COARSE_LOCATION;android.permission.ACCESS_FINE_LOCATION;android.permission.ACCESS_INSTANT_APPS;android.permission.ACCESS_NETWORK_CONDITIONS;android.permission.ACCESS_NETWORK_STATE;android.permission.CHANGE_DEVICE_IDLE_TEMP_WHITELIST;android.permission.CHANGE_WIFI_STATE;android.permission.GET_ACCOUNTS;android.permission.GET_ACCOUNTS_PRIVILEGED;android.permission.GET_APP_OPS_STATS;android.permission.GET_PACKAGE_SIZE;android.permission.GET_ROLE_HOLDERS;android.permission.INTERACT_ACROSS_USERS;android.permission.INTERNET;android.permission.KILL_UID;android.permission.LAUNCH_MULTI_PANE_SETTINGS_DEEP_LINK;android.permission.MANAGE_APP_OPS_MODES;android.permission.MANAGE_DEFAULT_APPLICATIONS;android.permission.MANAGE_DEVICE_ADMINS;android.permission.MANAGE_DEVICE_POLICY_ACCOUNT_MANAGEMENT;android.permission.MANAGE_DEVICE_POLICY_APPS_CONTROL;android.permission.MANAGE_DEVICE_POLICY_APP_RESTRICTIONS;android.permission.MANAGE_DEVICE_POLICY_CAMERA;android.permission.MANAGE_DEVICE_POLICY_DEBUGGING_FEATURES;android.permission.MANAGE_DEVICE_POLICY_DISPLAY;android.permission.MANAGE_DEVICE_POLICY_FACTORY_RESET;android.permission.MANAGE_DEVICE_POLICY_FUN;android.permission.MANAGE_DEVICE_POLICY_INSTALL_UNKNOWN_SOURCES;android.permission.MANAGE_DEVICE_POLICY_KEYGUARD;android.permission.MANAGE_DEVICE_POLICY_LOCATION;android.permission.MANAGE_DEVICE_POLICY_LOCK;android.permission.MANAGE_DEVICE_POLICY_LOCK_CREDENTIALS;android.permission.MANAGE_DEVICE_POLICY_LOCK_TASK;android.permission.MANAGE_DEVICE_POLICY_MODIFY_USERS;android.permission.MANAGE_DEVICE_POLICY_PACKAGE_STATE;android.permission.MANAGE_DEVICE_POLICY_PROFILES;android.permission.MANAGE_DEVICE_POLICY_RESET_PASSWORD;android.permission.MANAGE_DEVICE_POLICY_RUNTIME_PERMISSIONS;android.permission.MANAGE_DEVICE_POLICY_SAFE_BOOT;android.permission.MANAGE_DEVICE_POLICY_TIME;android.permission.MANAGE_FACTORY_RESET_PROTECTION;android.permission.MANAGE_PROFILE_AND_DEVICE_OWNERS;android.permission.MANAGE_ROLE_HOLDERS;android.permission.MANAGE_TIME_AND_ZONE_DETECTION;android.permission.MANAGE_USERS;android.permission.MASTER_CLEAR;android.permission.OBSERVE_GRANT_REVOKE_PERMISSIONS;android.permission.OBSERVE_ROLE_HOLDERS;android.permission.PACKAGE_USAGE_STATS;android.permission.POST_NOTIFICATIONS;android.permission.QUERY_ALL_PACKAGES;android.permission.READ_CONTACTS;android.permission.READ_DREAM_STATE;android.permission.READ_PHONE_STATE;android.permission.RECEIVE_BOOT_COMPLETED;android.permission.RESET_PASSWORD;android.permission.SCHEDULE_EXACT_ALARM;android.permission.SET_TIME;android.permission.SET_TIME_ZONE;android.permission.START_ACTIVITIES_FROM_BACKGROUND;android.permission.STATUS_BAR;android.permission.SUSPEND_APPS;android.permission.SYSTEM_ALERT_WINDOW;android.permission.SYSTEM_APPLICATION_OVERLAY;android.permission.USER_ACTIVITY;android.permission.VIBRATE;android.permission.WAKE_LOCK;android.permission.WRITE_CONTACTS;android.permission.WRITE_SECURE_SETTINGS;android.permission.WRITE_SYNC_SETTINGS;com.google.android.gms.supervision.DYNAMIC_RECEIVER_NOT_EXPORTED_PERMISSION;com.google.android.gms.supervision.permission.C2D_MESSAGE;com.google.android.gms.supervision.permission.DEVICE_SUPERVISION;com.google.android.providers.gsf.permission.READ_GSERVICES	?	
product/priv-app/GmsCore/GmsCore.apk	com.google.android.gms	26.04.38 (260400-867839860)	260438035	35	36	Google Play services		yes	android.car.permission.CAR_ENERGY;android.car.permission.CAR_ENERGY_PORTS;android.car.permission.CAR_EXTERIOR_LIGHTS;android.car.permission.CAR_INFO;android.car.permission.CAR_MILEAGE;android.car.permission.CAR_POWER;android.car.permission.CAR_POWERTRAIN;android.car.permission.CAR_TIRES;android.car.permission.CONTROL_CAR_CLIMATE;android.car.permission.CONTROL_CAR_DOORS;android.car.permission.CONTROL_CAR_EXTERIOR_LIGHTS;android.car.permission.CONTROL_CAR_MIRRORS;android.car.permission.CONTROL_CAR_SEATS;android.car.permission.CONTROL_CAR_WINDOWS;android.car.permission.READ_CAR_DISPLAY_UNITS;android.permission.ACCESS_ADSERVICES_STATE;android.permission.ACCESS_ADSERVICES_STATE_COMPAT;android.permission.ACCESS_BACKGROUND_LOCATION;android.permission.ACCESS_BROADCAST_RESPONSE_STATS;android.permission.ACCESS_CACHE_FILESYSTEM;android.permission.ACCESS_COARSE_LOCATION;android.permission.ACCESS_CONTEXT_HUB;android.permission.ACCESS_DOWNLOAD_MANAGER;android.permission.ACCESS_DOWNLOAD_MANAGER_ADVANCED;android.permission.ACCESS_FINE_LOCATION;android.permission.ACCESS_FPS_COUNTER;android.permission.ACCESS_LOCAL_NETWORK;android.permission.ACCESS_LOCATION_EXTRA_COMMANDS;android.permission.ACCESS_MEDIA_LOCATION;android.permission.ACCESS_NETWORK_CONDITIONS;android.permission.ACCESS_NETWORK_STATE;android.permission.ACCESS_NOTIFICATION_POLICY;android.permission.ACCESS_VIBRATOR_STATE;android.permission.ACCESS_WIFI_STATE;android.permission.ACTIVITY_EMBEDDING;android.permission.ACTIVITY_RECOGNITION;android.permission.ALLOCATE_AGGRESSIVE;android.permission.AUTHENTICATE_ACCOUNTS;android.permission.BACKUP;android.permission.BLUETOOTH;android.permission.BLUETOOTH_ADMIN;android.permission.BLUETOOTH_ADVERTISE;android.permission.BLUETOOTH_CONNECT;android.permission.BLUETOOTH_PRIVILEGED;android.permission.BLUETOOTH_SCAN;android.permission.BODY_SENSORS;android.permission.BROADCAST_CLOSE_SYSTEM_DIALOGS;android.permission.BROADCAST_STICKY;android.permission.CALL_AUDIO_INTERCEPTION;android.permission.CALL_PHONE;android.permission.CALL_PRIVILEGED;android.permission.CAMERA;android.permission.CAPTURE_AUDIO_HOTWORD;android.permission.CAPTURE_AUDIO_OUTPUT;android.permission.CAPTURE_SECURE_VIDEO_OUTPUT;android.permission.CAPTURE_VIDEO_OUTPUT;android.permission.CHANGE_COMPONENT_ENABLED_STATE;android.permission.CHANGE_DEVICE_IDLE_TEMP_WHITELIST;android.permission.CHANGE_NETWORK_STATE;android.permission.CHANGE_WIFI_MULTICAST_STATE;android.permission.CHANGE_WIFI_STATE;android.permission.CHECK_REMOTE_LOCKSCREEN;android.permission.COMPANION_APPROVE_WIFI_CONNECTIONS;android.permission.CONFIGURE_FACTORY_RESET_PROTECTION;android.permission.CONNECTIVITY_USE_RESTRICTED_NETWORKS;android.permission.CONTROL_DISPLAY_SATURATION;android.permission.CONTROL_INCALL_EXPERIENCE;android.permission.CONTROL_KEYGUARD;android.permission.CONTROL_KEYGUARD_SECURE_NOTIFICATIONS;android.permission.CREDENTIAL_MANAGER_QUERY_CANDIDATE_CREDENTIALS;android.permission.CREDENTIAL_MANAGER_SET_ORIGIN;android.permission.DISABLE_KEYGUARD;android.permission.DISPATCH_PROVISIONING_MESSAGE;android.permission.DOMAIN_VERIFICATION_AGENT;android.permission.DOWNLOAD_WITHOUT_NOTIFICATION;android.permission.DRAW_MOTION_CUES;android.permission.DUMP;android.permission.EMERGENCY_INSTALL_PACKAGES;android.permission.FLASHLIGHT;android.permission.FORCE_STOP_PACKAGES;android.permission.FOREGROUND_SERVICE;android.permission.FOREGROUND_SERVICE_CONNECTED_DEVICE;android.permission.FOREGROUND_SERVICE_DATA_SYNC;android.permission.FOREGROUND_SERVICE_MEDIA_PROJECTION;android.permission.FOREGROUND_SERVICE_MICROPHONE;android.permission.FOREGROUND_SERVICE_SYSTEM_EXEMPTED;android.permission.GET_ACCOUNTS;android.permission.GET_APP_OPS_STATS;android.permission.GET_PACKAGE_SIZE;android.permission.GET_ROLE_HOLDERS;android.permission.GET_TASKS;android.permission.HIDE_NON_SYSTEM_OVERLAY_WINDOWS;android.permission.HIDE_OVERLAY_WINDOWS;android.permission.HIGH_SAMPLING_RATE_SENSORS;android.permission.INSTALL_LOCATION_TIME_ZONE_PROVIDER_SERVICE;android.permission.INTENT_FILTER_VERIFICATION_AGENT;android.permission.INTERACT_ACROSS_USERS;android.permission.INTERNET;android.permission.INVOKE_CARRIER_SETUP;android.permission.KILL_BACKGROUND_PROCESSES;android.permission.LAUNCH_MULTI_PANE_SETTINGS_DEEP_LINK;android.permission.LOCAL_MAC_ADDRESS;android.permission.LOCATION_BYPASS;android.permission.LOCATION_HARDWARE;android.permission.LOCK_DEVICE;android.permission.LOG_COMPAT_CHANGE;android.permission.MANAGE_ACCOUNTS;android.permission.MANAGE_ACTIVITY_STACKS;android.permission.MANAGE_ADVANCED_PROTECTION_MODE;android.permission.MANAGE_DEVICE_ADMINS;android.permission.MANAGE_FACTORY_RESET_PROTECTION;android.permission.MANAGE_GAME_ACTIVITY;android.permission.MANAGE_GAME_MODE;android.permission.MANAGE_INTRUSION_DETECTION_STATE;android.permission.MANAGE_ROLLBACKS;android.permission.MANAGE_SECURE_LOCK_DEVICE;android.permission.MANAGE_SOUND_TRIGGER;android.permission.MANAGE_SUBSCRIPTION_PLANS;android.permission.MANAGE_TIME_AND_ZONE_DETECTION;android.permission.MANAGE_USB;android.permission.MANAGE_USERS;android.permission.MANAGE_VOICE_KEYPHRASES;android.permission.MANAGE_WIFI_INTERFACES;android.permission.MANAGE_WIFI_NETWORK_SELECTION;android.permission.MASTER_CLEAR;android.permission.MEDIA_CONTENT_CONTROL;android.permission.MODIFY_ADSERVICES_STATE;android.permission.MODIFY_ADSERVICES_STATE_COMPAT;android.permission.MODIFY_AUDIO_ROUTING;android.permission.MODIFY_AUDIO_SETTINGS;android.permission.MODIFY_DAY_NIGHT_MODE;android.permission.MODIFY_DEFAULT_AUDIO_EFFECTS;android.permission.MODIFY_NETWORK_ACCOUNTING;android.permission.MODIFY_PHONE_STATE;android.permission.NEARBY_WIFI_DEVICES;android.permission.NFC;android.permission.NFC_TRANSACTION_EVENT;android.permission.NOTIFY_PENDING_SYSTEM_UPDATE;android.permission.OBSERVE_GRANT_REVOKE_PERMISSIONS;android.permission.OBSERVE_ROLE_HOLDERS;android.permission.OVERRIDE_WIFI_CONFIG;android.permission.PACKAGE_USAGE_STATS;android.permission.PERFORM_GESTURE_EXCHANGE;android.permission.PERSISTENT_ACTIVITY;android.permission.POST_NOTIFICATIONS;android.permission.PREPARE_FACTORY_RESET;android.permission.PRE_FACTORY_RESET;android.permission.PROCESS_OUTGOING_CALLS;android.permission.PROVIDE_DEFAULT_ENABLED_CREDENTIAL_SERVICE;android.permission.PROVIDE_REMOTE_CREDENTIALS;android.permission.PROVIDE_RESOLVER_RANKER_SERVICE;android.permission.PROVIDE_TRUST_AGENT;android.permission.QUERY_ADVANCED_PROTECTION_MODE;android.permission.QUERY_ALL_PACKAGES;android.permission.READ_CALL_LOG;android.permission.READ_COMPAT_CHANGE_CONFIG;android.permission.READ_CONTACTS;android.permission.READ_DEVICE_CONFIG;android.permission.READ_DREAM_STATE;android.permission.READ_DROPBOX_DATA;android.permission.READ_EXTERNAL_STORAGE;android.permission.READ_INTRUSION_DETECTION_STATE;android.permission.READ_LOGS;android.permission.READ_MEDIA_AUDIO;android.permission.READ_MEDIA_IMAGES;android.permission.READ_MEDIA_VIDEO;android.permission.READ_MEDIA_VISUAL_USER_SELECTED;android.permission.READ_NEARBY_STREAMING_POLICY;android.permission.READ_NETWORK_USAGE_HISTORY;android.permission.READ_OEM_UNLOCK_STATE;android.permission.READ_PHONE_STATE;android.permission.READ_PRIVILEGED_PHONE_STATE;android.permission.READ_PROFILE;android.permission.READ_SMS;android.permission.READ_SYNC_SETTINGS;android.permission.READ_SYNC_STATS;android.permission.READ_SYSTEM_GRAMMATICAL_GENDER;android.permission.READ_WIFI_CREDENTIAL;android.permission.REAL_GET_TASKS;android.permission.REBOOT;android.permission.RECEIVE_BOOT_COMPLETED;android.permission.RECEIVE_DATA_ACTIVITY_CHANGE;android.permission.RECEIVE_MMS;android.permission.RECEIVE_SMS;android.permission.RECORD_AUDIO;android.permission.RECOVERY;android.permission.RECOVER_KEYSTORE;android.permission.REMOTE_DISPLAY_PROVIDER;android.permission.RENOUNCE_PERMISSIONS;android.permission.REORDER_TASKS;android.permission.REQUEST_COMPANION_PROFILE_COMPUTER;android.permission.REQUEST_COMPANION_RUN_IN_BACKGROUND;android.permission.REQUEST_COMPANION_SELF_MANAGED;android.permission.REQUEST_DELETE_PACKAGES;android.permission.RESET_PASSWORD;android.permission.SATELLITE_COMMUNICATION;android.permission.SCHEDULE_PRIORITIZED_ALARM;android.permission.SCORE_NETWORKS;android.permission.SEND_SAFETY_CENTER_UPDATE;android.permission.SEND_SMS;android.permission.SEND_SMS_NO_CONFIRMATION;android.permission.SETUP_FSVERITY;android.permission.SET_BIOMETRIC_DIALOG_ADVANCED;android.permission.SET_DEFAULT_ACCOUNT_FOR_CONTACTS;android.permission.SET_LOW_POWER_STANDBY_PORTS;android.permission.SET_TIME;android.permission.SET_TIME_ZONE;android.permission.START_ACTIVITIES_FROM_BACKGROUND;android.permission.START_TASKS_FROM_RECENTS;android.permission.STATUS_BAR;android.permission.SUBSCRIBED_FEEDS_READ;android.permission.SUBSCRIBED_FEEDS_WRITE;android.permission.SUBSCRIBE_TO_KEYGUARD_LOCKED_STATE;android.permission.SUBSTITUTE_NOTIFICATION_APP_NAME;android.permission.SUBSTITUTE_SHARE_TARGET_APP_NAME_AND_ICON;android.permission.SYSTEM_ALERT_WINDOW;android.permission.TETHER_PRIVILEGED;android.permission.THREAD_NETWORK_PRIVILEGED;android.permission.TURN_SCREEN_ON;android.permission.UPDATE_APP_OPS_STATS;android.permission.UPDATE_DEVICE_STATS;android.permission.UPDATE_FONTS;android.permission.UPDATE_PRIVILEGED_AD_ID;android.permission.UPDATE_PRIVILEGED_AD_ID_COMPAT;android.permission.USER_ACTIVITY;android.permission.USE_BIOMETRIC;android.permission.USE_CREDENTIALS;android.permission.USE_FINGERPRINT;android.permission.USE_FULL_SCREEN_INTENT;android.permission.UWB;android.permission.UWB_PRIVILEGED;android.permission.UWB_RANGING;android.permission.VIBRATE;android.permission.WAKE_LOCK;android.permission.WRITE_CALL_LOG;android.permission.WRITE_CONTACTS;android.permission.WRITE_DEVICE_CONFIG;android.permission.WRITE_EMBEDDED_SUBSCRIPTIONS;android.permission.WRITE_EXTERNAL_STORAGE;android.permission.WRITE_GSERVICES;android.permission.WRITE_PROFILE;android.permission.WRITE_SECURE_SETTINGS;android.permission.WRITE_SETTINGS;android.permission.WRITE_SYNC_SETTINGS;android.permission.WRITE_VERIFICATION_STATE_E2EE_CONTACT_KEYS;android.permission.health.READ_HEALTH_DATA_IN_BACKGROUND;android.permission.health.READ_HEART_RATE;com.android.chrome.TOS_ACKED;com.android.launcher.permission.INSTALL_SHORTCUT;com.android.vending.APP_ERRORS_SERVICE;com.android.vending.BILLING;com.android.vending.INTENT_VENDING_ONLY;com.android.vending.TOS_ACKED;com.android.vending.billing.ADD_CREDIT_CARD;com.android.vending.billing.BILLING_ACCOUNT_SERVICE;com.android.vending.billing.IBillingAccountService.BIND2;com.android.vending.p2p.APP_INSTALL_API;com.android.vending.setup.PLAY_SETUP_SERVICE;com.felicanetworks.mfc.mfi.permission.MFI_ACCESS;com.felicanetworks.mfc.permission.MFC_ACCESS;com.google.android.apps.enterprise.dmagent.permission.AutoSyncPermission;com.google.android.apps.nest.CAST_AUTH_SERVICE;com.google.android.apps.nest.DOCK_MANAGER_SERVICE;com.google.android.apps.now.OPT_IN_WIZARD;com.google.android.c2dm.permission.RECEIVE;com.google.android.c2dm.permission.SEND;com.google.android.clockwork.settings.SHOW_FACTORY_RESET_CONFIRMATION;com.google.android.finsky.permission.ACCESS_INSTANT_APP_NOTIFICATION_ENFORCEMENT;com.google.android.finsky.permission.BIND_GET_INSTALL_REFERRER_SERVICE;com.google.android.finsky.permission.DEVELOPER_GROUP_ID_INFO;com.google.android.finsky.permission.GEARHEAD_SERVICE;com.google.android.finsky.permission.INSTANT_APP_STATE;com.google.android.gms.DRIVE;com.google.android.gms.DYNAMIC_RECEIVER_NOT_EXPORTED_PERMISSION;com.google.android.gms.auth.api.phone.permission.SEND;com.google.android.gms.auth.api.signin.permission.REVOCATION_NOTIFICATION;com.google.android.gms.auth.authzen.permission.DEVICE_SYNC_FINISHED;com.google.android.gms.auth.authzen.permission.GCM_DEVICE_PROXIMITY;com.google.android.gms.auth.authzen.permission.KEY_REGISTRATION_FINISHED;com.google.android.gms.auth.cryptauth.permission.CABLEV2_SERVER_LINK;com.google.android.gms.auth.cryptauth.permission.KEY_CHANGE;com.google.android.gms.auth.permission.FACE_UNLOCK;com.google.android.gms.auth.permission.GOOGLE_ACCOUNT_CHANGE;com.google.android.gms.auth.permission.POST_SIGN_IN_ACCOUNT;com.google.android.gms.auth.proximity.permission.SMS_CONNECT_SETUP_REQUESTED;com.google.android.gms.carsetup.DRIVING_MODE_MANAGER;com.google.android.gms.chimera.permission.CONFIG_CHANGE;com.google.android.gms.chromesync.permission.CONTENT_PROVIDER_ACCESS;com.google.android.gms.chromesync.permission.METADATA_UPDATED;com.google.android.gms.cloudsave.BIND_EVENT_BROADCAST;com.google.android.gms.common.internal.SHARED_PREFERENCES_PERMISSION;com.google.android.gms.contextmanager.CONTEXT_MANAGER_RESTARTED_BROADCAST;com.google.android.gms.dck.permission.DIGITAL_KEY_PRIVILEGED;com.google.android.gms.dtdi.permission.START_COMPONENTS;com.google.android.gms.findmydevice.spot.permission.DEVICE_CHANGES;com.google.android.gms.game.notifications.permission.WRITE;com.google.android.gms.googlehelp.LAUNCH_SUPPORT_SCREENSHARE;com.google.android.gms.home.matter.BIND_MATTER_COMMISSIONING_SERVICE;com.google.android.gms.learning.permission.LAUNCH_IN_APP_PROXY;com.google.android.gms.locationsharingreporter.periodic.STATUS_UPDATE;com.google.android.gms.magictether.permission.CLIENT_TETHERING_PREFERENCE_CHANGED;com.google.android.gms.magictether.permission.CONNECTED_HOST_CHANGED;com.google.android.gms.magictether.permission.DISABLE_SOFT_AP;com.google.android.gms.magictether.permission.SCANNED_DEVICE;com.google.android.gms.matchstick.permission.BROADCAST_LIGHTER_WEB_INFO;com.google.android.gms.nearby.exposurenotification.EXPOSURE_CALLBACK;com.google.android.gms.people.permission.contactssync.BACKUP_SYNC_STATE_UPDATE_BROADCAST;com.google.android.gms.permission.ACCESS_MULTIPACKAGE_COMPONENT;com.google.android.gms.permission.ACCESS_NEARBY_SHARE_API;com.google.android.gms.permission.ACTIVITY_RECOGNITION;com.google.android.gms.permission.AD_ID;com.google.android.gms.permission.APPINDEXING;com.google.android.gms.permission.BIND_NETWORK_TASK_SERVICE;com.google.android.gms.permission.BIND_PAYMENTS_CALLBACK_SERVICE;com.google.android.gms.permission.BIOAUTH_CONSENT;com.google.android.gms.permission.BROADCAST_TO_GOOGLEHELP;com.google.android.gms.permission.C2D_MESSAGE;com.google.android.gms.permission.CHECKIN_NOW;com.google.android.gms.permission.CONTACTS_SYNC_DELEGATION;com.google.android.gms.permission.GOOGLE_PAY;com.google.android.gms.permission.GRANT_WALLPAPER_PERMISSIONS;com.google.android.gms.permission.GROWTH;com.google.android.gms.permission.INTERNAL_BROADCAST;com.google.android.gms.permission.NEARBY_START_DISCOVERER;com.google.android.gms.permission.PHENOTYPE_OVERRIDE_FLAGS;com.google.android.gms.permission.PHENOTYPE_UPDATE_BROADCAST;com.google.android.gms.permission.READ_VALUABLES_IMAGES;com.google.android.gms.permission.REPORT_TAP;com.google.android.gms.permission.REQUEST_SCREEN_LOCK_COMPLEXITY;com.google.android.gms.permission.SAFETY_NET;com.google.android.gms.permission.SEND_ANDROID_PAY_DATA;com.google.android.gms.permission.SHOW_PAYMENT_CARD_DETAILS;com.google.android.gms.permission.SHOW_TRANSACTION_RECEIPT;com.google.android.gms.permission.SHOW_WARM_WELCOME_TAPANDPAY_APP;com.google.android.gms.permission.wearable.BUGREPORT_USER_CONSENT;com.google.android.gms.presencemanager.permission.PRESENCE_MANAGER_UPDATE_BROADCAST;com.google.android.gms.security.permission.BANK_SCAM_WARNING;com.google.android.gms.smartdevice.permission.NOTIFY_QUICK_START_STATUS;com.google.android.gms.time.permission.SEND_TRUSTED_TIME_SIGNAL;com.google.android.gms.trustagent.framework.model.DATA_ACCESS;com.google.android.gms.trustagent.framework.model.DATA_CHANGE_NOTIFICATION;com.google.android.gms.trustagent.permission.TRUSTAGENT_STATE;com.google.android.gms.vehicle.permission.SHARED_AUTO_SENSOR_DATA;com.google.android.googleapps.permission.ACCESS_GOOGLE_PASSWORD;com.google.android.googleapps.permission.GOOGLE_AUTH;com.google.android.googleapps.permission.GOOGLE_AUTH.ALL_SERVICES;com.google.android.googleapps.permission.GOOGLE_AUTH.YouTubeUser;com.google.android.googleapps.permission.GOOGLE_AUTH.mail;com.google.android.googleapps.permission.GOOGLE_AUTH.youtube;com.google.android.googleapps.permission.GOOGLE_MAIL_SWITCH;com.google.android.googlequicksearchbox.permission.PAUSE_HOTWORD;com.google.android.gsf.permission.C2D_MESSAGE;com.google.android.gsf.subscribedfeeds.permission.C2D_MESSAGE;com.google.android.gtalkservice.permission.GTALK_SERVICE;com.google.android.gtalkservice.permission.SEND_HEARTBEAT;com.google.android.hangouts.START_HANGOUT;com.google.android.launcher.permission.RECEIVE_LAUNCH_BROADCASTS;com.google.android.permission.ACCESSIBILITY_SCAN_SERVICE;com.google.android.permission.BROADCAST_DATA_MESSAGE;com.google.android.permission.USE_GRIL;com.google.android.providers.gsf.permission.READ_GSERVICES;com.google.android.providers.gsf.permission.WRITE_GSERVICES;com.google.android.providers.settings.permission.READ_GSETTINGS;com.google.android.providers.settings.permission.WRITE_GSETTINGS;com.google.android.setupwizard.READ_DEVICE_ORIGIN_FIRST_PARTY;com.google.android.setupwizard.SETUP_COMPAT_SERVICE;com.google.android.setupwizard.SETUP_PROGRESS_SERVICE;com.google.android.setupwizard.WRITE_DEVICE_ORIGIN;com.google.android.setupwizard.pairing.NEARBY_BACKUP_SERVICE;com.google.android.vending.verifier.ACCESS_VERIFIER;com.google.android.wearable.READ_SETTINGS;com.google.android.wearable.WRITE_SETTINGS;com.google.android.wearable.permission.URI_REDIRECT_TO_REMOTE;com.google.android.xmpp.permission.BROADCAST;com.google.android.xmpp.permission.XMPP_ENDPOINT_BROADCAST;com.google.firebase.auth.api.gms.permission.LAUNCH_FEDERATED_SIGN_IN;com.google.pixel.exo.BIND_TO_BOOTSTRAPPING;com.google.wear.permission.DISPLAY_OFFLOAD;com.google.wear.permission.MANAGE_ACTIVITY_AUTO_RESUME;com.google.wear.permission.READ_BATTERY_SAVER;com.google.wear.permission.READ_DISPLAY_CONFIG;com.google.wear.permission.READ_FOCUS_MODES;com.google.wear.permission.RECEIVE_BACKGROUND_GESTURE_EVENTS;com.sec.android.app.myfiles.permission.READ;com.sec.android.app.myfiles.permission.WRITE;com.sec.android.gallery3d.provider2.READ;com.sec.android.gallery3d.provider2.WRITE	?	
product/priv-app/GmsCore/m/independent/AndroidPlatformServices/AndroidPlatformServices.apk	com.google.android.gms.policy_sidecar_aps	251330800025.748366938.748366938	251330806	28	36			yes		?	
product/priv-app/GoogleDialer/GoogleDialer.apk	com.google.android.dialer	204.0.852029473	19408448	30	36	Phone		yes	android.permission.ACCESS_COARSE_LOCATION;android.permission.ACCESS_FINE_LOCATION;android.permission.ACCESS_NETWORK_STATE;android.permission.ACCESS_NOTIFICATION_POLICY;android.permission.ACCESS_RCS_USER_CAPABILITY_EXCHANGE;android.permission.ACCESS_WIFI_STATE;android.permission.ALLOW_ANY_CODEC_FOR_PLAYBACK;android.permission.BLUETOOTH;android.permission.BLUETOOTH_ADMIN;android.permission.BLUETOOTH_CONNECT;android.permission.BROADCAST_CLOSE_SYSTEM_DIALOGS;android.permission.CALL_PHONE;android.permission.CAMERA;android.permission.CAPTURE_AUDIO_OUTPUT;android.permission.CAPTURE_VOICE_COMMUNICATION_OUTPUT;android.permission.CHANGE_NETWORK_STATE;android.permission.CONNECTIVITY_USE_RESTRICTED_NETWORKS;android.permission.CONTROL_INCALL_EXPERIENCE;android.permission.FOREGROUND_SERVICE;android.permission.FOREGROUND_SERVICE_DATA_SYNC;android.permission.FOREGROUND_SERVICE_MICROPHONE;android.permission.FOREGROUND_SERVICE_PHONE_CALL;android.permission.GET_ACCOUNTS;android.permission.GET_ACCOUNTS_PRIVILEGED;android.permission.GET_PACKAGE_SIZE;android.permission.HIGH_SAMPLING_RATE_SENSORS;android.permission.INTERACT_ACROSS_USERS;android.permission.INTERNET;android.permission.LOCATION_BYPASS;android.permission.MANAGE_ACCOUNTS;android.permission.MANAGE_OWN_CALLS;android.permission.MODIFY_AUDIO_ROUTING;android.permission.MODIFY_AUDIO_SETTINGS;android.permission.MODIFY_PHONE_STATE;android.permission.NFC;android.permission.POST_NOTIFICATIONS;android.permission.QUERY_ADVANCED_PROTECTION_MODE;android.permission.QUERY_ALL_PACKAGES;android.permission.READ_APP_BADGE;android.permission.READ_CALL_LOG;android.permission.READ_CONTACTS;android.permission.READ_EXTERNAL_STORAGE;android.permission.READ_PHONE_NUMBERS;android.permission.READ_PHONE_STATE;android.permission.READ_PRIVILEGED_PHONE_STATE;android.permission.READ_PROFILE;android.permission.READ_SYNC_SETTINGS;android.permission.READ_SYSTEM_GRAMMATICAL_GENDER;android.permission.RECEIVE_BOOT_COMPLETED;android.permission.RECEIVE_SMS;android.permission.RECORD_AUDIO;android.permission.SATELLITE_COMMUNICATION;android.permission.SEND_SMS;android.permission.STATUS_BAR;android.permission.STOP_APP_SWITCHES;android.permission.SYSTEM_ALERT_WINDOW;android.permission.USE_FULL_SCREEN_INTENT;android.permission.VIBRATE;android.permission.WAKE_LOCK;android.permission.WRITE_CALL_LOG;android.permission.WRITE_CONTACTS;android.permission.WRITE_EXTERNAL_STORAGE;android.permission.WRITE_SECURE_SETTINGS;android.permission.WRITE_SETTINGS;com.anddoes.launcher.permission.UPDATE_COUNT;com.android.launcher.permission.INSTALL_SHORTCUT;com.android.voicemail.permission.ADD_VOICEMAIL;com.android.voicemail.permission.READ_VOICEMAIL;com.android.voicemail.permission.WRITE_VOICEMAIL;com.cequint.ecid.CALLER_ID_LOOKUP;com.google.android.apps.aicore.service.BIND_SERVICE;com.google.android.apps.tycho#com.google.android.ims.providers.ACCESS_DATA;com.google.android.dialer.DYNAMIC_RECEIVER_NOT_EXPORTED_PERMISSION;com.google.android.ims.receivers.FEEDBACK_SETTING;com.google.android.providers.gsf.permission.READ_GSERVICES;com.htc.launcher.permission.READ_SETTINGS;com.htc.launcher.permission.UPDATE_SHORTCUT;com.huawei.android.launcher.permission.CHANGE_BADGE;com.huawei.android.launcher.permission.READ_SETTINGS;com.huawei.android.launcher.permission.WRITE_SETTINGS;com.majeur.launcher.permission.UPDATE_BADGE;com.motorola.android.permission.USERPREFERREDSIM;com.motorola.incallui.permission.INCOMING_CALL_VISIBILITY_CHANGED;com.oppo.launcher.permission.READ_SETTINGS;com.oppo.launcher.permission.WRITE_SETTINGS;com.sec.android.provider.badge.permission.READ;com.sec.android.provider.badge.permission.WRITE;com.sonyericsson.home.permission.BROADCAST_BADGE;com.sonymobile.home.permission.PROVIDER_INSERT_BADGE	?	
product/priv-app/GoogleOneTimeInitializer/GoogleOneTimeInitializer.apk	com.google.android.onetimeinitializer	16-14848146	36	36	36	Google One Time Init		yes	android.permission.ACCESS_NETWORK_STATE;android.permission.CHANGE_COMPONENT_ENABLED_STATE;android.permission.RECEIVE_BOOT_COMPLETED;com.google.android.gms.permission.CHECKIN_NOW;com.google.android.onetimeinitializer.DYNAMIC_RECEIVER_NOT_EXPORTED_PERMISSION;com.google.android.onetimeinitializer.permission.ONE_TIME_INITIALIZED;com.google.android.providers.gsf.permission.READ_GSERVICES	?	
product/priv-app/GooglePartnerSetup/GooglePartnerSetup.apk	com.google.android.partnersetup	100.773392826	7885	26	36	Google Partner Setup		yes	android.permission.ACCESS_NETWORK_STATE;android.permission.ACCESS_WIFI_STATE;android.permission.CHANGE_COMPONENT_ENABLED_STATE;android.permission.CHANGE_CONFIGURATION;android.permission.GET_PACKAGE_SIZE;android.permission.INTERNET;android.permission.QUERY_ALL_PACKAGES;android.permission.READ_PRIVILEGED_PHONE_STATE;android.permission.RECEIVE_BOOT_COMPLETED;com.android.launcher.permission.PRELOAD_WORKSPACE;com.google.android.providers.gsf.permission.READ_GSERVICES;com.google.android.providers.gsf.permission.WRITE_GSERVICES;com.google.android.providers.settings.permission.READ_GSETTINGS;com.google.android.providers.settings.permission.WRITE_GSETTINGS	?	
product/priv-app/GoogleRestore/GoogleRestore.apk	com.google.android.apps.restore	1.0.833807547	927098	28	36	Android Switch		yes	android.permission.ACCESS_FINE_LOCATION;android.permission.ACCESS_LAUNCHER_DATA;android.permission.ACCESS_NETWORK_STATE;android.permission.ACCESS_WIFI_STATE;android.permission.BACKUP;android.permission.CHANGE_WIFI_STATE;android.permission.FOREGROUND_SERVICE;android.permission.FOREGROUND_SERVICE_CONNECTED_DEVICE;android.permission.FOREGROUND_SERVICE_DATA_SYNC;android.permission.GET_PACKAGE_SIZE;android.permission.INTERNET;android.permission.LAUNCH_MULTI_PANE_SETTINGS_DEEP_LINK;android.permission.MANAGE_EXTERNAL_STORAGE;android.permission.MANAGE_USB;android.permission.MANAGE_USERS;android.permission.MANAGE_WIFI_NETWORK_SELECTION;android.permission.NEARBY_WIFI_DEVICES;android.permission.NFC;android.permission.OVERRIDE_WIFI_CONFIG;android.permission.POST_NOTIFICATIONS;android.permission.QUERY_ALL_PACKAGES;android.permission.READ_CALENDAR;android.permission.READ_CALL_LOG;android.permission.READ_CONTACTS;android.permission.READ_EXTERNAL_STORAGE;android.permission.READ_PRIVILEGED_PHONE_STATE;android.permission.READ_WIFI_CREDENTIAL;android.permission.RECEIVE_BOOT_COMPLETED;android.permission.SET_WALLPAPER;android.permission.SUBSTITUTE_NOTIFICATION_APP_NAME;android.permission.WAKE_LOCK;android.permission.WRITE_CALL_LOG;android.permission.WRITE_CONTACTS;android.permission.WRITE_EMBEDDED_SUBSCRIPTIONS;android.permission.WRITE_EXTERNAL_STORAGE;android.permission.WRITE_SECURE_SETTINGS;android.permission.WRITE_SETTINGS;com.android.vending.setup.PLAY_SETUP_SERVICE;com.google.android.apps.nexuslauncher.permission.READ_SETTINGS;com.google.android.apps.nexuslauncher.permission.WRITE_SETTINGS;com.google.android.providers.gsf.permission.READ_GSERVICES;com.google.android.setupwizard.READ_DEVICE_ORIGIN;com.google.android.setupwizard.READ_DEVICE_ORIGIN_FIRST_PARTY;com.google.android.setupwizard.SETUP_COMPAT_SERVICE;com.google.android.setupwizard.SETUP_PROGRESS_SERVICE;com.google.android.setupwizard.WRITE_DEVICE_ORIGIN	?	
product/priv-app/ImsServiceEntitlement/ImsServiceEntitlement.apk	com.android.imsserviceentitlement	16	36	36	36			yes	android.permission.ACCESS_NETWORK_STATE;android.permission.CHANGE_NETWORK_STATE;android.permission.INTERNET;android.permission.MODIFY_PHONE_STATE;android.permission.READ_PRIVILEGED_PHONE_STATE;android.permission.RECEIVE_BOOT_COMPLETED;android.permission.WAKE_LOCK;com.android.imsserviceentitlement.DYNAMIC_RECEIVER_NOT_EXPORTED_PERMISSION;com.google.android.c2dm.permission.RECEIVE;com.google.android.setupwizard.SETUP_COMPAT_SERVICE	?	
product/priv-app/Messages/Messages.apk	com.google.android.apps.messaging	messages.android_20251121_00_RC02.phone_dynamic	293261063	26	36	Messages		yes	android.permission.ACCESS_COARSE_LOCATION;android.permission.ACCESS_FINE_LOCATION;android.permission.ACCESS_MESSAGES_ON_ICC;android.permission.ACCESS_NETWORK_STATE;android.permission.ACCESS_RCS_USER_CAPABILITY_EXCHANGE;android.permission.CALL_PHONE;android.permission.CAMERA;android.permission.CHANGE_NETWORK_STATE;android.permission.CONNECTIVITY_USE_RESTRICTED_NETWORKS;android.permission.DETECT_SCREEN_RECORDING;android.permission.DOWNLOAD_WITHOUT_NOTIFICATION;android.permission.FOREGROUND_SERVICE;android.permission.FOREGROUND_SERVICE_DATA_SYNC;android.permission.FOREGROUND_SERVICE_MEDIA_PROCESSING;android.permission.FOREGROUND_SERVICE_REMOTE_MESSAGING;android.permission.GET_ACCOUNTS;android.permission.GET_PACKAGE_SIZE;android.permission.INTERNET;android.permission.MANAGE_ACCOUNTS;android.permission.MODIFY_PHONE_STATE;android.permission.PERFORM_IMS_SINGLE_REGISTRATION;android.permission.POST_NOTIFICATIONS;android.permission.QUERY_ADVANCED_PROTECTION_MODE;android.permission.QUERY_USERS;android.permission.READ_APP_BADGE;android.permission.READ_CONTACTS;android.permission.READ_EXTERNAL_STORAGE;android.permission.READ_MEDIA_AUDIO;android.permission.READ_MEDIA_IMAGES;android.permission.READ_MEDIA_VIDEO;android.permission.READ_MEDIA_VISUAL_USER_SELECTED;android.permission.READ_PHONE_NUMBERS;android.permission.READ_PHONE_STATE;android.permission.READ_PRECISE_PHONE_STATE;android.permission.READ_PRIVILEGED_PHONE_STATE;android.permission.READ_PROFILE;android.permission.READ_SMS;android.permission.READ_SYSTEM_GRAMMATICAL_GENDER;android.permission.RECEIVE_BOOT_COMPLETED;android.permission.RECEIVE_MMS;android.permission.RECEIVE_SMS;android.permission.RECEIVE_WAP_PUSH;android.permission.RECORD_AUDIO;android.permission.SATELLITE_COMMUNICATION;android.permission.SCHEDULE_EXACT_ALARM;android.permission.SEND_SMS;android.permission.START_FOREGROUND_SERVICES_FROM_BACKGROUND;android.permission.VIBRATE;android.permission.WAKE_LOCK;android.permission.WRITE_CONTACTS;android.permission.WRITE_EXTERNAL_STORAGE;android.permission.WRITE_SMS;com.anddoes.launcher.permission.UPDATE_COUNT;com.cequint.ecid.CALLER_ID_EXTERNAL_LOOKUP_SMS;com.google.android.apps.aicore.service.BIND_SERVICE;com.google.android.apps.stargate.endpointservice.ACCESS_ENDPOINT_SERVICE;com.google.android.apps.stargate.permission.END_EMERGENCY_INTENTS;com.google.android.apps.stargate.permission.SEND_EMERGENCY_INTENTS;com.google.android.c2dm.permission.RECEIVE;com.google.android.finsky.permission.BIND_GET_INSTALL_REFERRER_SERVICE;com.google.android.ims.LOG_ACCESS;com.google.android.ims.providers.ACCESS_DATA;com.google.android.providers.gsf.permission.READ_GSERVICES;com.google.android.setupwizard.READ_DEVICE_ORIGIN;com.google.android.setupwizard.READ_DEVICE_ORIGIN_FIRST_PARTY;com.htc.launcher.permission.READ_SETTINGS;com.htc.launcher.permission.UPDATE_SHORTCUT;com.huawei.android.launcher.permission.CHANGE_BADGE;com.huawei.android.launcher.permission.READ_SETTINGS;com.huawei.android.launcher.permission.WRITE_SETTINGS;com.majeur.launcher.permission.UPDATE_BADGE;com.oppo.launcher.permission.READ_SETTINGS;com.oppo.launcher.permission.WRITE_SETTINGS;com.sec.android.provider.badge.permission.READ;com.sec.android.provider.badge.permission.WRITE;com.sonyericsson.home.permission.BROADCAST_BADGE;com.sonymobile.home.permission.PROVIDER_INSERT_BADGE;com.sonymobile.launcher.permission.PROVIDER_INSERT_BADGE	?	
product/priv-app/PersonalSafety/PersonalSafety.apk	com.google.android.apps.safetyhub	2026.01.08.855751933.1-release_gms	100766961	31	36	Personal Safety		yes	android.permission.ACCESS_BACKGROUND_LOCATION;android.permission.ACCESS_FINE_LOCATION;android.permission.ACCESS_NETWORK_STATE;android.permission.ACCESS_NOTIFICATION_POLICY;android.permission.ANSWER_PHONE_CALLS;android.permission.CALL_PHONE;android.permission.CALL_PRIVILEGED;android.permission.CAMERA;android.permission.CAPTURE_AUDIO_OUTPUT;android.permission.FOREGROUND_SERVICE;android.permission.FOREGROUND_SERVICE_CAMERA;android.permission.FOREGROUND_SERVICE_LOCATION;android.permission.FOREGROUND_SERVICE_SYSTEM_EXEMPTED;android.permission.GET_PACKAGE_SIZE;android.permission.INTERNET;android.permission.MANAGE_USERS;android.permission.MODIFY_AUDIO_SETTINGS;android.permission.MODIFY_PHONE_STATE;android.permission.POST_NOTIFICATIONS;android.permission.READ_CONTACTS;android.permission.READ_PHONE_STATE;android.permission.READ_PRIVILEGED_PHONE_STATE;android.permission.RECEIVE_BOOT_COMPLETED;android.permission.RECORD_AUDIO;android.permission.SCHEDULE_EXACT_ALARM;android.permission.START_ACTIVITIES_FROM_BACKGROUND;android.permission.USE_BIOMETRIC;android.permission.USE_FULL_SCREEN_INTENT;android.permission.VIBRATE;android.permission.WAKE_LOCK;com.google.android.c2dm.permission.RECEIVE;com.google.android.providers.gsf.permission.READ_GSERVICES;com.google.android.setupwizard.SETUP_COMPAT_SERVICE	?	
product/priv-app/Phonesky/Phonesky.apk	com.android.vending	50.1.33-29 [0] [PR] 867780628	85013320	29	36	Google Play Store		yes	android.permission.ACCESS_ADSERVICES_AD_ID;android.permission.ACCESS_ADSERVICES_ATTRIBUTION;android.permission.ACCESS_COARSE_LOCATION;android.permission.ACCESS_DOWNLOAD_MANAGER;android.permission.ACCESS_DOWNLOAD_MANAGER_ADVANCED;android.permission.ACCESS_INSTANT_APPS;android.permission.ACCESS_NETWORK_STATE;android.permission.ACCESS_NOTIFICATION_POLICY;android.permission.ACCESS_WIFI_STATE;android.permission.ALLOCATE_AGGRESSIVE;android.permission.AUTHENTICATE_ACCOUNTS;android.permission.BACKUP;android.permission.BATTERY_STATS;android.permission.BLUETOOTH;android.permission.BLUETOOTH_ADMIN;android.permission.BLUETOOTH_ADVERTISE;android.permission.BLUETOOTH_CONNECT;android.permission.BLUETOOTH_SCAN;android.permission.CHANGE_COMPONENT_ENABLED_STATE;android.permission.CHANGE_DEVICE_IDLE_TEMP_WHITELIST;android.permission.CHANGE_NETWORK_STATE;android.permission.CHANGE_OVERLAY_PACKAGES;android.permission.CHANGE_WIFI_STATE;android.permission.CLEAR_APP_CACHE;android.permission.CONNECTIVITY_INTERNAL;android.permission.DELETE_PACKAGES;android.permission.DUMP;android.permission.ENFORCE_UPDATE_OWNERSHIP;android.permission.FORCE_STOP_PACKAGES;android.permission.FOREGROUND_SERVICE;android.permission.FOREGROUND_SERVICE_MICROPHONE;android.permission.FOREGROUND_SERVICE_SYSTEM_EXEMPTED;android.permission.GET_ACCOUNTS;android.permission.GET_ACCOUNTS_PRIVILEGED;android.permission.GET_APP_METADATA;android.permission.GET_APP_OPS_STATS;android.permission.GET_PACKAGE_SIZE;android.permission.GET_TASKS;android.permission.GRANT_RUNTIME_PERMISSIONS;android.permission.HIDE_NON_SYSTEM_OVERLAY_WINDOWS;android.permission.HIDE_STATUS_BAR_NOTIFICATION;android.permission.INSTALL_GRANT_RUNTIME_PERMISSIONS;android.permission.INSTALL_PACKAGES;android.permission.INTERACT_ACROSS_USERS;android.permission.INTERNET;android.permission.LAUNCH_TWO_PANE_SETTINGS_DEEP_LINK;android.permission.LOADER_USAGE_STATS;android.permission.MANAGE_ACCOUNTS;android.permission.MANAGE_APP_OPS_MODES;android.permission.MANAGE_ROLLBACKS;android.permission.MANAGE_USERS;android.permission.NEARBY_WIFI_DEVICES;android.permission.NFC;android.permission.OVERRIDE_COMPAT_CHANGE_CONFIG_ON_RELEASE_BUILD;android.permission.PACKAGE_USAGE_STATS;android.permission.PACKAGE_VERIFICATION_AGENT;android.permission.POST_NOTIFICATIONS;android.permission.QUERY_ADVANCED_PROTECTION_MODE;android.permission.QUERY_ALL_PACKAGES;android.permission.READ_APP_BADGE;android.permission.READ_CONTACTS;android.permission.READ_DEVICE_CONFIG;android.permission.READ_EXTERNAL_STORAGE;android.permission.READ_PHONE_STATE;android.permission.READ_PRIVILEGED_PHONE_STATE;android.permission.READ_RUNTIME_PROFILES;android.permission.READ_SMS;android.permission.READ_SYSTEM_GRAMMATICAL_GENDER;android.permission.REAL_GET_TASKS;android.permission.REBOOT;android.permission.RECEIVE_BOOT_COMPLETED;android.permission.RECEIVE_SMS;android.permission.RECORD_AUDIO;android.permission.REVOKE_RUNTIME_PERMISSIONS;android.permission.SEND_DEVICE_CUSTOMIZATION_READY;android.permission.SEND_DOWNLOAD_COMPLETED_INTENTS;android.permission.SEND_SAFETY_CENTER_UPDATE;android.permission.SEND_SMS;android.permission.SEND_SMS_NO_CONFIRMATION;android.permission.SET_HARMFUL_APP_WARNINGS;android.permission.SET_PREFERRED_APPLICATIONS;android.permission.START_ACTIVITIES_FROM_BACKGROUND;android.permission.STATUS_BAR;android.permission.SUBSTITUTE_NOTIFICATION_APP_NAME;android.permission.UPDATE_DEVICE_STATS;android.permission.USE_BIOMETRIC;android.permission.USE_CREDENTIALS;android.permission.USE_FINGERPRINT;android.permission.VIBRATE;android.permission.WAKE_LOCK;android.permission.WRITE_DEVICE_CONFIG;android.permission.WRITE_EXTERNAL_STORAGE;android.permission.WRITE_SECURE_SETTINGS;android.permission.WRITE_SETTINGS;com.anddoes.launcher.permission.UPDATE_COUNT;com.android.chrome.permission.SHOW_COMPLIANCE_SCREEN;com.android.launcher.permission.INSTALL_SHORTCUT;com.android.permission.USE_INSTALLER_V2;com.android.vending.BIOAUTH_CONSENT;com.android.vending.DYNAMIC_RECEIVER_NOT_EXPORTED_PERMISSION;com.android.vending.INTENT_VENDING_ONLY;com.android.vending.TOS_ACKED;com.android.vending.billing.IN_APP_NOTIFY.permission.C2D_MESSAGE;com.android.vending.permission.C2D_MESSAGE;com.google.android.apps.play.games.lib.dekuloguploadservice.permission.UPLOAD_DEKU_LOGS;com.google.android.c2dm.permission.RECEIVE;com.google.android.engage.REQUEST_ENGAGE_DATA;com.google.android.finsky.permission.DEVELOPER_GROUP_ID_INFO;com.google.android.finsky.permission.DSE;com.google.android.finsky.permission.INSTANT_APP_STATE;com.google.android.finsky.permission.INTERNAL_BROADCAST;com.google.android.finsky.permission.PLAY_BILLING_LIBRARY_BROADCAST;com.google.android.gms.WRITE_VERIFY_APPS_CONSENT;com.google.android.gms.auth.permission.GOOGLE_ACCOUNT_CHANGE;com.google.android.gms.dck.permission.DIGITAL_KEY_IN_USE;com.google.android.gms.permission.AD_ID;com.google.android.gms.permission.AD_ID_NOTIFICATION;com.google.android.gms.permission.BIOAUTH_CONSENT;com.google.android.gms.permission.CAR;com.google.android.partnersetup.permission.WRITE_APP_PROVIDER;com.google.android.providers.gsf.permission.READ_GSERVICES;com.google.android.providers.gsf.permission.WRITE_GSERVICES;com.google.android.settings.setup.dock.RUN_DOCK_SETUP;com.google.android.setupwizard.READ_DEVICE_ORIGIN;com.google.android.setupwizard.READ_DEVICE_ORIGIN_FIRST_PARTY;com.google.android.setupwizard.SETUP_PROGRESS_SERVICE;com.htc.launcher.permission.READ_SETTINGS;com.htc.launcher.permission.UPDATE_SHORTCUT;com.huawei.android.launcher.permission.CHANGE_BADGE;com.huawei.android.launcher.permission.READ_SETTINGS;com.huawei.android.launcher.permission.WRITE_SETTINGS;com.majeur.launcher.permission.UPDATE_BADGE;com.oppo.launcher.permission.READ_SETTINGS;com.oppo.launcher.permission.WRITE_SETTINGS;com.sec.android.provider.badge.permission.READ;com.sec.android.provider.badge.permission.WRITE;com.sonyericsson.home.permission.BROADCAST_BADGE;com.sonymobile.home.permission.PROVIDER_INSERT_BADGE;org.chromium.arc.apkcacheprovider.permission.READ_CACHE;org.chromium.arc.apkcacheprovider.permission.WRITE_CACHE	?	
product/priv-app/PrivateComputeServices/PrivateComputeServices.apk	com.google.android.as.oss	1.0.release.836669443	119015	35	35	Private Compute Services		yes	android.permission.ACCESS_NETWORK_STATE;android.permission.INTERNET;android.permission.MANAGE_VIRTUAL_MACHINE;android.permission.READ_DEVICE_CONFIG;android.permission.READ_RESTRICTED_STATS;android.permission.READ_SYSTEM_GRAMMATICAL_GENDER;android.permission.RECEIVE_BOOT_COMPLETED;com.google.android.apps.aicore.service.BIND_SERVICE	?	
product/priv-app/SearchSelector/SearchSelector.apk	com.google.android.apps.setupwizard.searchselector	1.36.839559840	5141	31	36	Search Engine Selector		yes	android.permission.ACCESS_NETWORK_STATE;android.permission.CHANGE_WIFI_STATE;android.permission.FOREGROUND_SERVICE;android.permission.FOREGROUND_SERVICE_SPECIAL_USE;android.permission.GET_PACKAGE_SIZE;android.permission.INTERACT_ACROSS_USERS;android.permission.INTERNET;android.permission.MANAGE_USERS;android.permission.POST_NOTIFICATIONS;android.permission.RECEIVE_BOOT_COMPLETED;android.permission.START_FOREGROUND_SERVICES_FROM_BACKGROUND;android.permission.WRITE_SECURE_SETTINGS;com.google.android.finsky.permission.DSE;com.google.android.providers.gsf.permission.READ_GSERVICES;com.google.android.setupwizard.SETUP_COMPAT_SERVICE	?	
product/priv-app/SettingsIntelligence_MFV/SettingsIntelligence_MFV.apk	com.android.settings.intelligence	16.0.000.000.2604201703	160000	32	36	Settings Suggestions		yes	android.permission.ACCESS_NETWORK_STATE;android.permission.GET_PACKAGE_SIZE;android.permission.INTERNET;android.permission.MANAGE_FINGERPRINT;android.permission.MODIFY_PHONE_STATE;android.permission.QUERY_ALL_PACKAGES;android.permission.READ_DEVICE_CONFIG;android.permission.READ_PHONE_STATE;android.permission.READ_SEARCH_INDEXABLES;android.permission.RECEIVE_BOOT_COMPLETED;android.permission.RECORD_AUDIO;android.permission.SYSTEM_ALERT_WINDOW;android.permission.VIBRATE;android.permission.WRITE_SETTINGS;callsetting.permission.PRIVILEGED;com.android.settings.intelligence.DYNAMIC_RECEIVER_NOT_EXPORTED_PERMISSION;com.android.ztescreenshot.permission.SCREENSHOT;com.zte.cn.doubleapp.permission.ACTIVITY;com.zte.emode.permission.START_ENTERENCE;com.zte.faceverify.permission.START_ACTIVITY;com.zte.permission.zgesture;launchermfv.permission.SETTING;launchermfv.permission.SET_SUBSCRIPT;mfvkeyguard.permission.START_MFVKEYGUARD;mfvsettings.permission.FINGERPRINT;mfvsettings.permission.NAVIGATION;mfvsettings.permission.NFC_PAY_SETTINGS;mfvsettings.permission.SEARCH;theme.permission.LOCAL_RESOURCE;zte.permission.FINGERPRINT;zte.permission.LAUNCH_POWER_SAVER_ACTIVITY	?	
product/priv-app/Turbo/Turbo.apk	com.google.android.apps.turbo	1.27.0.800299854.android	10271581	31	35	Device Health Services		yes	android.permission.ACCESS_AMBIENT_LIGHT_STATS;android.permission.ACCESS_COARSE_LOCATION;android.permission.ACCESS_FINE_LOCATION;android.permission.ACCESS_NETWORK_STATE;android.permission.ACCESS_WIFI_STATE;android.permission.BATTERY_PREDICTION;android.permission.BATTERY_STATS;android.permission.BRIGHTNESS_SLIDER_USAGE;android.permission.CHANGE_APP_IDLE_STATE;android.permission.CHANGE_APP_LAUNCH_TIME_ESTIMATE;android.permission.CONFIGURE_DISPLAY_BRIGHTNESS;android.permission.GET_PACKAGE_SIZE;android.permission.INTERNET;android.permission.PACKAGE_USAGE_STATS;android.permission.POST_NOTIFICATIONS;android.permission.POWER_SAVER;android.permission.QUERY_ALL_PACKAGES;android.permission.READ_DEVICE_CONFIG;android.permission.RECEIVE_BOOT_COMPLETED;android.permission.SUBSTITUTE_NOTIFICATION_APP_NAME;android.permission.WAKE_LOCK;com.google.android.flipendo.SAVER_STATE_UPDATE;com.google.android.providers.gsf.permission.READ_GSERVICES	?	
product/priv-app/Velvet/Velvet.apk	com.google.android.googlequicksearchbox	17.8.62.ve.arm64	301705726	30	36	Google		yes	android.permission.ACCESS_ADSERVICES_AD_ID;android.permission.ACCESS_ADSERVICES_ATTRIBUTION;android.permission.ACCESS_BACKGROUND_LOCATION;android.permission.ACCESS_COARSE_LOCATION;android.permission.ACCESS_COMPUTER_CONTROL;android.permission.ACCESS_FINE_LOCATION;android.permission.ACCESS_NETWORK_STATE;android.permission.ACCESS_NOTIFICATION_POLICY;android.permission.ACCESS_WIFI_STATE;android.permission.ANSWER_PHONE_CALLS;android.permission.BIND_APPWIDGET;android.permission.BLUETOOTH;android.permission.BLUETOOTH_ADMIN;android.permission.BLUETOOTH_CONNECT;android.permission.BLUETOOTH_SCAN;android.permission.BROADCAST_STICKY;android.permission.CALL_PHONE;android.permission.CALL_PRIVILEGED;android.permission.CAMERA;android.permission.CAPTURE_AUDIO_HOTWORD;android.permission.CAPTURE_AUDIO_OUTPUT;android.permission.CAPTURE_MEDIA_OUTPUT;android.permission.CHANGE_NETWORK_STATE;android.permission.CHANGE_WIFI_MULTICAST_STATE;android.permission.CHANGE_WIFI_STATE;android.permission.CONTROL_INCALL_EXPERIENCE;android.permission.DETECT_SCREEN_CAPTURE;android.permission.DOWNLOAD_WITHOUT_NOTIFICATION;android.permission.ENTER_CAR_MODE_PRIORITIZED;android.permission.EXECUTE_APP_ACTION;android.permission.EXECUTE_APP_FUNCTIONS;android.permission.EXPAND_STATUS_BAR;android.permission.FLASHLIGHT;android.permission.FOREGROUND_SERVICE;android.permission.FOREGROUND_SERVICE_CAMERA;android.permission.FOREGROUND_SERVICE_CONNECTED_DEVICE;android.permission.FOREGROUND_SERVICE_DATA_SYNC;android.permission.FOREGROUND_SERVICE_MEDIA_PLAYBACK;android.permission.FOREGROUND_SERVICE_MEDIA_PROJECTION;android.permission.FOREGROUND_SERVICE_MICROPHONE;android.permission.GET_PACKAGE_SIZE;android.permission.GET_TASKS;android.permission.INTERACT_ACROSS_PROFILES;android.permission.INTERACT_ACROSS_USERS;android.permission.INTERNET;android.permission.MANAGE_ACCOUNTS;android.permission.MANAGE_ASSISTANT_AUDIO;android.permission.MANAGE_HOTWORD_DETECTION;android.permission.MANAGE_SOUND_TRIGGER;android.permission.MANAGE_USB;android.permission.MANAGE_VOICE_KEYPHRASES;android.permission.MEDIA_CONTENT_CONTROL;android.permission.MODIFY_AUDIO_ROUTING;android.permission.MODIFY_AUDIO_SETTINGS;android.permission.NEARBY_WIFI_DEVICES;android.permission.NFC;android.permission.PACKAGE_USAGE_STATS;android.permission.POST_NOTIFICATIONS;android.permission.POST_PROMOTED_NOTIFICATIONS;android.permission.QUERY_ALL_PACKAGES;android.permission.READ_ASSISTANT_APP_SEARCH_DATA;android.permission.READ_CALENDAR;android.permission.READ_CALL_LOG;android.permission.READ_CONTACTS;android.permission.READ_EXTERNAL_STORAGE;android.permission.READ_MEDIA_IMAGES;android.permission.READ_MEDIA_VIDEO;android.permission.READ_MEDIA_VISUAL_USER_SELECTED;android.permission.READ_PHONE_STATE;android.permission.READ_PROFILE;android.permission.READ_SMS;android.permission.READ_SYNC_SETTINGS;android.permission.REAL_GET_TASKS;android.permission.RECEIVE_BOOT_COMPLETED;android.permission.RECORD_AUDIO;android.permission.REORDER_TASKS;android.permission.SCHEDULE_EXACT_ALARM;android.permission.SEND_SMS;android.permission.SET_MEDIA_KEY_LISTENER;android.permission.SET_VOLUME_KEY_LONG_PRESS_LISTENER;android.permission.SET_WALLPAPER;android.permission.SET_WALLPAPER_HINTS;android.permission.SOUND_TRIGGER_RUN_IN_BATTERY_SAVER;android.permission.START_ACTIVITIES_FROM_BACKGROUND;android.permission.STOP_APP_SWITCHES;android.permission.SUBSCRIBE_TO_KEYGUARD_LOCKED_STATE;android.permission.SUBSTITUTE_SHARE_TARGET_APP_NAME_AND_ICON;android.permission.SYSTEM_ALERT_WINDOW;android.permission.SYSTEM_APPLICATION_OVERLAY;android.permission.USE_CREDENTIALS;android.permission.USE_FINGERPRINT;android.permission.VIBRATE;android.permission.WAKE_LOCK;android.permission.WRITE_APN_SETTINGS;android.permission.WRITE_CALENDAR;android.permission.WRITE_CONTACTS;android.permission.WRITE_EXTERNAL_STORAGE;android.permission.WRITE_SETTINGS;android.permission.WRITE_SMS;androidx.car.app.ACCESS_SURFACE;com.android.alarm.permission.SET_ALARM;com.android.browser.permission.PRELOAD;com.android.browser.permission.READ_HISTORY_BOOKMARKS;com.android.browser.permission.WRITE_HISTORY_BOOKMARKS;com.android.chrome.PRERENDER_URL;com.android.chrome.permission.TRANSLATE;com.android.launcher.permission.INSTALL_SHORTCUT;com.android.vending.BILLING;com.google.android.apps.aicore.service.BIND_SERVICE;com.google.android.apps.gmm.dev.permission.ASSISTANT_GRPC_SYNC;com.google.android.apps.gmm.dogfood.permission.ASSISTANT_GRPC_SYNC;com.google.android.apps.gmm.fishfood.permission.ASSISTANT_GRPC_SYNC;com.google.android.apps.gmm.permission.ASSISTANT_GRPC_SYNC;com.google.android.apps.gmm.qp.permission.ASSISTANT_GRPC_SYNC;com.google.android.apps.googlevoice.permission.AUTO_SEND;com.google.android.apps.gsa.nga.permissions.EDIT_PREFERENCES;com.google.android.apps.maps.permission.ASSISTANT_GRPC_SYNC;com.google.android.apps.maps.permission.PREFETCH;com.google.android.apps.maps.permission.TIMELINE_POST_VISIT_BADGE;com.google.android.c2dm.permission.RECEIVE;com.google.android.calendar.permission.SEND_REMOTE_METRICS;com.google.android.deskclock.permission.RECEIVE_ALERT_BROADCASTS;com.google.android.ears.permission.WRITE;com.google.android.finsky.permission.DSE;com.google.android.gm.permission.AUTO_SEND;com.google.android.gm.permission.READ_GMAIL;com.google.android.gms.permission.ACTIVITY_RECOGNITION;com.google.android.gms.permission.AD_ID;com.google.android.googleapps.permission.GOOGLE_AUTH;com.google.android.googleapps.permission.GOOGLE_AUTH.cp;com.google.android.googlequicksearchbox.DYNAMIC_RECEIVER_NOT_EXPORTED_PERMISSION;com.google.android.googlequicksearchbox.permission.C2D_MESSAGE;com.google.android.googlequicksearchbox.permission.FINISH_GEL_ACTIVITY;com.google.android.googlequicksearchbox.permission.PAUSE_HOTWORD;com.google.android.hangouts.START_HANGOUT;com.google.android.launcher.permission.CONTENT_REDIRECT;com.google.android.launcher.permission.READ_SETTINGS;com.google.android.launcher.permission.RECEIVE_FIRST_LOAD_BROADCAST;com.google.android.launcher.permission.RECEIVE_LAUNCH_BROADCASTS;com.google.android.launcher.permission.WRITE_SETTINGS;com.google.android.libraries.search.account.ACCOUNT_SWITCH_PERMISSION;com.google.android.providers.gsf.permission.READ_GSERVICES;com.google.android.providers.settings.permission.READ_GSETTINGS;com.google.android.providers.settings.permission.WRITE_GSETTINGS;com.google.android.setupwizard.SETUP_COMPAT_SERVICE;com.google.android.voicesearch.ACCESS_SETTINGS;com.google.android.voicesearch.AUDIO_FILE_ACCESS;com.google.android.voicesearch.SHORTCUTS_ACCESS;com.google.googlenav.friend.permission.OPT_IN;com.samsung.android.app.tips.permission.USE_INTENT_SERVICE	?	
product/priv-app/Wellbeing/Wellbeing.apk	com.google.android.apps.wellbeing	1.36.834316632 (787857)	787857	28	36	Digital Wellbeing		yes	android.permission.ACCESS_AMBIENT_CONTEXT_EVENT;android.permission.ACCESS_BACKGROUND_LOCATION;android.permission.ACCESS_COARSE_LOCATION;android.permission.ACCESS_FINE_LOCATION;android.permission.ACCESS_INSTANT_APPS;android.permission.ACCESS_NETWORK_STATE;android.permission.ACCESS_NOTIFICATION_POLICY;android.permission.ACTIVITY_RECOGNITION;android.permission.CONTROL_DISPLAY_COLOR_TRANSFORMS;android.permission.CONTROL_DISPLAY_SATURATION;android.permission.FOREGROUND_SERVICE;android.permission.GET_PACKAGE_SIZE;android.permission.INTERACT_ACROSS_PROFILES;android.permission.INTERNET;android.permission.LAUNCH_MULTI_PANE_SETTINGS_DEEP_LINK;android.permission.MODIFY_DAY_NIGHT_MODE;android.permission.MODIFY_PHONE_STATE;android.permission.MODIFY_QUIET_MODE;android.permission.OBSERVE_APP_USAGE;android.permission.PACKAGE_USAGE_STATS;android.permission.POST_NOTIFICATIONS;android.permission.QUERY_ALL_PACKAGES;android.permission.QUERY_USERS;android.permission.READ_DREAM_STATE;android.permission.READ_EXTERNAL_STORAGE;android.permission.READ_SYSTEM_GRAMMATICAL_GENDER;android.permission.READ_WALLPAPER_INTERNAL;android.permission.REAL_GET_TASKS;android.permission.REBOOT;android.permission.RECEIVE_BOOT_COMPLETED;android.permission.SCHEDULE_EXACT_ALARM;android.permission.SET_WALLPAPER;android.permission.SET_WALLPAPER_COMPONENT;android.permission.SET_WALLPAPER_DIM_AMOUNT;android.permission.START_ACTIVITIES_FROM_BACKGROUND;android.permission.START_CROSS_PROFILE_ACTIVITIES;android.permission.START_TASKS_FROM_RECENTS;android.permission.SUBSTITUTE_NOTIFICATION_APP_NAME;android.permission.SUSPEND_APPS;android.permission.SYSTEM_ALERT_WINDOW;android.permission.SYSTEM_APPLICATION_OVERLAY;android.permission.USE_BIOMETRIC;android.permission.VIBRATE;android.permission.WAKE_LOCK;android.permission.WRITE_DREAM_STATE;android.permission.WRITE_EXTERNAL_STORAGE;android.permission.WRITE_SECURE_SETTINGS;com.google.android.apps.nest.DOCK_MANAGER_SERVICE;com.google.android.deskclock.permission.RECEIVE_ALERT_BROADCASTS;com.google.android.gms.permission.ACTIVITY_RECOGNITION;com.google.android.providers.gsf.permission.READ_GSERVICES	?	
system/system/app/AfterSaleCalibrationTool_arcsoft/AfterSaleCalibrationTool_arcsoft.apk	com.westalgo.aftersalecamera	16	36	36	36	AftersaleCalibrationTool		no	android.permission.CAMERA;android.permission.CONTROL_INCALL_EXPERIENCE;android.permission.INTERACT_ACROSS_USERS;android.permission.INTERACT_ACROSS_USERS_FULL;android.permission.MANAGE_USERS;android.permission.READ_EXTERNAL_STORAGE;android.permission.WRITE_EXTERNAL_STORAGE	?	
system/system/app/BasicDreams/BasicDreams.apk	com.android.dreams.basic	16	36	36	36	Basic Daydreams		no		?	
system/system/app/BluetoothMidiService/BluetoothMidiService.apk	com.android.bluetoothmidiservice	16	36	36	36	Bluetooth MIDI Service		no	android.permission.BLUETOOTH;android.permission.BLUETOOTH_ADMIN;android.permission.BLUETOOTH_ADVERTISE;android.permission.BLUETOOTH_CONNECT;android.permission.BLUETOOTH_SCAN	?	
system/system/app/BookmarkProvider/BookmarkProvider.apk	com.android.bookmarkprovider	16	36	36	36	Bookmark Provider		no		?	
system/system/app/CameraExtensionsProxy/CameraExtensionsProxy.apk	com.android.cameraextensions	16	36	36	36	CameraExtensionsProxy		no		?	
system/system/app/CaptivePortalLoginGoogle/CaptivePortalLoginGoogle-hdpi.apk	?	?	?	?	?			no	android.permission.READ_EXTERNAL_STORAGE;android.permission.READ_PHONE_STATE;android.permission.WRITE_EXTERNAL_STORAGE	?	
system/system/app/CaptivePortalLoginGoogle/CaptivePortalLoginGoogle-ldpi.apk	?	?	?	?	?			no	android.permission.READ_EXTERNAL_STORAGE;android.permission.READ_PHONE_STATE;android.permission.WRITE_EXTERNAL_STORAGE	?	
system/system/app/CaptivePortalLoginGoogle/CaptivePortalLoginGoogle-mdpi.apk	?	?	?	?	?			no	android.permission.READ_EXTERNAL_STORAGE;android.permission.READ_PHONE_STATE;android.permission.WRITE_EXTERNAL_STORAGE	?	
system/system/app/CaptivePortalLoginGoogle/CaptivePortalLoginGoogle-tvdpi.apk	?	?	?	?	?			no	android.permission.READ_EXTERNAL_STORAGE;android.permission.READ_PHONE_STATE;android.permission.WRITE_EXTERNAL_STORAGE	?	
system/system/app/CaptivePortalLoginGoogle/CaptivePortalLoginGoogle-xhdpi.apk	?	?	?	?	?			no	android.permission.READ_EXTERNAL_STORAGE;android.permission.READ_PHONE_STATE;android.permission.WRITE_EXTERNAL_STORAGE	?	
system/system/app/CaptivePortalLoginGoogle/CaptivePortalLoginGoogle-xxhdpi.apk	?	?	?	?	?			no	android.permission.READ_EXTERNAL_STORAGE;android.permission.READ_PHONE_STATE;android.permission.WRITE_EXTERNAL_STORAGE	?	
system/system/app/CaptivePortalLoginGoogle/CaptivePortalLoginGoogle-xxxhdpi.apk	?	?	?	?	?			no	android.permission.READ_EXTERNAL_STORAGE;android.permission.READ_PHONE_STATE;android.permission.WRITE_EXTERNAL_STORAGE	?	
system/system/app/CaptivePortalLoginGoogle/CaptivePortalLoginGoogle.apk	com.google.android.captiveportallogin	16	360526000	30	36	Captive Portal Login		no	android.permission.ACCESS_FINE_LOCATION;android.permission.ACCESS_NETWORK_STATE;android.permission.ACCESS_WIFI_STATE;android.permission.FOREGROUND_SERVICE;android.permission.FOREGROUND_SERVICE_DATA_SYNC;android.permission.INTERNET;android.permission.MAINLINE_NETWORK_STACK;android.permission.POST_NOTIFICATIONS;android.permission.READ_DEVICE_CONFIG;android.permission.REQUEST_INSTALL_PACKAGES;com.android.captiveportallogin.DYNAMIC_RECEIVER_NOT_EXPORTED_PERMISSION	?	
system/system/app/CarrierDefaultApp/CarrierDefaultApp.apk	com.android.carrierdefaultapp	16	36	36	36	Carrier Communications		no	android.permission.ACCESS_NETWORK_STATE;android.permission.CONNECTIVITY_INTERNAL;android.permission.CONNECTIVITY_USE_RESTRICTED_NETWORKS;android.permission.INTERACT_ACROSS_USERS;android.permission.INTERNET;android.permission.MODIFY_PHONE_STATE;android.permission.NETWORK_BYPASS_PRIVATE_DNS;android.permission.POST_NOTIFICATIONS;android.permission.READ_PRIVILEGED_PHONE_STATE;android.permission.SUBSTITUTE_NOTIFICATION_APP_NAME	?	
system/system/app/CertInstaller/CertInstaller.apk	com.android.certinstaller	16	36	36	36	Certificate Installer		no	android.permission.ACCESS_ALL_DOWNLOADS;android.permission.ACCESS_WIFI_STATE;android.permission.CHANGE_WIFI_STATE;android.permission.HIDE_NON_SYSTEM_OVERLAY_WINDOWS;android.permission.MANAGE_USERS	?	
system/system/app/ColorFulLight/ColorFulLight.apk	cn.nubia.colorfullight	16.1.000.2604201707	160000	30	36	Light Strip Setting		no	android.permission.ACCESS_NETWORK_STATE;android.permission.ACCESS_WIFI_STATE;android.permission.INTERNAL_SYSTEM_WINDOW;android.permission.INTERNET;android.permission.MANAGE_APP_TOKENS;android.permission.MANAGE_EXTERNAL_STORAGE;android.permission.MODIFY_AUDIO_ROUTING;android.permission.MOUNT_UNMOUNT_FILESYSTEMS;android.permission.QUERY_ALL_PACKAGES;android.permission.READ_EXTERNAL_STORAGE;android.permission.READ_PHONE_STATE;android.permission.RECEIVE_BOOT_COMPLETED;android.permission.SYSTEM_ALERT_WINDOW;android.permission.VIBRATE;android.permission.WRITE_EXTERNAL_STORAGE;android.permission.WRITE_MEDIA_STORAGE;android.permission.WRITE_SECURE_SETTINGS;android.permission.WRITE_SETTINGS;cn.nubia.colorfullight.DYNAMIC_RECEIVER_NOT_EXPORTED_PERMISSION;cn.nubia.permission.BIND_DATA_COLLECTION	?	
system/system/app/CompanionDeviceManager/CompanionDeviceManager.apk	com.android.companiondevicemanager	16	36	36	36	Companion Device Manager		no	android.permission.ACCESS_BACKGROUND_LOCATION;android.permission.ACCESS_FINE_LOCATION;android.permission.ACCESS_WIFI_STATE;android.permission.BLUETOOTH;android.permission.BLUETOOTH_ADMIN;android.permission.BLUETOOTH_ADVERTISE;android.permission.BLUETOOTH_CONNECT;android.permission.BLUETOOTH_SCAN;android.permission.CHANGE_WIFI_STATE;android.permission.HIDE_NON_SYSTEM_OVERLAY_WINDOWS;android.permission.INTERACT_ACROSS_USERS;android.permission.QUERY_ALL_PACKAGES;android.permission.RADIO_SCAN_WITHOUT_LOCATION;com.android.companiondevicemanager.DYNAMIC_RECEIVER_NOT_EXPORTED_PERMISSION	?	
system/system/app/DtsUltraMagic_MFV/DtsUltraMagic_MFV.apk	com.dts.dtsxultra	16.0.000.000.2604171700	160000	30	36	DTS sound		no	android.permission.BIND_QUICK_SETTINGS_TILE;android.permission.BLUETOOTH;android.permission.BLUETOOTH_CONNECT;android.permission.FOREGROUND_SERVICE;android.permission.FOREGROUND_SERVICE_MEDIA_PLAYBACK;android.permission.INTERNAL_SYSTEM_WINDOW;android.permission.MODIFY_AUDIO_SETTINGS;android.permission.READ_PHONE_STATE;android.permission.RECEIVE_BOOT_COMPLETED;android.permission.SYSTEM_ALERT_WINDOW;android.permission.SYSTEM_OVERLAY_WINDOW;android.permission.VIBRATE;android.permission.WRITE_SECURE_SETTINGS;android.permission.WRITE_SETTINGS;com.dts.permission.DTS_EFFECT;zte.permission.BIND_DATA_COLLECTION	?	
system/system/app/EMode/EMode.apk	com.zte.emode	16	36	36	36	Emode		no	android.permission.ACCESS_COARSE_LOCATION;android.permission.ACCESS_LOCATION_EXTRA_COMMANDS;android.permission.BLUETOOTH;android.permission.BLUETOOTH_ADMIN;android.permission.CALL_PRIVILEGED;android.permission.CHANGE_WIFI_STATE;android.permission.CONTROL_INCALL_EXPERIENCE;android.permission.FORCE_STOP_PACKAGES;android.permission.INTERACT_ACROSS_USERS;android.permission.INTERACT_ACROSS_USERS_FULL;android.permission.MANAGE_FINGERPRINT;android.permission.MANAGE_USERS;android.permission.MODEMSERVICE;android.permission.MODIFY_SMS_CENTER_ADDRESS;android.permission.MOUNT_UNMOUNT_FILESYSTEMS;android.permission.POST_NOTIFICATIONS;android.permission.READ_EFS;android.permission.READ_PHONE_STATE;android.permission.READ_PRIVILEGED_PHONE_STATE;android.permission.READ_SIMLOCKINFO;android.permission.REBOOT;android.permission.RECEIVE_BOOT_COMPLETED;android.permission.SHUTDOWN;android.permission.SYSTEM_ALERT_WINDOW;android.permission.USE_FINGERPRINT;android.permission.VIBRATE;android.permission.WAKE_LOCK;android.permission.WRITE_EFS;android.permission.WRITE_SECURE_SETTINGS;com.zte.emode.permission.EMODE_SERVICE;com.zte.emode.permission.ENGINEER_RECEIVER;com.zte.emode.permission.PHONE_INTERFACE;com.zte.emode.permission.START_ENTERENCE;com.zte.permission.MODIFY_PHONE_STATE_AND_REBOOT	?	
system/system/app/EasterEgg/EasterEgg.apk	com.android.egg	1.0	12	36	36	Android Easter Egg		no	android.permission.BIND_CONTROLS;android.permission.POST_NOTIFICATIONS;android.permission.READ_EXTERNAL_STORAGE;android.permission.SUBSTITUTE_NOTIFICATION_APP_NAME;android.permission.WRITE_EXTERNAL_STORAGE;android.permission.WRITE_SETTINGS;com.android.egg.DYNAMIC_RECEIVER_NOT_EXPORTED_PERMISSION	?	
system/system/app/GameAssist/GameAssist.apk	cn.nubia.gameassist	16.5.000.2604201848	16250908	33	36	Game Helper		no	android.permission.ACCESS_NETWORK_STATE;android.permission.ACCESS_SHORTCUTS;android.permission.ACCESS_WIFI_STATE;android.permission.BLUETOOTH;android.permission.BLUETOOTH_ADMIN;android.permission.BLUETOOTH_CONNECT;android.permission.BROADCAST_CLOSE_SYSTEM_DIALOGS;android.permission.CHANGE_WIFI_STATE;android.permission.CONTROL_DISPLAY_BRIGHTNESS;android.permission.DELETE_PACKAGES;android.permission.DEVICE_POWER;android.permission.EXPAND_STATUS_BAR;android.permission.FOREGROUND_SERVICE;android.permission.INJECT_EVENTS;android.permission.INTERACT_ACROSS_USERS_FULL;android.permission.INTERNAL_SYSTEM_WINDOW;android.permission.INTERNET;android.permission.MANAGE_ACTIVITY_STACKS;android.permission.MANAGE_EXTERNAL_STORAGE;android.permission.MANAGE_NOTIFICATION_LISTENERS;android.permission.MANAGE_PROFILE_AND_DEVICE_OWNERS;android.permission.MANAGE_USERS;android.permission.MODIFY_AUDIO_SETTINGS;android.permission.MONITOR_INPUT;android.permission.POST_NOTIFICATIONS;android.permission.QUERY_ALL_PACKAGES;android.permission.READ_DEVICE_CONFIG;android.permission.READ_EXTERNAL_STORAGE;android.permission.READ_FRAME_BUFFER;android.permission.READ_PHONE_STATE;android.permission.READ_PRIVILEGED_PHONE_STATE;android.permission.REAL_GET_TASKS;android.permission.RECEIVE_BOOT_COMPLETED;android.permission.RECORD_AUDIO;android.permission.SCHEDULE_EXACT_ALARM;android.permission.SET_POINTER_SPEED;android.permission.SET_TIME;android.permission.STATUS_BAR;android.permission.STATUS_BAR_SERVICE;android.permission.SUBSTITUTE_NOTIFICATION_APP_NAME;android.permission.SYSTEM_ALERT_WINDOW;android.permission.SYSTEM_OVERLAY_WINDOW;android.permission.USE_EXACT_ALARM;android.permission.USE_FULL_SCREEN_INTENT;android.permission.VIBRATE;android.permission.WAKE_LOCK;android.permission.WRITE_SECURE_SETTINGS;android.permission.WRITE_SETTINGS;android.permission._SECURE_SETTINGS;cn.nubia.bluetooth.check_handle;cn.nubia.game.event.permission.GAME_EVENT_RECEIVER;cn.nubia.gameassist.DYNAMIC_RECEIVER_NOT_EXPORTED_PERMISSION;cn.nubia.gamelab.permission.gameocr;cn.nubia.neostore.downloadService;cn.nubia.permission.BIND_DATA_COLLECTION;cn.nubia.permission.PROCESS_MANAGER;com.android.launcher.permission.INSTALL_SHORTCUT;com.android.launcher.permission.READ_SETTINGS;com.android.launcher.permission.UNINSTALL_SHORTCUT;com.android.launcher2.permission.READ_SETTINGS;com.android.launcher3.permission.READ_SETTINGS;com.android.ztescreenshot.permission.SCREENSHOT;com.tencent.inlab.tcsystem.permission.SOLARCORE;com.tencent.inlab.tcsystem.permission.SOLARCORE_RECEIVER;com.zte.gameassist.permission.GAMEREMINDER;launchermfv.permission.DYNAMIC_SHOW_HIDDEN_APPS;mfvsettings.permission.SEARCH;org.codeaurora.permission.POWER_OFF_ALARM;zte.permission.BIND_DATA_COLLECTION;zte.permission.LAUNCH_POWER_SAVER_ACTIVITY	?	
system/system/app/GameCardAssist/GameCardAssist.apk	com.zte.gamecardassist	160.00.00.2604140906	160000	28	36	Card Draw Assist		no	android.permission.INTERNAL_SYSTEM_WINDOW;android.permission.SYSTEM_ALERT_WINDOW;android.permission.VIBRATE;android.permission.WRITE_SECURE_SETTINGS	?	
system/system/app/GameFloatWindow/GameFloatWindow.apk	cn.zte.gamefloat	15.5.000.000.2605160231	155000	33	36	Game Float		no	android.permission.ACCESS_NETWORK_STATE;android.permission.ACCESS_WIFI_STATE;android.permission.BLUETOOTH;android.permission.BLUETOOTH_CONNECT;android.permission.CAPTURE_BLACKOUT_CONTENT;android.permission.FOREGROUND_SERVICE;android.permission.FOREGROUND_SERVICE_MEDIA_PLAYBACK;android.permission.FOREGROUND_SERVICE_SPECIAL_USE;android.permission.INTERNAL_SYSTEM_WINDOW;android.permission.INTERNET;android.permission.MANAGE_ACTIVITY_STACKS;android.permission.MODIFY_AUDIO_SETTINGS;android.permission.MONITOR_INPUT;android.permission.READ_EXTERNAL_STORAGE;android.permission.READ_FRAME_BUFFER;android.permission.READ_PHONE_STATE;android.permission.REAL_GET_TASKS;android.permission.RECEIVE_BOOT_COMPLETED;android.permission.RECORD_AUDIO;android.permission.SYSTEM_ALERT_WINDOW;android.permission.SYSTEM_OVERLAY_WINDOW;android.permission.VIBRATE;android.permission.WRITE_EXTERNAL_STORAGE;android.permission.WRITE_SECURE_SETTINGS;android.permission.WRITE_SETTINGS;cn.nubia.permission.BIND_DATA_COLLECTION;cn.nubia.soundeffect.READ_EQULIZER_SETTINGS;cn.zte.gamefloat.DYNAMIC_RECEIVER_NOT_EXPORTED_PERMISSION;cn.zte.gamefloat.permission.READ_EQUALIZER;com.dts.permission.DTS_EFFECT;nubia.permission.arkbase.DATA_COLLECTION;nubia.permission.arkbase.USAGE_TIME;zte.permission.BIND_DATA_COLLECTION	?	
system/system/app/GameHelperLine/GameHelperLine.apk	cn.nubia.gamehelperline	16.0.000.000.2604140905	160000	29	36	Auxiliary Line		no	android.permission.CAPTURE_BLACKOUT_CONTENT;android.permission.FOREGROUND_SERVICE;android.permission.FOREGROUND_SERVICE_SPECIAL_USE;android.permission.INTERNAL_SYSTEM_WINDOW;android.permission.MANAGE_ACTIVITY_STACKS;android.permission.MONITOR_INPUT;android.permission.READ_FRAME_BUFFER;android.permission.REAL_GET_TASKS;android.permission.START_FOREGROUND_SERVICES_FROM_BACKGROUND;android.permission.SYSTEM_ALERT_WINDOW;android.permission.SYSTEM_OVERLAY_WINDOW;android.permission.WRITE_SECURE_SETTINGS;android.permission.WRITE_SETTINGS;android.permission._SECURE_SETTINGS;cn.nubia.permission.BIND_DATA_COLLECTION;zte.permission.BIND_DATA_COLLECTION	?	
system/system/app/GamePluginTrigger/GamePluginTrigger.apk	com.zte.game.plugintrigger	160.00.00.2604162030	16000	30	36	AI Trigger		no	android.permission.CAPTURE_BLACKOUT_CONTENT;android.permission.INJECT_EVENTS;android.permission.INTERNAL_SYSTEM_WINDOW;android.permission.MANAGE_ACTIVITY_STACKS;android.permission.MANAGE_EXTERNAL_STORAGE;android.permission.QUERY_ALL_PACKAGES;android.permission.READ_FRAME_BUFFER;android.permission.READ_MEDIA_IMAGES;android.permission.REAL_GET_TASKS;android.permission.SYSTEM_ALERT_WINDOW;android.permission.VIBRATE;android.permission.WRITE_SECURE_SETTINGS;com.android.ztescreenshot.permission.SCREENSHOT;com.zte.game.plugintrigger.permission.FILE_PROVIDER;zte.permission.BIND_DATA_COLLECTION	?	
system/system/app/GoogleExtShared/GoogleExtShared.apk	com.google.android.ext.shared	1	1	36	36	Android Shared Library		no		?	
system/system/app/GooglePrintRecommendationService/GooglePrintRecommendationService.apk	com.google.android.printservice.recommendation	1.3.0	4	36	36	Print Service Recommendation Service		no	android.permission.CHANGE_WIFI_MULTICAST_STATE;android.permission.INTERNET;com.android.printservice.recommendation.DYNAMIC_RECEIVER_NOT_EXPORTED_PERMISSION	?	
system/system/app/GoogleWallet/GoogleWallet.apk	com.google.android.apps.walletnfcrel	25.31.791869140	932849454	28	35	Google Wallet		no	android.permission.ACCESS_BACKGROUND_LOCATION;android.permission.ACCESS_COARSE_LOCATION;android.permission.ACCESS_FINE_LOCATION;android.permission.ACCESS_NETWORK_STATE;android.permission.ACCESS_WIFI_STATE;android.permission.BLUETOOTH_CONNECT;android.permission.CAMERA;android.permission.FOREGROUND_SERVICE;android.permission.FOREGROUND_SERVICE_DATA_SYNC;android.permission.FOREGROUND_SERVICE_LOCATION;android.permission.GET_ACCOUNTS;android.permission.GET_PACKAGE_SIZE;android.permission.INTERNET;android.permission.NFC;android.permission.NFC_TRANSACTION_EVENT;android.permission.POST_NOTIFICATIONS;android.permission.POST_PROMOTED_NOTIFICATIONS;android.permission.READ_CONTACTS;android.permission.READ_EXTERNAL_STORAGE;android.permission.READ_MEDIA_IMAGES;android.permission.READ_MEDIA_VISUAL_USER_SELECTED;android.permission.READ_PHONE_STATE;android.permission.RECEIVE_BOOT_COMPLETED;android.permission.USE_BIOMETRIC;android.permission.USE_FINGERPRINT;android.permission.VIBRATE;android.permission.WAKE_LOCK;android.permission.WRITE_EXTERNAL_STORAGE;com.felicanetworks.mfc.permission.MFC_ACCESS;com.google.android.apps.walletnfcrel.permission.C2D_MESSAGE;com.google.android.c2dm.permission.RECEIVE;com.google.android.finsky.permission.BIND_GET_INSTALL_REFERRER_SERVICE;com.google.android.gms.permission.AD_ID;com.google.android.providers.gsf.permission.READ_GSERVICES	?	
system/system/app/HTMLViewer_MFV/HTMLViewer_MFV.apk	com.android.htmlviewer	16.0.000.000.2604201704	160000	32	36	HTML Viewer		no	android.permission.VIBRATE;com.android.htmlviewer.DYNAMIC_RECEIVER_NOT_EXPORTED_PERMISSION	?	
system/system/app/KeyChain/KeyChain.apk	com.android.keychain	16	36	36	36	Key Chain		no	android.permission.HIDE_NON_SYSTEM_OVERLAY_WINDOWS;android.permission.READ_LOGS;com.android.keychain.DYNAMIC_RECEIVER_NOT_EXPORTED_PERMISSION	?	
system/system/app/LauncherResource_MyOSAbroad/LauncherResource_MyOSAbroad.apk	com.zte.mifavor.launcher.resource	16.0.000.000.2604201754	160000	33	36	Launcher Resource		no		?	
system/system/app/LinkSpeedup/LinkSpeedup.apk	com.zte.linkspeedup	16	36	36	36	LinkSpeedup		no	android.permission.ACCESS_NETWORK_STATE;android.permission.ACCESS_WIFI_STATE;android.permission.CHANGE_NETWORK_STATE;android.permission.CONNECTIVITY_INTERNAL;android.permission.INTERNET;android.permission.MAINLINE_NETWORK_STACK;android.permission.RECEIVE_BOOT_COMPLETED;zte.permission.LINK_BOOST_RECEIVER;zte.permission.LINK_BOOST_SENDER	?	
system/system/app/LiveWallpaper_Axon_1080_2400_ne1b1b2c1_rm14a1b5b6b7_m14k12_m13k123_rm12e1234/LiveWallpaper_Axon_1080_2400_ne1b1b2c1_rm14a1b5b6b7_m14k12_m13k123_rm12e1234.apk	com.zte.livewallpaper	16.0.000.000.2604161543	160000	33	36	zteLiveWallpaper		no	android.permission.MANAGE_EXTERNAL_STORAGE;android.permission.QUERY_ALL_PACKAGES;android.permission.READ_EXTERNAL_STORAGE;android.permission.SET_WALLPAPER;android.permission.VIBRATE;android.permission.WRITE_EXTERNAL_STORAGE;com.zte.theme.permission.fileprovider;theme.permission.receivechange	?	
system/system/app/NBBrowser_EEA/NBBrowser_EEA.apk	com.zte.nubrowser	V1.3.0.2024111418-eu	21178	21	34	Browser		no	android.permission.ACCESS_ADSERVICES_AD_ID;android.permission.ACCESS_ADSERVICES_ATTRIBUTION;android.permission.ACCESS_ADSERVICES_TOPICS;android.permission.ACCESS_COARSE_LOCATION;android.permission.ACCESS_DOWNLOAD_MANAGER;android.permission.ACCESS_NETWORK_STATE;android.permission.ACCESS_WIFI_STATE;android.permission.CAMERA;android.permission.CHANGE_CONFIGURATION;android.permission.CHANGE_NETWORK_STATE;android.permission.CHANGE_WIFI_STATE;android.permission.FOREGROUND_SERVICE;android.permission.FOREGROUND_SERVICE_DATA_SYNC;android.permission.INTERNET;android.permission.MODIFY_AUDIO_SETTINGS;android.permission.NFC;android.permission.POST_NOTIFICATIONS;android.permission.READ_EXTERNAL_STORAGE;android.permission.READ_MEDIA_AUDIO;android.permission.READ_MEDIA_IMAGES;android.permission.READ_MEDIA_VIDEO;android.permission.RECEIVE_BOOT_COMPLETED;android.permission.RECORD_AUDIO;android.permission.SEND_DOWNLOAD_COMPLETED_INTENTS;android.permission.SYSTEM_ALERT_WINDOW;android.permission.SYSTEM_OVERLAY_WINDOW;android.permission.WAKE_LOCK;android.permission.WRITE_EXTERNAL_STORAGE;com.android.browser.permission.READ_HISTORY_BOOKMARKS;com.android.browser.permission.WRITE_HISTORY_BOOKMARKS;com.android.launcher.permission.INSTALL_SHORTCUT;com.google.android.c2dm.permission.RECEIVE;com.google.android.finsky.permission.BIND_GET_INSTALL_REFERRER_SERVICE;com.google.android.gms.permission.AD_ID;com.zte.nubrowser.DYNAMIC_RECEIVER_NOT_EXPORTED_PERMISSION;com.zte.nubrowser.permission.COMMUNICATION;com.zte.nubrowser.permission.INITIALIZE_DATABASE;com.zte.nubrowser.permission.READ_HOMEPAGE;com.zte.nubrowser.permission.WRITE_HOMEPAGE;zte.com.cn.filer.permission.START_ACTIVITY	?	
system/system/app/NBHighLights_RedMagic/NBHighLights_RedMagic.apk	cn.nubia.gamehighlights	160.00.000.2604171714	216000000	33	36	Red Magic Moment		no	android.permission.CAPTURE_AUDIO_OUTPUT;android.permission.CAPTURE_VIDEO_OUTPUT;android.permission.DISABLE_KEYGUARD;android.permission.FOREGROUND_SERVICE;android.permission.FOREGROUND_SERVICE_DATA_SYNC;android.permission.FOREGROUND_SERVICE_MEDIA_PROJECTION;android.permission.MANAGE_EXTERNAL_STORAGE;android.permission.MOUNT_UNMOUNT_FILESYSTEMS;android.permission.QUERY_ALL_PACKAGES;android.permission.READ_FRAME_BUFFER;android.permission.REAL_GET_TASKS;android.permission.RECORD_AUDIO;android.permission.SYSTEM_ALERT_WINDOW;android.permission.UNLIMITED_TOASTS;android.permission.WRITE_SECURE_SETTINGS;cn.nubia.permission.BIND_DATA_COLLECTION;nubia.permission.arkbase.DATA_COLLECTION;zte.permission.BIND_DATA_COLLECTION	?	
system/system/app/NBMagicElvesBroadcast/NBMagicElvesBroadcast.apk	cn.nubia.magicelvesbroadcast	160.00.00.2604171838	1	26	35	Mora companion		no	android.permission.CHANGE_CONFIGURATION;android.permission.FOREGROUND_SERVICE;android.permission.FOREGROUND_SERVICE_MEDIA_PLAYBACK;android.permission.INTERACT_ACROSS_USERS;android.permission.MANAGE_EXTERNAL_STORAGE;android.permission.QUERY_ALL_PACKAGES;android.permission.READ_EXTERNAL_STORAGE;android.permission.RECEIVE_BOOT_COMPLETED;android.permission.RECORD_AUDIO;android.permission.REQUEST_INSTALL_PACKAGES;android.permission.SYSTEM_ALERT_WINDOW;android.permission.SYSTEM_OVERLAY_WINDOW;android.permission.VIBRATE;android.permission.WRITE_SECURE_SETTINGS;android.permission.WRITE_SETTINGS;cn.nubia.permission.BIND_DATA_COLLECTION;nubia.permission.POWERSAVING_MODE;zte.permission.BIND_DATA_COLLECTION	?	
system/system/app/NubiaGameHelperModule/NubiaGameHelperModule.apk	cn.nubia.gamehelpmodule	155.00.00.2604151638	3	30	36	Macro		no	android.permission.CAPTURE_BLACKOUT_CONTENT;android.permission.FOREGROUND_SERVICE;android.permission.INTERNAL_SYSTEM_WINDOW;android.permission.MANAGE_ACTIVITY_STACKS;android.permission.READ_FRAME_BUFFER;android.permission.REAL_GET_TASKS;android.permission.SYSTEM_ALERT_WINDOW;android.permission.WRITE_SECURE_SETTINGS;android.permission.WRITE_SETTINGS;cn.nubia.permission.BIND_DATA_COLLECTION;zte.permission.BIND_DATA_COLLECTION	?	
system/system/app/NubiaGameLab_MFV/NubiaGameLab_MFV.apk	cn.nubia.gamelab	160.00.000.2604181734	214500000	30	35	GameLab		no	android.permission.INTERACT_ACROSS_USERS;android.permission.MANAGE_EXTERNAL_STORAGE;android.permission.MOUNT_UNMOUNT_FILESYSTEMS;android.permission.QUERY_ALL_PACKAGES;android.permission.READ_FRAME_BUFFER;android.permission.WRITE_SECURE_SETTINGS;com.zte.game.plugintrigger.permission.FILE_PROVIDER;nubia.permission.arkbase.DATA_COLLECTION	?	
system/system/app/NubiaGameNotes/NubiaGameNotes.apk	cn.nubia.gamenotes	160.00.00.2604150941	16000	30	35	Game shorthand		no	android.permission.ACCESS_NETWORK_STATE;android.permission.ACCESS_WIFI_STATE;android.permission.CHANGE_NETWORK_STATE;android.permission.CONNECTIVITY_INTERNAL;android.permission.GET_ACCOUNTS;android.permission.GET_ACCOUNTS_PRIVILEGED;android.permission.GET_TASKS;android.permission.INTERNAL_SYSTEM_WINDOW;android.permission.INTERNET;android.permission.MANAGE_EXTERNAL_STORAGE;android.permission.QUERY_ALL_PACKAGES;android.permission.READ_MEDIA_IMAGES;android.permission.REAL_GET_TASKS;android.permission.REORDER_TASKS;android.permission.SYSTEM_ALERT_WINDOW;android.permission.VIBRATE;android.permission.WRITE_SECURE_SETTINGS;cn.nubia.gamenotes.DYNAMIC_RECEIVER_NOT_EXPORTED_PERMISSION;cn.nubia.gamepad.permission.READ_PERMISSION;cn.nubia.localkeymouse.permission.FILE_PROVIDER;cn.nubia.localkeymouse.permission.LKM_PROVIDER;cn.nubia.permission.BIND_DATA_COLLECTION;cn.nubia.tgk.permission.FILE_PROVIDER;cn.zte.gamefloat.permission.READ_EQUALIZER;com.android.ztescreenshot.permission.SCREENSHOT;com.zte.game.plugintrigger.permission.FILE_PROVIDER;nubia.permission.arkbase.DATA_COLLECTION;nubia.permission.nbaccountservice;nubia.permission.nbservice;zte.permission.BIND_DATA_COLLECTION	?	
system/system/app/NubiaGameWidget/NubiaGameWidget.apk	cn.nubia.gamewidget	16.0.000.2604161926	418	30	35	GameWidget		no	android.permission.CHANGE_CONFIGURATION;android.permission.FOREGROUND_SERVICE;android.permission.INTERACT_ACROSS_USERS;android.permission.INTERACT_ACROSS_USERS_FULL;android.permission.MANAGE_USERS;android.permission.QUERY_ALL_PACKAGES;android.permission.RECEIVE_BOOT_COMPLETED;android.permission.REQUEST_INSTALL_PACKAGES;android.permission.STOP_APP_SWITCHES;android.permission.SYSTEM_ALERT_WINDOW;android.permission.VIBRATE;android.permission.WRITE_SECURE_SETTINGS;android.permission.WRITE_SETTINGS;cn.nubia.gamewidget.DYNAMIC_RECEIVER_NOT_EXPORTED_PERMISSION;cn.nubia.permission.BIND_DATA_COLLECTION;cn.nubia.permissioncapsule.BIND_USAGE_STATS;nubia.permission.POWERSAVING_MODE	?	
system/system/app/NubiaGamepad_160/NubiaGamepad_160.apk	cn.nubia.gamepad	160.00.00.2604160924	160000	28	35	Game controller Gravity X		no	android.permission.FOREGROUND_SERVICE;android.permission.FOREGROUND_SERVICE_SPECIAL_USE;android.permission.INTERNAL_SYSTEM_WINDOW;android.permission.INTERNET;android.permission.QUERY_ALL_PACKAGES;android.permission.READ_EXTERNAL_STORAGE;android.permission.READ_FRAME_BUFFER;android.permission.REAL_GET_TASKS;android.permission.STATUS_BAR;android.permission.STATUS_BAR_SERVICE;android.permission.SYSTEM_ALERT_WINDOW;android.permission.SYSTEM_OVERLAY_WINDOW;android.permission.VIBRATE;android.permission.WRITE_EXTERNAL_STORAGE;android.permission.WRITE_SECURE_SETTINGS;android.permission.WRITE_SETTINGS;cn.nubia.gamepad.permission.READ_PERMISSION;cn.nubia.localkeymouse.permission.LKM_PROVIDER;cn.nubia.permission.BIND_DATA_COLLECTION;mfvsettings.permission.SEARCH;zte.permission.BIND_DATA_COLLECTION	?	
system/system/app/OneMoreThing/OneMoreThing.apk	com.zte.onemorething	16.0.001.2604201142	16250908	33	36	Game assistant services		no	android.permission.ACCESS_NETWORK_STATE;android.permission.CALL_AUDIO_INTERCEPTION;android.permission.CAPTURE_AUDIO_OUTPUT;android.permission.CAPTURE_VIDEO_OUTPUT;android.permission.CAPTURE_VOICE_COMMUNICATION_OUTPUT;android.permission.FOREGROUND_SERVICE;android.permission.FOREGROUND_SERVICE_MEDIA_PROJECTION;android.permission.INTERNAL_SYSTEM_WINDOW;android.permission.INTERNET;android.permission.MANAGE_EXTERNAL_STORAGE;android.permission.MANAGE_MEDIA_PROJECTION;android.permission.MEDIA_PROJECTION;android.permission.MODIFY_AUDIO_ROUTING;android.permission.POST_NOTIFICATIONS;android.permission.QUERY_ALL_PACKAGES;android.permission.READ_EXTERNAL_STORAGE;android.permission.RECORD_AUDIO;android.permission.SYSTEM_ALERT_WINDOW;android.permission.SYSTEM_OVERLAY_WINDOW;android.permission.VIBRATE;android.permission.WATCH_APPOPS;android.permission.WRITE_EXTERNAL_STORAGE;android.permission.WRITE_SECURE_SETTINGS;android.permission.WRITE_SETTINGS;cn.nubia.gameassist.permission.gameocr;com.zte.aigc.billing;com.zte.onemorething.DYNAMIC_RECEIVER_NOT_EXPORTED_PERMISSION;zte.permission.BIND_DATA_COLLECTION	?	
system/system/app/PacProcessor/PacProcessor.apk	com.android.pacprocessor	16	36	36	36	PacProcessor		no	android.permission.ACCESS_NETWORK_STATE;android.permission.INTERNET	?	
system/system/app/PartnerBookmarksProvider/PartnerBookmarksProvider.apk	com.android.providers.partnerbookmarks	16	36	36	36			no		?	
system/system/app/PlayAutoInstallConfig/PlayAutoInstallConfig.apk	android.autoinstalls.config.zte.NX789S_NEEA_W	1	1	36	36	Device configuration		no		?	
system/system/app/PrintSpooler/PrintSpooler.apk	com.android.printspooler	16	36	36	36	Print Spooler		no	android.permission.ACCESS_COARSE_LOCATION;android.permission.ACCESS_FINE_LOCATION;android.permission.POST_NOTIFICATIONS;android.permission.QUERY_ALL_PACKAGES;android.permission.READ_PRINT_SERVICES;android.permission.READ_PRINT_SERVICE_RECOMMENDATIONS;android.permission.START_PRINT_SERVICE_CONFIG_ACTIVITY;android.permission.WAKE_LOCK;com.android.printspooler.permission.ACCESS_ALL_PRINT_JOBS	?	
system/system/app/Recorder_MFV_abroad_Vtt_voicemodel/Recorder_MFV_abroad_Vtt_voicemodel.apk	cn.zte.recorder	16.0.000.000.2604201744	160000	29	36	Voice Recorder		no	android.permission.ACCESS_NETWORK_STATE;android.permission.ACCESS_WIFI_STATE;android.permission.BROADCAST_CLOSE_SYSTEM_DIALOGS;android.permission.BROADCAST_STICKY;android.permission.CAMERA;android.permission.DEVICE_POWER;android.permission.DISABLE_KEYGUARD;android.permission.EXPAND_STATUS_BAR;android.permission.FOREGROUND_SERVICE;android.permission.FOREGROUND_SERVICE_MICROPHONE;android.permission.GET_TASKS;android.permission.INTERACT_ACROSS_USERS;android.permission.INTERACT_ACROSS_USERS_FULL;android.permission.INTERNAL_SYSTEM_WINDOW;android.permission.INTERNET;android.permission.MANAGE_EXTERNAL_STORAGE;android.permission.MODIFY_AUDIO_SETTINGS;android.permission.POST_NOTIFICATIONS;android.permission.QUERY_ALL_PACKAGES;android.permission.READ_EXTERNAL_STORAGE;android.permission.READ_PHONE_STATE;android.permission.READ_PRIVILEGED_PHONE_STATE;android.permission.RECORD_AUDIO;android.permission.SCHEDULE_EXACT_ALARM;android.permission.START_ACTIVITIES_FROM_BACKGROUND;android.permission.STATUS_BAR;android.permission.SYSTEM_ALERT_WINDOW;android.permission.UNLIMITED_TOASTS;android.permission.VIBRATE;android.permission.WAKE_LOCK;android.permission.WRITE_EXTERNAL_STORAGE;android.permission.WRITE_MEDIA_STORAGE;android.permission.WRITE_SECURE_SETTINGS;android.permission.WRITE_SETTINGS;android.permission.ZDM_RECOVERY_REBOOT;android.permission.ZTE_HS_INTERFACE;cn.zte.recorder.DYNAMIC_RECEIVER_NOT_EXPORTED_PERMISSION;com.zte.aigc.billing;com.zte.halo.permission.halospeechservice;com.zte.heartyservice.permission.READ_SETTINGS;com.zte.heartyservice.permission.WRITE_SETTINGS;com.zte.mifavor.stat.USER_STAT;com.zte.privacyzone.permission.READ_SETTINGS;com.zte.privacyzone.permission.WRITE_SETTINGS;com.zte.systemui.permission.UNLOCK_SPACE;com.zte.voicesecretary.permission.importAudio;com.zte.voicesecretary.permission.importservice;launchermfv.permission.READ_TASK;launchermfv.permission.RECENT_CLEAR_BLACKLIST;systemui.permission.read_privatespace_provider;systemui.permission.write_client_provider;zte.permission.BIND_DATA_COLLECTION;zte.permission.BIND_NEW_PRIVACY_CONTROLER;zte.permission.LAUNCH_POWER_SAVER_ACTIVITY;zte.permission.READ_NEW_PRIVACY;zte.permission.ZMS	?	
system/system/app/SaleInfoCollectSystem/SaleInfoCollectSystem.apk	com.android.aftersaleservice	16	36	36	35	After-sale Service		no	android.permission.RECEIVE_BOOT_COMPLETED;com.statistics.permission.STATISTICS_SERVICE;com.zte.emode.permission.PCSTART_ENTERENCE;zte.permission.BIND_ANALYTICS;zte.permission.BIND_DATA_COLLECTION	?	
system/system/app/SimAppDialog/SimAppDialog.apk	com.android.simappdialog	16	36	36	36	Sim App Dialog		no	com.android.simappdialog.DYNAMIC_RECEIVER_NOT_EXPORTED_PERMISSION	?	
system/system/app/SplitScreenGroup/SplitScreenGroup.apk	com.zte.mifavor.splitscreengroup	16.0.000.000.2604160941	160000	33	36	Quick split-screen		no	android.permission.QUERY_ALL_PACKAGES	?	
system/system/app/Stk/Stk.apk	com.android.stk	16	36	36	36	SIM Toolkit		no	android.permission.HIDE_NON_SYSTEM_OVERLAY_WINDOWS;android.permission.POST_NOTIFICATIONS;android.permission.QUERY_ALL_PACKAGES;android.permission.REAL_GET_TASKS;android.permission.RECEIVE_BOOT_COMPLETED;android.permission.RECEIVE_STK_COMMANDS;android.permission.SET_ACTIVITY_WATCHER;android.permission.START_ACTIVITIES_FROM_BACKGROUND;android.permission.USER_ACTIVITY;android.permission.VIBRATE;android.permission.WAKE_LOCK;com.android.stk.DYNAMIC_RECEIVER_NOT_EXPORTED_PERMISSION	?	
system/system/app/StorageCleanup/StorageCleanup.apk	com.zte.storagecleanup	1.0.3.2604131512	8	26	35	Cleanup		no	android.permission.ACCESS_ADSERVICES_AD_ID;android.permission.ACCESS_ADSERVICES_ATTRIBUTION;android.permission.ACCESS_ADSERVICES_TOPICS;android.permission.ACCESS_NETWORK_STATE;android.permission.ACCESS_WIFI_STATE;android.permission.FOREGROUND_SERVICE;android.permission.INTERNET;android.permission.MANAGE_EXTERNAL_STORAGE;android.permission.PACKAGE_USAGE_STATS;android.permission.READ_EXTERNAL_STORAGE;android.permission.READ_MEDIA_AUDIO;android.permission.READ_MEDIA_IMAGES;android.permission.READ_MEDIA_VIDEO;android.permission.RECEIVE_BOOT_COMPLETED;android.permission.REQUEST_DELETE_PACKAGES;android.permission.VIBRATE;android.permission.WAKE_LOCK;android.permission.WRITE_EXTERNAL_STORAGE;com.google.android.finsky.permission.BIND_GET_INSTALL_REFERRER_SERVICE;com.google.android.gms.permission.AD_ID;com.zte.storagecleanup.DYNAMIC_RECEIVER_NOT_EXPORTED_PERMISSION	?	
system/system/app/ThemeResource_MFV/ThemeResource_MFV.apk	com.zte.mifavor.theme.resource	15.0.000.000.2604161511	150000	31	35	ThemeResource		no		?	
system/system/app/Traceur/Traceur.apk	com.android.traceur	1.0	2	36	35	System Tracing		no	android.permission.CONTROL_UI_TRACING;android.permission.DUMP;android.permission.FOREGROUND_SERVICE;android.permission.FOREGROUND_SERVICE_SPECIAL_USE;android.permission.HIDE_NON_SYSTEM_OVERLAY_WINDOWS;android.permission.POST_NOTIFICATIONS;android.permission.QUERY_ALL_PACKAGES;android.permission.QUERY_USERS;android.permission.READ_DEVICE_CONFIG;android.permission.READ_FRAME_BUFFER;android.permission.REAL_GET_TASKS;android.permission.RECEIVE_BOOT_COMPLETED;android.permission.START_FOREGROUND_SERVICES_FROM_BACKGROUND;android.permission.STATUS_BAR;android.permission.WRITE_SECURE_SETTINGS;com.android.traceur.DYNAMIC_RECEIVER_NOT_EXPORTED_PERMISSION	?	
system/system/app/WallpaperBackup/WallpaperBackup.apk	com.android.wallpaperbackup	16	36	36	36			no	android.permission.READ_WALLPAPER_INTERNAL;android.permission.SET_WALLPAPER;android.permission.SET_WALLPAPER_COMPONENT	?	
system/system/app/Weather_ZTE/Weather_ZTE.apk	com.zte.weather	6.0.4.2604081652	150005	26	35	Weather		no	android.permission.ACCESS_ADSERVICES_AD_ID;android.permission.ACCESS_ADSERVICES_ATTRIBUTION;android.permission.ACCESS_ADSERVICES_TOPICS;android.permission.ACCESS_BACKGROUND_LOCATION;android.permission.ACCESS_COARSE_LOCATION;android.permission.ACCESS_FINE_LOCATION;android.permission.ACCESS_NETWORK_STATE;android.permission.ACCESS_WIFI_STATE;android.permission.CHANGE_WIFI_STATE;android.permission.FOREGROUND_SERVICE;android.permission.INTERNET;android.permission.READ_BASIC_PHONE_STATE;android.permission.RECEIVE_BOOT_COMPLETED;android.permission.WAKE_LOCK;com.google.android.finsky.permission.BIND_GET_INSTALL_REFERRER_SERVICE;com.google.android.gms.permission.AD_ID;com.zte.weather.DYNAMIC_RECEIVER_NOT_EXPORTED_PERMISSION;easymode.permission.feature_mode_switch	?	
system/system/app/XRLauncher/XRLauncher.apk	com.zte.xr.gamelauncher	15.0.000.2603050939	15240725	33	35	XRLauncher		no	android.Manifest.permission.SYSTEM_ALERT_WINDOW;android.permission.ADD_TRUSTED_DISPLAY;android.permission.CAPTURE_SECURE_VIDEO_OUTPUT;android.permission.INJECT_EVENTS;android.permission.INTERNAL_SYSTEM_WINDOW;android.permission.QUERY_ALL_PACKAGES;android.permission.VIBRATE;android.permission.WRITE_SECURE_SETTINGS;android.permission.WRITE_SETTINGS;com.android.ztescreenshot.permission.SCREENSHOT;com.zte.xr.gamelauncher.DYNAMIC_RECEIVER_NOT_EXPORTED_PERMISSION;zte.permission.BIND_DATA_COLLECTION	?	
system/system/app/ZSound/ZSound.apk	com.zte.zsound	3.0.000.2602111710	30000	31	36	Multi-application volume adjustment		no	android.permission.ACCESS_NETWORK_STATE;android.permission.ACCESS_WIFI_STATE;android.permission.BROADCAST_CLOSE_SYSTEM_DIALOGS;android.permission.INTERNET;android.permission.MODIFY_AUDIO_ROUTING;android.permission.QUERY_ALL_PACKAGES;android.permission.READ_CLIPBOARD_IN_BACKGROUND;android.permission.RECEIVE_BOOT_COMPLETED;android.permission.SYSTEM_ALERT_WINDOW;android.permission.SYSTEM_OVERLAY_WINDOW;android.permission.VIBRATE;android.permission.WAKE_LOCK;android.permission.ZDM_RECOVERY_REBOOT;com.zte.zsound.DYNAMIC_RECEIVER_NOT_EXPORTED_PERMISSION;zte.permission.BIND_DATA_COLLECTION;zte.permission.ZMS	?	
system/system/app/flagreset/flagreset.apk	com.zte.flagreset	1.0	36	36	35	FlagReset		no	android.permission.RADAR_LOG_CONTROL;android.permission.READ_VENDOR_CONFIG;android.permission.SET_AUTHENTICATION_DATA;android.permission.WRITE_VENDOR_CONFIG	?	
system/system/app/radarpermission/radarpermission.apk	com.android.radarpermission	1.0	1	34	35			no	com.android.radarpermission.DYNAMIC_RECEIVER_NOT_EXPORTED_PERMISSION	?	
system/system/app/vendorlogpermission/vendorlogpermission.apk	com.android.vendorlogpermission	1.0	1	34	35			no	com.android.vendorlogpermission.DYNAMIC_RECEIVER_NOT_EXPORTED_PERMISSION	?	
system/system/etc/PAI/PlayAutoInstallConfig-pai/PlayAutoInstallConfig-pai.apk	android.autoinstalls.config.zte.NX789S_NEEA_W	1004	1004	36	36	Device configuration		no		?	
system/system/etc/security/fsverity/BuildManifest.apk	com.android.security.fsverity_metadata.system	16	36	36	?			no		?	
system/system/framework/framework-res-zpub.apk	zpub.res	16	36	36	36			no	android.permission.RECEIVE_BOOT_COMPLETED	?	
system/system/framework/framework-res.apk	android	16	36	36	36	Android System		no	android.intent.category.MASTER_CLEAR.permission.C2D_MESSAGE;android.permission.ACCESS_CONTEXT_HUB;android.permission.ACCESS_INSTANT_APPS;android.permission.BIND_ATTENTION_SERVICE;android.permission.BIND_INTRUSION_DETECTION_EVENT_TRANSPORT_SERVICE;android.permission.BIND_JOB_SERVICE;android.permission.BIND_NETWORK_RECOMMENDATION_SERVICE;android.permission.BIND_ROTATION_RESOLVER_SERVICE;android.permission.BROADCAST_CLOSE_SYSTEM_DIALOGS;android.permission.CALL_PRIVILEGED;android.permission.CONFIRM_FULL_BACKUP;android.permission.CONNECTIVITY_USE_RESTRICTED_NETWORKS;android.permission.CONTROL_VPN;android.permission.ENFORCE_UPDATE_OWNERSHIP;android.permission.GET_ACCOUNTS;android.permission.HANDLE_QUERY_PACKAGE_RESTART;android.permission.INTERACT_ACROSS_USERS_FULL;android.permission.LOADER_USAGE_STATS;android.permission.LOCAL_MAC_ADDRESS;android.permission.LOCATION_HARDWARE;android.permission.MANAGE_ADVANCED_PROTECTION_MODE;android.permission.MANAGE_ENHANCED_CONFIRMATION_STATES;android.permission.MANAGE_INTRUSION_DETECTION_STATE;android.permission.MANAGE_NOTIFICATION_LISTENERS;android.permission.MANAGE_ROLE_HOLDERS;android.permission.MEDIA_RESOURCE_OVERRIDE_PID;android.permission.PACKAGE_USAGE_STATS;android.permission.POST_NOTIFICATIONS;android.permission.QUERY_ADVANCED_PROTECTION_MODE;android.permission.QUERY_ALL_PACKAGES;android.permission.READ_CONTACTS;android.permission.READ_INSTALLED_SESSION_PATHS;android.permission.READ_INTRUSION_DETECTION_STATE;android.permission.RESOLVE_COMPONENT_FOR_UID;android.permission.SEND_SHOW_SUSPENDED_APP_DETAILS;android.permission.UNLIMITED_TOASTS;android.permission.UPDATE_PACKAGES_WITHOUT_USER_ACTION	?	
system/system/framework/framework-zte-res.apk	androidzte	5.0.001	1	36	36			no		?	
system/system/partner-app/Compass_MFV/Compass_MFV.apk	com.zte.cn.compass	16.0.000.000.2604201658	160000	31	36	Compass		no	android.permission.ACCESS_COARSE_LOCATION;android.permission.ACCESS_FINE_LOCATION;android.permission.ACCESS_NETWORK_STATE;android.permission.REORDER_TASKS;android.permission.VIBRATE;com.zte.cn.compass.DYNAMIC_RECEIVER_NOT_EXPORTED_PERMISSION;zte.permission.BIND_DATA_COLLECTION	?	
system/system/partner-app/ExternDevice_RedMagic_Abroad/ExternDevice_RedMagic_Abroad.apk	cn.nubia.externdevice	V3.3.5.202603201559_110enG	3135	24	35	Goper		no	android.permission.ACCESS_COARSE_LOCATION;android.permission.ACCESS_FINE_LOCATION;android.permission.ACCESS_NETWORK_STATE;android.permission.ACCESS_WIFI_STATE;android.permission.BLUETOOTH;android.permission.BLUETOOTH_ADMIN;android.permission.BLUETOOTH_ADVERTISE;android.permission.BLUETOOTH_CONNECT;android.permission.BLUETOOTH_PRIVILEGED;android.permission.BLUETOOTH_SCAN;android.permission.CAMERA;android.permission.CHANGE_NETWORK_STATE;android.permission.CHANGE_WIFI_STATE;android.permission.EXPAND_STATUS_BAR;android.permission.FOREGROUND_SERVICE;android.permission.FOREGROUND_SERVICE_CONNECTED_DEVICE;android.permission.FOREGROUND_SERVICE_SPECIAL_USE;android.permission.INTERACT_ACROSS_USERS_FULL;android.permission.INTERNET;android.permission.MANAGE_PROFILE_AND_DEVICE_OWNERS;android.permission.MODIFY_AUDIO_SETTINGS;android.permission.POST_NOTIFICATIONS;android.permission.QUERY_ALL_PACKAGES;android.permission.READ_EXTERNAL_STORAGE;android.permission.READ_MEDIA_IMAGES;android.permission.READ_MEDIA_VISUAL_USER_SELECTED;android.permission.READ_PRIVILEGED_PHONE_STATE;android.permission.SYSTEM_ALERT_WINDOW;android.permission.USE_FULL_SCREEN_INTENT;android.permission.WRITE_EXTERNAL_STORAGE;android.permission.WRITE_SECURE_SETTINGS;cn.nubia.bluetooth.check_handle;cn.nubia.externdevice.DYNAMIC_RECEIVER_NOT_EXPORTED_PERMISSION;cn.nubia.launcher.permission.READ_SETTINGS;cn.nubia.launcher.permission.WRITE_SETTINGS;cn.nubia.permission.BIND_DATA_COLLECTION;cn.nubia.permission.PROCESS_MANAGER;com.android.launcher.permission.INSTALL_SHORTCUT;com.android.launcher.permission.UNINSTALL_SHORTCUT;com.android.launcher2.permission.READ_SETTINGS;com.android.launcher3.permission.READ_SETTINGS;nubia.permission.ACCESS_FAST_PAIR_PROVIDER	?	
system/system/partner-app/MoboReader/MoboReader.apk	com.changdu.ereader	7.7.2.8	1293	23	34	MoboReader		no	android.permission.ACCESS_ADSERVICES_AD_ID;android.permission.ACCESS_ADSERVICES_ATTRIBUTION;android.permission.ACCESS_ADSERVICES_TOPICS;android.permission.ACCESS_NETWORK_STATE;android.permission.ACCESS_WIFI_STATE;android.permission.CAMERA;android.permission.CHANGE_NETWORK_STATE;android.permission.FOREGROUND_SERVICE;android.permission.GET_TASKS;android.permission.INTERNET;android.permission.POST_NOTIFICATIONS;android.permission.READ_APP_BADGE;android.permission.READ_CALENDAR;android.permission.READ_EXTERNAL_STORAGE;android.permission.SYSTEM_ALERT_WINDOW;android.permission.VIBRATE;android.permission.WAKE_LOCK;android.permission.WRITE_CALENDAR;android.permission.WRITE_EXTERNAL_STORAGE;android.permission.WRITE_SETTINGS;com.android.launcher.permission.INSTALL_SHORTCUT;com.android.launcher.permission.READ_SETTINGS;com.android.launcher.permission.UNINSTALL_SHORTCUT;com.android.vending.BILLING;com.applovin.array.apphub.permission.BIND_APPHUB_SERVICE;com.changdu.ereader.DYNAMIC_RECEIVER_NOT_EXPORTED_PERMISSION;com.changdu.ereader.backtrace.warmed_up;com.google.android.c2dm.permission.RECEIVE;com.google.android.finsky.permission.BIND_GET_INSTALL_REFERRER_SERVICE;com.google.android.gms.permission.AD_ID;com.htc.launcher.permission.READ_SETTINGS;com.htc.launcher.permission.UPDATE_SHORTCUT;com.huawei.android.launcher.permission.CHANGE_BADGE;com.huawei.appmarket.service.commondata.permission.GET_COMMON_DATA;com.oppo.launcher.permission.READ_SETTINGS;com.oppo.launcher.permission.WRITE_SETTINGS;com.sec.android.provider.badge.permission.READ;com.sec.android.provider.badge.permission.WRITE;com.sonyericsson.home.action.UPDATE_BADGE;com.sonyericsson.home.permission.BROADCAST_BADGE;com.sonymobile.home.permission.PROVIDER_INSERT_BADGE	?	
system/system/partner-app/MoboReels/MoboReels.apk	com.changdu.mobovideo	2.3.8	159	21	34	MoboReels		no	android.permission.ACCESS_ADSERVICES_AD_ID;android.permission.ACCESS_ADSERVICES_ATTRIBUTION;android.permission.ACCESS_ADSERVICES_TOPICS;android.permission.ACCESS_NETWORK_STATE;android.permission.ACCESS_WIFI_STATE;android.permission.BLUETOOTH;android.permission.CAMERA;android.permission.CHANGE_NETWORK_STATE;android.permission.FOREGROUND_SERVICE;android.permission.INTERNET;android.permission.MODIFY_AUDIO_SETTINGS;android.permission.POST_NOTIFICATIONS;android.permission.READ_APP_BADGE;android.permission.READ_EXTERNAL_STORAGE;android.permission.READ_MEDIA_IMAGES;android.permission.REORDER_TASKS;android.permission.WAKE_LOCK;android.permission.WRITE_EXTERNAL_STORAGE;com.anddoes.launcher.permission.UPDATE_COUNT;com.android.vending.BILLING;com.applovin.array.apphub.permission.BIND_APPHUB_SERVICE;com.changdu.mobovideo.DYNAMIC_RECEIVER_NOT_EXPORTED_PERMISSION;com.google.android.c2dm.permission.RECEIVE;com.google.android.finsky.permission.BIND_GET_INSTALL_REFERRER_SERVICE;com.google.android.gms.permission.AD_ID;com.hihonor.android.launcher.permission.CHANGE_BADGE;com.htc.launcher.permission.READ_SETTINGS;com.htc.launcher.permission.UPDATE_SHORTCUT;com.huawei.android.launcher.permission.CHANGE_BADGE;com.huawei.android.launcher.permission.READ_SETTINGS;com.huawei.android.launcher.permission.WRITE_SETTINGS;com.huawei.appmarket.service.commondata.permission.GET_COMMON_DATA;com.majeur.launcher.permission.UPDATE_BADGE;com.oppo.launcher.permission.READ_SETTINGS;com.oppo.launcher.permission.WRITE_SETTINGS;com.samsung.android.mapsagent.permission.READ_APP_INFO;com.sec.android.provider.badge.permission.READ;com.sec.android.provider.badge.permission.WRITE;com.sonyericsson.home.permission.BROADCAST_BADGE;com.sonymobile.home.permission.PROVIDER_INSERT_BADGE;com.vivo.notification.permission.BADGE_ICON;me.everything.badger.permission.BADGE_COUNT_READ;me.everything.badger.permission.BADGE_COUNT_WRITE	?	
system/system/partner-app/Moffice/Moffice.apk	cn.wps.moffice_eng	18.17.3	1535	24	35	WPS Office		no	android.permission.ACCESS_ADSERVICES_AD_ID;android.permission.ACCESS_ADSERVICES_ATTRIBUTION;android.permission.ACCESS_ADSERVICES_TOPICS;android.permission.ACCESS_NETWORK_STATE;android.permission.ACCESS_WIFI_STATE;android.permission.CAMERA;android.permission.CHANGE_NETWORK_STATE;android.permission.CHANGE_WIFI_STATE;android.permission.FOREGROUND_SERVICE;android.permission.INTERNET;android.permission.MANAGE_EXTERNAL_STORAGE;android.permission.NFC;android.permission.POST_NOTIFICATIONS;android.permission.READ_EXTERNAL_STORAGE;android.permission.VIBRATE;android.permission.WAKE_LOCK;android.permission.WRITE_EXTERNAL_STORAGE;cn.wps.moffice_eng.DYNAMIC_RECEIVER_NOT_EXPORTED_PERMISSION;cn.wps.moffice_eng.permission.BROADCAST;cn.wps.moffice_eng.permission.C2D_MESSAGE;com.android.launcher.permission.INSTALL_SHORTCUT;com.android.launcher.permission.UNINSTALL_SHORTCUT;com.android.settings.permission.CLOUD_SETTINGS_PROVIDER;com.android.vending.BILLING;com.applovin.array.apphub.permission.BIND_APPHUB_SERVICE;com.google.android.c2dm.permission.RECEIVE;com.google.android.finsky.permission.BIND_GET_INSTALL_REFERRER_SERVICE;com.google.android.gms.permission.AD_ID;com.google.android.providers.gsf.permission.READ_GSERVICES;com.google.android.providers.gsf.permission.WRITE_GSERVICES;com.miui.systemAdSolution.LOCAL_AD_PROVIDER;com.miui.systemAdSolution.adSwitch.PROVIDER;miui.permission.ACCESS_CAST_PROVIDER;miui.permission.ACCESS_MILINK_CAST	?	
system/system/partner-app/NotePadAbroad/NotePadAbroad.apk	cn.nubia.notepad.preset	16.0.000.0161.2604201157	3000	29	36	NotePad		no	android.permission.ACCESS_NETWORK_STATE;android.permission.ACCESS_WIFI_STATE;android.permission.CALL_PHONE;android.permission.CAMERA;android.permission.FOREGROUND_SERVICE;android.permission.FOREGROUND_SERVICE_DATA_SYNC;android.permission.FOREGROUND_SERVICE_MICROPHONE;android.permission.GET_ACCOUNTS;android.permission.INTERNET;android.permission.MANAGE_EXTERNAL_STORAGE;android.permission.MOUNT_UNMOUNT_FILESYSTEMS;android.permission.POST_NOTIFICATIONS;android.permission.QUERY_ALL_PACKAGES;android.permission.READ_CONTACTS;android.permission.READ_EXTERNAL_STORAGE;android.permission.READ_MEDIA_AUDIO;android.permission.READ_MEDIA_IMAGES;android.permission.READ_MEDIA_VIDEO;android.permission.READ_PHONE_STATE;android.permission.RECEIVE_BOOT_COMPLETED;android.permission.RECORD_AUDIO;android.permission.REQUEST_DELETE_PACKAGES;android.permission.REQUEST_INSTALL_PACKAGES;android.permission.SCHEDULE_EXACT_ALARM;android.permission.USE_EXACT_ALARM;android.permission.VIBRATE;android.permission.WAKE_LOCK;android.permission.WRITE_EXTERNAL_STORAGE;android.permission.ZTE_HS_INTERFACE;cn.nubia.notepad.preset.DYNAMIC_RECEIVER_NOT_EXPORTED_PERMISSION;cn.nubia.permission.BIND_DATA_COLLECTION;cn.nubia.permission.QUICK_PERMISSION_REQUEST;com.android.launcher.permission.INSTALL_SHORTCUT;com.android.launcher.permission.UNINSTALL_SHORTCUT;com.zte.aigc.billing;com.zte.permission.cloud;nubia.permission.cloud;zte.permission.BIND_DATA_COLLECTION	?	
system/system/partner-app/NubiaBooking/NubiaBooking.apk	com.booking	36.1.100	21079	28	33	Booking.com		no	android.permission.ACCESS_COARSE_LOCATION;android.permission.ACCESS_FINE_LOCATION;android.permission.ACCESS_NETWORK_STATE;android.permission.ACCESS_WIFI_STATE;android.permission.AUTHENTICATE_ACCOUNTS;android.permission.CAMERA;android.permission.FOREGROUND_SERVICE;android.permission.GET_ACCOUNTS;android.permission.HIGH_SAMPLING_RATE_SENSORS;android.permission.INTERNET;android.permission.MANAGE_ACCOUNTS;android.permission.NFC;android.permission.POST_NOTIFICATIONS;android.permission.READ_CALENDAR;android.permission.READ_EXTERNAL_STORAGE;android.permission.READ_MEDIA_IMAGES;android.permission.READ_PHONE_STATE;android.permission.READ_SYNC_SETTINGS;android.permission.RECEIVE_BOOT_COMPLETED;android.permission.REORDER_TASKS;android.permission.USE_CREDENTIALS;android.permission.WAKE_LOCK;android.permission.WRITE_CALENDAR;android.permission.WRITE_EXTERNAL_STORAGE;android.permission.WRITE_SYNC_SETTINGS;com.android.alarm.permission.SET_ALARM;com.android.launcher.permission.INSTALL_SHORTCUT;com.booking.permission.AFFILIATE_ID_RESPONSE;com.booking.permission.C2D_MESSAGE;com.booking.permission.RECEIVER;com.google.android.c2dm.permission.RECEIVE;com.google.android.finsky.permission.BIND_GET_INSTALL_REFERRER_SERVICE;com.google.android.gms.permission.AD_ID;com.google.android.providers.gsf.permission.READ_GSERVICES;com.sfr.android.console.permission.partner.READ_STATISTICS	?	
system/system/partner-app/TikTok/TikTok.apk	com.zhiliaoapp.musically	40.0.0	2024000000	21	35	TikTok		no	android.permission.ACCESS_ADSERVICES_AD_ID;android.permission.ACCESS_ADSERVICES_ATTRIBUTION;android.permission.ACCESS_COARSE_LOCATION;android.permission.ACCESS_MEDIA_LOCATION;android.permission.ACCESS_NETWORK_STATE;android.permission.ACCESS_WIFI_STATE;android.permission.BLUETOOTH;android.permission.BLUETOOTH_ADVERTISE;android.permission.BLUETOOTH_CONNECT;android.permission.BLUETOOTH_SCAN;android.permission.CAMERA;android.permission.CHANGE_NETWORK_STATE;android.permission.CHANGE_WIFI_MULTICAST_STATE;android.permission.DETECT_SCREEN_CAPTURE;android.permission.FOREGROUND_SERVICE;android.permission.FOREGROUND_SERVICE_DATA_SYNC;android.permission.FOREGROUND_SERVICE_MEDIA_PLAYBACK;android.permission.FOREGROUND_SERVICE_MEDIA_PROJECTION;android.permission.FOREGROUND_SERVICE_MICROPHONE;android.permission.INTERNET;android.permission.MODIFY_AUDIO_SETTINGS;android.permission.POST_NOTIFICATIONS;android.permission.READ_CONTACTS;android.permission.READ_EXTERNAL_STORAGE;android.permission.READ_MEDIA_AUDIO;android.permission.READ_MEDIA_IMAGES;android.permission.READ_MEDIA_VIDEO;android.permission.READ_MEDIA_VISUAL_USER_SELECTED;android.permission.RECORD_AUDIO;android.permission.REORDER_TASKS;android.permission.SET_WALLPAPER;android.permission.SYSTEM_ALERT_WINDOW;android.permission.USE_BIOMETRIC;android.permission.USE_FINGERPRINT;android.permission.VIBRATE;android.permission.WAKE_LOCK;android.permission.WRITE_EXTERNAL_STORAGE;com.amazon.device.messaging.permission.RECEIVE;com.android.launcher.permission.READ_SETTINGS;com.android.vending.BILLING;com.google.android.c2dm.permission.RECEIVE;com.google.android.finsky.permission.BIND_GET_INSTALL_REFERRER_SERVICE;com.google.android.gms.permission.AD_ID;com.huawei.appmarket.service.commondata.permission.GET_COMMON_DATA;com.oplus.ocs.permission.third;com.orange.update.permission.READ_ATTRIBUTION;com.samsung.android.mapsagent.permission.READ_APP_INFO;com.sec.android.provider.badge.permission.READ;com.sec.android.provider.badge.permission.WRITE;com.tiktok.preload.permission.IDENTIFY;com.zhiliao.musically.livewallpaper.permission.wallpaperplugin;com.zhiliaoapp.musically.DYNAMIC_RECEIVER_NOT_EXPORTED_PERMISSION;com.zhiliaoapp.musically.permission.RECEIVE_ADM_MESSAGE	?	
system/system/partner-app/facebook/facebook.apk	com.facebook.katana	stub (127.0.35)	1	14	36	Facebook		no	com.facebook.system.stub.ENABLE_APPMANAGER	?	
system/system/priv-app/AIEngine_ABORD_MFV/AIEngine_ABORD_MFV.apk	com.zte.aiengine	16.0.000.001.2603301254	160000	28	36	AI Engine		yes	android.permission.ACCESS_NETWORK_STATE;android.permission.ACCESS_WIFI_STATE;android.permission.BLUETOOTH_CONNECT;android.permission.FOREGROUND_SERVICE;android.permission.INTERACT_ACROSS_USERS;android.permission.INTERNET;android.permission.MANAGE_USERS;android.permission.READ_PRIVILEGED_PHONE_STATE;android.permission.RECEIVE_BOOT_COMPLETED;android.permission.SCHEDULE_EXACT_ALARM;android.permission.VIBRATE;android.permission.WAKE_LOCK;android.permission.WRITE_SECURE_SETTINGS;android.permission.WRITE_SETTINGS;android.permission.ZTE_AIENGINE_MANAGEMENT;android.permission.ZTE_AIENGINE_VISITOR;zte.permission.BIND_DATA_COLLECTION;zte.permission.READ_POWER_SAVER_APPS;zte.permission.READ_STRATEGY;zte.permission.WRITE_STRATEGY	?	
system/system/priv-app/Accessibility/Accessibility.apk	com.zte.accessibility	2.0.000.2604161539	2	32	36	Accessibility		yes	android.permission.VIBRATE;com.zte.accessibility.DYNAMIC_RECEIVER_NOT_EXPORTED_PERMISSION	?	
system/system/priv-app/AlipayService/AlipayService.apk	com.zte.vendor.ifaa	16	36	36	36	AlipayApplication		yes		?	
system/system/priv-app/BackupRestoreConfirmation/BackupRestoreConfirmation.apk	com.android.backupconfirm	16	36	36	36			yes	android.permission.BACKUP;android.permission.CRYPT_KEEPER;com.android.backupconfirm.DYNAMIC_RECEIVER_NOT_EXPORTED_PERMISSION	?	
system/system/priv-app/BlockedNumberProvider/BlockedNumberProvider.apk	com.android.providers.blockednumber	16	36	36	36	Blocked Numbers Storage		yes	android.permission.READ_PHONE_NUMBERS	?	
system/system/priv-app/BuiltInPrintService/BuiltInPrintService.apk	com.android.bips	16	36	36	36	Default Print Service		yes	android.permission.ACCESS_NETWORK_STATE;android.permission.ACCESS_WIFI_STATE;android.permission.CHANGE_WIFI_MULTICAST_STATE;android.permission.CHANGE_WIFI_STATE;android.permission.INTERNET;android.permission.NEARBY_WIFI_DEVICES;android.permission.POST_NOTIFICATIONS;android.permission.QUERY_ALL_PACKAGES;android.permission.READ_PRINT_SERVICES;android.permission.READ_PRINT_SERVICE_RECOMMENDATIONS;android.permission.SUBSTITUTE_SHARE_TARGET_APP_NAME_AND_ICON;android.permission.WAKE_LOCK;com.android.bips.DYNAMIC_RECEIVER_NOT_EXPORTED_PERMISSION	?	
system/system/priv-app/CalendarProvider/CalendarProvider.apk	com.android.providers.calendar	16	36	36	36	Calendar Storage		yes	android.permission.GET_ACCOUNTS;android.permission.GET_ACCOUNTS_PRIVILEGED;android.permission.HIDE_NON_SYSTEM_OVERLAY_WINDOWS;android.permission.INTERACT_ACROSS_USERS;android.permission.INTERNET;android.permission.LOG_COMPAT_CHANGE;android.permission.MANAGE_ACCOUNTS;android.permission.MANAGE_USERS;android.permission.READ_CALENDAR;android.permission.READ_COMPAT_CHANGE_CONFIG;android.permission.READ_EXTERNAL_STORAGE;android.permission.READ_SYNC_SETTINGS;android.permission.READ_SYNC_STATS;android.permission.RECEIVE_BOOT_COMPLETED;android.permission.SUBSCRIBED_FEEDS_READ;android.permission.SUBSCRIBED_FEEDS_WRITE;android.permission.UPDATE_APP_OPS_STATS;android.permission.USE_CREDENTIALS;android.permission.USE_RESERVED_DISK;android.permission.WAKE_LOCK;android.permission.WRITE_CALENDAR;android.permission.WRITE_EXTERNAL_STORAGE;android.permission.WRITE_SYNC_SETTINGS;com.google.android.googleapps.permission.GOOGLE_AUTH;com.google.android.googleapps.permission.GOOGLE_AUTH.cl	?	
system/system/priv-app/CallLogBackup/CallLogBackup.apk	com.android.calllogbackup	16	36	36	36	Call Log Backup/Restore		yes	android.permission.QUERY_ALL_PACKAGES;com.android.voicemail.permission.READ_VOICEMAIL	?	
system/system/priv-app/CameraBurn/CameraBurn.apk	com.zte.burntest.camera	2.1.000.2601081039	120	33	35	com.emode.cameratest		yes	android.permission.CAMERA;android.permission.PERSIST_PARTITION_RW;android.permission.READ_EXTERNAL_STORAGE;android.permission.STOP_APP_SWITCHES;android.permission.WRITE_EXTERNAL_STORAGE;android.permission.WRITE_SETTINGS;com.zte.emode.permission.ENGINEER_RECEIVER	?	
system/system/priv-app/CellBroadcastLegacyApp/CellBroadcastLegacyApp.apk	com.android.cellbroadcastreceiver	R-initial	300000000	36	36			yes	com.android.cellbroadcastreceiver.DYNAMIC_RECEIVER_NOT_EXPORTED_PERMISSION	?	
system/system/priv-app/ChargeSeparation/ChargeSeparation.apk	cn.zte.chargeseparation	17.0.000.2604161142	17260325	34	37	Charge Separation		yes	android.permission.BATTERY_STATS;android.permission.EXPAND_STATUS_BAR;android.permission.FOREGROUND_SERVICE;android.permission.FOREGROUND_SERVICE_SPECIAL_USE;android.permission.INTERNAL_SYSTEM_WINDOW;android.permission.POST_NOTIFICATIONS;android.permission.RECEIVE_BOOT_COMPLETED;android.permission.SCHEDULE_EXACT_ALARM;android.permission.SET_ALARM;android.permission.STATUS_BAR;android.permission.SUBSTITUTE_NOTIFICATION_APP_NAME;android.permission.SYSTEM_ALERT_WINDOW;android.permission.SYSTEM_OVERLAY_WINDOW;android.permission.USE_EXACT_ALARM;android.permission.VIBRATE;android.permission.WRITE_SECURE_SETTINGS;cn.zte.chargeseparation.DYNAMIC_RECEIVER_NOT_EXPORTED_PERMISSION;zte.permission.BIND_DATA_COLLECTION;zte.permission.LAUNCH_POWER_SAVER_ACTIVITY	?	
system/system/priv-app/ContactsProvider_Abroad/ContactsProvider_Abroad.apk	com.android.providers.contacts	16.5.000.000.2604162034	200000	29	36	Contacts Storage		yes	android.contacts.permission.MANAGE_SIM_ACCOUNTS;android.permission.AUTHENTICATE_ACCOUNTS;android.permission.BIND_DIRECTORY_SEARCH;android.permission.CHANGE_DEVICE_IDLE_TEMP_WHITELIST;android.permission.GET_ACCOUNTS;android.permission.GET_ACCOUNTS_PRIVILEGED;android.permission.HIDE_NON_SYSTEM_OVERLAY_WINDOWS;android.permission.INTERACT_ACROSS_USERS;android.permission.LOG_COMPAT_CHANGE;android.permission.MANAGE_USERS;android.permission.PROCESS_PHONE_ACCOUNT_REGISTRATION;android.permission.READ_CALL_LOG;android.permission.READ_COMPAT_CHANGE_CONFIG;android.permission.READ_CONTACTS;android.permission.READ_DEVICE_CONFIG;android.permission.READ_PHONE_NUMBERS;android.permission.READ_PHONE_STATE;android.permission.READ_PRIVILEGED_PHONE_STATE;android.permission.READ_SYNC_SETTINGS;android.permission.RECEIVE_BOOT_COMPLETED;android.permission.SEND_CALL_LOG_CHANGE;android.permission.SET_DEFAULT_ACCOUNT_FOR_CONTACTS;android.permission.UPDATE_APP_OPS_STATS;android.permission.USE_RESERVED_DISK;android.permission.WAKE_LOCK;android.permission.WRITE_CALL_LOG;android.permission.WRITE_CONTACTS;android.permission.WRITE_SECURE_SETTINGS;android.permission.WRITE_SETTINGS;android.permission.WRITE_SYNC_SETTINGS;com.android.phone.permission.FDN_CHANGE;unisoc.permission.SYNC_SIM_CONTACTS	?	
system/system/priv-app/CredentialManager/CredentialManager.apk	com.android.credentialmanager	16	36	36	36	Credential Manager		yes	android.permission.ACCESS_INSTANT_APPS;android.permission.HIDE_NON_SYSTEM_OVERLAY_WINDOWS;android.permission.LAUNCH_CREDENTIAL_SELECTOR;android.permission.QUERY_ALL_PACKAGES;android.permission.SET_BIOMETRIC_DIALOG_ADVANCED;android.permission.USE_BIOMETRIC;android.permission.USE_FINGERPRINT;com.android.credentialmanager.DYNAMIC_RECEIVER_NOT_EXPORTED_PERMISSION	?	
system/system/priv-app/DailyWallpaper/DailyWallpaper.apk	com.ume.wallpaper	1.0.21.1.4	202512062	24	35	Daily Wallpaper		yes	android.permission.ACCESS_ADSERVICES_AD_ID;android.permission.ACCESS_ADSERVICES_ATTRIBUTION;android.permission.ACCESS_ADSERVICES_TOPICS;android.permission.ACCESS_NETWORK_STATE;android.permission.FOREGROUND_SERVICE;android.permission.INTERNET;android.permission.RECEIVE_BOOT_COMPLETED;android.permission.REQUEST_COMPANION_RUN_IN_BACKGROUND;android.permission.SET_WALLPAPER;android.permission.SET_WALLPAPER_HINTS;android.permission.WAKE_LOCK;androidx.ads.identifier.provider.HIGH_PRIORITY;com.google.android.finsky.permission.BIND_GET_INSTALL_REFERRER_SERVICE;com.google.android.gms.permission.AD_ID;com.ume.wallpaper.DYNAMIC_RECEIVER_NOT_EXPORTED_PERMISSION	?	
system/system/priv-app/DeviceAsWebcam/DeviceAsWebcam.apk	com.android.DeviceAsWebcam	16	36	36	36	Webcam Service		yes	android.permission.CAMERA;android.permission.FOREGROUND_SERVICE;android.permission.FOREGROUND_SERVICE_CAMERA;android.permission.POST_NOTIFICATIONS;com.android.DeviceAsWebcam.DYNAMIC_RECEIVER_NOT_EXPORTED_PERMISSION	?	
system/system/priv-app/DeviceDiagnostics/DeviceDiagnostics.apk	com.android.devicediagnostics	16	36	36	36	DeviceDiagnostics		yes	android.permission.ACCESS_FINE_LOCATION;android.permission.BATTERY_STATS;android.permission.BLUETOOTH_ADVERTISE;android.permission.BLUETOOTH_CONNECT;android.permission.BLUETOOTH_SCAN;android.permission.CAMERA;android.permission.ENTER_TRADE_IN_MODE;android.permission.INTERNET;android.permission.READ_DEVICE_CONFIG;android.permission.READ_PRIVILEGED_PHONE_STATE;android.permission.RECEIVE_BOOT_COMPLETED;android.permission.SYSTEM_ALERT_WINDOW;android.permission.VIBRATE;com.android.devicediagnostics.DYNAMIC_RECEIVER_NOT_EXPORTED_PERMISSION	?	
system/system/priv-app/DocumentsUIGoogle/DocumentsUIGoogle-hdpi.apk	?	?	?	?	?			yes	android.permission.READ_EXTERNAL_STORAGE;android.permission.READ_PHONE_STATE;android.permission.WRITE_EXTERNAL_STORAGE	?	
system/system/priv-app/DocumentsUIGoogle/DocumentsUIGoogle-ldpi.apk	?	?	?	?	?			yes	android.permission.READ_EXTERNAL_STORAGE;android.permission.READ_PHONE_STATE;android.permission.WRITE_EXTERNAL_STORAGE	?	
system/system/priv-app/DocumentsUIGoogle/DocumentsUIGoogle-mdpi.apk	?	?	?	?	?			yes	android.permission.READ_EXTERNAL_STORAGE;android.permission.READ_PHONE_STATE;android.permission.WRITE_EXTERNAL_STORAGE	?	
system/system/priv-app/DocumentsUIGoogle/DocumentsUIGoogle-tvdpi.apk	?	?	?	?	?			yes	android.permission.READ_EXTERNAL_STORAGE;android.permission.READ_PHONE_STATE;android.permission.WRITE_EXTERNAL_STORAGE	?	
system/system/priv-app/DocumentsUIGoogle/DocumentsUIGoogle-xhdpi.apk	?	?	?	?	?			yes	android.permission.READ_EXTERNAL_STORAGE;android.permission.READ_PHONE_STATE;android.permission.WRITE_EXTERNAL_STORAGE	?	
system/system/priv-app/DocumentsUIGoogle/DocumentsUIGoogle-xxhdpi.apk	?	?	?	?	?			yes	android.permission.READ_EXTERNAL_STORAGE;android.permission.READ_PHONE_STATE;android.permission.WRITE_EXTERNAL_STORAGE	?	
system/system/priv-app/DocumentsUIGoogle/DocumentsUIGoogle-xxxhdpi.apk	?	?	?	?	?			yes	android.permission.READ_EXTERNAL_STORAGE;android.permission.READ_PHONE_STATE;android.permission.WRITE_EXTERNAL_STORAGE	?	
system/system/priv-app/DocumentsUIGoogle/DocumentsUIGoogle.apk	com.google.android.documentsui	16	360526000	30	36	Files		yes	android.permission.CACHE_CONTENT;android.permission.CHANGE_OVERLAY_PACKAGES;android.permission.FOREGROUND_SERVICE;android.permission.FOREGROUND_SERVICE_DATA_SYNC;android.permission.HIDE_OVERLAY_WINDOWS;android.permission.INTERACT_ACROSS_USERS;android.permission.LOG_COMPAT_CHANGE;android.permission.MANAGE_DOCUMENTS;android.permission.MODIFY_QUIET_MODE;android.permission.POST_NOTIFICATIONS;android.permission.QUERY_ALL_PACKAGES;android.permission.READ_COMPAT_CHANGE_CONFIG;android.permission.READ_DEVICE_CONFIG;android.permission.RECEIVE_BOOT_COMPLETED;android.permission.REMOVE_TASKS;android.permission.START_FOREGROUND_SERVICES_FROM_BACKGROUND;android.permission.WAKE_LOCK;com.google.android.documentsui.DYNAMIC_RECEIVER_NOT_EXPORTED_PERMISSION	?	
system/system/priv-app/DownloadProvider_MFV/DownloadProvider_MFV.apk	com.android.providers.downloads	16.0.000.000.2604150850	160000	29	36	Download Manager		yes	android.permission.ACCESS_ALL_DOWNLOADS;android.permission.ACCESS_CACHE_FILESYSTEM;android.permission.ACCESS_DOWNLOAD_MANAGER;android.permission.ACCESS_NETWORK_STATE;android.permission.CLEAR_APP_CACHE;android.permission.CONNECTIVITY_INTERNAL;android.permission.CONNECTIVITY_USE_RESTRICTED_NETWORKS;android.permission.INTERNET;android.permission.POST_NOTIFICATIONS;android.permission.READ_EXTERNAL_STORAGE;android.permission.RECEIVE_BOOT_COMPLETED;android.permission.SEND_DOWNLOAD_COMPLETED_INTENTS;android.permission.START_ACTIVITIES_FROM_BACKGROUND;android.permission.UPDATE_APP_OPS_STATS;android.permission.UPDATE_DEVICE_STATS;android.permission.WAKE_LOCK;android.permission.WRITE_EXTERNAL_STORAGE;zte.permission.BIND_DATA_COLLECTION	?	
system/system/priv-app/DownloadUI_MFV_abroad/DownloadUI_MFV_abroad.apk	com.android.providers.downloads.ui	16.0.000.000.2604150850	160000	29	36	Downloads		yes	android.permission.ACCESS_ALL_DOWNLOADS;android.permission.SEND_DOWNLOAD_COMPLETED_INTENTS;android.permission.VIBRATE;com.android.providers.downloads.ui.DYNAMIC_RECEIVER_NOT_EXPORTED_PERMISSION;zte.permission.BIND_DATA_COLLECTION	?	
system/system/priv-app/DynamicSystemInstallationService/DynamicSystemInstallationService.apk	com.android.dynsystem	16	36	36	36	Dynamic System Updates		yes	android.permission.FOREGROUND_SERVICE;android.permission.FOREGROUND_SERVICE_SYSTEM_EXEMPTED;android.permission.INTERNET;android.permission.MANAGE_DYNAMIC_SYSTEM;android.permission.POST_NOTIFICATIONS;android.permission.READ_OEM_UNLOCK_STATE;android.permission.REBOOT;android.permission.RECEIVE_BOOT_COMPLETED	?	
system/system/priv-app/E2eeContactKeysProvider/E2eeContactKeysProvider.apk	com.android.providers.contactkeys	16	36	36	36	ContactsKeys Storage		yes		?	
system/system/priv-app/ExternalStorageProvider/ExternalStorageProvider.apk	com.android.externalstorage	16	36	36	36	External Storage		yes	android.permission.MANAGE_EXTERNAL_STORAGE;android.permission.MOUNT_UNMOUNT_FILESYSTEMS;android.permission.READ_EXTERNAL_STORAGE;android.permission.WRITE_EXTERNAL_STORAGE;android.permission.WRITE_MEDIA_STORAGE	?	
system/system/priv-app/FaceVerify_ZTE/FaceVerify_ZTE.apk	com.zte.faceverify	5.30.0 MyOS14.5	50030	36	36	Face recognition		yes	android.Manifest.permission.CHANGE_COMPONENT_ENABLED_STATE;android.permission.ACCESS_KEYGUARD_SECURE_STORAGE;android.permission.CAMERA;android.permission.CONTROL_DISPLAY_BRIGHTNESS;android.permission.DEVICE_POWER;android.permission.INTERACT_ACROSS_USERS_FULL;android.permission.MANAGE_BIOMETRIC;android.permission.MANAGE_EXTERNAL_STORAGE;android.permission.MANAGE_USERS;android.permission.MOUNT_UNMOUNT_FILESYSTEMS;android.permission.QUERY_ALL_PACKAGES;android.permission.READ_EXTERNAL_STORAGE;android.permission.RECEIVE_BOOT_COMPLETED;android.permission.SYSTEM_CAMERA;android.permission.USE_BIOMETRIC_INTERNAL;android.permission.VIBRATE;android.permission.WRITE_EXTERNAL_STORAGE;android.permission.WRITE_SECURE_SETTINGS;android.permission.WRITE_SETTINGS;android.permission.ZTE_HS_INTERFACE;com.statistics.permission.STATISTICS_SERVICE;com.zte.permission.zgesture;com.zte.privacyzone.permission.READ_SETTINGS;com.zte.privacyzone.permission.WRITE_SETTINGS;mfvsettings.permission.FINGERPRINT;setupwizard.permission.SEND_BROADCAST;zte.permission.BIND_ANALYTICS;zte.permission.BIND_DATA_COLLECTION	?	
system/system/priv-app/FileMgr_MFV_abroad/FileMgr_MFV_abroad.apk	zte.com.cn.filer	16.0.000.000.2604201907	160000	29	36	File Manager		yes	android.permission.ACCESS_NETWORK_STATE;android.permission.CACHE_CONTENT;android.permission.GET_PACKAGE_SIZE;android.permission.INTERACT_ACROSS_USERS;android.permission.INTERACT_ACROSS_USERS_FULL;android.permission.INTERNET;android.permission.MANAGE_EXTERNAL_STORAGE;android.permission.MANAGE_USERS;android.permission.NFC;android.permission.QUERY_ALL_PACKAGES;android.permission.READ_EXTERNAL_STORAGE;android.permission.READ_MEDIA_AUDIO;android.permission.READ_MEDIA_IMAGES;android.permission.READ_MEDIA_VIDEO;android.permission.READ_PHONE_STATE;android.permission.READ_PRIVILEGED_PHONE_STATE;android.permission.REQUEST_INSTALL_PACKAGES;android.permission.USE_RESERVED_DISK;android.permission.VIBRATE;android.permission.WAKE_LOCK;android.permission.WRITE_EXTERNAL_STORAGE;android.permission.WRITE_MEDIA_STORAGE;android.permission.WRITE_SECURE_SETTINGS;android.permission.WRITE_SETTINGS;com.android.launcher.permission.INSTALL_SHORTCUT;com.zte.heartyservice.permission.WRITE_SETTINGS;com.zte.systemui.permission.UNLOCK_SPACE;org.zx.AuthComp.permission.GET_USER_INFO;systemui.permission.read_privatespace_provider;zte.com.cn.filer.DYNAMIC_RECEIVER_NOT_EXPORTED_PERMISSION;zte.permission.BIND_NEW_PRIVACY_CONTROLER;zte.permission.READ_NEW_PRIVACY	?	
system/system/priv-app/FingerFlashPay_ZTE/FingerFlashPay_ZTE.apk	com.zte.fingerflashpay	16.1.000.2604161149	160000	29	36			yes		?	
system/system/priv-app/FingerPrintSettings_ABROAD/FingerPrintSettings_ABROAD.apk	com.zte.fingerprints	16.1.000.2604162021	160000	31	36	Fingerprint service		yes	android.permission.ACCESS_KEYGUARD_SECURE_STORAGE;android.permission.ACCESS_NETWORK_STATE;android.permission.ACCESS_WIFI_STATE;android.permission.FOREGROUND_SERVICE;android.permission.INTERACT_ACROSS_USERS;android.permission.INTERACT_ACROSS_USERS_FULL;android.permission.INTERNET;android.permission.MANAGE_FINGERPRINT;android.permission.MANAGE_USERS;android.permission.QUERY_ALL_PACKAGES;android.permission.RECEIVE_BOOT_COMPLETED;android.permission.SYSTEM_ALERT_WINDOW;android.permission.SYSTEM_OVERLAY_WINDOW;android.permission.USER_ACTIVITY;android.permission.USE_BIOMETRIC;android.permission.USE_BIOMETRIC_INTERNAL;android.permission.USE_FINGERPRINT;android.permission.VIBRATE;android.permission.WAKE_LOCK;android.permission.WRITE_SETTINGS;android.permission.ZTE_HS_INTERFACE;android.permission.ZTE_PRIVACY_INTERNAL;com.android.systemui.mfv.permission.SYSTEMUI_UNLOCK;com.fingerprints.service.ACCESS_FINGERPRINT_MANAGER;com.zte.faceverify.permission.START_ACTIVITY;com.zte.fingerprints.DYNAMIC_RECEIVER_NOT_EXPORTED_PERMISSION;com.zte.mifavor.launcher.permission.READ_SETTINGS;com.zte.mifavor.outerscreen.home.provider.read;com.zte.privacyzone.permission.READ_SETTINGS;com.zte.privacyzone.permission.WRITE_SETTINGS;mfvsettings.permission.FINGERPRINT;setupwizard.permission.SEND_BROADCAST;theme.permission.receivechange;zte.permission.FINGERPRINT;zte.permission.IGNORE_FAILED_ATTEMPTS	?	
system/system/priv-app/FingerprintSensorUi_ZTE/FingerprintSensorUi_ZTE.apk	com.fingerprint.sensorservice	16.1.000.2604171738	160000	32	36	SensorService		yes	android.permission.ACCESS_HIDDEN_PROFILES;android.permission.DEVICE_POWER;android.permission.DISABLE_KEYGUARD;android.permission.INTERACT_ACROSS_USERS_FULL;android.permission.READ_FRAME_BUFFER;android.permission.RECEIVE_BOOT_COMPLETED;android.permission.SYSTEM_ALERT_WINDOW;android.permission.SYSTEM_OVERLAY_WINDOW;android.permission.USE_BIOMETRIC;android.permission.USE_FINGERPRINT;android.permission.VIBRATE;android.permission.WAKE_LOCK;com.android.systemui.permission.MFVKEYGUARD;sensor.service.permission.FLOAT_WINDOW;zte.permission.FINGERPRINT	?	
system/system/priv-app/FingerprintService_ZTE/FingerprintService_ZTE.apk	com.ztefingerprint.service	16.1.000.2604161137	160000	30	36	com.fingerprints.service		yes	android.permission.ADD_SYSTEM_SERVICE;android.permission.INTERACT_ACROSS_USERS;android.permission.INTERACT_ACROSS_USERS_FULL;android.permission.MANAGE_FINGERPRINT;android.permission.MODIFY_PHONE_STATE;android.permission.QUERY_ALL_PACKAGES;android.permission.RECEIVE_BOOT_COMPLETED;android.permission.SYSTEM_OVERLAY_WINDOW;android.permission.USE_BIOMETRIC;android.permission.USE_FINGERPRINT;android.permission.ZTE_PRIVACY_INTERNAL;com.android.systemui.mfv.permission.SYSTEMUI_UNLOCK;com.zte.faceverify.permission.START_ACTIVITY;com.zte.halo.permission.halospeechservice;com.zte.privacyzone.permission.READ_SETTINGS;com.zte.privacyzone.permission.WRITE_SETTINGS;theme.permission.receivechange;zte.permission.FINGERPRINT	?	
system/system/priv-app/FusedLocation/FusedLocation.apk	com.android.location.fused	16	36	36	36	Fused Location		yes	android.permission.ACCESS_BACKGROUND_LOCATION;android.permission.ACCESS_COARSE_LOCATION;android.permission.ACCESS_FINE_LOCATION;android.permission.ACCESS_LOCATION_EXTRA_COMMANDS;android.permission.INSTALL_LOCATION_PROVIDER;android.permission.INTERACT_ACROSS_USERS_FULL;android.permission.UPDATE_APP_OPS_STATS;android.permission.UPDATE_DEVICE_STATS	?	
system/system/priv-app/GamePi/GamePi.apk	cn.nubia.gamepi	155.00.00.2604151631	100	28	36	GamePi		yes	android.permission.ACCESS_NETWORK_STATE;android.permission.ACCESS_WIFI_STATE;android.permission.GET_TASKS;android.permission.INTERACT_ACROSS_USERS_FULL;android.permission.WRITE_SECURE_SETTINGS;android.permission.WRITE_SETTINGS;cn.nubia.permission.BIND_DATA_COLLECTION;zte.permission.BIND_DATA_COLLECTION	?	
system/system/priv-app/GameSpace/GameSpace.apk	cn.nubia.gamelauncher	16.0.000.000.2604202044	261	33	36	Game Space		yes	android.permission.ACCESS_NETWORK_STATE;android.permission.ACCESS_SHORTCUTS;android.permission.ACCESS_WIFI_STATE;android.permission.BLUETOOTH;android.permission.BLUETOOTH_ADMIN;android.permission.CHANGE_WIFI_STATE;android.permission.CONTROL_DISPLAY_BRIGHTNESS;android.permission.DELETE_PACKAGES;android.permission.EXPAND_STATUS_BAR;android.permission.FORCE_STOP_PACKAGES;android.permission.FOREGROUND_SERVICE;android.permission.INJECT_EVENTS;android.permission.INTERACT_ACROSS_USERS_FULL;android.permission.INTERNAL_SYSTEM_WINDOW;android.permission.INTERNET;android.permission.MANAGE_ACTIVITY_STACKS;android.permission.MANAGE_EXTERNAL_STORAGE;android.permission.MANAGE_PROFILE_AND_DEVICE_OWNERS;android.permission.MANAGE_USERS;android.permission.MODIFY_AUDIO_SETTINGS;android.permission.MONITOR_INPUT;android.permission.POST_NOTIFICATIONS;android.permission.QUERY_ALL_PACKAGES;android.permission.READ_DEVICE_CONFIG;android.permission.READ_EXTERNAL_STORAGE;android.permission.READ_FRAME_BUFFER;android.permission.READ_PHONE_STATE;android.permission.REAL_GET_TASKS;android.permission.RECORD_AUDIO;android.permission.STATUS_BAR;android.permission.STATUS_BAR_SERVICE;android.permission.SYSTEM_ALERT_WINDOW;android.permission.SYSTEM_OVERLAY_WINDOW;android.permission.VIBRATE;android.permission.WAKE_LOCK;android.permission.WRITE_EXTERNAL_STORAGE;android.permission.WRITE_SECURE_SETTINGS;android.permission.WRITE_SETTINGS;android.permission.ZTE_HS_INTERFACE;android.permission._SECURE_SETTINGS;cn.nubia.gamelauncher.DYNAMIC_RECEIVER_NOT_EXPORTED_PERMISSION;cn.nubia.launcher.permission.READ_SETTINGS;cn.nubia.launcher.permission.WRITE_SETTINGS;cn.nubia.neostore.downloadService;cn.nubia.permission.BIND_DATA_COLLECTION;cn.nubia.permission.PROCESS_MANAGER;cn.nubia.permission.SET_NUBIA_JOB;cn.nubia.permissioncapsule.BIND_USAGE_STATS;cn.nubia.tgk.permission.FILE_PROVIDER;com.android.launcher.permission.INSTALL_SHORTCUT;com.android.launcher.permission.READ_SETTINGS;com.android.launcher.permission.UNINSTALL_SHORTCUT;com.android.launcher2.permission.READ_SETTINGS;com.android.launcher3.permission.READ_SETTINGS;com.android.ztescreenshot.permission.SCREENSHOT;com.tencent.inlab.tcsystem.permission.SOLARCORE;com.tencent.inlab.tcsystem.permission.SOLARCORE_RECEIVER;launchermfv.permission.DYNAMIC_SHOW_HIDDEN_APPS;mfvsettings.permission.SEARCH;nubia.permission.arkbase.DATA_COLLECTION;nubia.permission.arkbase.USAGE_TIME;zte.permission.BIND_DATA_COLLECTION	?	
system/system/priv-app/Gesture_ZTE/Gesture_ZTE.apk	com.zte.zgesture	16.1.000.2604201731	21610000	31	36	Gesture & motion		yes	android.permission.ACCESS_NETWORK_STATE;android.permission.ACCESS_WIFI_STATE;android.permission.INTERACT_ACROSS_USERS;android.permission.INTERNET;android.permission.MODIFY_AUDIO_SETTINGS;android.permission.RECEIVE_BOOT_COMPLETED;android.permission.VIBRATE;android.permission.WRITE_SETTINGS;android.permission.ZDM_RECOVERY_REBOOT;com.android.systemui.permission.MFVKEYGUARD;com.zte.zgesture.DYNAMIC_RECEIVER_NOT_EXPORTED_PERMISSION;launchermfv.permission.UPDATE_LIMIT_APPS;zte.permission.BIND_DATA_COLLECTION	?	
system/system/priv-app/GooglePackageInstaller/GooglePackageInstaller.apk	com.google.android.packageinstaller	16-14848146	36	36	36	Package installer		yes	android.permission.DELETE_PACKAGES;android.permission.FOREGROUND_SERVICE;android.permission.FOREGROUND_SERVICE_SYSTEM_EXEMPTED;android.permission.HIDE_NON_SYSTEM_OVERLAY_WINDOWS;android.permission.INSTALL_PACKAGES;android.permission.INTERACT_ACROSS_USERS_FULL;android.permission.MANAGE_APP_OPS_MODES;android.permission.MANAGE_USERS;android.permission.PACKAGE_USAGE_STATS;android.permission.POST_NOTIFICATIONS;android.permission.QUERY_ALL_PACKAGES;android.permission.READ_INSTALLED_SESSION_PATHS;android.permission.READ_INSTALL_SESSIONS;android.permission.READ_SYSTEM_GRAMMATICAL_GENDER;android.permission.RECEIVE_BOOT_COMPLETED;android.permission.RESOLVE_COMPONENT_FOR_UID;android.permission.SUBSTITUTE_NOTIFICATION_APP_NAME;android.permission.UPDATE_APP_OPS_STATS;android.permission.USE_RESERVED_DISK;android.permission.WAKE_LOCK;com.android.packageinstaller.DYNAMIC_RECEIVER_NOT_EXPORTED_PERMISSION;com.google.android.permission.INSTALL_WEARABLE_PACKAGES	?	
system/system/priv-app/InputDevices/InputDevices.apk	com.android.inputdevices	16	36	36	36	Input Devices		yes		?	
system/system/priv-app/InspiredWallpaper_RedMagic/InspiredWallpaper_RedMagic.apk	cn.nubia.inspiredwallpaper	16.0.000.002.2604201551	160000	30	36	Super wallpaper		yes	android.permission.ACCESS_NETWORK_STATE;android.permission.ACCESS_WIFI_STATE;android.permission.BIND_WALLPAPER;android.permission.FOREGROUND_SERVICE;android.permission.INTERNET;android.permission.MONITOR_INPUT;android.permission.QUERY_ALL_PACKGES;android.permission.READ_WALLPAPER_INTERNAL;android.permission.RECEIVE_BOOT_COMPLETED;android.permission.REQUEST_DELETE_PACKAGES;android.permission.REQUEST_INSTALL_PACKAGES;android.permission.SCHEDULE_EXACT_ALARM;android.permission.SET_WALLPAPER;android.permission.SET_WALLPAPER_COMPONENT;android.permission.SYSTEM_ALERT_WINDOW;android.permission.USE_EXACT_ALARM;android.permission.VIBRATE;android.permission.WAKE_LOCK;android.permission.WRITE_SECURE_SETTINGS;cn.nubia.permission.BIND_DATA_COLLECTION;com.android.alarm.permission.SET_ALARM;com.android.launcher.permission.INSTALL_SHORTCUT;com.google.android.finsky.permission.BIND_GET_INSTALL_REFERRER_SERVICE;com.google.android.gms.permission.AD_ID;launchermfv.permission.nubia;nubia.permission.nbaccountservice;nubia.permission.nbservice;zte.permission.BIND_DATA_COLLECTION;zte.permission.ZMS	?	
system/system/priv-app/IntentResolver/IntentResolver.apk	?	?	?	36	36	IntentResolver		yes	android.permission.ACCESS_SHORTCUTS;android.permission.BIND_RESOLVER_RANKER_SERVICE;android.permission.GET_ANY_PROVIDER_TYPE;android.permission.INTERACT_ACROSS_USERS_FULL;android.permission.INTERNAL_SYSTEM_WINDOW;android.permission.LOG_COMPAT_CHANGE;android.permission.MANAGE_APP_PREDICTIONS;android.permission.MANAGE_EXTERNAL_STORAGE;android.permission.MANAGE_USERS;android.permission.PACKAGE_USAGE_STATS;android.permission.QUERY_ALL_PACKAGES;android.permission.QUERY_CLONED_APPS;android.permission.READ_COMPAT_CHANGE_CONFIG;android.permission.READ_DEVICE_CONFIG;android.permission.RECEIVE_BOOT_COMPLETED;android.permission.REPORT_USAGE_STATS;android.permission.SET_CLIP_SOURCE;android.permission.START_ACTIVITY_AS_CALLER;android.permission.UNLIMITED_SHORTCUTS_API_CALLS;com.android.intentresolver.DYNAMIC_RECEIVER_NOT_EXPORTED_PERMISSION	?	
system/system/priv-app/KeyMapCenter_magic/KeyMapCenter_magic.apk	cn.nubia.keymapcenter	17.0.000.2604161552	17260414	33	37	Key Remapping		yes	android.permission.FOREGROUND_SERVICE;android.permission.INJECT_EVENTS;android.permission.INTERNAL_SYSTEM_WINDOW;android.permission.MONITOR_INPUT;android.permission.QUERY_ALL_PACKAGES;android.permission.READ_FRAME_BUFFER;android.permission.REAL_GET_TASKS;android.permission.SYSTEM_ALERT_WINDOW;android.permission.SYSTEM_APPLICATION_OVERLAY;android.permission.VIBRATE;android.permission.WRITE_SECURE_SETTINGS;cn.nubia.keymousemap.permission.KEY_MOUSE_PROVIDER;cn.nubia.localkeymouse.permission.FILE_PROVIDER;cn.nubia.localkeymouse.permission.LKM_PROVIDER;cn.nubia.permission.BIND_DATA_COLLECTION;com.android.ztescreenshot.permission.SCREENSHOT;zte.permission.BIND_DATA_COLLECTION	?	
system/system/priv-app/LauncherAdapter_MFV/LauncherAdapter_MFV.apk	com.zte.mifavor.launcher.adapter	16.0.000.000.2511101813	160000	33	36	LauncherAdapter5		yes	android.permission.DELETE_PACKAGES;android.permission.FORCE_STOP_PACKAGES;android.permission.GRANT_REVOKE_PERMISSIONS;android.permission.INTERACT_ACROSS_USERS;android.permission.INTERACT_ACROSS_USERS_FULL;android.permission.MANAGE_APP_OPS_MODES;android.permission.RECEIVE_BOOT_COMPLETED;android.permission.STATUS_BAR;android.permission.ZTE_HEARTYSERVICE_MANAGEMENT;com.android.email.permission.ACCESS_PROVIDER	?	
system/system/priv-app/LauncherBeautifyAdapter/LauncherBeautifyAdapter.apk	com.zte.beautifyadapter	15.0.010.001.2604161654	15010	31	35	ZThemeManagerService		yes	android.permission.FOREGROUND_SERVICE;android.permission.MANAGE_EXTERNAL_STORAGE;android.permission.QUERY_ALL_PACKAGES;android.permission.RECEIVE_BOOT_COMPLETED;android.permission.SET_WALLPAPER;android.permission.SET_WALLPAPER_COMPONENT;android.permission.WRITE_SECURE_SETTINGS;android.permission.WRITE_SETTINGS;androidzte.permission.ZTE_THEME_CHANGE;com.zte.aigc.billing;com.zte.mifavor.stat.USER_STAT;com.zte.theme.permission.fileprovider;mfvkeyguard.permission.START_MFVKEYGUARD;theme.permission.receivechange;ztelockscreen.permission.START_ZTELOCKSCREEN	?	
system/system/priv-app/LauncherBeautify_MFV_abroad/LauncherBeautify_MFV_abroad.apk	com.zte.beautify	16.1.000.000.2604161955	161000	33	36	Themes & wallpapers		yes	alarmclock.permission.ALARM_DB;alarmclock.permission.SET_ALARM_DEFAULT_RINGTONE;android.permission.ACCESS_NETWORK_STATE;android.permission.BIND_WALLPAPER;android.permission.INTERACT_ACROSS_USERS_FULL;android.permission.INTERNET;android.permission.MANAGE_EXTERNAL_STORAGE;android.permission.NFC;android.permission.QUERY_ALL_PACKAGES;android.permission.SET_WALLPAPER;android.permission.SET_WALLPAPER_COMPONENT;android.permission.SYSTEM_ALERT_WINDOW;android.permission.VIBRATE;android.permission.WRITE_SECURE_SETTINGS;android.permission.WRITE_SETTINGS;androidzte.permission.ZTE_THEME_CHANGE;com.android.systemui.permission.MFVKEYGUARD;com.android.systemui.permission.fileprovider;com.zte.aigc.billing;com.zte.beautifyadapter.applytheme;com.zte.mifavor.launcher.permission.RECEIVE_LAUNCH_BROADCASTS;com.zte.mifavor.stat.USER_STAT;com.zte.systemui.permission.RECEIVE_SYSTEMUI_BROADCASTS;launchermfv.permission.READ_APP_UNREAD_BADGE;launchermfv.permission.RESET_THEME;launchermfv.permission.USE_BACKUP_RESTORE;launchermfv.permission.USE_ONLINE_RECEIVER;mfvkeyguard.permission.START_MFVKEYGUARD;theme.permission.receivechange;ztelockscreen.permission.START_ZTELOCKSCREEN	?	
system/system/priv-app/LiveWallpapersPicker/LiveWallpapersPicker.apk	com.android.wallpaper.livepicker	16	36	36	36	Live Wallpaper Picker		yes	android.permission.BIND_WALLPAPER;android.permission.QUERY_ALL_PACKAGES;android.permission.SET_WALLPAPER;android.permission.SET_WALLPAPER_COMPONENT;com.android.wallpaper.livepicker.DYNAMIC_RECEIVER_NOT_EXPORTED_PERMISSION	?	
system/system/priv-app/LocalTransport/LocalTransport.apk	com.android.localtransport	16	36	36	36			yes		?	
system/system/priv-app/ManagedProvisioning/ManagedProvisioning.apk	com.android.managedprovisioning	16	36	36	36	Work Setup		yes	android.permission.ACCESS_NETWORK_STATE;android.permission.ACCESS_PDB_STATE;android.permission.ACCESS_WIFI_STATE;android.permission.BIND_DEVICE_ADMIN;android.permission.CHANGE_COMPONENT_ENABLED_STATE;android.permission.CHANGE_CONFIGURATION;android.permission.CHANGE_WIFI_STATE;android.permission.CONFIGURE_INTERACT_ACROSS_PROFILES;android.permission.CRYPT_KEEPER;android.permission.DELETE_PACKAGES;android.permission.FOREGROUND_SERVICE;android.permission.HIDE_OVERLAY_WINDOWS;android.permission.INSTALL_PACKAGES;android.permission.INTERACT_ACROSS_USERS;android.permission.INTERACT_ACROSS_USERS_FULL;android.permission.INTERNET;android.permission.LAUNCH_DEVICE_MANAGER_SETUP;android.permission.MANAGE_ACCOUNTS;android.permission.MANAGE_APP_OPS_MODES;android.permission.MANAGE_DEVICE_ADMINS;android.permission.MANAGE_PROFILE_AND_DEVICE_OWNERS;android.permission.MANAGE_ROLE_HOLDERS;android.permission.MANAGE_USERS;android.permission.MARK_DEVICE_ORGANIZATION_OWNED;android.permission.MASTER_CLEAR;android.permission.NETWORK_MANAGED_PROVISIONING;android.permission.NFC;android.permission.PEERS_MAC_ADDRESS;android.permission.PERFORM_CDMA_PROVISIONING;android.permission.POST_NOTIFICATIONS;android.permission.QUERY_ALL_PACKAGES;android.permission.READ_PRIVILEGED_PHONE_STATE;android.permission.RECEIVE_BOOT_COMPLETED;android.permission.SET_TIME;android.permission.SET_TIME_ZONE;android.permission.SHUTDOWN;android.permission.START_ACTIVITIES_FROM_BACKGROUND;android.permission.START_FOREGROUND_SERVICES_FROM_BACKGROUND;android.permission.USE_COLORIZED_NOTIFICATIONS;android.permission.WRITE_SECURE_SETTINGS;android.permission.WRITE_SETTINGS;com.android.managedprovisioning.DYNAMIC_RECEIVER_NOT_EXPORTED_PERMISSION;com.google.android.setupwizard.SETUP_COMPAT_SERVICE	?	
system/system/priv-app/MediaProviderLegacy/MediaProviderLegacy.apk	com.android.providers.media	16	1024	36	36			yes	com.android.providers.media.DYNAMIC_RECEIVER_NOT_EXPORTED_PERMISSION	?	
system/system/priv-app/MmsService/MmsService.apk	com.android.mms.service	16	36	36	36	MmsService		yes	android.permission.BIND_CARRIER_SERVICES;android.permission.BROADCAST_WAP_PUSH;android.permission.INTERACT_ACROSS_USERS;android.permission.MANAGE_SUBSCRIPTION_USER_ASSOCIATION;android.permission.READ_PHONE_STATE;android.permission.READ_SMS;android.permission.RECEIVE_BOOT_COMPLETED;android.permission.WRITE_SMS	?	
system/system/priv-app/MtpService/MtpService.apk	com.android.mtp	16	36	36	36	MTP Host		yes	android.permission.ACCESS_MTP;android.permission.FOREGROUND_SERVICE;android.permission.FOREGROUND_SERVICE_DATA_SYNC;android.permission.INTERACT_ACROSS_USERS;android.permission.MANAGE_EXTERNAL_STORAGE;android.permission.MANAGE_USB;android.permission.MANAGE_USERS;android.permission.POST_NOTIFICATIONS;android.permission.RECEIVE_BOOT_COMPLETED;android.permission.WRITE_MEDIA_STORAGE;com.android.mtp.DYNAMIC_RECEIVER_NOT_EXPORTED_PERMISSION	?	
system/system/priv-app/MusicFX/MusicFX.apk	com.android.musicfx	1.4	10400	36	36	MusicFX		yes	android.permission.CHANGE_COMPONENT_ENABLED_STATE;android.permission.MODIFY_AUDIO_SETTINGS;com.android.musicfx.DYNAMIC_RECEIVER_NOT_EXPORTED_PERMISSION	?	
system/system/priv-app/NBFan/NBFan.apk	cn.nubia.fan	17.0.000.2604171807	17260415	34	37	Cooling fan		yes	android.permission.ACCESS_NETWORK_STATE;android.permission.ACCESS_WIFI_STATE;android.permission.FOREGROUND_SERVICE;android.permission.INTERNAL_SYSTEM_WINDOW;android.permission.INTERNET;android.permission.MANAGE_APP_TOKENS;android.permission.MANAGE_EXTERNAL_STORAGE;android.permission.MODIFY_AUDIO_ROUTING;android.permission.MOUNT_UNMOUNT_FILESYSTEMS;android.permission.POST_NOTIFICATIONS;android.permission.QUERY_ALL_PACKAGES;android.permission.READ_EXTERNAL_STORAGE;android.permission.READ_PHONE_STATE;android.permission.REQUEST_INSTALL_PACKAGES;android.permission.SYSTEM_ALERT_WINDOW;android.permission.VIBRATE;android.permission.WRITE_EXTERNAL_STORAGE;android.permission.WRITE_MEDIA_STORAGE;android.permission.WRITE_SECURE_SETTINGS;android.permission.WRITE_SETTINGS;cn.nubia.fan.DYNAMIC_RECEIVER_NOT_EXPORTED_PERMISSION;zte.permission.BIND_DATA_COLLECTION	?	
system/system/priv-app/NetworkStackGoogle/NetworkStackGoogle-arm64_v8a.apk	?	?	?	?	?			yes	android.permission.READ_EXTERNAL_STORAGE;android.permission.READ_PHONE_STATE;android.permission.WRITE_EXTERNAL_STORAGE	?	
system/system/priv-app/NetworkStackGoogle/NetworkStackGoogle.apk	com.google.android.networkstack	16	360526280	30	36	Network manager		yes	android.permission.ACCESS_COARSE_LOCATION;android.permission.ACCESS_FINE_LOCATION;android.permission.ACCESS_NETWORK_STATE;android.permission.ACCESS_WIFI_STATE;android.permission.CONNECTIVITY_INTERNAL;android.permission.INTERACT_ACROSS_USERS;android.permission.INTERNET;android.permission.MAINLINE_NETWORK_STACK;android.permission.MANAGE_USERS;android.permission.READ_DEVICE_CONFIG;android.permission.READ_PRIVILEGED_PHONE_STATE;android.permission.WAKE_LOCK	?	
system/system/priv-app/NextAppCommon/NextAppCommon.apk	com.zoem.rt	2.0.1.485	2349	26	35	NextApp		yes	android.permission.ACCESS_COARSE_LOCATION;android.permission.ACCESS_FINE_LOCATION;android.permission.ACCESS_NETWORK_STATE;android.permission.ACCESS_WIFI_STATE;android.permission.ACTIVITY_RECOGNITION;android.permission.CALL_PHONE;android.permission.DOWNLOAD_WITHOUT_NOTIFICATION;android.permission.FOREGROUND_SERVICE;android.permission.INSTALL_PACKAGES;android.permission.INTERNET;android.permission.MANAGE_EXTERNAL_STORAGE;android.permission.POST_NOTIFICATIONS;android.permission.READ_CONTACTS;android.permission.RECEIVE_BOOT_COMPLETED;android.permission.REQUEST_INSTALL_PACKAGES;android.permission.SCHEDULE_EXACT_ALARM;android.permission.WAKE_LOCK;com.google.android.c2dm.permission.RECEIVE;com.google.android.finsky.permission.BIND_GET_INSTALL_REFERRER_SERVICE;com.google.android.gms.permission.ACTIVITY_RECOGNITION;com.google.android.gms.permission.AD_ID	?	
system/system/priv-app/Nfc_st/Nfc_st.apk	com.android.nfc	16	36	36	36	NFC Service		yes	android.permission.ACCESS_VR_STATE;android.permission.ACCESS_WIFI_STATE;android.permission.BIND_NFC_SERVICE;android.permission.BIND_RESOLVER_RANKER_SERVICE;android.permission.BLUETOOTH;android.permission.BLUETOOTH_ADMIN;android.permission.BLUETOOTH_CONNECT;android.permission.BLUETOOTH_PRIVILEGED;android.permission.BLUETOOTH_SCAN;android.permission.CHANGE_WIFI_STATE;android.permission.DEVICE_POWER;android.permission.DISPATCH_NFC_MESSAGE;android.permission.DUMP;android.permission.GET_TASKS;android.permission.HIDE_NON_SYSTEM_OVERLAY_WINDOWS;android.permission.INTERACT_ACROSS_USERS_FULL;android.permission.INTERNAL_SYSTEM_WINDOW;android.permission.INTERNET;android.permission.LOCAL_MAC_ADDRESS;android.permission.MANAGE_ROLE_HOLDERS;android.permission.MANAGE_USERS;android.permission.MASTER_CLEAR;android.permission.MODIFY_PHONE_STATE;android.permission.NFC;android.permission.NFC_HANDOVER_STATUS;android.permission.NFC_SET_CONTROLLER_ALWAYS_ON;android.permission.OBSERVE_ROLE_HOLDERS;android.permission.OVERRIDE_WIFI_CONFIG;android.permission.PACKAGE_USAGE_STATS;android.permission.POST_NOTIFICATIONS;android.permission.QUERY_ALL_PACKAGES;android.permission.QUERY_CLONED_APPS;android.permission.READ_CONTACTS;android.permission.READ_DEVICE_CONFIG;android.permission.READ_EXTERNAL_STORAGE;android.permission.READ_FRAME_BUFFER;android.permission.READ_PHONE_STATE;android.permission.READ_PRIVILEGED_PHONE_STATE;android.permission.READ_PROFILE;android.permission.REAL_GET_TASKS;android.permission.RECEIVE_BOOT_COMPLETED;android.permission.REQUEST_INSTALL_PACKAGES;android.permission.SET_ACTIVITY_WATCHER;android.permission.SHOW_CUSTOMIZED_RESOLVER;android.permission.START_ACTIVITIES_FROM_BACKGROUND;android.permission.START_ACTIVITIES_FROM_BACKGROUND ;android.permission.STATUS_BAR;android.permission.STOP_APP_SWITCHES;android.permission.SUBSCRIBE_TO_KEYGUARD_LOCKED_STATE;android.permission.SYSTEM_ALERT_WINDOW;android.permission.USER_ACTIVITY;android.permission.VIBRATE;android.permission.WAKE_LOCK;android.permission.WRITE_EXTERNAL_STORAGE;android.permission.WRITE_SECURE_SETTINGS;android.permission.WRITE_SECURITY_LOG;android.permission.WRITE_SETTINGS;com.android.nfc.DYNAMIC_RECEIVER_NOT_EXPORTED_PERMISSION;com.android.permission.ALLOWLIST_BLUETOOTH_DEVICE;zte.permission.BIND_DATA_COLLECTION	?	
system/system/priv-app/NubiaCamera/NubiaCamera.apk	com.android.camera	11.0.010-redmagic.2602261412	40004	30	35	Camera		yes	android.permission.ACCESS_COARSE_LOCATION;android.permission.ACCESS_FINE_LOCATION;android.permission.ACCESS_NETWORK_STATE;android.permission.ACCESS_WIFI_STATE;android.permission.CAMERA;android.permission.CHANGE_WIFI_STATE;android.permission.FOREGROUND_SERVICE;android.permission.INTERNET;android.permission.MANAGE_EXTERNAL_STORAGE;android.permission.MODIFY_AUDIO_SETTINGS;android.permission.POST_NOTIFICATIONS;android.permission.QUERY_ALL_PACKAGES;android.permission.READ_EXTERNAL_STORAGE;android.permission.READ_MEDIA_AUDIO;android.permission.READ_MEDIA_IMAGES;android.permission.READ_MEDIA_VIDEO;android.permission.READ_PHONE_STATE;android.permission.READ_PRIVILEGED_PHONE_STATE;android.permission.RECEIVE_BOOT_COMPLETED;android.permission.RECORD_AUDIO;android.permission.REORDER_TASKS;android.permission.REQUEST_INSTALL_PACKAGES;android.permission.SYSTEM_ALERT_WINDOW;android.permission.USE_FINGERPRINT;android.permission.VIBRATE;android.permission.WAKE_LOCK;android.permission.WRITE_EXTERNAL_STORAGE;android.permission.WRITE_MEDIA_STORAGE;android.permission.WRITE_SETTINGS;android.permission.ZTE_HS_INTERFACE;com.zte.halo.permission.halospeechservice;com.zte.systemui.permission.UNLOCK_SPACE;systemui.permission.read_privatespace_provider;systemui.permission.write_privatespace_provider;zte.com.cn.filer.permission.START_ACTIVITY;zte.permission.BIND_DATA_COLLECTION;zte.permission.BIND_NEW_PRIVACY_CONTROLER;zte.permission.READ_NEW_PRIVACY	?	
system/system/priv-app/NubiaGPUDrivers/NubiaGPUDrivers.apk	cn.nubia.gpu.drivers	16.0.000.2604072008	160004	29	36	GPU driver		yes	android.permission.MANAGE_EXTERNAL_STORAGE;android.permission.RECEIVE_BOOT_COMPLETED	?	
system/system/priv-app/NubiaProjectionScreen/NubiaProjectionScreen.apk	cn.nubia.touping	16.2.17.2604201143	174	28	36	SmartCast		yes	android.permission.ACCESS_COARSE_LOCATION;android.permission.ACCESS_FINE_LOCATION;android.permission.ACCESS_NETWORK_STATE;android.permission.ACCESS_WIFI_STATE;android.permission.CAMERA;android.permission.CAPTURE_AUDIO_OUTPUT;android.permission.CAPTURE_VIDEO_OUTPUT;android.permission.CHANGE_WIFI_MULTICAST_STATE;android.permission.CHANGE_WIFI_STATE;android.permission.CONFIGURE_DISPLAY_COLOR_MODE;android.permission.CONFIGURE_WIFI_DISPLAY;android.permission.CONTROL_DISPLAY_COLOR_TRANSFORMS;android.permission.FOREGROUND_SERVICE;android.permission.FOREGROUND_SERVICE_MEDIA_PROJECTION;android.permission.INJECT_EVENTS;android.permission.INTERACT_ACROSS_USERS;android.permission.INTERNET;android.permission.MODIFY_AUDIO_SETTINGS;android.permission.POST_NOTIFICATIONS;android.permission.QUERY_ALL_PACKAGES;android.permission.RECEIVE_BOOT_COMPLETED;android.permission.RECORD_AUDIO;android.permission.SYSTEM_ALERT_WINDOW;android.permission.SYSTEM_OVERLAY_WINDOW;android.permission.TETHER_PRIVILEGED;android.permission.VIBRATE;android.permission.WAKE_LOCK;android.permission.WRITE_SECURE_SETTINGS;cn.nubia.permission.QUICK_PERMISSION_REQUEST;cn.nubia.touping.DYNAMIC_RECEIVER_NOT_EXPORTED_PERMISSION;zte.permission.BIND_DATA_COLLECTION	?	
system/system/priv-app/NubiaRedmagickyi_RedMagic/NubiaRedmagickyi_RedMagic.apk	cn.nubia.redmagickyi	16.0.000.2604161137	10000	29	36	Mora		yes	android.permission.ACCESS_BACKGROUND_LOCATION;android.permission.ACCESS_COARSE_LOCATION;android.permission.ACCESS_FINE_LOCATION;android.permission.ACCESS_NETWORK_STATE;android.permission.ACCESS_WIFI_STATE;android.permission.BIND_WALLPAPER;android.permission.BLUETOOTH;android.permission.BLUETOOTH_ADMIN;android.permission.BLUETOOTH_CONNECT;android.permission.BROADCAST_STICKY;android.permission.CAMERA;android.permission.CHANGE_NETWORK_STATE;android.permission.CHANGE_WIFI_STATE;android.permission.DEVICE_POWER;android.permission.FOREGROUND_SERVICE;android.permission.FOREGROUND_SERVICE_CAMERA;android.permission.FOREGROUND_SERVICE_LOCATION;android.permission.FOREGROUND_SERVICE_MICROPHONE;android.permission.FOREGROUND_SERVICE_SPECIAL_USE;android.permission.GET_TASKS;android.permission.INTERNAL_SYSTEM_WINDOW;android.permission.INTERNET;android.permission.MANAGE_ACCOUNT;android.permission.MODIFY_AUDIO_ROUTING;android.permission.MODIFY_AUDIO_SETTINGS;android.permission.QUERY_ALL_PACKAGES;android.permission.READ_CALENDAR;android.permission.READ_EXTERNAL_STORAGE;android.permission.READ_FRAME_BUFFER;android.permission.READ_MEDIA_AUDIO;android.permission.READ_MEDIA_IMAGES;android.permission.READ_MEDIA_VIDEO;android.permission.READ_WALLPAPER_INTERNAL;android.permission.RECEIVE_BOOT_COMPLETED;android.permission.RECORD_AUDIO;android.permission.REORDER_TASKS;android.permission.REQUEST_DELETE_PACKAGES;android.permission.REQUEST_INSTALL_PACKAGES;android.permission.SCHEDULE_EXACT_ALARM;android.permission.SET_WALLPAPER;android.permission.SET_WALLPAPER_COMPONENT;android.permission.START_ACTIVITIES_FROM_BACKGROUND;android.permission.START_FOREGROUND_SERVICES_FROM_BACKGROUND;android.permission.SYSTEM_ALERT_WINDOW;android.permission.USE_EXACT_ALARM;android.permission.VIBRATE;android.permission.WAKE_LOCK;android.permission.WRITE_CALENDAR;android.permission.WRITE_EXTERNAL_STORAGE;android.permission.WRITE_SECURE_SETTINGS;android.permission.WRITE_SETTINGS;cn.nubia.launcher.permission.READ_SETTINGS;cn.nubia.launcher.permission.WRITE_SETTINGS;cn.nubia.permission.BIND_DATA_COLLECTION;cn.nubia.redmagickyi.DYNAMIC_RECEIVER_NOT_EXPORTED_PERMISSION;com.android.alarm.permission.SET_ALARM;com.android.launcher.permission.INSTALL_SHORTCUT;com.zte.aiassistant.permission.provider;com.zte.aigc.billing;com.zte.halo.app.permission.wakeup;com.zte.payment.permission.START_PAYMENT;com.zte.voiceassist.wakeup.bind.wakeup;com.zte.voiceassist.wakeup.permission.wakeup.file;com.zte.weather.permission.READ_WEATHER_DATA;launchermfv.permission.DYNAMIC_SHOW_HIDDEN_APPS;launchermfv.permission.USE_BACKUP_RESTORE;launchermfv.permission.nubia;nubia.permission.nbaccountservice;nubia.permission.nbservice;org.zx.AuthComp.permission.GET_USER_INFO;org.zx.AuthComp.permission.START_VERIFY_CODE;zte.permission.BIND_DATA_COLLECTION;zte.permission.ZMS	?	
system/system/priv-app/Nubia_PhotoEditor_PrivacySticker/Nubia_PhotoEditor_PrivacySticker.apk	cn.nubia.photoeditor	14.5.000.000.2512151027	145000	31	36	Face stickers		yes	android.permission.ACCESS_COARSE_LOCATION;android.permission.ACCESS_NETWORK_STATE;android.permission.ACCESS_WIFI_STATE;android.permission.GET_TASKS;android.permission.INTERNET;android.permission.MANAGE_EXTERNAL_STORAGE;android.permission.MOUNT_UNMOUNT_FILESYSTEMS;android.permission.POST_NOTIFICATIONS;android.permission.READ_MEDIA_IMAGES;android.permission.READ_MEDIA_VIDEO;android.permission.SYSTEM_ALERT_WINDOW;android.permission.SYSTEM_OVERLAY_WINDOW;android.permission.VIBRATE;android.permission.WAKE_LOCK;android.permission.WRITE_MEDIA_STORAGE;android.permission.WRITE_SETTINGS;cn.nubia.permission.BIND_DATA_COLLECTION;com.android.launcher.permission.READ_SETTINGS;zte.permission.BIND_DATA_COLLECTION	?	
system/system/priv-app/ONS/ONS.apk	com.android.ons	16	36	36	36			yes	android.permission.READ_PHONE_STATE;android.permission.RECEIVE_BOOT_COMPLETED	?	
system/system/priv-app/OTAP_stockplus/OTAP_stockplus.apk	com.zte.zdm.omacp	5.0.5.2603151637	505	24	35	OMA CP		yes	android.permission.ACCESS_NETWORK_STATE;android.permission.BROADCAST_STICKY;android.permission.BROADCAST_WAP_PUSH;android.permission.DISABLE_KEYGUARD;android.permission.INTERNET;android.permission.POST_NOTIFICATIONS;android.permission.READ_PHONE_STATE;android.permission.READ_PRIVILEGED_PHONE_STATE;android.permission.RECEIVE_WAP_PUSH;android.permission.WAKE_LOCK;android.permission.WRITE_APN_SETTINGS;android.permission.WRITE_SETTINGS;com.android.browser.permission.READ_HISTORY_BOOKMARKS;com.android.browser.permission.READ_HOMEPAGE;com.android.browser.permission.WRITE_HISTORY_BOOKMARKS;com.android.browser.permission.WRITE_HOMEPAGE;com.android.launcher.permission.READ_SETTINGS;com.android.launcher.permission.WRITE_SETTINGS	?	
system/system/priv-app/OffGridCommunity/OffGridCommunity.apk	com.android.networkless	16.0.000.000.2604171600	160000	35	36	nubia linkfree		yes	android.permission.ACCESS_FINE_LOCATION;android.permission.ACCESS_NETWORK_STATE;android.permission.BLUETOOTH_ADVERTISE;android.permission.BLUETOOTH_CONNECT;android.permission.BLUETOOTH_SCAN;android.permission.BLUETOOTH_STACK;android.permission.FOREGROUND_SERVICE;android.permission.FOREGROUND_SERVICE_CONNECTED_DEVICE;android.permission.FOREGROUND_SERVICE_MICROPHONE;android.permission.INTERNET;android.permission.LOCAL_MAC_ADDRESS;android.permission.MODIFY_AUDIO_SETTINGS;android.permission.POST_NOTIFICATIONS;android.permission.READ_CONTACTS;android.permission.READ_PHONE_NUMBERS;android.permission.READ_PHONE_STATE;android.permission.READ_PRIVILEGED_PHONE_STATE;android.permission.RECORD_AUDIO;android.permission.REQUEST_INSTALL_PACKAGES;android.permission.SYSTEM_ALERT_WINDOW;android.permission.VIBRATE;android.permission.WAKE_LOCK;android.permission.WRITE_SECURE_SETTINGS;com.android.networkless.DYNAMIC_RECEIVER_NOT_EXPORTED_PERMISSION	?	
system/system/priv-app/PowerSaveMode_ZTE/PowerSaveMode_ZTE.apk	com.zte.powersavemode	16.0.010.000.2604170948	100004	28	36	Battery		yes	android.permission.ACCESS_NETWORK_STATE;android.permission.ACCESS_NOTIFICATIONS;android.permission.ACCESS_NOTIFICATION_POLICY;android.permission.ACCESS_WIFI_STATE;android.permission.BATTERY_STATS;android.permission.BLUETOOTH;android.permission.BLUETOOTH_ADMIN;android.permission.BLUETOOTH_CONNECT;android.permission.BLUETOOTH_SCAN;android.permission.CHANGE_NETWORK_STATE;android.permission.CHANGE_WIFI_STATE;android.permission.EXPAND_STATUS_BAR;android.permission.FLASHLIGHT;android.permission.GET_TASKS;android.permission.INTERACT_ACROSS_USERS;android.permission.MAINLINE_NETWORK_STACK;android.permission.MANAGE_APP_OPS_MODES;android.permission.MANAGE_APP_OPS_RESTRICTIONS;android.permission.MANAGE_EXTERNAL_STORAGE;android.permission.MANAGE_USERS;android.permission.MODIFY_PHONE_STATE;android.permission.NETWORK_SETTINGS;android.permission.OVERRIDE_WIFI_CONFIG;android.permission.QUERY_ALL_PACKAGES;android.permission.READ_PHONE_STATE;android.permission.READ_PRIVILEGED_PHONE_STATE;android.permission.READ_SYNC_SETTINGS;android.permission.REBOOT;android.permission.RECEIVE_BOOT_COMPLETED;android.permission.SCHEDULE_EXACT_ALARM;android.permission.SET_WALLPAPER_COMPONENT;android.permission.SHUTDOWN;android.permission.STATUS_BAR;android.permission.VIBRATE;android.permission.WAKE_LOCK;android.permission.WRITE_MEDIA_STORAGE;android.permission.WRITE_SECURE_SETTINGS;android.permission.WRITE_SETTINGS;android.permission.WRITE_SYNC_SETTINGS;android.permission.ZTE_HS_INTERFACE;android.permission.ZTE_MANAGE_NOTIFICATION;com.android.permission.AIRPLANEMODE_SWITCH;com.zte.heartyservice.permission.WRITE_SETTINGS;com.zte.powersavemode.DYNAMIC_RECEIVER_NOT_EXPORTED_PERMISSION;com.zte.service.powerful.permission.ACCESS_RETRIEVE_SERVICE;systemui.permission.read_pedometer;zte.permission.ACCESS_POWER_SAVER_OPTIMIZE;zte.permission.BIND_DATA_COLLECTION;zte.permission.LAUNCH_POWER_SAVER_ACTIVITY;zte.permission.READ_HEARTYSERVICE_STRATEGY;zte.permission.READ_POWER_SAVER_APPS;zte.permission.READ_STRATEGY;zte.permission.WRITE_HEARTYSERVICE_STRATEGY;zte.permission.WRITE_STRATEGY	?	
system/system/priv-app/ProxyHandler/ProxyHandler.apk	com.android.proxyhandler	16	36	36	36	ProxyHandler		yes	android.permission.INTERNET	?	
system/system/priv-app/RedMagicWallPaper_Abroad/RedMagicWallPaper_Abroad.apk	com.zte.gallerylockscreen	V1.1.8.20260123	79	32	35	Daily Wallpaper		yes	android.permission.ACCESS_NETWORK_STATE;android.permission.ACCESS_WIFI_STATE;android.permission.BROADCAST_STICKY;android.permission.CHANGE_NETWORK_STATE;android.permission.DISABLE_KEYGUARD;android.permission.INTERNAL_SYSTEM_WINDOW;android.permission.INTERNET;android.permission.READ_EXTERNAL_STORAGE;android.permission.READ_MEDIA_IMAGES;android.permission.SET_WALLPAPER;android.permission.SYSTEM_ALERT_WINDOW;android.permission.SYSTEM_OVERLAY_WINDOW;android.permission.VIBRATE;android.permission.WAKE_LOCK;android.permission.WRITE_SECURE_SETTINGS;android.permission.WRITE_SETTINGS;cn.nubia.permission.BIND_DATA_COLLECTION;com.google.android.finsky.permission.BIND_GET_INSTALL_REFERRER_SERVICE;com.google.android.gms.permission.AD_ID;com.zte.gallerylockscreen.DYNAMIC_RECEIVER_NOT_EXPORTED_PERMISSION	?	
system/system/priv-app/ServiceManager/ServiceManager.apk	com.zte.distservice.servicemanager	4.0.000.2604091425	1	28	36	Service Manager		yes	android.permission.ACCESS_NETWORK_STATE;android.permission.ACCESS_WIFI_STATE;android.permission.BLUETOOTH;android.permission.BLUETOOTH_ADMIN;android.permission.CHANGE_NETWORK_STATE;android.permission.CHANGE_WIFI_STATE;android.permission.FOREGROUND_SERVICE;android.permission.INTERNET;android.permission.LOCAL_MAC_ADDRESS;android.permission.MANAGE_WIFI_NETWORK_SELECTION;android.permission.RECEIVE_BOOT_COMPLETED;android.permission.START_FOREGROUND_SERVICES_FROM_BACKGROUND;android.permission.WAKE_LOCK;nubia.permission.nbaccountservice;nubia.permission.nbservice;org.zx.AuthComp.permission.GET_USER_INFO	?	
system/system/priv-app/SettingsProvider_MFV/SettingsProvider_MFV.apk	com.android.providers.settings	16.0.000.000.2604161838	36	31	36	Settings Storage		yes	android.permission.POST_NOTIFICATIONS;android.permission.QUERY_ALL_PACKAGES	?	
system/system/priv-app/SetupWizard_MFV/SetupWizard_MFV.apk	com.zte.setupwizard	16.0.010.000	100000	36	36	Setup wizard		yes	android.permission.ACCESS_KEYGUARD_SECURE_STORAGE;android.permission.ACCESS_NETWORK_STATE;android.permission.ACCESS_WIFI_STATE;android.permission.BIND_WALLPAPER;android.permission.CHANGE_CONFIGURATION;android.permission.CHANGE_NETWORK_STATE;android.permission.CHANGE_OVERLAY_PACKAGES;android.permission.CHANGE_WIFI_STATE;android.permission.CREATE_USERS;android.permission.DISABLE_KEYGUARD;android.permission.EXPAND_STATUS_BAR;android.permission.INTERACT_ACROSS_USERS;android.permission.INTERACT_ACROSS_USERS_FULL;android.permission.INTERNET;android.permission.MANAGE_DEVICE_ADMINS;android.permission.MANAGE_PROFILE_AND_DEVICE_OWNERS;android.permission.MANAGE_ROLE_HOLDERS;android.permission.MANAGE_USERS;android.permission.QUERY_ALL_PACKAGES;android.permission.READ_PHONE_STATE;android.permission.READ_PRIVILEGED_PHONE_STATE;android.permission.READ_VENDOR_CONFIG;android.permission.SCHEDULE_EXACT_ALARM;android.permission.SET_PREFERRED_APPLICATIONS;android.permission.SHUTDOWN;android.permission.STATUS_BAR;android.permission.USE_FINGERPRINT;android.permission.VIBRATE;android.permission.WAKE_LOCK;android.permission.WRITE_SECURE_SETTINGS;android.permission.WRITE_SETTINGS;android.permission.WRITE_SYNC_SETTINGS;android.permission.ZTE_HS_INTERFACE;androidx.legacy.v4.DYNAMIC_RECEIVER_NOT_EXPORTED_PERMISSION;com.airbnb.lottie.DYNAMIC_RECEIVER_NOT_EXPORTED_PERMISSION;com.google.android.material.DYNAMIC_RECEIVER_NOT_EXPORTED_PERMISSION;com.google.android.providers.settings.permission.READ_GSETTINGS;com.google.android.providers.settings.permission.WRITE_GSETTINGS;com.google.android.setupcompat.DYNAMIC_RECEIVER_NOT_EXPORTED_PERMISSION;com.google.android.setupdesign.DYNAMIC_RECEIVER_NOT_EXPORTED_PERMISSION;com.jiutian.yidonglingxi.permission.BOOT_COMPLETED;com.zte.faceverify.permission.START_ACTIVITY;com.zte.mfvkeyguard.read;com.zte.mfvkeyguard.write;com.zte.mifavor.stat.USER_STAT;com.zte.onekeycp.permission.extActivity;com.zte.zdm.permission.BROADCAST;easymode.permission.provider.call;launchermfv.permission.READ_SETTINGS;launchermfv.permission.WRITE_SETTINGS;mfvsettings.permission.ANNOUNCEMENT;mfvsettings.permission.FINGERPRINT;mfvsettings.permission.SEARCH;org.zx.AuthComp.permission.GET_USER_INFO;zte.account.permission.Wizard;zte.permission.FINGERPRINT;zte.permission.START_GESTURE_GUIDE	?	
system/system/priv-app/SharedStorageBackup/SharedStorageBackup.apk	com.android.sharedstoragebackup	16	36	36	36			yes	android.permission.MANAGE_EXTERNAL_STORAGE;android.permission.READ_EXTERNAL_STORAGE;android.permission.WRITE_EXTERNAL_STORAGE;android.permission.WRITE_MEDIA_STORAGE	?	
system/system/priv-app/Shell/Shell.apk	com.android.shell	16	36	36	36	Shell		yes	android.contacts.permission.MANAGE_SIM_ACCOUNTS;android.permission.ACCEPT_HANDOVER;android.permission.ACCESSIBILITY_MOTION_EVENT_OBSERVING;android.permission.ACCESS_AMBIENT_CONTEXT_EVENT;android.permission.ACCESS_AMBIENT_LIGHT_STATS;android.permission.ACCESS_BACKGROUND_LOCATION;android.permission.ACCESS_BROADCAST_RADIO;android.permission.ACCESS_COARSE_LOCATION;android.permission.ACCESS_CONTENT_PROVIDERS_EXTERNALLY;android.permission.ACCESS_FINE_LOCATION;android.permission.ACCESS_FINE_POWER_MONITORS;android.permission.ACCESS_FPS_COUNTER;android.permission.ACCESS_HIDDEN_PROFILES_FULL;android.permission.ACCESS_INSTANT_APPS;android.permission.ACCESS_LAST_KNOWN_CELL_ID;android.permission.ACCESS_LOCATION_EXTRA_COMMANDS;android.permission.ACCESS_LOCUS_ID_USAGE_STATS;android.permission.ACCESS_LOWPAN_STATE;android.permission.ACCESS_MEDIA_LOCATION;android.permission.ACCESS_MTP;android.permission.ACCESS_NETWORK_STATE;android.permission.ACCESS_NOTIFICATION_POLICY;android.permission.ACCESS_PDB_STATE;android.permission.ACCESS_RCS_USER_CAPABILITY_EXCHANGE;android.permission.ACCESS_SHARED_LIBRARIES;android.permission.ACCESS_SHORTCUTS;android.permission.ACCESS_SURFACE_FLINGER;android.permission.ACCESS_TEXT_CLASSIFIER_BY_TYPE;android.permission.ACCESS_TUNED_INFO;android.permission.ACCESS_TV_DESCRAMBLER;android.permission.ACCESS_TV_SHARED_FILTER;android.permission.ACCESS_TV_TUNER;android.permission.ACCESS_VIBRATOR_STATE;android.permission.ACCESS_WIFI_STATE;android.permission.ACTIVITY_EMBEDDING;android.permission.ACTIVITY_RECOGNITION;android.permission.ADD_ALWAYS_UNLOCKED_DISPLAY;android.permission.ADD_MIRROR_DISPLAY;android.permission.ADD_TRUSTED_DISPLAY;android.permission.ADJUST_RUNTIME_PERMISSIONS_POLICY;android.permission.ALWAYS_UPDATE_WALLPAPER;android.permission.AMBIENT_WALLPAPER;android.permission.ANSWER_PHONE_CALLS;android.permission.ASSOCIATE_COMPANION_DEVICES;android.permission.ASSOCIATE_INPUT_DEVICE_TO_DISPLAY;android.permission.AUTHENTICATE_ACCOUNTS;android.permission.BACKGROUND_CAMERA;android.permission.BACKUP;android.permission.BACKUP_HEALTH_CONNECT_DATA_AND_SETTINGS;android.permission.BATTERY_PREDICTION;android.permission.BATTERY_STATS;android.permission.BIND_APPWIDGET;android.permission.BIND_CARRIER_SERVICES;android.permission.BIND_EXPLICIT_HEALTH_CHECK_SERVICE;android.permission.BIND_HOTWORD_DETECTION_SERVICE;android.permission.BIND_IMS_SERVICE;android.permission.BIND_RESUME_ON_REBOOT_SERVICE;android.permission.BIND_TELECOM_CONNECTION_SERVICE;android.permission.BIND_VISUAL_QUERY_DETECTION_SERVICE;android.permission.BLUETOOTH;android.permission.BLUETOOTH_ADMIN;android.permission.BLUETOOTH_ADVERTISE;android.permission.BLUETOOTH_CONNECT;android.permission.BLUETOOTH_PRIVILEGED;android.permission.BLUETOOTH_SCAN;android.permission.BLUETOOTH_STACK;android.permission.BODY_SENSORS;android.permission.BRIGHTNESS_SLIDER_USAGE;android.permission.BROADCAST_CLOSE_SYSTEM_DIALOGS;android.permission.BROADCAST_STICKY;android.permission.BYPASS_ROLE_QUALIFICATION;android.permission.CACHE_CONTENT;android.permission.CALL_AUDIO_INTERCEPTION;android.permission.CALL_COMPANION_APP;android.permission.CALL_PHONE;android.permission.CAMERA;android.permission.CAMERA_HEADLESS_SYSTEM_USER;android.permission.CAMERA_OPEN_CLOSE_LISTENER;android.permission.CAPTURE_AUDIO_HOTWORD;android.permission.CAPTURE_AUDIO_OUTPUT;android.permission.CAPTURE_MEDIA_OUTPUT;android.permission.CAPTURE_TUNER_AUDIO_INPUT;android.permission.CAPTURE_VIDEO_OUTPUT;android.permission.CAPTURE_VOICE_COMMUNICATION_OUTPUT;android.permission.CHANGE_APP_IDLE_STATE;android.permission.CHANGE_COMPONENT_ENABLED_STATE;android.permission.CHANGE_CONFIGURATION;android.permission.CHANGE_DEVICE_IDLE_TEMP_WHITELIST;android.permission.CHANGE_LOWPAN_STATE;android.permission.CHANGE_NETWORK_STATE;android.permission.CHANGE_OVERLAY_PACKAGES;android.permission.CHANGE_WIFI_MULTICAST_STATE;android.permission.CHANGE_WIFI_STATE;android.permission.CLEAR_APP_CACHE;android.permission.CLEAR_APP_USER_DATA;android.permission.CLEAR_FREEZE_PERIOD;android.permission.COMPANION_APPROVE_WIFI_CONNECTIONS;android.permission.CONFIGURE_DISPLAY_BRIGHTNESS;android.permission.CONFIGURE_WIFI_DISPLAY;android.permission.CONNECTIVITY_INTERNAL;android.permission.CONNECTIVITY_USE_RESTRICTED_NETWORKS;android.permission.CONTROL_DEVICE_LIGHTS;android.permission.CONTROL_DEVICE_STATE;android.permission.CONTROL_DISPLAY_BRIGHTNESS;android.permission.CONTROL_DISPLAY_COLOR_TRANSFORMS;android.permission.CONTROL_INCALL_EXPERIENCE;android.permission.CONTROL_KEYGUARD;android.permission.CONTROL_KEYGUARD_SECURE_NOTIFICATIONS;android.permission.CONTROL_REMOTE_APP_TRANSITION_ANIMATIONS;android.permission.CONTROL_UI_TRACING;android.permission.COPY_ACCOUNTS;android.permission.CREATE_USERS;android.permission.CREATE_VIRTUAL_DEVICE;android.permission.DEBUG_VIRTUAL_MACHINE;android.permission.DELETE_CACHE_FILES;android.permission.DELETE_PACKAGES;android.permission.DELETE_STAGED_HEALTH_CONNECT_REMOTE_DATA;android.permission.DELIVER_COMPANION_MESSAGES;android.permission.DETECT_SCREEN_CAPTURE;android.permission.DETECT_SCREEN_RECORDING;android.permission.DEVICE_POWER;android.permission.DISABLE_HIDDEN_API_CHECKS;android.permission.DISABLE_KEYGUARD;android.permission.DOMAIN_VERIFICATION_AGENT;android.permission.DOWNLOAD_WITHOUT_NOTIFICATION;android.permission.DUMP;android.permission.DYNAMIC_INSTRUMENTATION;android.permission.EMBED_ANY_APP_IN_UNTRUSTED_MODE;android.permission.EMERGENCY_INSTALL_PACKAGES;android.permission.ENABLE_TEST_HARNESS_MODE;android.permission.ENFORCE_UPDATE_OWNERSHIP;android.permission.ENTER_CAR_MODE_PRIORITIZED;android.permission.ENTER_TRADE_IN_MODE;android.permission.EXECUTE_APP_FUNCTIONS;android.permission.EXPAND_STATUS_BAR;android.permission.FLASHLIGHT;android.permission.FORCE_BACK;android.permission.FORCE_DEVICE_POLICY_MANAGER_LOGS;android.permission.FORCE_STOP_PACKAGES;android.permission.FOREGROUND_SERVICE;android.permission.FOREGROUND_SERVICE_CAMERA;android.permission.FOREGROUND_SERVICE_CONNECTED_DEVICE;android.permission.FOREGROUND_SERVICE_DATA_SYNC;android.permission.FOREGROUND_SERVICE_FILE_MANAGEMENT;android.permission.FOREGROUND_SERVICE_HEALTH;android.permission.FOREGROUND_SERVICE_LOCATION;android.permission.FOREGROUND_SERVICE_MEDIA_PLAYBACK;android.permission.FOREGROUND_SERVICE_MEDIA_PROCESSING;android.permission.FOREGROUND_SERVICE_MEDIA_PROJECTION;android.permission.FOREGROUND_SERVICE_MICROPHONE;android.permission.FOREGROUND_SERVICE_PHONE_CALL;android.permission.FOREGROUND_SERVICE_REMOTE_MESSAGING;android.permission.FOREGROUND_SERVICE_SPECIAL_USE;android.permission.FOREGROUND_SERVICE_SYSTEM_EXEMPTED;android.permission.FRAME_STATS;android.permission.GET_ACCOUNTS;android.permission.GET_ANY_PROVIDER_TYPE;android.permission.GET_APP_METADATA;android.permission.GET_APP_OPS_STATS;android.permission.GET_BACKGROUND_INSTALLED_PACKAGES;android.permission.GET_BINDING_UID_IMPORTANCE;android.permission.GET_DETAILED_TASKS;android.permission.GET_INTENT_SENDER_INTENT;android.permission.GET_PACKAGE_SIZE;android.permission.GET_PROCESS_STATE_AND_OOM_SCORE;android.permission.GET_RUNTIME_PERMISSIONS;android.permission.GET_TASKS;android.permission.GET_TOP_ACTIVITY_INFO;android.permission.GRANT_RUNTIME_PERMISSIONS;android.permission.GRANT_RUNTIME_PERMISSIONS_TO_TELEPHONY_DEFAULTS;android.permission.HDMI_CEC;android.permission.HIDE_OVERLAY_WINDOWS;android.permission.HIGH_SAMPLING_RATE_SENSORS;android.permission.INJECT_EVENTS;android.permission.INSTALL_DEPENDENCY_SHARED_LIBRARIES;android.permission.INSTALL_DPC_PACKAGES;android.permission.INSTALL_DYNAMIC_SYSTEM;android.permission.INSTALL_GRANT_RUNTIME_PERMISSIONS;android.permission.INSTALL_LOCATION_PROVIDER;android.permission.INSTALL_PACKAGES;android.permission.INSTALL_PACKAGE_UPDATES;android.permission.INSTALL_TEST_ONLY_PACKAGE;android.permission.INSTANT_APP_FOREGROUND_SERVICE;android.permission.INTERACT_ACROSS_PROFILES;android.permission.INTERACT_ACROSS_USERS;android.permission.INTERACT_ACROSS_USERS_FULL;android.permission.INTERNAL_SYSTEM_WINDOW;android.permission.INTERNET;android.permission.KEEP_UNINSTALLED_PACKAGES;android.permission.KILL_ALL_BACKGROUND_PROCESSES;android.permission.KILL_BACKGROUND_PROCESSES;android.permission.KILL_UID;android.permission.LAUNCH_CREDENTIAL_SELECTOR;android.permission.LAUNCH_DEVICE_MANAGER_SETUP;android.permission.LAUNCH_MULTI_PANE_SETTINGS_DEEP_LINK;android.permission.LISTEN_ALWAYS_REPORTED_SIGNAL_STRENGTH;android.permission.LOADER_USAGE_STATS;android.permission.LOCAL_MAC_ADDRESS;android.permission.LOCATION_BYPASS;android.permission.LOCATION_HARDWARE;android.permission.LOCK_DEVICE;android.permission.LOG_COMPAT_CHANGE;android.permission.LOG_FOREGROUND_RESOURCE_USE;android.permission.MAKE_UID_VISIBLE;android.permission.MANAGE_ACCESSIBILITY;android.permission.MANAGE_ACCOUNTS;android.permission.MANAGE_ACTIVITY_TASKS;android.permission.MANAGE_ADVANCED_PROTECTION_MODE;android.permission.MANAGE_APPOPS;android.permission.MANAGE_APP_HIBERNATION;android.permission.MANAGE_APP_OPS_MODES;android.permission.MANAGE_APP_PREDICTIONS;android.permission.MANAGE_AUDIO_POLICY;android.permission.MANAGE_AUTO_FILL;android.permission.MANAGE_BIND_INSTANT_SERVICE;android.permission.MANAGE_BLUETOOTH_WHEN_WIRELESS_CONSENT_REQUIRED;android.permission.MANAGE_CAMERA;android.permission.MANAGE_CLOUDSEARCH;android.permission.MANAGE_COMPANION_DEVICES;android.permission.MANAGE_CONTENT_CAPTURE;android.permission.MANAGE_CONTENT_SUGGESTIONS;android.permission.MANAGE_CRATES;android.permission.MANAGE_CREDENTIAL_MANAGEMENT_APP;android.permission.MANAGE_DEBUGGING;android.permission.MANAGE_DEFAULT_APPLICATIONS;android.permission.MANAGE_DEVICE_ADMINS;android.permission.MANAGE_DEVICE_LOCK_STATE;android.permission.MANAGE_DEVICE_POLICY_APP_EXEMPTIONS;android.permission.MANAGE_DEVICE_POLICY_AUDIT_LOGGING;android.permission.MANAGE_DEVICE_POLICY_MTE;android.permission.MANAGE_DISPLAYS;android.permission.MANAGE_ENHANCED_CONFIRMATION_STATES;android.permission.MANAGE_EXTERNAL_STORAGE;android.permission.MANAGE_GAME_ACTIVITY;android.permission.MANAGE_GAME_MODE;android.permission.MANAGE_GLOBAL_PICTURE_QUALITY_SERVICE;android.permission.MANAGE_GLOBAL_SOUND_QUALITY_SERVICE;android.permission.MANAGE_HEALTH_DATA;android.permission.MANAGE_HEALTH_PERMISSIONS;android.permission.MANAGE_HOTWORD_DETECTION;android.permission.MANAGE_INTRUSION_DETECTION_STATE;android.permission.MANAGE_LOW_POWER_STANDBY;android.permission.MANAGE_MUSIC_RECOGNITION;android.permission.MANAGE_NETWORK_POLICY;android.permission.MANAGE_NOTIFICATIONS;android.permission.MANAGE_NOTIFICATION_LISTENERS;android.permission.MANAGE_ONE_TIME_PERMISSION_SESSIONS;android.permission.MANAGE_OWN_CALLS;android.permission.MANAGE_PROFILE_AND_DEVICE_OWNERS;android.permission.MANAGE_ROLE_HOLDERS;android.permission.MANAGE_ROLLBACKS;android.permission.MANAGE_ROTATION_RESOLVER;android.permission.MANAGE_SAFETY_CENTER;android.permission.MANAGE_SEARCH_UI;android.permission.MANAGE_SECURE_LOCK_DEVICE;android.permission.MANAGE_SENSORS;android.permission.MANAGE_SENSOR_PRIVACY;android.permission.MANAGE_SMARTSPACE;android.permission.MANAGE_SOUND_TRIGGER;android.permission.MANAGE_SPEECH_RECOGNITION;android.permission.MANAGE_SUBSCRIPTION_USER_ASSOCIATION;android.permission.MANAGE_TEST_NETWORKS;android.permission.MANAGE_TIME_AND_ZONE_DETECTION;android.permission.MANAGE_TOAST_RATE_LIMITING;android.permission.MANAGE_UI_TRANSLATION;android.permission.MANAGE_USB;android.permission.MANAGE_VIRTUAL_MACHINE;android.permission.MANAGE_VOICE_KEYPHRASES;android.permission.MANAGE_WALLPAPER_EFFECTS_GENERATION;android.permission.MANAGE_WEAK_ESCROW_TOKEN;android.permission.MANAGE_WEARABLE_SENSING_SERVICE;android.permission.MANAGE_WIFI_INTERFACES;android.permission.MANAGE_WIFI_NETWORK_SELECTION;android.permission.MANAGE_WIFI_WHEN_WIRELESS_CONSENT_REQUIRED;android.permission.MEDIA_CONTENT_CONTROL;android.permission.MEDIA_RESOURCE_OVERRIDE_PID;android.permission.MEDIA_ROUTING_CONTROL;android.permission.MIGRATE_HEALTH_CONNECT_DATA;android.permission.MODIFY_APPWIDGET_BIND_PERMISSIONS;android.permission.MODIFY_AUDIO_ROUTING;android.permission.MODIFY_AUDIO_SETTINGS;android.permission.MODIFY_AUDIO_SETTINGS_PRIVILEGED;android.permission.MODIFY_CELL_BROADCASTS;android.permission.MODIFY_DAY_NIGHT_MODE;android.permission.MODIFY_DEFAULT_AUDIO_EFFECTS;android.permission.MODIFY_HDR_CONVERSION_MODE;android.permission.MODIFY_PHONE_STATE;android.permission.MODIFY_QUIET_MODE;android.permission.MODIFY_REFRESH_RATE_SWITCHING_TYPE;android.permission.MODIFY_SETTINGS_OVERRIDEABLE_BY_RESTORE;android.permission.MODIFY_TOUCH_MODE_STATE;android.permission.MODIFY_USER_PREFERRED_DISPLAY_MODE;android.permission.MONITOR_DEVICE_CONFIG_ACCESS;android.permission.MOUNT_FORMAT_FILESYSTEMS;android.permission.MOUNT_UNMOUNT_FILESYSTEMS;android.permission.MOVE_PACKAGE;android.permission.NEARBY_WIFI_DEVICES;android.permission.NETWORK_SCAN;android.permission.NETWORK_SETTINGS;android.permission.NFC;android.permission.NFC_PREFERRED_PAYMENT_INFO;android.permission.NFC_SET_CONTROLLER_ALWAYS_ON;android.permission.NFC_TRANSACTION_EVENT;android.permission.NOTIFY_PENDING_SYSTEM_UPDATE;android.permission.OBSERVE_APP_USAGE;android.permission.OBSERVE_GRANT_REVOKE_PERMISSIONS;android.permission.OBSERVE_NETWORK_POLICY;android.permission.OBSERVE_PICTURE_PROFILES;android.permission.OBSERVE_ROLE_HOLDERS;android.permission.OBSERVE_SENSOR_PRIVACY;android.permission.OVERRIDE_COMPAT_CHANGE_CONFIG;android.permission.OVERRIDE_COMPAT_CHANGE_CONFIG_ON_RELEASE_BUILD;android.permission.OVERRIDE_DISPLAY_MODE_REQUESTS;android.permission.OVERRIDE_SYSTEM_KEY_BEHAVIOR_IN_FOCUSED_WINDOW;android.permission.OVERRIDE_WIFI_CONFIG;android.permission.PACKAGE_USAGE_STATS;android.permission.PACKAGE_VERIFICATION_AGENT;android.permission.PACKET_KEEPALIVE_OFFLOAD;android.permission.PERFORM_IMS_SINGLE_REGISTRATION;android.permission.PERSISTENT_ACTIVITY;android.permission.POST_NOTIFICATIONS;android.permission.POWER_SAVER;android.permission.PREPARE_FACTORY_RESET;android.permission.PROCESS_OUTGOING_CALLS;android.permission.PROVISION_DEMO_DEVICE;android.permission.QUARANTINE_APPS;android.permission.QUERY_ADMIN_POLICY;android.permission.QUERY_ADVANCED_PROTECTION_MODE;android.permission.QUERY_ALL_PACKAGES;android.permission.QUERY_AUDIO_STATE;android.permission.QUERY_CLONED_APPS;android.permission.QUERY_USERS;android.permission.RANGING;android.permission.READ_ACTIVE_EMERGENCY_SESSION;android.permission.READ_APP_SPECIFIC_LOCALES;android.permission.READ_BASIC_PHONE_STATE;android.permission.READ_BLOCKED_NUMBERS;android.permission.READ_CALENDAR;android.permission.READ_CALL_LOG;android.permission.READ_CARRIER_APP_INFO;android.permission.READ_CELL_BROADCASTS;android.permission.READ_CLIPBOARD_IN_BACKGROUND;android.permission.READ_COLOR_ZONES;android.permission.READ_COMPAT_CHANGE_CONFIG;android.permission.READ_CONTACTS;android.permission.READ_DEVICE_CONFIG;android.permission.READ_DREAM_STATE;android.permission.READ_EXTERNAL_STORAGE;android.permission.READ_FRAME_BUFFER;android.permission.READ_GLOBAL_APP_SEARCH_DATA;android.permission.READ_INPUT_STATE;android.permission.READ_INSTALLED_SESSION_PATHS;android.permission.READ_INSTALL_SESSIONS;android.permission.READ_INTRUSION_DETECTION_STATE;android.permission.READ_LOGS;android.permission.READ_LOWPAN_CREDENTIAL;android.permission.READ_NEARBY_STREAMING_POLICY;android.permission.READ_PEOPLE_DATA;android.permission.READ_PHONE_NUMBERS;android.permission.READ_PHONE_STATE;android.permission.READ_PRECISE_PHONE_STATE;android.permission.READ_PRIVILEGED_PHONE_STATE;android.permission.READ_PROFILE;android.permission.READ_PROJECTION_STATE;android.permission.READ_RESTRICTED_STATS;android.permission.READ_SAFETY_CENTER_STATUS;android.permission.READ_SMS;android.permission.READ_SOCIAL_STREAM;android.permission.READ_SYNC_SETTINGS;android.permission.READ_SYNC_STATS;android.permission.READ_SYSTEM_GRAMMATICAL_GENDER;android.permission.READ_SYSTEM_PREFERENCES;android.permission.READ_USER_DICTIONARY;android.permission.READ_WALLPAPER_INTERNAL;android.permission.READ_WIFI_CREDENTIAL;android.permission.READ_WRITE_SYNC_DISABLED_MODE_CONFIG;android.permission.REAL_GET_TASKS;android.permission.REBOOT;android.permission.RECEIVE_BOOT_COMPLETED;android.permission.RECEIVE_MMS;android.permission.RECEIVE_SANDBOX_TRIGGER_AUDIO;android.permission.RECEIVE_SENSITIVE_NOTIFICATIONS;android.permission.RECEIVE_SMS;android.permission.RECEIVE_WAP_PUSH;android.permission.RECORD_AUDIO;android.permission.RECORD_BACKGROUND_AUDIO;android.permission.REGISTER_CALL_PROVIDER;android.permission.REGISTER_CONNECTION_MANAGER;android.permission.REGISTER_MEDIA_RESOURCE_OBSERVER;android.permission.REGISTER_SIM_SUBSCRIPTION;android.permission.REGISTER_STATS_PULL_ATOM;android.permission.REMAP_MODIFIER_KEYS;android.permission.REMOVE_ACCOUNTS;android.permission.REMOVE_TASKS;android.permission.RENOUNCE_PERMISSIONS;android.permission.REORDER_TASKS;android.permission.REPORT_USAGE_STATS;android.permission.REQUEST_COMPANION_PROFILE_APP_STREAMING;android.permission.REQUEST_COMPANION_PROFILE_AUTOMOTIVE_PROJECTION;android.permission.REQUEST_COMPANION_PROFILE_COMPUTER;android.permission.REQUEST_COMPANION_PROFILE_GLASSES;android.permission.REQUEST_COMPANION_PROFILE_NEARBY_DEVICE_STREAMING;android.permission.REQUEST_COMPANION_PROFILE_VIRTUAL_DEVICE;android.permission.REQUEST_COMPANION_PROFILE_WATCH;android.permission.REQUEST_COMPANION_RUN_IN_BACKGROUND;android.permission.REQUEST_COMPANION_SELF_MANAGED;android.permission.REQUEST_COMPANION_USE_DATA_IN_BACKGROUND;android.permission.REQUEST_DELETE_PACKAGES;android.permission.REQUEST_IGNORE_BATTERY_OPTIMIZATIONS;android.permission.REQUEST_NOTIFICATION_ASSISTANT_SERVICE;android.permission.REQUEST_OBSERVE_COMPANION_DEVICE_PRESENCE;android.permission.REQUEST_OBSERVE_DEVICE_UUID_PRESENCE;android.permission.REQUEST_PASSWORD_COMPLEXITY;android.permission.REQUEST_UNIQUE_ID_ATTESTATION;android.permission.RESET_APP_ERRORS;android.permission.RESET_HOTWORD_TRAINING_DATA_EGRESS_COUNT;android.permission.RESOLVE_COMPONENT_FOR_UID;android.permission.RESTART_PACKAGES;android.permission.RESTART_WIFI_SUBSYSTEM;android.permission.RESTORE_HEALTH_CONNECT_DATA_AND_SETTINGS;android.permission.RESTRICTED_VR_ACCESS;android.permission.RETRIEVE_WINDOW_CONTENT;android.permission.RETRIEVE_WINDOW_TOKEN;android.permission.REVOKE_POST_NOTIFICATIONS_WITHOUT_KILL;android.permission.REVOKE_RUNTIME_PERMISSIONS;android.permission.SATELLITE_COMMUNICATION;android.permission.SCHEDULE_EXACT_ALARM;android.permission.SCHEDULE_PRIORITIZED_ALARM;android.permission.SEND_SAFETY_CENTER_UPDATE;android.permission.SEND_SMS;android.permission.SETUP_FSVERITY;android.permission.SET_ACTIVITY_WATCHER;android.permission.SET_ALWAYS_FINISH;android.permission.SET_AND_VERIFY_LOCKSCREEN_CREDENTIALS;android.permission.SET_ANIMATION_SCALE;android.permission.SET_APP_SPECIFIC_LOCALECONFIG;android.permission.SET_BIOMETRIC_DIALOG_ADVANCED;android.permission.SET_CLIP_SOURCE;android.permission.SET_DEBUG_APP;android.permission.SET_DEFAULT_ACCOUNT_FOR_CONTACTS;android.permission.SET_GAME_SERVICE;android.permission.SET_HARMFUL_APP_WARNINGS;android.permission.SET_KEYBOARD_LAYOUT;android.permission.SET_LOW_POWER_STANDBY_PORTS;android.permission.SET_MEDIA_KEY_LISTENER;android.permission.SET_ORIENTATION;android.permission.SET_PREFERRED_APPLICATIONS;android.permission.SET_PROCESS_LIMIT;android.permission.SET_SCREEN_COMPATIBILITY;android.permission.SET_SYSTEM_AUDIO_CAPTION;android.permission.SET_TIME;android.permission.SET_TIME_ZONE;android.permission.SET_VOLUME_KEY_LONG_PRESS_LISTENER;android.permission.SET_WALLPAPER;android.permission.SET_WALLPAPER_COMPONENT;android.permission.SET_WALLPAPER_DIM_AMOUNT;android.permission.SET_WALLPAPER_HINTS;android.permission.SHOW_CUSTOMIZED_RESOLVER;android.permission.SIGNAL_PERSISTENT_PROCESSES;android.permission.SIGNAL_REBOOT_READINESS;android.permission.SOUND_TRIGGER_RUN_IN_BATTERY_SAVER;android.permission.STAGE_HEALTH_CONNECT_REMOTE_DATA;android.permission.START_ACTIVITIES_FROM_BACKGROUND;android.permission.START_ACTIVITIES_FROM_SDK_SANDBOX;android.permission.START_CROSS_PROFILE_ACTIVITIES;android.permission.START_FOREGROUND_SERVICES_FROM_BACKGROUND;android.permission.START_TASKS_FROM_RECENTS;android.permission.START_VIBRATION_SESSIONS;android.permission.STATUS_BAR;android.permission.STATUS_BAR_SERVICE;android.permission.STOP_APP_SWITCHES;android.permission.SUBSCRIBED_FEEDS_READ;android.permission.SUBSCRIBED_FEEDS_WRITE;android.permission.SUBSCRIBE_TO_KEYGUARD_LOCKED_STATE;android.permission.SUBSTITUTE_NOTIFICATION_APP_NAME;android.permission.SUGGEST_EXTERNAL_TIME;android.permission.SUGGEST_GNSS_TIME;android.permission.SUGGEST_MANUAL_TIME;android.permission.SUGGEST_NETWORK_TIME;android.permission.SUGGEST_TELEPHONY_TIME;android.permission.SUGGEST_TELEPHONY_TIME_AND_ZONE;android.permission.SUSPEND_APPS;android.permission.SYSTEM_ALERT_WINDOW;android.permission.SYSTEM_APPLICATION_OVERLAY;android.permission.SYSTEM_CAMERA;android.permission.TEST_BIOMETRIC;android.permission.TEST_INPUT_METHOD;android.permission.TEST_MANAGE_ROLLBACKS;android.permission.TETHER_PRIVILEGED;android.permission.THREAD_NETWORK_PRIVILEGED;android.permission.THREAD_NETWORK_TESTING;android.permission.TIS_EXTENSION_INTERFACE;android.permission.TOGGLE_AUTOMOTIVE_PROJECTION;android.permission.TRANSMIT_IR;android.permission.TRIGGER_LOST_MODE;android.permission.TUNER_RESOURCE_ACCESS;android.permission.TV_INPUT_HARDWARE;android.permission.UNLIMITED_TOASTS;android.permission.UPDATE_APP_OPS_STATS;android.permission.UPDATE_DEVICE_MANAGEMENT_RESOURCES;android.permission.UPDATE_DEVICE_STATS;android.permission.UPDATE_FONTS;android.permission.UPDATE_LOCK_TASK_PACKAGES;android.permission.UPGRADE_RUNTIME_PERMISSIONS;android.permission.USE_ATTESTATION_VERIFICATION_SERVICE;android.permission.USE_BIOMETRIC;android.permission.USE_COMPANION_TRANSPORTS;android.permission.USE_CREDENTIALS;android.permission.USE_CUSTOM_VIRTUAL_MACHINE;android.permission.USE_EXACT_ALARM;android.permission.USE_FINGERPRINT;android.permission.USE_FULL_SCREEN_INTENT;android.permission.USE_ON_DEVICE_INTELLIGENCE;android.permission.USE_RESERVED_DISK;android.permission.USE_SIP;android.permission.UWB_PRIVILEGED;android.permission.UWB_RANGING;android.permission.VIBRATE;android.permission.VIBRATE_VENDOR_EFFECTS;android.permission.WAKE_LOCK;android.permission.WATCH_APPOPS;android.permission.WHITELIST_AUTO_REVOKE_PERMISSIONS;android.permission.WHITELIST_RESTRICTED_PERMISSIONS;android.permission.WIFI_ACCESS_COEX_UNSAFE_CHANNELS;android.permission.WIFI_UPDATE_COEX_UNSAFE_CHANNELS;android.permission.WIFI_UPDATE_USABILITY_STATS_SCORE;android.permission.WRITE_ALLOWLISTED_DEVICE_CONFIG;android.permission.WRITE_APN_SETTINGS;android.permission.WRITE_BLOCKED_NUMBERS;android.permission.WRITE_CALENDAR;android.permission.WRITE_CALL_LOG;android.permission.WRITE_CONTACTS;android.permission.WRITE_DEVICE_CONFIG;android.permission.WRITE_DREAM_STATE;android.permission.WRITE_EMBEDDED_SUBSCRIPTIONS;android.permission.WRITE_EXTERNAL_STORAGE;android.permission.WRITE_MEDIA_STORAGE;android.permission.WRITE_PROFILE;android.permission.WRITE_SECURE_SETTINGS;android.permission.WRITE_SETTINGS;android.permission.WRITE_SMS;android.permission.WRITE_SOCIAL_STREAM;android.permission.WRITE_SYNC_SETTINGS;android.permission.WRITE_SYSTEM_PREFERENCES;android.permission.WRITE_USER_DICTIONARY;android.permission.WRITE_VERIFICATION_STATE_E2EE_CONTACT_KEYS;android.permission.health.READ_EXERCISE_ROUTE;android.permission.health.READ_HEART_RATE;android.permission.health.READ_OXYGEN_SATURATION;android.permission.health.READ_SKIN_TEMPERATURE;com.android.alarm.permission.SET_ALARM;com.android.browser.permission.READ_HISTORY_BOOKMARKS;com.android.browser.permission.WRITE_HISTORY_BOOKMARKS;com.android.cellbroadcastservice.FULL_ACCESS_CELL_BROADCAST_HISTORY;com.android.launcher.permission.INSTALL_SHORTCUT;com.android.launcher.permission.UNINSTALL_SHORTCUT;com.android.permission.USE_INSTALLER_V2;com.android.permission.USE_SYSTEM_DATA_LOADERS;com.android.providers.media.permission.ACCESS_OEM_METADATA;com.android.providers.media.permission.UPDATE_OEM_METADATA;com.android.providers.tv.permission.ACCESS_WATCHED_PROGRAMS;com.android.providers.tv.permission.WRITE_EPG_DATA;com.android.shell.DYNAMIC_RECEIVER_NOT_EXPORTED_PERMISSION;com.android.voicemail.permission.ADD_VOICEMAIL;com.android.voicemail.permission.READ_VOICEMAIL	?	
system/system/priv-app/SoterService/SoterService.apk	com.tencent.soter.soterserver	16	36	36	36	aidlserverdemo		yes		?	
system/system/priv-app/SoundPicker/SoundPicker.apk	com.android.soundpicker	16	36	36	36	Sounds		yes	android.permission.INTERACT_ACROSS_USERS;android.permission.READ_EXTERNAL_STORAGE;android.permission.RECEIVE_BOOT_COMPLETED;android.permission.RECEIVE_DEVICE_CUSTOMIZATION_READY;android.permission.VIBRATE;android.permission.WRITE_EXTERNAL_STORAGE;android.permission.WRITE_SETTINGS;com.android.soundpicker.DYNAMIC_RECEIVER_NOT_EXPORTED_PERMISSION	?	
system/system/priv-app/TagGoogle/TagGoogle.apk	com.google.android.tag	1.1	101	36	36	Tags		yes	android.permission.CALL_PHONE;android.permission.NFC;android.permission.QUERY_ALL_PACKAGES;android.permission.READ_CONTACTS;android.permission.READ_EXTERNAL_STORAGE;android.permission.READ_MEDIA_AUDIO;android.permission.READ_MEDIA_IMAGES;android.permission.READ_MEDIA_VIDEO;android.permission.WAKE_LOCK;com.android.apps.tag.DYNAMIC_RECEIVER_NOT_EXPORTED_PERMISSION	?	
system/system/priv-app/TeleService/TeleService.apk	com.android.phone	16	36	36	36	Phone Services		yes	android.permission.ACCESS_COARSE_LOCATION;android.permission.ACCESS_FINE_LOCATION;android.permission.ACCESS_IMS_CALL_SERVICE;android.permission.ACCESS_NETWORK_STATE;android.permission.ACCESS_TELEPHONY_SIMINFO_DB;android.permission.ACCESS_WIFI_STATE;android.permission.AUTHENTICATE_ACCOUNTS;android.permission.BIND_CARRIER_SERVICES;android.permission.BIND_CELL_BROADCAST_SERVICE;android.permission.BIND_DOMAIN_SELECTION_SERVICE;android.permission.BIND_EUICC_SERVICE;android.permission.BIND_GBA_SERVICE;android.permission.BIND_IMS_SERVICE;android.permission.BIND_SATELLITE_GATEWAY_SERVICE;android.permission.BIND_SATELLITE_SERVICE;android.permission.BIND_TELEPHONY_DATA_SERVICE;android.permission.BIND_TELEPHONY_NETWORK_SERVICE;android.permission.BIND_VISUAL_VOICEMAIL_SERVICE;android.permission.BLUETOOTH_CONNECT;android.permission.BLUETOOTH_SCAN;android.permission.BROADCAST_SMS;android.permission.BROADCAST_STICKY;android.permission.BROADCAST_WAP_PUSH;android.permission.CALL_PHONE;android.permission.CALL_PRIVILEGED;android.permission.CHANGE_COMPONENT_ENABLED_STATE;android.permission.CHANGE_CONFIGURATION;android.permission.CHANGE_DEVICE_IDLE_TEMP_WHITELIST;android.permission.CHANGE_NETWORK_STATE;android.permission.CHANGE_WIFI_STATE;android.permission.CONNECTIVITY_USE_RESTRICTED_NETWORKS;android.permission.CONTROL_INCALL_EXPERIENCE;android.permission.DEVICE_POWER;android.permission.DISABLE_KEYGUARD;android.permission.DOWNLOAD_WITHOUT_NOTIFICATION;android.permission.DUMP;android.permission.GET_ACCOUNTS;android.permission.GRANT_RUNTIME_PERMISSIONS_TO_TELEPHONY_DEFAULTS;android.permission.INTERACT_ACROSS_USERS;android.permission.INTERACT_ACROSS_USERS_FULL;android.permission.INTERNAL_SYSTEM_WINDOW;android.permission.INTERNET;android.permission.LOCAL_MAC_ADDRESS;android.permission.LOCATION_BYPASS;android.permission.LOG_COMPAT_CHANGE;android.permission.MANAGE_ACCOUNTS;android.permission.MANAGE_APP_OPS_MODES;android.permission.MANAGE_EXTERNAL_STORAGE;android.permission.MANAGE_NETWORK_POLICY;android.permission.MANAGE_ROLE_HOLDERS;android.permission.MANAGE_SUBSCRIPTION_PLANS;android.permission.MANAGE_SUBSCRIPTION_USER_ASSOCIATION;android.permission.MANAGE_USERS;android.permission.MODIFY_AUDIO_SETTINGS;android.permission.MODIFY_PHONE_STATE;android.permission.NETWORK_FACTORY;android.permission.NETWORK_SETTINGS;android.permission.NETWORK_STATS_PROVIDER;android.permission.OBSERVE_NETWORK_POLICY;android.permission.OBSERVE_ROLE_HOLDERS;android.permission.PACKAGE_USAGE_STATS;android.permission.PERFORM_CDMA_PROVISIONING;android.permission.POST_NOTIFICATIONS;android.permission.READ_BLOCKED_NUMBERS;android.permission.READ_CALL_LOG;android.permission.READ_CARRIER_APP_INFO;android.permission.READ_COMPAT_CHANGE_CONFIG;android.permission.READ_CONTACTS;android.permission.READ_EFS;android.permission.READ_EXTERNAL_STORAGE;android.permission.READ_NETWORK_USAGE_HISTORY;android.permission.READ_PRECISE_PHONE_STATE;android.permission.READ_PRIVILEGED_PHONE_STATE;android.permission.READ_PROJECTION_STATE;android.permission.READ_SEARCH_INDEXABLES;android.permission.READ_SMS;android.permission.READ_SYNC_SETTINGS;android.permission.READ_SYSTEM_GRAMMATICAL_GENDER;android.permission.REBOOT;android.permission.REBOOT_MODEM;android.permission.RECEIVE_BOOT_COMPLETED;android.permission.RECEIVE_SMS;android.permission.RECORD_AUDIO;android.permission.REGISTER_CALL_PROVIDER;android.permission.REGISTER_SIM_SUBSCRIPTION;android.permission.REGISTER_STATS_PULL_ATOM;android.permission.REORDER_TASKS;android.permission.SATELLITE_COMMUNICATION;android.permission.SEND_RESPOND_VIA_MESSAGE;android.permission.SEND_SAFETY_CENTER_UPDATE;android.permission.SEND_SMS;android.permission.SET_PREFERRED_APPLICATIONS;android.permission.SHUTDOWN;android.permission.START_ACTIVITIES_FROM_BACKGROUND;android.permission.STATUS_BAR;android.permission.STATUS_BAR_SERVICE;android.permission.STOP_APP_SWITCHES;android.permission.SUGGEST_TELEPHONY_TIME_AND_ZONE;android.permission.SYSTEM_ALERT_WINDOW;android.permission.UPDATE_APP_OPS_STATS;android.permission.UPDATE_CONFIG;android.permission.UPDATE_DEVICE_STATS;android.permission.UPDATE_LOCK;android.permission.USE_SIP;android.permission.UWB_PRIVILEGED;android.permission.VIBRATE;android.permission.WAKE_LOCK;android.permission.WRITE_APN_SETTINGS;android.permission.WRITE_BLOCKED_NUMBERS;android.permission.WRITE_CALL_LOG;android.permission.WRITE_CONTACTS;android.permission.WRITE_EFS;android.permission.WRITE_EMBEDDED_SUBSCRIPTIONS;android.permission.WRITE_EXTERNAL_STORAGE;android.permission.WRITE_SECURE_SETTINGS;android.permission.WRITE_SETTINGS;android.permission.WRITE_SMS;android.permission.WRITE_SYNC_SETTINGS;com.android.phone.DYNAMIC_RECEIVER_NOT_EXPORTED_PERMISSION;com.android.smspush.WAPPUSH_MANAGER_BIND;com.android.voicemail.permission.ADD_VOICEMAIL;com.android.voicemail.permission.READ_VOICEMAIL;com.android.voicemail.permission.WRITE_VOICEMAIL;com.google.android.apps.stargate.permission.SEND_EMERGENCY_INTENTS;com.google.android.apps.stargate.permission.SEND_NON_EMERGENCY_INTENTS;com.qti.permission.BIND_QTI_IMS_SERVICE;com.qti.permission.RECEIVE_ESSENTIAL_RECORDS_LOADED;com.qti.permission.RECEIVE_MSIM_VOICE_CAPABILITY;com.qti.permission.RECEIVE_SMS_CALLBACK_MODE;com.qualcomm.permission.USE_QCRIL_MSG_TUNNEL;com.qualcomm.qti.permission.USE_EXT_TELEPHONY_SERVICE;com.zte.emode.permission.START_ENTERENCE;com.zte.permission.FDN_STATUS_CHANGE;contacts.permission.START_MULTI_SELECTION;incallui.permission.PRIVILEGED;zte.permission.LAUNCH_POWER_SAVER_ACTIVITY	?	
system/system/priv-app/Telecom_MFV/Telecom_MFV.apk	com.android.server.telecom	16.0.000.000.2604131028	16000	35	36	Phone Calls		yes	android.permission.ACCESS_COARSE_LOCATION;android.permission.ACCESS_FINE_LOCATION;android.permission.ACCESS_NETWORK_STATE;android.permission.ACCESS_WIFI_STATE;android.permission.BIND_CONNECTION_SERVICE;android.permission.BIND_INCALL_SERVICE;android.permission.BLUETOOTH;android.permission.BLUETOOTH_ADMIN;android.permission.BLUETOOTH_ADVERTISE;android.permission.BLUETOOTH_CONNECT;android.permission.BLUETOOTH_PRIVILEGED;android.permission.BROADCAST_CALLLOG_INFO;android.permission.BROADCAST_PHONE_ACCOUNT_REGISTRATION;android.permission.CALL_PRIVILEGED;android.permission.CHANGE_NETWORK_STATE;android.permission.HANDLE_CALL_INTENT;android.permission.HANDLE_CAR_MODE_CHANGES;android.permission.HIDE_NON_SYSTEM_OVERLAY_WINDOWS;android.permission.INTERACT_ACROSS_USERS;android.permission.INTERACT_ACROSS_USERS_FULL;android.permission.INTERNET;android.permission.MANAGE_ROLE_HOLDERS;android.permission.MANAGE_USERS;android.permission.MODIFY_AUDIO_ROUTING;android.permission.MODIFY_AUDIO_SETTINGS;android.permission.MODIFY_PHONE_STATE;android.permission.POST_NOTIFICATIONS;android.permission.QUERY_ALL_PACKAGES;android.permission.READ_BLOCKED_NUMBERS;android.permission.READ_CALL_LOG;android.permission.READ_CONTACTS;android.permission.READ_DEVICE_CONFIG;android.permission.READ_EXTERNAL_STORAGE;android.permission.READ_PRIVILEGED_PHONE_STATE;android.permission.READ_PROJECTION_STATE;android.permission.SEND_SMS;android.permission.STATUS_BAR_SERVICE;android.permission.STOP_APP_SWITCHES;android.permission.SUBSTITUTE_NOTIFICATION_APP_NAME;android.permission.USE_COLORIZED_NOTIFICATIONS;android.permission.USE_FULL_SCREEN_INTENT;android.permission.VIBRATE;android.permission.WAKE_LOCK;android.permission.WRITE_BLOCKED_NUMBERS;android.permission.WRITE_CALL_LOG;android.permission.WRITE_SECURE_SETTINGS;android.permission.ZTE_HS_INTERFACE;callsetting.permission.PRIVILEGED;com.android.phone.permission.ACCESS_LAST_KNOWN_CELL_ID;com.android.server.telecom.DYNAMIC_RECEIVER_NOT_EXPORTED_PERMISSION;com.qti.permission.RECEIVE_ESSENTIAL_RECORDS_LOADED;com.qti.permission.RECEIVE_MSIM_VOICE_CAPABILITY_CHANGED;org.zx.AuthComp.permission.GET_USER_INFO;zte.permission.BIND_DATA_COLLECTION	?	
system/system/priv-app/TelephonyProvider/TelephonyProvider.apk	com.android.providers.telephony	16	36	36	36	Phone and Messaging Storage		yes	android.permission.ACCESS_MESSAGES_ON_ICC;android.permission.INTERACT_ACROSS_USERS;android.permission.INTERACT_ACROSS_USERS_FULL;android.permission.LOG_COMPAT_CHANGE;android.permission.MANAGE_SUBSCRIPTION_USER_ASSOCIATION;android.permission.MODIFY_PHONE_STATE;android.permission.READ_COMPAT_CHANGE_CONFIG;android.permission.READ_DEVICE_CONFIG;android.permission.READ_EXTERNAL_STORAGE;android.permission.RECEIVE_SMS;android.permission.USE_RESERVED_DISK;android.permission.WRITE_EXTERNAL_STORAGE	?	
system/system/priv-app/ThermalBridge/ThermalBridge.apk	com.zte.thermalbridge	16	36	36	36			yes	android.permission.BROADCAST_STICKY;android.permission.RECEIVE_BOOT_COMPLETED	?	
system/system/priv-app/UserDictionaryProvider/UserDictionaryProvider.apk	com.android.providers.userdictionary	16	36	36	36	User Dictionary		yes	android.permission.READ_PHONE_NUMBERS	?	
system/system/priv-app/VirtualGameHandle/VirtualGameHandle.apk	cn.nubia.virtualgamehandle	16.0.000.2604162012	17260415	34	37	Virtual joystick		yes	android.permission.FOREGROUND_SERVICE;android.permission.INTERNAL_SYSTEM_WINDOW;android.permission.QUERY_ALL_PACKAGES;android.permission.READ_FRAME_BUFFER;android.permission.SYSTEM_ALERT_WINDOW;android.permission.VIBRATE;android.permission.WRITE_SECURE_SETTINGS;android.permission.WRITE_SETTINGS;cn.nubia.virtualgamehandle.DYNAMIC_RECEIVER_NOT_EXPORTED_PERMISSION;zte.permission.BIND_DATA_COLLECTION	?	
system/system/priv-app/VpnDialogs/VpnDialogs.apk	com.android.vpndialogs	16	36	36	36	VpnDialogs		yes	android.permission.CONTROL_ALWAYS_ON_VPN;android.permission.CONTROL_VPN;android.permission.HIDE_NON_SYSTEM_OVERLAY_WINDOWS;android.permission.QUERY_ALL_PACKAGES	?	
system/system/priv-app/WlanSnifferTool/WlanSnifferTool.apk	com.zte.wlansniffertool	1.3	36	36	35	WlanSnifferTool		yes	android.permission.CHANGE_WIFI_STATE	?	
system/system/priv-app/ZBoard_Global/ZBoard_Global.apk	com.zte.mifavor.globalzboard	2.0.7.2603301631	207	29	36	Z-Board		yes	android.permission.ACCESS_ADSERVICES_AD_ID;android.permission.ACCESS_ADSERVICES_ATTRIBUTION;android.permission.ACCESS_ADSERVICES_TOPICS;android.permission.ACCESS_COARSE_LOCATION;android.permission.ACCESS_FINE_LOCATION;android.permission.ACCESS_NETWORK_STATE;android.permission.ACCESS_WIFI_STATE;android.permission.CHANGE_WIFI_STATE;android.permission.FOREGROUND_SERVICE;android.permission.INTERNET;android.permission.QUERY_ALL_PACKAGES;android.permission.READ_EXTERNAL_STORAGE;android.permission.RECEIVE_BOOT_COMPLETED;android.permission.START_ACTIVITIES_FROM_BACKGROUND;android.permission.STOP_APP_SWITCHES;android.permission.VIBRATE;android.permission.WAKE_LOCK;android.permission.WRITE_EXTERNAL_STORAGE;android.permission.WRITE_SETTINGS;android.permission.ZDM_RECOVERY_REBOOT;com.android.calendar.permission.ACCESS_PROVIDER;com.android.gallery3d.permission.VIEW_FAVOURITE;com.android.launcher3.permission.READ_SETTINGS;com.google.android.finsky.permission.BIND_GET_INSTALL_REFERRER_SERVICE;com.google.android.gms.permission.AD_ID;com.zte.heartyservice.permission.READ_SETTINGS;com.zte.mifavor.globalzboard.DYNAMIC_RECEIVER_NOT_EXPORTED_PERMISSION;com.zte.mifavor.outerscreen.home.provider.read;launchermfv.permission.DYNAMIC_SHOW_HIDDEN_APPS;miboard.permission.FAVORITE;systemui.permission.read_pedometer	?	
system/system/priv-app/ZSwitchPlatService/ZSwitchPlatService.apk	com.zte.zbackup.platservice	15.0.13	20241203	21	35	BackupService		yes	android.permission.ACCESS_CHECKIN_PROPERTIES;android.permission.ACCESS_DOWNLOAD_MANAGER;android.permission.ACCESS_NETWORK_STATE;android.permission.ACCESS_WIFI_STATE;android.permission.ACCESS_WIMAX_STATE;android.permission.BACKUP;android.permission.BATTERY_STATS;android.permission.BIND_SETTINGS_SUGGESTIONS_SERVICE;android.permission.BLUETOOTH;android.permission.BLUETOOTH_ADMIN;android.permission.BLUETOOTH_PRIVILEGED;android.permission.CHANGE_APP_IDLE_STATE;android.permission.CHANGE_CONFIGURATION;android.permission.CHANGE_WIFI_STATE;android.permission.CHANGE_WIMAX_STATE;android.permission.CLEAR_APP_USER_DATA;android.permission.CONFIGURE_DISPLAY_COLOR_MODE;android.permission.CONFIGURE_WIFI_DISPLAY;android.permission.COPY_PROTECTED_DATA;android.permission.DELETE_PACKAGES;android.permission.DEVICE_POWER;android.permission.FORCE_STOP_PACKAGES;android.permission.FOREGROUND_SERVICE;android.permission.HARDWARE_TEST;android.permission.HIDE_NON_SYSTEM_OVERLAY_WINDOWS;android.permission.INTERACT_ACROSS_USERS_FULL;android.permission.INTERNET;android.permission.LOCAL_MAC_ADDRESS;android.permission.MANAGE_APP_OPS_MODES;android.permission.MANAGE_APP_OPS_RESTRICTIONS;android.permission.MANAGE_DEVICE_ADMINS;android.permission.MANAGE_FINGERPRINT;android.permission.MANAGE_NOTIFICATIONS;android.permission.MANAGE_PROFILE_AND_DEVICE_OWNERS;android.permission.MANAGE_SCOPED_ACCESS_DIRECTORY_PERMISSIONS;android.permission.MANAGE_USB;android.permission.MANAGE_USERS;android.permission.MANAGE_USER_OEM_UNLOCK_STATE;android.permission.MASTER_CLEAR;android.permission.MODIFY_AUDIO_SETTINGS;android.permission.MODIFY_PHONE_STATE;android.permission.MOUNT_UNMOUNT_FILESYSTEMS;android.permission.MOVE_PACKAGE;android.permission.NETWORK_SETTINGS;android.permission.NFC;android.permission.OEM_UNLOCK_STATE;android.permission.OVERRIDE_WIFI_CONFIG;android.permission.PEERS_MAC_ADDRESS;android.permission.READ_PRINT_SERVICES;android.permission.READ_PROFILE;android.permission.READ_SEARCH_INDEXABLES;android.permission.READ_SYNC_SETTINGS;android.permission.READ_SYNC_STATS;android.permission.READ_USER_DICTIONARY;android.permission.REBOOT;android.permission.RECEIVE_BOOT_COMPLETED;android.permission.REQUEST_DELETE_PACKAGES;android.permission.REQUEST_NETWORK_SCORES;android.permission.SET_KEYBOARD_LAYOUT;android.permission.SET_POINTER_SPEED;android.permission.SET_TIME;android.permission.STATUS_BAR;android.permission.TEST_BLACKLISTED_PASSWORD;android.permission.TETHER_PRIVILEGED;android.permission.USER_ACTIVITY;android.permission.USE_CREDENTIALS;android.permission.USE_FINGERPRINT;android.permission.USE_RESERVED_DISK;android.permission.VIBRATE;android.permission.WRITE_APN_SETTINGS;android.permission.WRITE_MEDIA_STORAGE;android.permission.WRITE_SECURE_SETTINGS;android.permission.WRITE_SETTINGS;android.permission.WRITE_SYNC_SETTINGS;android.permission.WRITE_USER_DICTIONARY;com.android.certinstaller.INSTALL_AS_USER	?	
system/system/priv-app/ZteAigc_abroad/ZteAigc_abroad.apk	com.zte.aigc	16.0.000.000.2604162117	160000	30	36	nubia AI		yes	android.permission.ACCESS_CONTENT_PROVIDERS_EXTERNALLY;android.permission.ACCESS_NETWORK_STATE;android.permission.ACCESS_WIFI_STATE;android.permission.FOREGROUND_SERVICE;android.permission.FOREGROUND_SERVICE_DATA_SYNC;android.permission.GET_ACCOUNTS;android.permission.INTERNET;android.permission.MANAGE_EXTERNAL_STORAGE;android.permission.POST_NOTIFICATIONS;android.permission.QUERY_ALL_PACKAGES;android.permission.RECEIVE_BOOT_COMPLETED;android.permission.VIBRATE;com.zte.aigc.DYNAMIC_RECEIVER_NOT_EXPORTED_PERMISSION;com.zte.aigc.billing;com.zte.halo.app.permission.AI_VERSION;com.zte.halo.app.permission.FaceToFaceTranslate;com.zte.payment.permission.START_PAYMENT;nubia.permission.nbaccountservice;nubia.permission.nbservice;org.zx.AuthComp.permission.GET_USER_INFO;org.zx.AuthComp.permission.START_VERIFY_CODE;zte.permission.BIND_DATA_COLLECTION	?	
system/system/priv-app/dm_mfv/dm_mfv.apk	com.zte.zdm	WUSA.REDMAGIC.FOTA.16.0.000.000.2604201908	160000	26	36	System update		yes	android.permission.ACCESS_CACHE_FILESYSTEM;android.permission.ACCESS_NETWORK_STATE;android.permission.ACCESS_WIFI_STATE;android.permission.BROADCAST_STICKY;android.permission.BROADCAST_WAP_PUSH;android.permission.CHANGE_NETWORK_STATE;android.permission.CHANGE_WIFI_STATE;android.permission.FOREGROUND_SERVICE;android.permission.FOREGROUND_SERVICE_MEDIA_PLAYBACK;android.permission.GET_ACCOUNTS_PRIVILEGED;android.permission.GET_TASKS;android.permission.INTERNET;android.permission.MANAGE_EXTERNAL_STORAGE;android.permission.MOUNT_UNMOUNT_FILESYSTEMS;android.permission.PERSIST_PARTITION_CP;android.permission.PERSIST_PARTITION_RW;android.permission.POST_NOTIFICATIONS;android.permission.QUERY_ALL_PACKAGES;android.permission.READ_EXTERNAL_STORAGE;android.permission.READ_PHONE_STATE;android.permission.READ_PRIVILEGED_PHONE_STATE;android.permission.RECEIVE_BOOT_COMPLETED;android.permission.SCHEDULE_EXACT_ALARM;android.permission.SET_WALLPAPER;android.permission.START_ACTIVITIES_FROM_BACKGROUND;android.permission.VIBRATE;android.permission.WAKE_LOCK;android.permission.WRITE_EXTERNAL_STORAGE;android.permission.WRITE_MEDIA_STORAGE;android.permission.WRITE_SETTINGS;android.permission.ZDM_RECOVERY_REBOOT;com.android.browser.permission.READ_HISTORY_BOOKMARKS;com.android.browser.permission.WRITE_HISTORY_BOOKMARKS;com.android.launcher.permission.READ_SETTINGS;com.android.launcher.permission.WRITE_SETTINGS;com.zte.zdm.DYNAMIC_RECEIVER_NOT_EXPORTED_PERMISSION	?	
system/system/priv-app/facebook-installer/facebook-installer.apk	com.facebook.system	127.0.35	829570216	21	36	Meta App Installer		yes	android.permission.CHANGE_COMPONENT_ENABLED_STATE;android.permission.DELETE_PACKAGES;android.permission.GET_TASKS;android.permission.INSTALL_PACKAGES;android.permission.REAL_GET_TASKS;com.facebook.system.ACCESS	?	
system/system/priv-app/facebook-services/facebook-services.apk	com.facebook.services	143.0.38	837234934	23	36	Meta Services		yes	android.permission.ACCESS_NETWORK_STATE;android.permission.ACCESS_WIFI_STATE;android.permission.CHANGE_DEVICE_IDLE_TEMP_WHITELIST;android.permission.INTERNET;android.permission.RECEIVE_BOOT_COMPLETED;android.permission.WAKE_LOCK;com.facebook.services.DYNAMIC_RECEIVER_NOT_EXPORTED_PERMISSION	?	
system/system/priv-app/privatespace_stockplus/privatespace_stockplus.apk	com.zte.privacyzone	16.0.000.000.2604201610	160000	28	36	Private Space		yes	android.permission.ACCESS_DRM;android.permission.ACCESS_KEYGUARD_SECURE_STORAGE;android.permission.CAMERA;android.permission.CREATE_USERS;android.permission.DISABLE_KEYGUARD;android.permission.EXPAND_STATUS_BAR;android.permission.GET_PACKAGE_SIZE;android.permission.GET_TASKS;android.permission.INTERACT_ACROSS_USERS;android.permission.INTERACT_ACROSS_USERS_FULL;android.permission.MANAGE_DOCUMENTS;android.permission.MANAGE_EXTERNAL_STORAGE;android.permission.MANAGE_USERS;android.permission.MODIFY_AUDIO_SETTINGS;android.permission.QUERY_ALL_PACKAGES;android.permission.READ_EXTERNAL_STORAGE;android.permission.READ_MEDIA_AUDIO;android.permission.READ_MEDIA_IMAGES;android.permission.READ_MEDIA_VIDEO;android.permission.READ_PHONE_STATE;android.permission.READ_SYNC_SETTINGS;android.permission.REAL_GET_TASKS;android.permission.RECEIVE_BOOT_COMPLETED;android.permission.REORDER_TASKS;android.permission.RESTART_PACKAGES;android.permission.START_TASKS_FROM_RECENTS;android.permission.SYSTEM_ALERT_WINDOW;android.permission.USE_BIOMETRIC_INTERNAL;android.permission.USE_FINGERPRINT;android.permission.VIBRATE;android.permission.WAKE_LOCK;android.permission.WRITE_EXTERNAL_STORAGE;android.permission.WRITE_MEDIA_STORAGE;android.permission.WRITE_SETTINGS;android.permission.WRITE_SYNC_SETTINGS;com.android.launcher.permission.INSTALL_SHORTCUT;com.android.launcher.permission.UNINSTALL_SHORTCUT;com.android.permission.AIRPLANEMODE_SWITCH;com.zte.faceverify.permission.PROVIDER;com.zte.faceverify.permission.SERVICE;com.zte.faceverify.permission.START_ACTIVITY;com.zte.fingerprints;com.zte.privacyzone.permission.READ_SETTINGS;com.zte.privacyzone.permission.WRITE_SETTINGS;com.zte.privacyzone.permission.ZTE_HEARTYSERVICE_MANAGEMENT;zte.permission.FINGERPRINT;zte.permission.IGNORE_FAILED_ATTEMPTS	?	
system/system/priv-app/zdmDaemon_common/zdmDaemon_common.apk	com.zte.zdmdaemon	13.8.2603151633	138	24	36	ZdmDaemon		yes	android.permission.ACCESS_CACHE_FILESYSTEM;android.permission.KILL_BACKGROUND_PROCESSES;android.permission.MASTER_CLEAR;android.permission.NETWORK_SETTINGS;android.permission.READ_PHONE_STATE;android.permission.READ_PRIVILEGED_PHONE_STATE;android.permission.REBOOT;android.permission.RECEIVE_BOOT_COMPLETED;android.permission.RECOVERY;android.permission.ZDM_RECOVERY_REBOOT	?	
system/system/priv-app/zdmDaemon_install/zdmDaemon_install.apk	com.zte.zdmdaemon.install	13.8.2603151628	138	24	36	ZdmDaemonUpdate		yes	android.permission.INSTALL_PACKAGE_UPDATES;android.permission.READ_PRIVILEGED_PHONE_STATE;android.permission.ZDM_RECOVERY_REBOOT	?	
system/system/priv-app/zswitch_stockplus/zswitch_stockplus.apk	com.zte.onekeycp	7.0.2604241143	2026042411	26	35	Phone Switch		yes	alarmclock.permission.ALARM_DB;alarmclock.permission.ALARM_DB_WRITE;alarmclock.permission.ALARM_PROVIDER_WRITE;alarmclock.permission.CONTROL_ALARM;android.permission.ACCESS_COARSE_LOCATION;android.permission.ACCESS_FINE_LOCATION;android.permission.ACCESS_NETWORK_STATE;android.permission.ACCESS_WIFI_STATE;android.permission.BATTERY_STATS;android.permission.BIND_ACCESSIBILITY_SERVICE;android.permission.BROADCAST_STICKY;android.permission.CAMERA;android.permission.CHANGE_CONFIGURATION;android.permission.CHANGE_NETWORK_STATE;android.permission.CHANGE_WIFI_STATE;android.permission.CONNECTIVITY_INTERNAL;android.permission.CREATE_USERS;android.permission.DELETE_PACKAGES;android.permission.FORCE_STOP_PACKAGES;android.permission.FOREGROUND_SERVICE;android.permission.FOREGROUND_SERVICE_DATA_SYNC;android.permission.GET_PACKAGE_SIZE;android.permission.GET_TASKS;android.permission.INSTALL_PACKAGES;android.permission.INTERACT_ACROSS_USERS;android.permission.INTERACT_ACROSS_USERS_FULL;android.permission.INTERNET;android.permission.KILL_BACKGROUND_PROCESSES;android.permission.MANAGE_EXTERNAL_STORAGE;android.permission.MANAGE_USERS;android.permission.MODIFY_AUDIO_SETTINGS;android.permission.MOUNT_UNMOUNT_FILESYSTEMS;android.permission.OVERRIDE_WIFI_CONFIG;android.permission.PACKAGE_USAGE_STATS;android.permission.POST_NOTIFICATIONS;android.permission.QUERY_ALL_PACKAGES;android.permission.READ_CALENDAR;android.permission.READ_CALL_LOG;android.permission.READ_CONTACTS;android.permission.READ_EXTERNAL_STORAGE;android.permission.READ_MEDIA_AUDIO;android.permission.READ_MEDIA_IMAGES;android.permission.READ_MEDIA_VIDEO;android.permission.READ_SMS;android.permission.READ_SYNC_STATS;android.permission.RECEIVE_USER_PRESENT;android.permission.REQUEST_INSTALL_PACKAGES;android.permission.SET_TIME_ZONE;android.permission.SET_WALLPAPER;android.permission.SYSTEM_ALERT_WINDOW;android.permission.VIBRATE;android.permission.WAKE_LOCK;android.permission.WRITE_CALENDAR;android.permission.WRITE_CALL_LOG;android.permission.WRITE_CONTACTS;android.permission.WRITE_EXTERNAL_STORAGE;android.permission.WRITE_MEDIA_STORAGE;android.permission.WRITE_SETTINGS;android.permission.WRITE_SMS;android.permission.WRITE_SYNC_SETTINGS;com.android.browser.permission.READ_HISTORY_BOOKMARKS;com.android.browser.permission.WRITE_HISTORY_BOOKMARKS;com.android.deskclock.permission.ACCESS_PROVIDER;com.android.email.permission.ACCESS_PROVIDER;com.android.launcher.permission.READ_SETTINGS;com.android.launcher.permission.WRITE_SETTINGS;com.android.launcher3.permission.ACCESS_PROVIDER;com.android.launcher3.permission.READ_SETTINGS;com.android.launcher3.permission.WRITE_SETTINGS;com.ume.appservice.BIND;com.zte.heartyservice.permission.READ_SETTINGS;com.zte.heartyservice.permission.WRITE_SETTINGS;com.zte.mifavor.launcher.permission.READ_SETTINGS;com.zte.mifavor.launcher.permission.WRITE_SETTINGS;com.zte.onekeycp.DYNAMIC_RECEIVER_NOT_EXPORTED_PERMISSION;com.zte.zbackup.platservice.BIND;launchermfv.permission.READ_SETTINGS;launchermfv.permission.USE_BACKUP_RECEIVER;launchermfv.permission.USE_BACKUP_RESTORE;launchermfv.permission.USE_BACKUP_SERVICE;launchermfv.permission.WRITE_SETTINGS;setupwizard.permission.SEND_BROADCAST;zte.com.cn.filer.permission.START_ACTIVITY	?	
system_ext/app/AccessibilityMenu/AccessibilityMenu.apk	com.android.systemui.accessibility.accessibilitymenu	16	36	36	36			no	android.permission.CONTROL_DISPLAY_BRIGHTNESS;android.permission.MANAGE_USERS;com.android.systemui.accessibility.accessibilitymenu.DYNAMIC_RECEIVER_NOT_EXPORTED_PERMISSION	?	
system_ext/app/AtFwd2/AtFwd2.apk	com.qualcomm.atfwd2	16	36	36	35			no	android.permission.ACCESS_KEYGUARD_SECURE_STORAGE;android.permission.INJECT_EVENTS;android.permission.INTERACT_ACROSS_USERS_FULL;android.permission.MANAGE_USERS;android.permission.MASTER_CLEAR;android.permission.MODIFY_PHONE_STATE;android.permission.READ_PHONE_STATE;android.permission.REBOOT;android.permission.RECEIVE_BOOT_COMPLETED;android.permission.RESET_FINGERPRINT_LOCKOUT;android.permission.SHUTDOWN;android.permission.START_ACTIVITIES_FROM_BACKGROUND;android.permission.WAKE_LOCK	?	
system_ext/app/DynamicDDSService/DynamicDDSService.apk	com.qualcomm.qti.dynamicddsservice	16.1	16	36	36			no		?	
system_ext/app/FloatAssist_CommonAbroad/FloatAssist_CommonAbroad.apk	com.zte.floatassist	16.1.000.000.2604161509	160000	35	36	Sidebar		no	android.permission.ACCESS_HIDDEN_PROFILES;android.permission.ACCESS_NETWORK_STATE;android.permission.BLUETOOTH;android.permission.BLUETOOTH_ADMIN;android.permission.FOREGROUND_SERVICE;android.permission.INJECT_EVENTS;android.permission.INTERACT_ACROSS_USERS;android.permission.INTERACT_ACROSS_USERS_FULL;android.permission.INTERNET;android.permission.MANAGE_ACTIVITY_STACKS;android.permission.MANAGE_ACTIVITY_TASKS;android.permission.MANAGE_EXTERNAL_STORAGE;android.permission.POST_NOTIFICATIONS;android.permission.QUERY_ALL_PACKAGES;android.permission.READ_FRAME_BUFFER;android.permission.READ_MEDIA_AUDIO;android.permission.READ_MEDIA_IMAGES;android.permission.READ_MEDIA_VIDEO;android.permission.RECEIVE_BOOT_COMPLETED;android.permission.SUPPRESS_CLIPBOARD_ACCESS_NOTIFICATION;android.permission.SYSTEM_ALERT_WINDOW;android.permission.VIBRATE;android.permission.WAKE_LOCK;com.zte.floatassist.DYNAMIC_RECEIVER_NOT_EXPORTED_PERMISSION;com.zte.halo.app.permission.AI_VERSION;launchermfv.permission.GS_LAUNCHER_DATA;systemui.permission.read_privatespace_provider;zte.permission.BIND_DATA_COLLECTION	?	
system_ext/app/FrameworksUtilsSysService/FrameworksUtilsSysService.apk	vendor.qti.frameworks.utils	1.0	1	31	36	FrameworksUtilsApp		no	android.permission.INTERACT_ACROSS_USERS;android.permission.OBSERVE_GRANT_REVOKE_PERMISSIONS;android.permission.REAL_GET_TASKS;android.permission.RECEIVE_BOOT_COMPLETED	?	
system_ext/app/GmsEEAType4cIntegration/GmsEEAType4cIntegration.apk	com.google.android.gmsintegration	16	36	36	36	Google Sample Home Screen		no		?	
system_ext/app/ImsDataChannelService/ImsDataChannelService.apk	vendor.qti.imsdatachannel	16	36	36	36			no	android.permission.READ_PHONE_STATE;android.permission.READ_PRIVILEGED_PHONE_STATE	?	
system_ext/app/ImsRcsService/ImsRcsService.apk	vendor.qti.imsrcs	16	36	36	36			no	android.permission.READ_PHONE_STATE;android.permission.READ_PRIVILEGED_PHONE_STATE	?	
system_ext/app/MIPop_MFV/MIPop_MFV.apk	com.android.mipop	16.0.000.2604201815	160000	26	36	Easy Touch		no	android.permission.CHANGE_CONFIGURATION;android.permission.INJECT_EVENTS;android.permission.INTERACT_ACROSS_USERS;android.permission.MODIFY_AUDIO_SETTINGS;android.permission.MOUNT_UNMOUNT_FILESYSTEMS;android.permission.QUERY_ALL_PACKAGES;android.permission.REBOOT;android.permission.SET_WALLPAPER;android.permission.SYSTEM_ALERT_WINDOW;android.permission.VIBRATE;android.permission.WAKE_LOCK;android.permission.ZTE_HS_INTERFACE;com.android.mipop.DYNAMIC_RECEIVER_NOT_EXPORTED_PERMISSION;zte.permission.ZMS	?	
system_ext/app/NetworkStackGoogleOverlay/NetworkStackGoogleOverlay.apk	com.google.android.networkstack.overlay	16	36	36	36			no	android.permission.CHANGE_OVERLAY_PACKAGES	?	
system_ext/app/PowerOffAlarm/PowerOffAlarm.apk	com.qualcomm.qti.poweroffalarm	16	36	36	36	PowerOffAlarm		no		?	
system_ext/app/QCC/QCC.apk	com.qti.qcc	QCC16.0-20250629-3722a4b	6	36	36	QCC		no	android.permission.ACCESS_NETWORK_STATE;android.permission.ACCESS_WIFI_STATE;android.permission.INTERACT_ACROSS_USERS;android.permission.INTERNET;android.permission.RECEIVE_BOOT_COMPLETED;com.qti.qcc.permission.QCCUI;com.qti.qcc.permission.VENDOR_QCC;com.qualcomm.qti.qccauthmgr.permission.QCCAUTHMGR;com.qualcomm.qti.qdma.permission.QDMA;com.qualcomm.qti.smq.feedback.providers.write;com.qualcomm.qti.smq.qcc.permission.QCCTRUI	?	
system_ext/app/QdcmFF/QdcmFF.apk	com.qti.snapdragon.qdcm_ff	1.0	1	36	36	QDCM-FF		no		?	
system_ext/app/QtiTelephonyService/QtiTelephonyService.apk	com.qualcomm.qti.telephonyservice	16	36	36	35			no	android.permission.MODIFY_AUDIO_ROUTING;android.permission.MODIFY_AUDIO_SETTINGS;android.permission.RECEIVE_BOOT_COMPLETED	?	
system_ext/app/RecommendZTE/RecommendZTE.apk	com.zte.recommend	16.0.000.000.2604171440	160000	30	36	Contextual intelligent recommendations		no	android.permission.ACCESS_NETWORK_STATE;android.permission.INJECT_EVENTS;android.permission.INTERACT_ACROSS_USERS;android.permission.INTERACT_ACROSS_USERS_FULL;android.permission.INTERNAL_SYSTEM_WINDOW;android.permission.INTERNET;android.permission.MANAGE_ACTIVITY_TASKS;android.permission.POST_NOTIFICATIONS;android.permission.QUERY_ALL_PACKAGES;android.permission.READ_CALENDAR;android.permission.READ_EXTERNAL_STORAGE;android.permission.READ_PHONE_STATE;android.permission.READ_PRIVILEGED_PHONE_STATE;android.permission.SYSTEM_ALERT_WINDOW;android.permission.VIBRATE;android.permission.WRITE_CALENDAR;android.permission.WRITE_EXTERNAL_STORAGE;android.permission.WRITE_SECURE_SETTINGS;com.zte.aigc.billing;floatassist.permission.recommendprovider;miboard.permission.signature.writeprovider	?	
system_ext/app/SecureElement/SecureElement.apk	com.android.se	16	36	36	36	SecureElementApplication		no	android.permission.INTERACT_ACROSS_USERS_FULL;android.permission.QUERY_ALL_PACKAGES	?	
system_ext/app/SimContact/SimContact.apk	com.qualcomm.qti.simcontacts	1.1.0	2	21	36	SimContacts		no	android.permission.CALL_PHONE;android.permission.READ_CONTACTS;android.permission.READ_PHONE_STATE;android.permission.WRITE_CONTACTS	?	
system_ext/app/TetheringResGoogleOverlay/TetheringResGoogleOverlay.apk	com.google.android.networkstack.tethering.overlay	16	36	36	36			no	android.permission.CHANGE_OVERLAY_PACKAGES	?	
system_ext/app/WAPPushManager/WAPPushManager.apk	com.android.smspush	16	36	36	36			no	android.permission.QUERY_ALL_PACKAGES	?	
system_ext/app/WigigTetheringRRO/WigigTetheringRRO.apk	com.qualcomm.qti.server.wigig.tethering.rro	1.0	1	36	36			no		?	
system_ext/app/aptxacu/aptxacu.apk	com.qualcomm.qtil.aptxacu	16.0.3	1	36	35	acu		no	android.permission.QUERY_ALL_PACKAGES;android.permission.RECEIVE_BOOT_COMPLETED;com.google.android.material.DYNAMIC_RECEIVER_NOT_EXPORTED_PERMISSION;com.qualcomm.qtil.aptxals.PERMISSION	?	
system_ext/app/atfwd/atfwd.apk	com.qualcomm.atfwd	16	36	36	35			no	android.permission.ACCESS_KEYGUARD_SECURE_STORAGE;android.permission.INJECT_EVENTS;android.permission.INTERACT_ACROSS_USERS_FULL;android.permission.MANAGE_USERS;android.permission.MASTER_CLEAR;android.permission.REBOOT;android.permission.RECEIVE_BOOT_COMPLETED;android.permission.RESET_FINGERPRINT_LOCKOUT;android.permission.SHUTDOWN;android.permission.START_ACTIVITIES_FROM_BACKGROUND;android.permission.WAKE_LOCK	?	
system_ext/app/colorservice/colorservice.apk	com.qti.service.colorservice	1.0	1	36	36			no		?	
system_ext/app/imssettings/imssettings.apk	com.qualcomm.qti.ims	1.0	1	36	35			no	android.permission.MODIFY_PHONE_STATE;android.permission.READ_EXTERNAL_STORAGE;android.permission.READ_PHONE_STATE;android.permission.READ_PRIVILEGED_PHONE_STATE;android.permission.WRITE_SECURE_SETTINGS;com.qti.permission.BIND_QTI_IMS_SERVICE;com.qti.permission.RECEIVE_ESSENTIAL_RECORDS_LOADED;com.qualcomm.qti.ims.DYNAMIC_RECEIVER_NOT_EXPORTED_PERMISSION	?	
system_ext/app/uceShimService/uceShimService.apk	com.qualcomm.qti.uceShimService	16	36	36	36	uceShimService		no	android.permission.BROADCAST_STICKY;android.permission.READ_PRIVILEGED_PHONE_STATE;android.permission.RECEIVE_BOOT_COMPLETED	?	
system_ext/app/workloadclassifier/workloadclassifier.apk	com.qualcomm.qti.workloadclassifier	16	36	36	35			no	android.permission.PACKAGE_USAGE_STATS;android.permission.QUERY_ALL_PACKAGES;android.permission.RECEIVE_BOOT_COMPLETED	?	
system_ext/etc/security/fsverity/BuildManifestSystemExt.apk	com.android.security.fsverity_metadata.system_ext	16	36	36	?			no		?	
system_ext/overlay/ConnectivityResOverlay.apk	com.google.android.connectivity.resources.overlay	16	36	36	36			no	android.permission.CHANGE_OVERLAY_PACKAGES	?	
system_ext/overlay/Weather_ZTE_Overlay/Weather_ZTE_Overlay.apk	com.zte.weather.overlay	15.0.000.2503071648	1	27	35			no		?	
system_ext/overlay/WifiResOverlay.apk	com.google.android.wifi.resources.overlay	16	36	36	36			no	android.permission.CHANGE_OVERLAY_PACKAGES	?	
system_ext/priv-app/AvatarPicker/AvatarPicker.apk	com.android.avatarpicker	16	36	36	36	Choose a picture		yes	android.permission.REORDER_TASKS;com.android.avatarpicker.DYNAMIC_RECEIVER_NOT_EXPORTED_PERMISSION	?	
system_ext/priv-app/CarrierConfig/CarrierConfig.apk	com.android.carrierconfig	1.0.0	1	36	36			yes	android.permission.READ_PRIVILEGED_PHONE_STATE	?	
system_ext/priv-app/DoubleLay_Abroad/DoubleLay_Abroad.apk	com.zte.cn.doubleapp	16.0.000.000.2604201750	160000	26	36	DoubleLayService		yes	android.permission.ACCESS_NETWORK_STATE;android.permission.ACCESS_PDB_STATE;android.permission.ACCESS_WIFI_STATE;android.permission.BIND_DEVICE_ADMIN;android.permission.CHANGE_CONFIGURATION;android.permission.CHANGE_WIFI_STATE;android.permission.CONNECTIVITY_INTERNAL;android.permission.CREATE_USERS;android.permission.CRYPT_KEEPER;android.permission.DELETE_PACKAGES;android.permission.FORCE_STOP_PACKAGES;android.permission.FOREGROUND_SERVICE;android.permission.FOREGROUND_SERVICE_DATA_SYNC;android.permission.INTERACT_ACROSS_USERS;android.permission.INTERACT_ACROSS_USERS_FULL;android.permission.INTERNET;android.permission.MANAGE_ACCOUNTS;android.permission.MANAGE_DEVICE_ADMINS;android.permission.MANAGE_PROFILE_AND_DEVICE_OWNERS;android.permission.MANAGE_USERS;android.permission.MASTER_CLEAR;android.permission.NFC;android.permission.PERFORM_CDMA_PROVISIONING;android.permission.QUERY_ALL_PACKAGES;android.permission.READ_EXTERNAL_STORAGE;android.permission.REBOOT;android.permission.RECEIVE_BOOT_COMPLETED;android.permission.SET_TIME;android.permission.SET_TIME_ZONE;android.permission.SHUTDOWN;android.permission.VIBRATE;android.permission.WAKE_LOCK;android.permission.WRITE_EXTERNAL_STORAGE;android.permission.WRITE_MEDIA_STORAGE;android.permission.WRITE_SECURE_SETTINGS;android.permission.WRITE_SETTINGS;android.permission.ZTE_HS_INTERFACE;com.zte.cn.doubleapp.DYNAMIC_RECEIVER_NOT_EXPORTED_PERMISSION;systemui.permission.read_privatespace_provider	?	
system_ext/priv-app/EmergencyInfoGms/EmergencyInfoGms.apk	com.android.emergency	16	36	36	36			yes	android.permission.CALL_PHONE;android.permission.CALL_PRIVILEGED;android.permission.FOREGROUND_SERVICE;android.permission.FOREGROUND_SERVICE_SPECIAL_USE;android.permission.READ_PHONE_STATE;android.permission.READ_PRIVILEGED_PHONE_STATE;android.permission.SCHEDULE_EXACT_ALARM;android.permission.START_ACTIVITIES_FROM_BACKGROUND;android.permission.VIBRATE;android.permission.WRITE_SECURE_SETTINGS;com.android.emergency.DYNAMIC_RECEIVER_NOT_EXPORTED_PERMISSION	?	
system_ext/priv-app/GoogleFeedback/GoogleFeedback.apk	com.google.android.feedback	16-14848146	36	23	35	Market Feedback Agent		yes	android.permission.ACCESS_NETWORK_STATE;android.permission.INTERNET;android.permission.PACKAGE_USAGE_STATS;android.permission.QUERY_ALL_PACKAGES;android.permission.READ_LOGS;android.permission.READ_PRIVILEGED_PHONE_STATE;com.google.android.providers.gsf.permission.READ_GSERVICES	?	
system_ext/priv-app/GoogleServicesFramework/GoogleServicesFramework.apk	com.google.android.gsf	16-14848146	36	36	36	Google Services Framework		yes	android.permission.ACCESS_CACHE_FILESYSTEM;android.permission.ACCESS_DOWNLOAD_MANAGER;android.permission.ACCESS_DOWNLOAD_MANAGER_ADVANCED;android.permission.ACCESS_NETWORK_STATE;android.permission.ACCESS_WIFI_STATE;android.permission.AUTHENTICATE_ACCOUNTS;android.permission.BACKUP;android.permission.BROADCAST_STICKY;android.permission.CHANGE_COMPONENT_ENABLED_STATE;android.permission.CHANGE_NETWORK_STATE;android.permission.CHANGE_WIFI_STATE;android.permission.DOWNLOAD_WITHOUT_NOTIFICATION;android.permission.DUMP;android.permission.GET_ACCOUNTS;android.permission.INTERACT_ACROSS_USERS;android.permission.INTERNET;android.permission.INVOKE_CARRIER_SETUP;android.permission.MANAGE_ACCOUNTS;android.permission.MANAGE_USERS;android.permission.MASTER_CLEAR;android.permission.PERSISTENT_ACTIVITY;android.permission.READ_CONTACTS;android.permission.READ_DEVICE_CONFIG;android.permission.READ_DREAM_STATE;android.permission.READ_NETWORK_USAGE_HISTORY;android.permission.READ_PHONE_STATE;android.permission.READ_SYNC_SETTINGS;android.permission.READ_SYNC_STATS;android.permission.REBOOT;android.permission.RECEIVE_BOOT_COMPLETED;android.permission.RECEIVE_DATA_ACTIVITY_CHANGE;android.permission.RECOVERY;android.permission.SET_TIME;android.permission.STATUS_BAR;android.permission.UPDATE_DEVICE_STATS;android.permission.USE_CREDENTIALS;android.permission.VIBRATE;android.permission.WAKE_LOCK;android.permission.WRITE_CONTACTS;android.permission.WRITE_GSERVICES;android.permission.WRITE_SECURE_SETTINGS;android.permission.WRITE_SETTINGS;android.permission.WRITE_SYNC_SETTINGS;com.android.chrome.TOS_ACKED;com.android.vending.INTENT_VENDING_ONLY;com.android.vending.TOS_ACKED;com.android.vending.billing.ADD_CREDIT_CARD;com.android.vending.billing.BILLING_ACCOUNT_SERVICE;com.google.android.c2dm.permission.RECEIVE;com.google.android.c2dm.permission.SEND;com.google.android.googleapps.permission.ACCESS_GOOGLE_PASSWORD;com.google.android.googleapps.permission.GOOGLE_AUTH;com.google.android.googleapps.permission.GOOGLE_AUTH.ALL_SERVICES;com.google.android.googleapps.permission.GOOGLE_AUTH.YouTubeUser;com.google.android.googleapps.permission.GOOGLE_AUTH.mail;com.google.android.googleapps.permission.GOOGLE_AUTH.youtube;com.google.android.googleapps.permission.GOOGLE_MAIL_SWITCH;com.google.android.gsf.DYNAMIC_RECEIVER_NOT_EXPORTED_PERMISSION;com.google.android.gsf.permission.C2D_MESSAGE;com.google.android.gsf.subscribedfeeds.permission.C2D_MESSAGE;com.google.android.gtalkservice.permission.GTALK_SERVICE;com.google.android.gtalkservice.permission.SEND_HEARTBEAT;com.google.android.permission.BROADCAST_DATA_MESSAGE;com.google.android.providers.gsf.permission.READ_GSERVICES;com.google.android.providers.gsf.permission.WRITE_GSERVICES;com.google.android.providers.settings.permission.READ_GSETTINGS;com.google.android.providers.settings.permission.WRITE_GSETTINGS;com.google.android.providers.talk.permission.READ_ONLY;com.google.android.providers.talk.permission.WRITE_ONLY;com.google.android.xmpp.permission.BROADCAST;com.google.android.xmpp.permission.XMPP_ENDPOINT_BROADCAST	?	
system_ext/priv-app/Launcher_MFV_abroad/Launcher_MFV_abroad.apk	com.zte.mifavor.launcher	16.0.010.000.2604201741	160000	31	36	System Launcher		yes	android.permission.ACCESS_HIDDEN_PROFILES_FULL;android.permission.ACCESS_NETWORK_STATE;android.permission.ACCESS_SHORTCUTS;android.permission.ACCESS_WIFI_STATE;android.permission.ALLOW_SLIPPERY_TOUCHES;android.permission.BIND_APPWIDGET;android.permission.BROADCAST_CLOSE_SYSTEM_DIALOGS;android.permission.CALL_PHONE;android.permission.CONTROL_REMOTE_APP_TRANSITION_ANIMATIONS;android.permission.INTERNAL_SYSTEM_WINDOW;android.permission.LOG_COMPAT_CHANGE;android.permission.MANAGE_ACCESSIBILITY;android.permission.MANAGE_ACTIVITY_TASKS;android.permission.MANAGE_USERS;android.permission.MONITOR_INPUT;android.permission.PACKAGE_USAGE_STATS;android.permission.POST_NOTIFICATIONS;android.permission.QUERY_ALL_PACKAGES;android.permission.READ_COMPAT_CHANGE_CONFIG;android.permission.READ_CONTACTS;android.permission.READ_DEVICE_CONFIG;android.permission.READ_EXTERNAL_STORAGE;android.permission.READ_FRAME_BUFFER;android.permission.READ_SEARCH_INDEXABLES;android.permission.RECEIVE_BOOT_COMPLETED;android.permission.REMOVE_TASKS;android.permission.REQUEST_DELETE_PACKAGES;android.permission.REQUEST_INSTALL_PACKAGES;android.permission.ROTATE_SURFACE_FLINGER;android.permission.SET_ORIENTATION;android.permission.SET_WALLPAPER;android.permission.SET_WALLPAPER_COMPONENT;android.permission.SET_WALLPAPER_HINTS;android.permission.START_TASKS_FROM_RECENTS;android.permission.STATUS_BAR;android.permission.STATUS_BAR_SERVICE;android.permission.STOP_APP_SWITCHES;android.permission.SYSTEM_ALERT_WINDOW;android.permission.SYSTEM_APPLICATION_OVERLAY;android.permission.USE_RESERVED_DISK;android.permission.VIBRATE;android.permission.WAKEUP_SURFACE_FLINGER;android.permission.WRITE_EXTERNAL_STORAGE;android.permission.WRITE_SECURE_SETTINGS;android.permission.WRITE_SETTINGS;android.permission.ZTE_HS_INTERFACE;com.aicd.client.permission.RECEIVE_BROADCAST;com.aicd.client.permission.WIDGET_PROVIDER;com.android.calendar.permission.ACCESS_PROVIDER;com.android.launcher3.permission.READ_SETTINGS;com.android.launcher3.permission.WRITE_SETTINGS;com.android.systemui.permission.fileprovider;com.zte.halo.app.permission.AI_VERSION;com.zte.mifavor.launcher.DYNAMIC_RECEIVER_NOT_EXPORTED_PERMISSION;com.zte.mifavor.stat.USER_STAT;com.zte.multscr.permission.ACCESS_PROVIDER;com.zte.privacyzone.permission.READ_SETTINGS;com.zte.systemui.permission.UNLOCK_SPACE;easymode.permission.provider.call;huawei.android.permission.HW_SIGNATURE_OR_SYSTEM;launcheradapter.permission.BatchUninstallService;launcheradapter.permission.READ_ADAPTER;launcheradapter.permission.USE_ADAPTER_SERVICE;launchermfv.permission.READ_SETTINGS;launchermfv.permission.WRITE_SETTINGS;miboard.permission.startmiboard;recommend.permission.provider.call;splitScreenGroup.permission.CHANGE_SHORTCUT;systemui.permission.read_client_provider;systemui.permission.read_privatespace_provider;theme.permission.LOCAL_RESOURCE;theme.permission.READ_DOWNLOADED_RESOURCE;zte.com.market.permission.READ_DOWNLOADS;zte.permission.LAUNCH_POWER_SAVER_ACTIVITY;zte.permission.PUSH_MESSAGE_3e4f5a41;zte.permission.READ_STRATEGY;zte.permission.WRITE_STRATEGY	?	
system_ext/priv-app/NookModemService/NookModemService.apk	com.zte.nook.modem	16	36	36	36			yes	android.permission.INTERACT_ACROSS_USERS_FULL;android.permission.RECEIVE_BOOT_COMPLETED	?	
system_ext/priv-app/QAS_DVC_MSP/QAS_DVC_MSP.apk	com.qti.ltebc	MSDC_LA_5.4.05.00.0	5405000	28	36	LTE Broadcast Manager		yes	android.permission.ACCESS_NETWORK_STATE;android.permission.ACCESS_WIFI_STATE;android.permission.CHANGE_NETWORK_STATE;android.permission.CHANGE_WIFI_MULTICAST_STATE;android.permission.FOREGROUND_SERVICE;android.permission.FOREGROUND_SERVICE_CONNECTED_DEVICE;android.permission.INTERNET;android.permission.RECEIVE_BOOT_COMPLETED;android.permission.SCHEDULE_EXACT_ALARM;android.permission.SEND_EMBMS_INTENTS	?	
system_ext/priv-app/QtiTelephony/QtiTelephony.apk	com.qti.phone	16	36	36	35			yes	android.permission.INTERACT_ACROSS_PROFILES;android.permission.INTERACT_ACROSS_USERS;android.permission.INTERACT_ACROSS_USERS_FULL;android.permission.INTERNAL_SYSTEM_WINDOW;android.permission.MODIFY_PHONE_STATE;android.permission.READ_PHONE_STATE;android.permission.READ_PRIVILEGED_PHONE_STATE;android.permission.RECEIVE_BOOT_COMPLETED;android.permission.STATUS_BAR;android.permission.WRITE_EMBEDDED_SUBSCRIPTIONS;android.permission.WRITE_SECURE_SETTINGS;com.qti.permission.RECEIVE_ESSENTIAL_RECORDS_LOADED;com.qti.phone.DYNAMIC_RECEIVER_NOT_EXPORTED_PERMISSION;com.qualcomm.permission.USE_QCRIL_MSG_TUNNEL	?	
system_ext/priv-app/QualcommVoiceActivation/QualcommVoiceActivation.apk	com.quicinc.voice.activation	6.1.4	601004	29	35	Qualcomm Voice Assist		yes	android.permission.CAPTURE_AUDIO_HOTWORD;android.permission.CHANGE_DEVICE_IDLE_TEMP_WHITELIST;android.permission.FORCE_STOP_PACKAGES;android.permission.FOREGROUND_SERVICE;android.permission.FOREGROUND_SERVICE_MICROPHONE;android.permission.MODIFY_AUDIO_SETTINGS;android.permission.QUERY_ALL_PACKAGES;android.permission.RECEIVE_BOOT_COMPLETED;android.permission.RECORD_AUDIO;android.permission.START_ACTIVITIES_FROM_BACKGROUND;android.permission.WAKE_LOCK	?	
system_ext/priv-app/Settings_MFV_abroad/Settings_MFV_abroad.apk	com.android.settings	16.0.000.2604201815	160000	31	36	Settings		yes	android.Manifest.permission.READ_PHONE_STATE;android.permission.ACCESS_CHECKIN_PROPERTIES;android.permission.ACCESS_DOWNLOAD_MANAGER;android.permission.ACCESS_FINE_LOCATION;android.permission.ACCESS_GPU_SERVICE;android.permission.ACCESS_KEYGUARD_SECURE_STORAGE;android.permission.ACCESS_NETWORK_STATE;android.permission.ACCESS_NOTIFICATIONS;android.permission.ACCESS_WIFI_STATE;android.permission.ALLOW_PLACE_IN_MULTI_PANE_SETTINGS;android.permission.BACKUP;android.permission.BATTERY_STATS;android.permission.BIND_CELL_BROADCAST_SERVICE;android.permission.BIND_REMOTE_LOCKSCREEN_VALIDATION_SERVICE;android.permission.BIND_SETTINGS_SUGGESTIONS_SERVICE;android.permission.BLUETOOTH_ADVERTISE;android.permission.BLUETOOTH_CONNECT;android.permission.BLUETOOTH_PRIVILEGED;android.permission.BLUETOOTH_SCAN;android.permission.CALL_PHONE;android.permission.CAMERA;android.permission.CHANGE_APP_IDLE_STATE;android.permission.CHANGE_CONFIGURATION;android.permission.CHANGE_WIFI_STATE;android.permission.CLEAR_APP_USER_DATA;android.permission.CONFIGURE_DISPLAY_COLOR_MODE;android.permission.CONFIGURE_WIFI_DISPLAY;android.permission.CONTROL_DISPLAY_COLOR_TRANSFORMS;android.permission.CONTROL_UI_TRACING;android.permission.COPY_PROTECTED_DATA;android.permission.CUSTOMIZE_SYSTEM_UI;android.permission.DELETE_PACKAGES;android.permission.DEVICE_POWER;android.permission.DISABLE_KEYGUARD;android.permission.FORCE_STOP_PACKAGES;android.permission.FOREGROUND_SERVICE;android.permission.GET_BACKGROUND_INSTALLED_PACKAGES;android.permission.HARDWARE_TEST;android.permission.HIDE_NON_SYSTEM_OVERLAY_WINDOWS;android.permission.INSTALL_DYNAMIC_SYSTEM;android.permission.INTERACT_ACROSS_USERS;android.permission.INTERACT_ACROSS_USERS_FULL;android.permission.INTERNET;android.permission.LAUNCH_MULTI_PANE_SETTINGS_DEEP_LINK;android.permission.LIST_ENABLED_CREDENTIAL_PROVIDERS;android.permission.LOCAL_MAC_ADDRESS;android.permission.MANAGE_APP_HIBERNATION;android.permission.MANAGE_APP_OPS_MODES;android.permission.MANAGE_APP_OPS_RESTRICTIONS;android.permission.MANAGE_BIOMETRIC;android.permission.MANAGE_COMPANION_DEVICES;android.permission.MANAGE_DEBUGGING;android.permission.MANAGE_DEVICE_ADMINS;android.permission.MANAGE_ENHANCED_CONFIRMATION_STATES;android.permission.MANAGE_EXTERNAL_STORAGE;android.permission.MANAGE_FINGERPRINT;android.permission.MANAGE_GAME_MODE;android.permission.MANAGE_NETWORK_POLICY;android.permission.MANAGE_NOTIFICATIONS;android.permission.MANAGE_PROFILE_AND_DEVICE_OWNERS;android.permission.MANAGE_SAFETY_CENTER;android.permission.MANAGE_SCOPED_ACCESS_DIRECTORY_PERMISSIONS;android.permission.MANAGE_USB;android.permission.MANAGE_USERS;android.permission.MANAGE_USER_OEM_UNLOCK_STATE;android.permission.MASTER_CLEAR;android.permission.MEDIA_CONTENT_CONTROL;android.permission.MODIFY_AUDIO_SETTINGS;android.permission.MODIFY_AUDIO_SETTINGS_PRIVILEGED;android.permission.MODIFY_PHONE_STATE;android.permission.MOUNT_UNMOUNT_FILESYSTEMS;android.permission.MOVE_PACKAGE;android.permission.NETWORK_SETTINGS;android.permission.NFC;android.permission.OEM_UNLOCK_STATE;android.permission.OVERRIDE_WIFI_CONFIG;android.permission.PACKAGE_USAGE_STATS;android.permission.PEERS_MAC_ADDRESS;android.permission.POST_NOTIFICATIONS;android.permission.QUERY_ADMIN_POLICY;android.permission.QUERY_ALL_PACKAGES;android.permission.QUERY_AUDIO_STATE;android.permission.READ_APP_SPECIFIC_LOCALES;android.permission.READ_CONTACTS;android.permission.READ_DEVICE_CONFIG;android.permission.READ_DREAM_STATE;android.permission.READ_DREAM_SUPPRESSION;android.permission.READ_EXTERNAL_STORAGE;android.permission.READ_MEDIA_AUDIO;android.permission.READ_MEDIA_IMAGES;android.permission.READ_MEDIA_VIDEO;android.permission.READ_PHONE_NUMBERS;android.permission.READ_PHONE_STATE;android.permission.READ_PRINT_SERVICES;android.permission.READ_PRIVILEGED_PHONE_STATE;android.permission.READ_PROFILE;android.permission.READ_SAFETY_CENTER_STATUS;android.permission.READ_SEARCH_INDEXABLES;android.permission.READ_SYNC_SETTINGS;android.permission.READ_SYNC_STATS;android.permission.READ_SYSTEM_GRAMMATICAL_GENDER;android.permission.READ_USER_DICTIONARY;android.permission.REBOOT;android.permission.RECEIVE_BOOT_COMPLETED;android.permission.RECOVERY;android.permission.REMAP_MODIFIER_KEYS;android.permission.REQUEST_DELETE_PACKAGES;android.permission.REQUEST_NETWORK_SCORES;android.permission.RESTART_PHONE_PROCESS;android.permission.RESTART_WIFI_SUBSYSTEM;android.permission.SATELLITE_COMMUNICATION;android.permission.SCHEDULE_EXACT_ALARM;android.permission.SEND_SAFETY_CENTER_UPDATE;android.permission.SET_KEYBOARD_LAYOUT;android.permission.SET_POINTER_SPEED;android.permission.START_VIEW_APP_FEATURES;android.permission.STATUS_BAR;android.permission.SUGGEST_MANUAL_TIME_AND_ZONE;android.permission.SYSTEM_ALERT_WINDOW;android.permission.TEST_BLACKLISTED_PASSWORD;android.permission.TETHER_PRIVILEGED;android.permission.USER_ACTIVITY;android.permission.USE_BIOMETRIC;android.permission.USE_BIOMETRIC_INTERNAL;android.permission.USE_CREDENTIALS;android.permission.USE_FINGERPRINT;android.permission.USE_ICC_AUTH_WITH_DEVICE_IDENTIFIER;android.permission.USE_RESERVED_DISK;android.permission.VIBRATE;android.permission.WAKE_LOCK;android.permission.WRITE_APN_SETTINGS;android.permission.WRITE_CONTACTS;android.permission.WRITE_EXTERNAL_STORAGE;android.permission.WRITE_MEDIA_STORAGE;android.permission.WRITE_SECURE_SETTINGS;android.permission.WRITE_SETTINGS;android.permission.WRITE_SYNC_SETTINGS;android.permission.WRITE_USER_DICTIONARY;android.permission.ZTE_HS_INTERFACE;com.android.certinstaller.INSTALL_AS_USER;com.android.launcher.permission.READ_SETTINGS;com.android.launcher.permission.WRITE_SETTINGS;com.android.settings.DYNAMIC_RECEIVER_NOT_EXPORTED_PERMISSION;com.android.systemui.permission.fileprovider;com.google.android.googleapps.permission.GOOGLE_AUTH;com.qualcomm.qti.permission.USE_EXT_TELEPHONY_SERVICE;com.wapi.permission.ACCESS_CERTIFICATE;com.zte.devicemanager.client.PERMISSION_ACCESS_SHARED_DATA;com.zte.devicemanager.client.PERMISSION_RECEIVE_DEVICE_EVENT;com.zte.heartyservice.permission.READ_SETTINGS;com.zte.privacyzone.permission.READ_SETTINGS;com.zte.theme.permission.fileprovider;org.zx.AuthComp.permission.GET_USER_INFO;systemui.permission.read_pedometer;theme.permission.LOCAL_RESOURCE;zte.com.cn.filer.permission.START_ACTIVITY;zte.permission.FINGERPRINT	?	
system_ext/priv-app/SetupWizard/SetupWizard.apk	com.google.android.setupwizard	236.871377611	40439	29	36	Android Setup		yes	android.permission.ACCESS_BACKGROUND_LOCATION;android.permission.ACCESS_COARSE_LOCATION;android.permission.ACCESS_FINE_LOCATION;android.permission.ACCESS_KEYGUARD_SECURE_STORAGE;android.permission.ACCESS_NETWORK_STATE;android.permission.ACCESS_WIFI_STATE;android.permission.AUTHENTICATE_ACCOUNTS;android.permission.BACKUP;android.permission.BLUETOOTH;android.permission.BLUETOOTH_CONNECT;android.permission.CALL_PHONE;android.permission.CAMERA;android.permission.CHANGE_COMPONENT_ENABLED_STATE;android.permission.CHANGE_CONFIGURATION;android.permission.CHANGE_NETWORK_STATE;android.permission.CHANGE_WIFI_STATE;android.permission.CONNECTIVITY_INTERNAL;android.permission.DISABLE_KEYGUARD;android.permission.DISPATCH_PROVISIONING_MESSAGE;android.permission.FOREGROUND_SERVICE;android.permission.FOREGROUND_SERVICE_DATA_SYNC;android.permission.FOREGROUND_SERVICE_SPECIAL_USE;android.permission.GET_PACKAGE_SIZE;android.permission.INTERACT_ACROSS_USERS;android.permission.INTERNET;android.permission.INVOKE_CARRIER_SETUP;android.permission.LOCAL_MAC_ADDRESS;android.permission.LOCATION_HARDWARE;android.permission.MANAGE_ACCESSIBILITY;android.permission.MANAGE_ACCOUNTS;android.permission.MANAGE_FINGERPRINT;android.permission.MANAGE_TIME_AND_ZONE_DETECTION;android.permission.MANAGE_USB;android.permission.MANAGE_USERS;android.permission.MASTER_CLEAR;android.permission.MODIFY_DAY_NIGHT_MODE;android.permission.MODIFY_PHONE_STATE;android.permission.MODIFY_SETTINGS_OVERRIDEABLE_BY_RESTORE;android.permission.NEARBY_WIFI_DEVICES;android.permission.NETWORK_SETUP_WIZARD;android.permission.NFC;android.permission.NOTIFICATION_DURING_SETUP;android.permission.OVERRIDE_WIFI_CONFIG;android.permission.PEERS_MAC_ADDRESS;android.permission.PERFORM_CDMA_PROVISIONING;android.permission.POST_NOTIFICATIONS;android.permission.PROVISION_DEMO_DEVICE;android.permission.QUERY_ALL_PACKAGES;android.permission.READ_CONTACTS;android.permission.READ_DEVICE_CONFIG;android.permission.READ_PRIVILEGED_PHONE_STATE;android.permission.READ_PROFILE;android.permission.READ_WIFI_CREDENTIAL;android.permission.REBOOT;android.permission.RECEIVE_BOOT_COMPLETED;android.permission.REQUEST_NETWORK_SCORES;android.permission.SET_BIOMETRIC_DIALOG_ADVANCED;android.permission.SET_TIME;android.permission.SET_TIME_ZONE;android.permission.SHUTDOWN;android.permission.START_ACTIVITIES_FROM_BACKGROUND;android.permission.STATUS_BAR;android.permission.SUBSTITUTE_NOTIFICATION_APP_NAME;android.permission.UPDATE_LOCK_TASK_PACKAGES;android.permission.USE_BIOMETRIC;android.permission.USE_COLORIZED_NOTIFICATIONS;android.permission.USE_CREDENTIALS;android.permission.WAKE_LOCK;android.permission.WRITE_APN_SETTINGS;android.permission.WRITE_CONTACTS;android.permission.WRITE_PROFILE;android.permission.WRITE_SECURE_SETTINGS;android.permission.WRITE_SETTINGS;android.permission.WRITE_SYNC_SETTINGS;com.android.settings.BATTERY_DATA;com.android.settings.USE_BIOMETRIC_PROVIDER;com.android.vending.BIOAUTH_CONSENT;com.android.vending.TOS_ACKED;com.android.vending.setup.PLAY_SETUP_SERVICE;com.google.android.apps.now.OPT_IN_WIZARD;com.google.android.googleapps.permission.GOOGLE_AUTH;com.google.android.providers.gsf.permission.READ_GSERVICES;com.google.android.providers.settings.permission.READ_GSETTINGS;com.google.android.providers.settings.permission.WRITE_GSETTINGS;com.google.android.setupwizard.PARTNER_SETUP;com.google.android.setupwizard.READ_DEVICE_ORIGIN_FIRST_PARTY;com.google.android.setupwizard.SETUP;com.google.android.setupwizard.SETUP_BTS;com.google.android.setupwizard.SETUP_COMPAT_SERVICE;com.google.android.setupwizard.SETUP_PROGRESS_SERVICE;com.google.android.setupwizard.pairing.NEARBY_BACKUP_SERVICE	?	
system_ext/priv-app/StorageManager/StorageManager.apk	com.android.storagemanager	16	36	36	36	Storage Manager		yes	android.permission.DELETE_PACKAGES;android.permission.GET_PACKAGE_SIZE;android.permission.INTERACT_ACROSS_USERS;android.permission.MANAGE_EXTERNAL_STORAGE;android.permission.MANAGE_USERS;android.permission.PACKAGE_USAGE_STATS;android.permission.POST_NOTIFICATIONS;android.permission.QUERY_ALL_PACKAGES;android.permission.READ_DEVICE_CONFIG;android.permission.READ_EXTERNAL_STORAGE;android.permission.RECEIVE_BOOT_COMPLETED;android.permission.USE_RESERVED_DISK;android.permission.WRITE_EXTERNAL_STORAGE;android.permission.WRITE_SECURE_SETTINGS;com.android.storagemanager.DYNAMIC_RECEIVER_NOT_EXPORTED_PERMISSION	?	
system_ext/priv-app/StrategyProvider_stockplus/StrategyProvider_stockplus.apk	com.zte.heartyservice.strategy	16	120	36	35	StrategyProvider		yes	android.permission.ACCESS_NETWORK_STATE;android.permission.ACCESS_WIFI_STATE;android.permission.BROADCAST_STICKY;android.permission.INTERACT_ACROSS_USERS;android.permission.INTERACT_ACROSS_USERS_FULL;android.permission.INTERNET;android.permission.QUERY_ALL_PACKAGES;android.permission.RECEIVE_BOOT_COMPLETED;android.permission.WAKE_LOCK;android.permission.ZTE_MANAGE_NETWORK_POLICY;android.permission.get_analytics_data;zte.permission.BIND_DATA_COLLECTION	?	
system_ext/priv-app/SubsysService/SubsysService.apk	com.android.subsys	16	36	36	36			yes	android.permission.ACCESS_BROADCAST_RADIO;android.permission.FOREGROUND_SERVICE;android.permission.MASTER_CLEAR;android.permission.MODIFY_AUDIO_ROUTING;android.permission.MODIFY_AUDIO_SETTINGS;android.permission.MOUNT_UNMOUNT_FILESYSTEMS;android.permission.READ_PRECISE_PHONE_STATE;android.permission.REBOOT;android.permission.SET_MEDIA_KEY_LISTENER;android.permission.SYSTEM_ALERT_WINDOW;android.permission.WAKE_LOCK	?	
system_ext/priv-app/SystemUI_MFV/SystemUI_MFV.apk	com.android.systemui	16.0.000.101.2604201854	160000	31	36	System UI		yes	alarmclock.permission.ENABLE_OR_DISABLE_ALARM;android.Manifest.permission#BIND_ATTENTION_SERVICE;android.car.permission.CAR_CONTROL_AUDIO_VOLUME;android.car.permission.CONTROL_CAR_CLIMATE;android.permission.ACCESS_AMBIENT_CONTEXT_EVENT;android.permission.ACCESS_CONTEXTUAL_SEARCH;android.permission.ACCESS_INSTANT_APPS;android.permission.ACCESS_KEYGUARD_SECURE_STORAGE;android.permission.ACCESS_NETWORK_STATE;android.permission.ACCESS_NOTIFICATIONS;android.permission.ACCESS_SHORTCUTS;android.permission.ACCESS_SURFACE_FLINGER;android.permission.ACCESS_VOICE_INTERACTION_SERVICE;android.permission.ACCESS_VR_MANAGER;android.permission.ACCESS_WIFI_STATE;android.permission.ACTIVITY_RECOGNITION;android.permission.ACT_AS_PACKAGE_FOR_ACCESSIBILITY;android.permission.ADD_TRUSTED_DISPLAY;android.permission.ALLOW_SLIPPERY_TOUCHES;android.permission.ATTENTION_SERVICE;android.permission.BATTERY_STATS;android.permission.BIND_APPWIDGET;android.permission.BIND_CONTROLS;android.permission.BIND_DEVICE_ADMIN;android.permission.BIND_QUICK_ACCESS_WALLET_SERVICE;android.permission.BIND_QUICK_SETTINGS_TILE;android.permission.BIND_RESOLVER_RANKER_SERVICE;android.permission.BIND_WALLPAPER;android.permission.BLUETOOTH;android.permission.BLUETOOTH_ADMIN;android.permission.BLUETOOTH_ADVERTISE;android.permission.BLUETOOTH_CONNECT;android.permission.BLUETOOTH_PRIVILEGED;android.permission.BLUETOOTH_SCAN;android.permission.BROADCAST_CLOSE_SYSTEM_DIALOGS;android.permission.BROADCAST_OPTION_INTERACTIVE;android.permission.CAMERA;android.permission.CAMERA_OPEN_CLOSE_LISTENER;android.permission.CAPTURE_AUDIO_OUTPUT;android.permission.CAPTURE_BLACKOUT_CONTENT;android.permission.CHANGE_ACCESSIBILITY_VOLUME;android.permission.CHANGE_COMPONENT_ENABLED_STATE;android.permission.CHANGE_CONFIGURATION;android.permission.CHANGE_DEVICE_IDLE_TEMP_WHITELIST;android.permission.CHANGE_NETWORK_STATE;android.permission.CHANGE_OVERLAY_PACKAGES;android.permission.CHANGE_WIFI_STATE;android.permission.CONFIGURE_WIFI_DISPLAY;android.permission.CONTROL_DEVICE_STATE;android.permission.CONTROL_DISPLAY_BRIGHTNESS;android.permission.CONTROL_DISPLAY_COLOR_TRANSFORMS;android.permission.CONTROL_KEYGUARD;android.permission.CONTROL_KEYGUARD_SECURE_NOTIFICATIONS;android.permission.CONTROL_REMOTE_APP_TRANSITION_ANIMATIONS;android.permission.CONTROL_VPN;android.permission.DEVICE_POWER;android.permission.DISABLE_KEYGUARD;android.permission.DUMP;android.permission.EXPAND_STATUS_BAR;android.permission.FOREGROUND_SERVICE;android.permission.FOREGROUND_SERVICE_SYSTEM_EXEMPTED;android.permission.GET_ACCOUNTS;android.permission.GET_APP_OPS_STATS;android.permission.GET_DETAILED_TASKS;android.permission.GET_INTENT_SENDER_INTENT;android.permission.GET_RUNTIME_PERMISSIONS;android.permission.GET_TOP_ACTIVITY_INFO;android.permission.HIDE_NON_SYSTEM_OVERLAY_WINDOWS;android.permission.INJECT_EVENTS;android.permission.INPUT_CONSUMER;android.permission.INTERACT_ACROSS_USERS;android.permission.INTERACT_ACROSS_USERS_FULL;android.permission.INTERNAL_SYSTEM_WINDOW;android.permission.INTERNET;android.permission.LOCATION_HARDWARE;android.permission.LOG_COMPAT_CHANGE;android.permission.MANAGE_ACCESSIBILITY;android.permission.MANAGE_ACCOUNTS;android.permission.MANAGE_ACTIVITY_TASKS;android.permission.MANAGE_APP_TOKENS;android.permission.MANAGE_BIOMETRIC;android.permission.MANAGE_CONTENT_SUGGESTIONS;android.permission.MANAGE_DEBUGGING;android.permission.MANAGE_DEFAULT_APPLICATIONS;android.permission.MANAGE_DISPLAYS;android.permission.MANAGE_EXTERNAL_STORAGE;android.permission.MANAGE_FINGERPRINT;android.permission.MANAGE_KEY_GESTURES;android.permission.MANAGE_MEDIA_PROJECTION;android.permission.MANAGE_NETWORK_POLICY;android.permission.MANAGE_NOTIFICATIONS;android.permission.MANAGE_PROFILE_AND_DEVICE_OWNERS;android.permission.MANAGE_ROLE_HOLDERS;android.permission.MANAGE_SENSOR_PRIVACY;android.permission.MANAGE_SLICE_PERMISSIONS;android.permission.MANAGE_SMARTSPACE;android.permission.MANAGE_USB;android.permission.MANAGE_USERS;android.permission.MASTER_CLEAR;android.permission.MEDIA_CONTENT_CONTROL;android.permission.MODIFY_ACCESSIBILITY_DATA;android.permission.MODIFY_AUDIO_ROUTING;android.permission.MODIFY_AUDIO_SETTINGS;android.permission.MODIFY_AUDIO_SETTINGS_PRIVILEGED;android.permission.MODIFY_DAY_NIGHT_MODE;android.permission.MODIFY_DEFAULT_AUDIO_EFFECTS;android.permission.MODIFY_PHONE_STATE;android.permission.MODIFY_SETTINGS_OVERRIDEABLE_BY_RESTORE;android.permission.MODIFY_THEME_OVERLAY;android.permission.MODIFY_TOUCH_MODE_STATE;android.permission.MONITOR_INPUT;android.permission.MONITOR_KEYBOARD_BACKLIGHT;android.permission.MONITOR_STICKY_MODIFIER_STATE;android.permission.MOUNT_UNMOUNT_FILESYSTEMS;android.permission.NETWORK_FACTORY;android.permission.NETWORK_SETTINGS;android.permission.OBSERVE_GRANT_REVOKE_PERMISSIONS;android.permission.OBSERVE_NETWORK_POLICY;android.permission.OBSERVE_ROLE_HOLDERS;android.permission.OBSERVE_SENSOR_PRIVACY;android.permission.OVERRIDE_SYSTEM_KEY_BEHAVIOR_IN_FOCUSED_WINDOW;android.permission.OVERRIDE_WIFI_CONFIG;android.permission.PACKAGE_USAGE_STATS;android.permission.PEERS_MAC_ADDRESS;android.permission.POST_NOTIFICATIONS;android.permission.QUERY_ADMIN_POLICY;android.permission.QUERY_ADVANCED_PROTECTION_MODE;android.permission.QUERY_ALL_PACKAGES;android.permission.QUERY_AUDIO_STATE;android.permission.READ_CLIPBOARD_IN_BACKGROUND;android.permission.READ_COMPAT_CHANGE_CONFIG;android.permission.READ_CONTACTS;android.permission.READ_DEVICE_CONFIG;android.permission.READ_DREAM_STATE;android.permission.READ_EXTERNAL_STORAGE;android.permission.READ_FRAME_BUFFER;android.permission.READ_NETWORK_USAGE_HISTORY;android.permission.READ_PEOPLE_DATA;android.permission.READ_PHONE_STATE;android.permission.READ_PRECISE_PHONE_STATE;android.permission.READ_PRIVILEGED_PHONE_STATE;android.permission.READ_PROFILE;android.permission.READ_PROJECTION_STATE;android.permission.READ_SAFETY_CENTER_STATUS;android.permission.READ_SEARCH_INDEXABLES;android.permission.READ_SYNC_SETTINGS;android.permission.READ_SYSTEM_GRAMMATICAL_GENDER;android.permission.READ_WALLPAPER_INTERNAL;android.permission.READ_WIFI_CREDENTIAL;android.permission.REAL_GET_TASKS;android.permission.RECEIVE_BOOT_COMPLETED;android.permission.RECEIVE_MEDIA_RESOURCE_USAGE;android.permission.RECEIVE_SENSITIVE_NOTIFICATIONS;android.permission.RECORD_AUDIO;android.permission.RECORD_SENSITIVE_CONTENT;android.permission.REGISTER_WINDOW_MANAGER_LISTENERS;android.permission.REMOTE_AUDIO_PLAYBACK;android.permission.REMOVE_TASKS;android.permission.REORDER_TASKS;android.permission.REQUEST_NETWORK_SCORES;android.permission.RESET_FINGERPRINT_LOCKOUT;android.permission.RESET_SHORTCUT_MANAGER_THROTTLING;android.permission.ROTATE_SURFACE_FLINGER;android.permission.SATELLITE_COMMUNICATION;android.permission.SET_ACTIVITY_WATCHER;android.permission.SET_CLIP_SOURCE;android.permission.SET_ORIENTATION;android.permission.SET_SCREEN_COMPATIBILITY;android.permission.SET_SYSTEM_AUDIO_CAPTION;android.permission.SET_THEME_OVERLAY_CONTROLLER_READY;android.permission.SET_UNRESTRICTED_GESTURE_EXCLUSION;android.permission.SET_UNRESTRICTED_KEEP_CLEAR_AREAS;android.permission.SET_WALLPAPER;android.permission.SET_WALLPAPER_COMPONENT;android.permission.SET_WALLPAPER_DIM_AMOUNT;android.permission.START_ACTIVITIES_FROM_BACKGROUND;android.permission.START_ACTIVITY_AS_CALLER;android.permission.START_ANY_ACTIVITY;android.permission.START_TASKS_FROM_RECENTS;android.permission.START_WIDGET_PICKER_ACTIVITY;android.permission.STATUS_BAR;android.permission.STATUS_BAR_SERVICE;android.permission.STOP_APP_SWITCHES;android.permission.STORAGE_INTERNAL;android.permission.SUBSCRIBE_TO_KEYGUARD_LOCKED_STATE;android.permission.SUBSTITUTE_NOTIFICATION_APP_NAME;android.permission.SUPPRESS_CLIPBOARD_ACCESS_NOTIFICATION;android.permission.SYSTEM_ALERT_WINDOW;android.permission.TABLET_MODE;android.permission.TETHER_PRIVILEGED;android.permission.TRUST_LISTENER;android.permission.UNLIMITED_TOASTS;android.permission.UPDATE_APP_OPS_STATS;android.permission.UPDATE_DEVICE_STATS;android.permission.UPDATE_DOMAIN_VERIFICATION_USER_SELECTION;android.permission.USE_BIOMETRIC_INTERNAL;android.permission.USE_EXACT_ALARM;android.permission.USE_FINGERPRINT;android.permission.USE_RESERVED_DISK;android.permission.VIBRATE;android.permission.VIBRATE_SYSTEM_CONSTANTS;android.permission.WAKEUP_SURFACE_FLINGER;android.permission.WAKE_LOCK;android.permission.WATCH_APPOPS;android.permission.WRITE_APN_SETTINGS;android.permission.WRITE_DREAM_STATE;android.permission.WRITE_EMBEDDED_SUBSCRIPTIONS;android.permission.WRITE_MEDIA_STORAGE;android.permission.WRITE_SECURE_SETTINGS;android.permission.WRITE_SETTINGS;android.permission.WRITE_SYNC_SETTINGS;android.permission.ZDM_RECOVERY_REBOOT;android.permission.ZTE_HEARTYSERVICE_MANAGEMENT;android.permission.ZTE_HS_INTERFACE;androidzte.permission.ZTE_THEME_CHANGE;cn.nubia.redmagickyi.digitalhuman.permission.settings.provider;com.android.alarm.permission.SET_ALARM;com.android.calendar.permission.ACCESS_PROVIDER;com.android.mipop.permission.MIPOP;com.android.systemui.DYNAMIC_RECEIVER_NOT_EXPORTED_PERMISSION;com.android.systemui.permission.SELF;com.android.ztescreenshot.permission.SCREENSHOT;com.dts.permission.DTS_EFFECT;com.qualcomm.qti.permission.USE_EXT_TELEPHONY_SERVICE;com.zte.aiassistant.permission.provider;com.zte.devicemanager.client.PERMISSION_RECEIVE_DEVICE_EVENT;com.zte.faceverify.permission.PROVIDER;com.zte.faceverify.permission.SERVICE;com.zte.halo.app.permission.EVENT_HOME_LONGPRESSED;com.zte.livewallpaper.permission.READ_FILE;com.zte.mfvkeyguard.read;com.zte.mfvkeyguard.read.step;com.zte.mfvkeyguard.write;com.zte.mfvkeyguard.write.step;com.zte.smartcast.permission.SEND_BROADCAST;com.zte.systemui.permission.UNLOCK_SPACE;com.zte.theme.permission.ThemeManagerService;com.zte.theme.permission.fileprovider;com.zte.weather.permission.ACCESS_WEATHER_SETTINGS;com.zte.weather.permission.READ_WEATHER_DATA;launchermfv.permission.READ_SETTINGS;launchermfv.permission.READ_TASK;launchermfv.permission.UNLOCK_ANIMATION;launchermfv.permission.WRITE_SETTINGS;mfvsettings.permission.DUALSCREEN;mfvsettings.permission.HOTSPOT;mfvsettings.permission.SHUTDOWN;quickcall.permission.openaty;systemui.permission.read_client_provider;systemui.permission.read_privatespace_provider;systemui.permission.write_privatespace_provider;theme.permission.receivechange;ume.permission.wallpaper;ume.permission.wallpaper.PROVIDER_CALL;ume.permission.wallpaper.nubia.new;zte.permission.BIND_DATA_COLLECTION;zte.permission.FINGERPRINT;zte.permission.LAUNCH_POWER_SAVER_ACTIVITY;zte.permission.PUSH_MESSAGE_3e4f5a41;zte.permission.SEND_POWER_SAVER_MODE;zte.permission.ZMS	?	
system_ext/priv-app/ThermalAction/ThermalAction.apk	com.zte.thermald	16	36	36	36	thermald		yes	android.Manifest.permission.SYSTEM_ALERT_WINDOW;android.permission.CONNECTIVITY_INTERNAL;android.permission.DEVICE_POWER;android.permission.FLASHLIGHT;android.permission.FORCE_STOP_PACKAGES;android.permission.FOREGROUND_SERVICE;android.permission.MANAGE_NETWORK_POLICY;android.permission.MODIFY_NETWORK_ACCOUNTING;android.permission.REBOOT;android.permission.RECEIVE_BOOT_COMPLETED;android.permission.REMOVE_TASKS	?	
system_ext/priv-app/ToolsManager/ToolsManager.apk	com.zte.toolsmanager	16	36	36	36			yes	android.permission.MANAGE_EXTERNAL_STORAGE;android.permission.QUERY_ALL_PACKAGES;android.permission.RECEIVE_BOOT_COMPLETED;com.zte.aiassistant.permission.provider	?	
system_ext/priv-app/VoiceModel/VoiceModel.apk	com.zte.voicemodel	17.0.000.2605151536	170000	35	36	VendorAIModel		yes	android.permission.ACCESS_NETWORK_STATE;android.permission.ACCESS_WIFI_STATE;android.permission.FOREGROUND_SERVICE_DATA_SYNC;android.permission.FOREGROUND_SERVICE_MEDIA_PLAYBACK;android.permission.GET_TASKS;android.permission.INTERNET;android.permission.MANAGE_EXTERNAL_STORAGE;android.permission.MODIFY_AUDIO_SETTINGS;android.permission.READ_EXTERNAL_STORAGE;android.permission.RECORD_AUDIO;android.permission.WRITE_EXTERNAL_STORAGE;android.permission.WRITE_SECURE_SETTINGS;com.zte.aigc.billing;com.zte.voicemodel.DYNAMIC_RECEIVER_NOT_EXPORTED_PERMISSION;zte.permission.BIND_DATA_COLLECTION	?	
system_ext/priv-app/WallpaperCropper/WallpaperCropper.apk	com.android.wallpapercropper	16	36	36	36			yes	android.permission.SET_WALLPAPER;android.permission.SET_WALLPAPER_HINTS	?	
system_ext/priv-app/WfdService/WfdService.apk	com.qualcomm.wfd.service	2.0	2	36	35	Wfd Service		yes	android.permission.ACCESS_SURFACE_FLINGER;android.permission.BLUETOOTH;android.permission.CAPTURE_SECURE_VIDEO_OUTPUT;android.permission.CAPTURE_VIDEO_OUTPUT;android.permission.FOREGROUND_SERVICE;android.permission.FOREGROUND_SERVICE_MEDIA_PLAYBACK;android.permission.INJECT_EVENTS;android.permission.INTERNET;android.permission.POST_NOTIFICATIONS;android.permission.RECEIVE_BOOT_COMPLETED;android.permission.START_FOREGROUND_SERVICES_FROM_BACKGROUND;com.qualcomm.permission.wfd.QC_WFD	?	
system_ext/priv-app/ZteScreenshot_MFV_abroad/ZteScreenshot_MFV_abroad.apk	com.android.ztescreenshot	16.1.000.000.2604201937	160000	31	36	ScreenCapture		yes	android.permission.ACCESS_NETWORK_STATE;android.permission.ACCESS_WIFI_STATE;android.permission.CAPTURE_AUDIO_OUTPUT;android.permission.FOREGROUND_SERVICE_MEDIA_PROJECTION;android.permission.INTERACT_ACROSS_USERS;android.permission.INTERNET;android.permission.MODIFY_AUDIO_SETTINGS;android.permission.MOUNT_UNMOUNT_FILESYSTEMS;android.permission.QUERY_ALL_PACKAGES;android.permission.READ_FRAME_BUFFER;android.permission.RECEIVE_BOOT_COMPLETED;android.permission.SET_WALLPAPER;android.permission.SUBSTITUTE_NOTIFICATION_APP_NAME;android.permission.SYSTEM_ALERT_WINDOW;android.permission.VIBRATE;android.permission.WAKE_LOCK;android.permission.ZDM_RECOVERY_REBOOT;android.permission.ZTE_HS_INTERFACE;com.android.ztescreenshot.permission.SCREENSHOT;mipop.permission.BACK_GESTURE;zte.permission.BIND_DATA_COLLECTION;zte.permission.ZMS	?	
system_ext/priv-app/aptxals/aptxals.apk	com.qualcomm.qtil.aptxals	16.0.7	1	36	35	als		yes	android.permission.BLUETOOTH_CONNECT;android.permission.BLUETOOTH_PRIVILEGED;android.permission.BLUETOOTH_SCAN;android.permission.DUMP;android.permission.INTERACT_ACROSS_USERS;android.permission.MANAGE_ACTIVITY_TASKS;android.permission.MODIFY_AUDIO_ROUTING;android.permission.PACKAGE_USAGE_STATS;android.permission.REAL_GET_TASKS;android.permission.RECEIVE_BOOT_COMPLETED;android.permission.WRITE_SETTINGS;com.qualcomm.qtil.aptxacu.PERMISSION	?	
system_ext/priv-app/aptxui/aptxui.apk	com.qualcomm.qtil.aptxui	16.0.3	1	36	35	aptxui		yes	android.permission.BLUETOOTH_CONNECT;android.permission.BLUETOOTH_PRIVILEGED;android.permission.POST_NOTIFICATIONS;android.permission.RECEIVE_BOOT_COMPLETED	?	
system_ext/priv-app/com.qualcomm.location/com.qualcomm.location.apk	com.qualcomm.location	1.0	1	36	35	EmergencyLocServices		yes	android.permission.ACCESS_NETWORK_STATE;android.permission.ACCESS_WIFI_STATE;android.permission.CHANGE_NETWORK_STATE;android.permission.CONNECTIVITY_USE_RESTRICTED_NETWORKS;android.permission.INTERACT_ACROSS_USERS_FULL;android.permission.INTERNET;android.permission.MANAGE_APP_OPS_MODES;android.permission.MANAGE_USERS;android.permission.OBSERVE_GRANT_REVOKE_PERMISSIONS;android.permission.PACKAGE_USAGE_STATS;android.permission.POST_NOTIFICATIONS;android.permission.PROCESS_OUTGOING_CALLS;android.permission.QUERY_ALL_PACKAGES;android.permission.READ_OEM_UNLOCK_STATE;android.permission.READ_PHONE_STATE;android.permission.READ_PRIVILEGED_PHONE_STATE;android.permission.RECEIVE_BOOT_COMPLETED;android.permission.UPDATE_APP_OPS_STATS;android.permission.WAKE_LOCK;android.permission.WATCH_APPOPS;android.permission.WRITE_APN_SETTINGS;android.permission.WRITE_SECURE_SETTINGS;com.qualcomm.permission.ACCESS_GTPWIFI_API;com.qualcomm.permission.ACCESS_GTPWIFI_CROWDSOURCING_API;com.qualcomm.permission.ACCESS_LOCATION_API;com.qualcomm.permission.ACCESS_USER_CONSENT_API;com.qualcomm.permission.IZAT	?	
system_ext/priv-app/com.qualcomm.qti.services.systemhelper/com.qualcomm.qti.services.systemhelper.apk	com.qualcomm.qti.services.systemhelper	1.0	1	36	35	System Helper Service		yes	android.permission.ACCESS_SURFACE_FLINGER;android.permission.DEVICE_POWER;android.permission.INTERACT_ACROSS_USERS;android.permission.MANAGE_USERS;android.permission.READ_PRIVILEGED_PHONE_STATE;android.permission.RECEIVE_BOOT_COMPLETED;android.permission.WAKE_LOCK;android.permission.WRITE_SETTINGS	?	
system_ext/priv-app/dcf/dcf.apk	com.qti.dcf	1.0	1	36	36	dcf		yes		?	
system_ext/priv-app/dpmserviceapp/dpmserviceapp.apk	com.qti.dpmserviceapp	16	36	36	36			yes	android.permission.ACCESS_NETWORK_STATE;android.permission.INTERACT_ACROSS_USERS_FULL;android.permission.NETWORK_SETTINGS;android.permission.RECEIVE_BOOT_COMPLETED;android.permission.WAKE_LOCK;com.qualcomm.permission.READPROC	?	
system_ext/priv-app/ims/ims.apk	org.codeaurora.ims	1.0	1	36	35			yes	android.permission.BROADCAST_STICKY;android.permission.CAMERA;android.permission.CREATE_USERS;android.permission.INTERACT_ACROSS_PROFILES;android.permission.INTERACT_ACROSS_USERS;android.permission.INTERACT_ACROSS_USERS_FULL;android.permission.MODIFY_PHONE_STATE;android.permission.POST_NOTIFICATIONS;android.permission.READ_EXTERNAL_STORAGE;android.permission.READ_PHONE_STATE;android.permission.READ_PRECISE_PHONE_STATE;android.permission.READ_PRIVILEGED_PHONE_STATE;android.permission.RECEIVE_BOOT_COMPLETED;android.permission.SUBSTITUTE_NOTIFICATION_APP_NAME;android.permission.WAKE_LOCK;android.permission.WRITE_SECURE_SETTINGS;com.qti.permission.AUDIO;com.qti.permission.DIAG;com.qti.permission.RECEIVE_ESSENTIAL_RECORDS_LOADED;com.qti.permission.RECEIVE_MSIM_VOICE_CAPABILITY;com.qti.permission.RECEIVE_PRE_ALERTING_CALL_INFO;com.qti.permission.RECEIVE_SMS_CALLBACK_MODE	?	
system_ext/priv-app/qcrilmsgtunnel/qcrilmsgtunnel.apk	com.qualcomm.qcrilmsgtunnel	16	36	36	35			yes	android.permission.INTERACT_ACROSS_PROFILES;android.permission.INTERACT_ACROSS_USERS;android.permission.INTERACT_ACROSS_USERS_FULL;android.permission.RECEIVE_BOOT_COMPLETED;android.permission.WAKE_LOCK;com.qualcomm.permission.USE_QCRIL_MSG_TUNNEL	?	
system_ext/priv-app/xrcbservice/xrcbservice.apk	com.qualcomm.qti.xrcb	16	36	36	36	XRCB		yes		?	
system_ext/priv-app/xrvdservice/xrvdservice.apk	com.qualcomm.qti.xrvd.service	16	36	36	36	XRVD		yes	android.permission.INJECT_EVENTS;android.permission.INTERNAL_SYSTEM_WINDOW	?	
system_ext/priv-app/xrwifiservice/xrwifiservice.apk	com.qualcomm.qti.xrwifi	0.1.3	4	36	36	XR Wifi Service		yes	android.permission.ACCESS_WIFI_STATE;android.permission.CHANGE_WIFI_STATE;android.permission.FOREGROUND_SERVICE;android.permission.FOREGROUND_SERVICE_CONNECTED_DEVICE;android.permission.NEARBY_WIFI_DEVICES	?	
vendor/app/CACertService/CACertService.apk	vendor.qti.hardware.cacert.server	15.3	15	35	35			no	android.permission.RECEIVE_BOOT_COMPLETED	?	
vendor/app/CneApp/CneApp.apk	com.qualcomm.qti.cne	14.4	14	35	35			no	android.permission.ACCESS_COARSE_LOCATION;android.permission.ACCESS_NETWORK_STATE;android.permission.ACCESS_WIFI_STATE;android.permission.CHANGE_WIFI_STATE;android.permission.CONNECTIVITY_USE_RESTRICTED_NETWORKS;android.permission.INTERACT_ACROSS_USERS;android.permission.INTERNET;android.permission.MAINLINE_NETWORK_STACK;android.permission.NEARBY_WIFI_DEVICES;android.permission.PACKAGE_USAGE_STATS;android.permission.PACKET_KEEPALIVE_OFFLOAD;android.permission.QUERY_ALL_PACKAGES;android.permission.READ_PHONE_STATE;android.permission.READ_PRIVILEGED_PHONE_STATE;android.permission.RECEIVE_BOOT_COMPLETED;android.permission.WAKE_LOCK	?	
vendor/app/IWlanService/IWlanService.apk	vendor.qti.iwlan	14.11	14	35	35			no	android.permission.WAKE_LOCK	?	
vendor/app/TimeService/TimeService.apk	com.qualcomm.timeservice	14	34	34	35			no	android.permission.WAKE_LOCK	?	
vendor/app/TxPwrAdmin/TxPwrAdmin.apk	vendor.qti.data.txpwradmin	15.52.02	1	35	35			no	android.permission.ACCESS_NETWORK_STATE;android.permission.ACCESS_WIFI_STATE;android.permission.CHANGE_NETWORK_STATE;android.permission.INTERACT_ACROSS_USERS;android.permission.INTERACT_ACROSS_USERS_FULL;android.permission.INTERNET;android.permission.MAINLINE_NETWORK_STACK;android.permission.OBSERVE_GRANT_REVOKE_PERMISSIONS;android.permission.PACKAGE_USAGE_STATS;android.permission.QUERY_ALL_PACKAGES;android.permission.READ_PHONE_STATE;android.permission.READ_PRECISE_PHONE_STATE;android.permission.READ_PRIVILEGED_PHONE_STATE;android.permission.RECEIVE_BOOT_COMPLETED;android.permission.UPDATE_DEVICE_STATS;android.permission.USE_EXACT_ALARM;android.permission.WRITE_SECURE_SETTINGS	?	
vendor/app/com.qualcomm.qti.gpudrivers.sun.api35/com.qualcomm.qti.gpudrivers.sun.api35.apk	com.qualcomm.qti.gpudrivers.sun.api35	0.1.0	4096	35	35			no		?	
vendor/overlay/FrameworksResTarget_Vendor.apk	android.overlay.target	15	35	35	35			no		?	
vendor/overlay/GoogleQuickSearchBoxOverlay.apk	com.zte.googlequicksearchbox.overlay	1.0	1	35	35			no		?	
vendor/overlay/SecureElementResTarget_Vendor.apk	com.android.se.overlay.target	15	35	35	35			no		?	
vendor/overlay/SetupWizard_MFV_REDMAGIC_rro.apk	com.zte.setupwizard.overlay.redmagic	15	35	35	35			no		?	
vendor/overlay/WifiResMainlineTarget.apk	com.google.android.wifi.resources.overlay.target	15	35	35	35			no		?	
vendor/overlay/WifiResTarget.apk	com.android.wifi.resources.overlay.target	15	35	35	35			no		?	
vendor/overlay/XpanResTarget_Vendor.apk	vendor.qti.bluetooth.xpan.overlay.target	15	35	35	35			no		?	
vendor/overlay/ZteHaloAppOverlay/ZteHaloAppOverlay.apk	?	?	?	21	35			no		?	
vendor/overlay/ZteWeatherOverlay/ZteWeatherOverlay.apk	?	?	?	21	31			no		?	
vendor/overlay/ZtealiveupdateOverlay/ZtealiveupdateOverlay.apk	?	?	?	21	31			no		?	
vendor/overlay/ZtecallsettingOverlay/ZtecallsettingOverlay.apk	?	?	?	21	31			no		?	
vendor/overlay/ZtedoubleappOverlay/ZtedoubleappOverlay.apk	?	?	?	21	31			no		?	
vendor/overlay/ZtefaceverifyOverlay/ZtefaceverifyOverlay.apk	?	?	?	21	31			no		?	
vendor/overlay/ZtefingerprintsOverlay/ZtefingerprintsOverlay.apk	?	?	?	21	31			no		?	
vendor/overlay/ZteheartyserviceOverlay/ZteheartyserviceOverlay.apk	?	?	?	21	31			no		?	
vendor/overlay/ZtekaraokesettingsOverlay/ZtekaraokesettingsOverlay.apk	?	?	?	21	31			no		?	
vendor/overlay/ZtepresstouchOverlay/ZtepresstouchOverlay.apk	?	?	?	21	31			no		?	
vendor/overlay/ZtescreeneffectOverlay/ZtescreeneffectOverlay.apk	?	?	?	21	31			no		?	
vendor/overlay/ZtesettingseyecareOverlay/ZtesettingseyecareOverlay.apk	?	?	?	21	31			no		?	
vendor/overlay/ZteskyeyeOverlay/ZteskyeyeOverlay.apk	?	?	?	21	31			no		?	
vendor/overlay/ZtezdmOverlay/ZtezdmOverlay.apk	?	?	?	21	31			no		?	
vendor/overlay/ZtezgestureOverlay/ZtezgestureOverlay.apk	?	?	?	21	31			no		?	
vendor/overlay/aiassistantOverlayColor/aiassistantOverlayColor.apk	?	?	?	21	31			no		?	
vendor/overlay/aiassistantOverlayShape/aiassistantOverlayShape.apk	?	?	?	21	31			no		?	
vendor/overlay/aigcinputOverlayColor/aigcinputOverlayColor.apk	?	?	?	21	31			no		?	
vendor/overlay/aigcinputOverlayShape/aigcinputOverlayShape.apk	?	?	?	21	31			no		?	
vendor/overlay/aigenerationOverlayColor/aigenerationOverlayColor.apk	?	?	?	21	31			no		?	
vendor/overlay/aigenerationOverlayShape/aigenerationOverlayShape.apk	?	?	?	21	31			no		?	
vendor/overlay/aimemoryOverlayColor/aimemoryOverlayColor.apk	?	?	?	21	31			no		?	
vendor/overlay/aimemoryOverlayShape/aimemoryOverlayShape.apk	?	?	?	21	31			no		?	
vendor/overlay/alarmclockOverlayColor/alarmclockOverlayColor.apk	?	?	?	21	31			no		?	
vendor/overlay/alarmclockOverlayShape/alarmclockOverlayShape.apk	?	?	?	21	31			no		?	
vendor/overlay/aliveupdateOverlayColor/aliveupdateOverlayColor.apk	?	?	?	21	31			no		?	
vendor/overlay/aliveupdateOverlayShape/aliveupdateOverlayShape.apk	?	?	?	21	31			no		?	
vendor/overlay/authCompOverlayColor/authCompOverlayColor.apk	?	?	?	21	31			no		?	
vendor/overlay/authCompOverlayShape/authCompOverlayShape.apk	?	?	?	21	31			no		?	
vendor/overlay/beautifyOverlayColor/beautifyOverlayColor.apk	?	?	?	21	31			no		?	
vendor/overlay/beautifyOverlayShape/beautifyOverlayShape.apk	?	?	?	21	31			no		?	
vendor/overlay/bluetoothOverlayColor/bluetoothOverlayColor.apk	?	?	?	21	31			no		?	
vendor/overlay/bluetoothOverlayShape/bluetoothOverlayShape.apk	?	?	?	21	31			no		?	
vendor/overlay/calculator2OverlayColor/calculator2OverlayColor.apk	?	?	?	21	31			no		?	
vendor/overlay/calculator2OverlayShape/calculator2OverlayShape.apk	?	?	?	21	31			no		?	
vendor/overlay/calendarOverlayColor/calendarOverlayColor.apk	?	?	?	21	31			no		?	
vendor/overlay/calendarOverlayShape/calendarOverlayShape.apk	?	?	?	21	31			no		?	
vendor/overlay/callsettingOverlayColor/callsettingOverlayColor.apk	?	?	?	21	31			no		?	
vendor/overlay/callsettingOverlayShape/callsettingOverlayShape.apk	?	?	?	21	31			no		?	
vendor/overlay/cameraOverlayColor/cameraOverlayColor.apk	?	?	?	21	31			no		?	
vendor/overlay/cameraOverlayShape/cameraOverlayShape.apk	?	?	?	21	31			no		?	
vendor/overlay/carLauncherOverlayColor/carLauncherOverlayColor.apk	?	?	?	21	31			no		?	
vendor/overlay/carLauncherOverlayShape/carLauncherOverlayShape.apk	?	?	?	21	31			no		?	
vendor/overlay/cellbroadcastreceiverOverlay/cellbroadcastreceiverOverlay.apk	?	?	?	21	31			no		?	
vendor/overlay/cellbroadcastreceiverOverlayColor/cellbroadcastreceiverOverlayColor.apk	?	?	?	21	31			no		?	
vendor/overlay/cellbroadcastreceiverOverlayShape/cellbroadcastreceiverOverlayShape.apk	?	?	?	21	31			no		?	
vendor/overlay/chargeseparationOverlayColor/chargeseparationOverlayColor.apk	?	?	?	21	34			no		?	
vendor/overlay/chargeseparationOverlayShape/chargeseparationOverlayShape.apk	?	?	?	21	34			no		?	
vendor/overlay/contactsOverlay/contactsOverlay.apk	?	?	?	21	31			no		?	
vendor/overlay/contactsOverlayColor/contactsOverlayColor.apk	?	?	?	21	31			no		?	
vendor/overlay/contactsOverlayShape/contactsOverlayShape.apk	?	?	?	21	31			no		?	
vendor/overlay/cuucasendfilesOverlayColor/cuucasendfilesOverlayColor.apk	?	?	?	21	31			no		?	
vendor/overlay/cuucasendfilesOverlayShape/cuucasendfilesOverlayShape.apk	?	?	?	21	31			no		?	
vendor/overlay/dialerOverlay/dialerOverlay.apk	?	?	?	21	31			no		?	
vendor/overlay/dialerOverlayColor/dialerOverlayColor.apk	?	?	?	21	31			no		?	
vendor/overlay/dialerOverlayShape/dialerOverlayShape.apk	?	?	?	21	31			no		?	
vendor/overlay/discernCallerOverlayColor/discernCallerOverlayColor.apk	?	?	?	21	31			no		?	
vendor/overlay/discernCallerOverlayShape/discernCallerOverlayShape.apk	?	?	?	21	31			no		?	
vendor/overlay/doubleappOverlayColor/doubleappOverlayColor.apk	?	?	?	21	31			no		?	
vendor/overlay/doubleappOverlayShape/doubleappOverlayShape.apk	?	?	?	21	31			no		?	
vendor/overlay/downloadsuiOverlayColor/downloadsuiOverlayColor.apk	?	?	?	21	31			no		?	
vendor/overlay/downloadsuiOverlayShape/downloadsuiOverlayShape.apk	?	?	?	21	31			no		?	
vendor/overlay/dtsOverlayColor/dtsOverlayColor.apk	?	?	?	21	31			no		?	
vendor/overlay/dtsOverlayShape/dtsOverlayShape.apk	?	?	?	21	31			no		?	
vendor/overlay/emergencyOverlayColor/emergencyOverlayColor.apk	?	?	?	21	31			no		?	
vendor/overlay/emergencyOverlayShape/emergencyOverlayShape.apk	?	?	?	21	31			no		?	
vendor/overlay/faceverifyOverlayColor/faceverifyOverlayColor.apk	?	?	?	21	31			no		?	
vendor/overlay/faceverifyOverlayShape/faceverifyOverlayShape.apk	?	?	?	21	31			no		?	
vendor/overlay/fastpairOverlayColor/fastpairOverlayColor.apk	?	?	?	21	31			no		?	
vendor/overlay/filerOverlayColor/filerOverlayColor.apk	?	?	?	21	31			no		?	
vendor/overlay/filerOverlayShape/filerOverlayShape.apk	?	?	?	21	31			no		?	
vendor/overlay/fingerprintSensorserviceOverlay/fingerprintSensorserviceOverlay.apk	?	?	?	21	34			no		?	
vendor/overlay/fingerprintsOverlayColor/fingerprintsOverlayColor.apk	?	?	?	21	31			no		?	
vendor/overlay/fingerprintsOverlayShape/fingerprintsOverlayShape.apk	?	?	?	21	31			no		?	
vendor/overlay/floatassistOverlayColor/floatassistOverlayColor.apk	?	?	?	21	31			no		?	
vendor/overlay/floatassistOverlayShape/floatassistOverlayShape.apk	?	?	?	21	31			no		?	
vendor/overlay/framework-res_common_rro.apk	framework.res.commonoverlay	1.0	1	35	35			no		?	
vendor/overlay/framework-res_common_rro_ip_pb.apk	framework.res.defaultwallpaperoverlay	1.0	1	35	35			no		?	
vendor/overlay/gallery3dOverlayColor/gallery3dOverlayColor.apk	?	?	?	21	31			no		?	
vendor/overlay/gallery3dOverlayShape/gallery3dOverlayShape.apk	?	?	?	21	31			no		?	
vendor/overlay/gamefloatOverlayColor/gamefloatOverlayColor.apk	?	?	?	21	31			no		?	
vendor/overlay/gamefloatOverlayShape/gamefloatOverlayShape.apk	?	?	?	21	31			no		?	
vendor/overlay/globalzboardOverlayColor/globalzboardOverlayColor.apk	?	?	?	21	31			no		?	
vendor/overlay/globalzboardOverlayShape/globalzboardOverlayShape.apk	?	?	?	21	31			no		?	
vendor/overlay/haloappOverlayColor/haloappOverlayColor.apk	?	?	?	21	31			no		?	
vendor/overlay/haloappOverlayShape/haloappOverlayShape.apk	?	?	?	21	31			no		?	
vendor/overlay/heartyserviceOverlayColor/heartyserviceOverlayColor.apk	?	?	?	21	31			no		?	
vendor/overlay/heartyserviceOverlayShape/heartyserviceOverlayShape.apk	?	?	?	21	31			no		?	
vendor/overlay/incalluiOverlay/incalluiOverlay.apk	?	?	?	21	31			no		?	
vendor/overlay/incalluiOverlayColor/incalluiOverlayColor.apk	?	?	?	21	31			no		?	
vendor/overlay/incalluiOverlayShape/incalluiOverlayShape.apk	?	?	?	21	31			no		?	
vendor/overlay/intellitextOverlayColor/intellitextOverlayColor.apk	?	?	?	21	31			no		?	
vendor/overlay/intellitextOverlayShape/intellitextOverlayShape.apk	?	?	?	21	31			no		?	
vendor/overlay/intentresolverOverlayColor/intentresolverOverlayColor.apk	?	?	?	21	31			no		?	
vendor/overlay/karaokesettingsOverlayColor/karaokesettingsOverlayColor.apk	?	?	?	21	31			no		?	
vendor/overlay/karaokesettingsOverlayShape/karaokesettingsOverlayShape.apk	?	?	?	21	31			no		?	
vendor/overlay/kidszoneOverlayColor/kidszoneOverlayColor.apk	?	?	?	21	31			no		?	
vendor/overlay/kidszoneOverlayShape/kidszoneOverlayShape.apk	?	?	?	21	31			no		?	
vendor/overlay/launcherOverlayColor/launcherOverlayColor.apk	?	?	?	21	31			no		?	
vendor/overlay/launcherOverlayShape/launcherOverlayShape.apk	?	?	?	21	31			no		?	
vendor/overlay/manualOverlayColor/manualOverlayColor.apk	?	?	?	21	31			no		?	
vendor/overlay/manualOverlayShape/manualOverlayShape.apk	?	?	?	21	31			no		?	
vendor/overlay/messagingOverlay/messagingOverlay.apk	?	?	?	21	31			no		?	
vendor/overlay/messagingOverlayColor/messagingOverlayColor.apk	?	?	?	21	31			no		?	
vendor/overlay/messagingOverlayShape/messagingOverlayShape.apk	?	?	?	21	31			no		?	
vendor/overlay/mfvkeyguardOverlayColor/mfvkeyguardOverlayColor.apk	?	?	?	21	31			no		?	
vendor/overlay/mfvkeyguardOverlayShape/mfvkeyguardOverlayShape.apk	?	?	?	21	31			no		?	
vendor/overlay/miboardOverlayColor/miboardOverlayColor.apk	?	?	?	21	31			no		?	
vendor/overlay/miboardOverlayShape/miboardOverlayShape.apk	?	?	?	21	31			no		?	
vendor/overlay/mipopOverlay/mipopOverlay.apk	?	?	?	21	31			no		?	
vendor/overlay/mipopOverlayColor/mipopOverlayColor.apk	?	?	?	21	31			no		?	
vendor/overlay/mipopOverlayShape/mipopOverlayShape.apk	?	?	?	21	31			no		?	
vendor/overlay/mmsOverlay/mmsOverlay.apk	?	?	?	21	31			no		?	
vendor/overlay/multscrOverlayColor/multscrOverlayColor.apk	?	?	?	21	31			no		?	
vendor/overlay/multscrOverlayShape/multscrOverlayShape.apk	?	?	?	21	31			no		?	
vendor/overlay/nebulagravitationOverlayColor/nebulagravitationOverlayColor.apk	?	?	?	21	31			no		?	
vendor/overlay/nebulagravitationOverlayShape/nebulagravitationOverlayShape.apk	?	?	?	21	31			no		?	
vendor/overlay/nebulatranslationOverlayColor/nebulatranslationOverlayColor.apk	?	?	?	21	31			no		?	
vendor/overlay/nebulatranslationOverlayShape/nebulatranslationOverlayShape.apk	?	?	?	21	31			no		?	
vendor/overlay/nubiaCloudOverlayColor/nubiaCloudOverlayColor.apk	?	?	?	21	31			no		?	
vendor/overlay/nubiaCloudOverlayShape/nubiaCloudOverlayShape.apk	?	?	?	21	31			no		?	
vendor/overlay/nubiaColorfullightOverlayColor/nubiaColorfullightOverlayColor.apk	?	?	?	21	31			no		?	
vendor/overlay/nubiaColorfullightOverlayShape/nubiaColorfullightOverlayShape.apk	?	?	?	21	31			no		?	
vendor/overlay/nubiaFanOverlayColor/nubiaFanOverlayColor.apk	?	?	?	21	31			no		?	
vendor/overlay/nubiaFanOverlayShape/nubiaFanOverlayShape.apk	?	?	?	21	31			no		?	
vendor/overlay/nubiaInspiredwallpaperOverlayColor/nubiaInspiredwallpaperOverlayColor.apk	?	?	?	21	31			no		?	
vendor/overlay/nubiaMiboardOverlayColor/nubiaMiboardOverlayColor.apk	?	?	?	21	31			no		?	
vendor/overlay/nubiaMiboardOverlayShape/nubiaMiboardOverlayShape.apk	?	?	?	21	31			no		?	
vendor/overlay/nubiaNotepadOverlayColor/nubiaNotepadOverlayColor.apk	?	?	?	21	31			no		?	
vendor/overlay/nubiaPhotoeditorOverlayColor/nubiaPhotoeditorOverlayColor.apk	?	?	?	21	31			no		?	
vendor/overlay/nubiaToupingOverlayColor/nubiaToupingOverlayColor.apk	?	?	?	21	31			no		?	
vendor/overlay/nubiaToupingOverlayShape/nubiaToupingOverlayShape.apk	?	?	?	21	31			no		?	
vendor/overlay/nubiaVideoEditorOverlayColor/nubiaVideoEditorOverlayColor.apk	?	?	?	21	31			no		?	
vendor/overlay/nubiagifOverlayColor/nubiagifOverlayColor.apk	?	?	?	21	31			no		?	
vendor/overlay/packageinstallerOverlayColor/packageinstallerOverlayColor.apk	?	?	?	21	31			no		?	
vendor/overlay/packageinstallerOverlayShape/packageinstallerOverlayShape.apk	?	?	?	21	31			no		?	
vendor/overlay/padWeatherOverlayColor/padWeatherOverlayColor.apk	?	?	?	21	31			no		?	
vendor/overlay/padWeatherOverlayShape/padWeatherOverlayShape.apk	?	?	?	21	31			no		?	
vendor/overlay/permissioncontrollerOverlayColor/permissioncontrollerOverlayColor.apk	?	?	?	21	31			no		?	
vendor/overlay/permissioncontrollerOverlayShape/permissioncontrollerOverlayShape.apk	?	?	?	21	31			no		?	
vendor/overlay/personalagentOverlayColor/personalagentOverlayColor.apk	?	?	?	21	31			no		?	
vendor/overlay/personalagentOverlayShape/personalagentOverlayShape.apk	?	?	?	21	31			no		?	
vendor/overlay/phoneOverlay/phoneOverlay.apk	?	?	?	21	31			no		?	
vendor/overlay/phoneOverlayColor/phoneOverlayColor.apk	?	?	?	21	31			no		?	
vendor/overlay/phoneOverlayShape/phoneOverlayShape.apk	?	?	?	21	31			no		?	
vendor/overlay/photoeditorOverlayColor/photoeditorOverlayColor.apk	?	?	?	21	31			no		?	
vendor/overlay/photoeditorOverlayShape/photoeditorOverlayShape.apk	?	?	?	21	31			no		?	
vendor/overlay/powersavemodeOverlayColor/powersavemodeOverlayColor.apk	?	?	?	21	31			no		?	
vendor/overlay/powersavemodeOverlayShape/powersavemodeOverlayShape.apk	?	?	?	21	31			no		?	
vendor/overlay/recorderOverlayColor/recorderOverlayColor.apk	?	?	?	21	31			no		?	
vendor/overlay/recorderOverlayShape/recorderOverlayShape.apk	?	?	?	21	31			no		?	
vendor/overlay/retrieveOverlayColor/retrieveOverlayColor.apk	?	?	?	21	31			no		?	
vendor/overlay/retrieveOverlayShape/retrieveOverlayShape.apk	?	?	?	21	31			no		?	
vendor/overlay/screeneffectOverlayColor/screeneffectOverlayColor.apk	?	?	?	21	31			no		?	
vendor/overlay/screeneffectOverlayShape/screeneffectOverlayShape.apk	?	?	?	21	31			no		?	
vendor/overlay/servertelecomOverlay/servertelecomOverlay.apk	?	?	?	21	31			no		?	
vendor/overlay/settingsIntelligenceOverlay/settingsIntelligenceOverlay.apk	?	?	?	21	31			no		?	
vendor/overlay/settingsOverlay/settingsOverlay.apk	?	?	?	21	31			no		?	
vendor/overlay/settingsOverlayColor/settingsOverlayColor.apk	?	?	?	21	31			no		?	
vendor/overlay/settingsOverlayShape/settingsOverlayShape.apk	?	?	?	21	31			no		?	
vendor/overlay/settingseyecareOverlayColor/settingseyecareOverlayColor.apk	?	?	?	21	31			no		?	
vendor/overlay/settingseyecareOverlayShape/settingseyecareOverlayShape.apk	?	?	?	21	31			no		?	
vendor/overlay/settingsintelligenceOverlayColor/settingsintelligenceOverlayColor.apk	?	?	?	21	31			no		?	
vendor/overlay/settingsintelligenceOverlayShape/settingsintelligenceOverlayShape.apk	?	?	?	21	31			no		?	
vendor/overlay/smartcastOverlayColor/smartcastOverlayColor.apk	?	?	?	21	31			no		?	
vendor/overlay/smartcastOverlayShape/smartcastOverlayShape.apk	?	?	?	21	31			no		?	
vendor/overlay/storagecleanupOverlayColor/storagecleanupOverlayColor.apk	?	?	?	21	31			no		?	
vendor/overlay/storagecleanupOverlayShape/storagecleanupOverlayShape.apk	?	?	?	21	31			no		?	
vendor/overlay/systemuiOverlay/systemuiOverlay.apk	?	?	?	21	31			no		?	
vendor/overlay/systemuiOverlayColor/systemuiOverlayColor.apk	?	?	?	21	31			no		?	
vendor/overlay/systemuiOverlayShape/systemuiOverlayShape.apk	?	?	?	21	31			no		?	
vendor/overlay/telecomOverlayColor/telecomOverlayColor.apk	?	?	?	21	31			no		?	
vendor/overlay/telecomOverlayShape/telecomOverlayShape.apk	?	?	?	21	31			no		?	
vendor/overlay/timestoriesOverlayColor/timestoriesOverlayColor.apk	?	?	?	21	31			no		?	
vendor/overlay/timestoriesOverlayShape/timestoriesOverlayShape.apk	?	?	?	21	31			no		?	
vendor/overlay/usebalanceOverlayColor/usebalanceOverlayColor.apk	?	?	?	21	31			no		?	
vendor/overlay/usebalanceOverlayShape/usebalanceOverlayShape.apk	?	?	?	21	31			no		?	
vendor/overlay/userguideOverlayColor/userguideOverlayColor.apk	?	?	?	21	31			no		?	
vendor/overlay/userguideOverlayShape/userguideOverlayShape.apk	?	?	?	21	31			no		?	
vendor/overlay/videoeditorOverlayColor/videoeditorOverlayColor.apk	?	?	?	21	31			no		?	
vendor/overlay/videoeditorOverlayShape/videoeditorOverlayShape.apk	?	?	?	21	31			no		?	
vendor/overlay/videoplayerOverlayColor/videoplayerOverlayColor.apk	?	?	?	21	31			no		?	
vendor/overlay/videoplayerOverlayShape/videoplayerOverlayShape.apk	?	?	?	21	31			no		?	
vendor/overlay/walletOverlayColor/walletOverlayColor.apk	?	?	?	21	31			no		?	
vendor/overlay/walletOverlayShape/walletOverlayShape.apk	?	?	?	21	31			no		?	
vendor/overlay/walletSupportOverlayColor/walletSupportOverlayColor.apk	?	?	?	21	31			no		?	
vendor/overlay/walletSupportOverlayShape/walletSupportOverlayShape.apk	?	?	?	21	31			no		?	
vendor/overlay/weatherOverlayColor/weatherOverlayColor.apk	?	?	?	21	31			no		?	
vendor/overlay/weatherOverlayShape/weatherOverlayShape.apk	?	?	?	21	31			no		?	
vendor/overlay/zdmOverlayColor/zdmOverlayColor.apk	?	?	?	21	31			no		?	
vendor/overlay/zdmOverlayShape/zdmOverlayShape.apk	?	?	?	21	31			no		?	
vendor/overlay/zgestureOverlayColor/zgestureOverlayColor.apk	?	?	?	21	31			no		?	
vendor/overlay/zgestureOverlayShape/zgestureOverlayShape.apk	?	?	?	21	31			no		?	
vendor/overlay/zsearchOverlayColor/zsearchOverlayColor.apk	?	?	?	21	31			no		?	
vendor/overlay/zsearchOverlayShape/zsearchOverlayShape.apk	?	?	?	21	31			no		?	
vendor/overlay/zteCameraOverlayColor/zteCameraOverlayColor.apk	?	?	?	21	31			no		?	
vendor/overlay/zteCameraOverlayShape/zteCameraOverlayShape.apk	?	?	?	21	31			no		?	
vendor/overlay/zteCloudOverlayColor/zteCloudOverlayColor.apk	?	?	?	21	31			no		?	
vendor/overlay/zteCloudOverlayShape/zteCloudOverlayShape.apk	?	?	?	21	31			no		?	
vendor/overlay/zteCompassOverlayColor/zteCompassOverlayColor.apk	?	?	?	21	31			no		?	
vendor/overlay/zteCompassOverlayShape/zteCompassOverlayShape.apk	?	?	?	21	31			no		?	
vendor/overlay/zteHeartrateOverlayColor/zteHeartrateOverlayColor.apk	?	?	?	21	31			no		?	
vendor/overlay/zteHeartrateOverlayShape/zteHeartrateOverlayShape.apk	?	?	?	21	31			no		?	
vendor/overlay/zteMusicOverlayColor/zteMusicOverlayColor.apk	?	?	?	21	31			no		?	
vendor/overlay/zteMusicOverlayShape/zteMusicOverlayShape.apk	?	?	?	21	31			no		?	
vendor/overlay/zteSuggestOverlayColor/zteSuggestOverlayColor.apk	?	?	?	21	34			no		?	
vendor/overlay/zteSuggestOverlayShape/zteSuggestOverlayShape.apk	?	?	?	21	34			no		?	
vendor/overlay/zteVariableWidgetOverlayColor/zteVariableWidgetOverlayColor.apk	?	?	?	21	31			no		?	
vendor/overlay/zteVariableWidgetOverlayShape/zteVariableWidgetOverlayShape.apk	?	?	?	21	31			no		?	
vendor/overlay/zteZsoundOverlayColor/zteZsoundOverlayColor.apk	?	?	?	21	31			no		?	
vendor/overlay/zteZsoundOverlayShape/zteZsoundOverlayShape.apk	?	?	?	21	31			no		?	
vendor/overlay/zteaigcOverlayColor/zteaigcOverlayColor.apk	?	?	?	21	31			no		?	
vendor/overlay/zteaigcOverlayShape/zteaigcOverlayShape.apk	?	?	?	21	31			no		?	
vendor/overlay/ztedfsOverlayColor/ztedfsOverlayColor.apk	?	?	?	21	31			no		?	
vendor/overlay/ztedfsOverlayShape/ztedfsOverlayShape.apk	?	?	?	21	31			no		?	
vendor/overlay/ztescreenshotOverlayColor/ztescreenshotOverlayColor.apk	?	?	?	21	31			no		?	
vendor/overlay/ztescreenshotOverlayShape/ztescreenshotOverlayShape.apk	?	?	?	21	31			no		?	
vendor/overlay/zteshareOverlayColor/zteshareOverlayColor.apk	?	?	?	21	31			no		?	
vendor/overlay/zteshareOverlayShape/zteshareOverlayShape.apk	?	?	?	21	31			no		?	
