path	size_bytes	sha256	type
adb_keys	-1	ERROR:[Errno 2] No such file or directory: '.work/fs/system/adb_keys'	error
bin	-1	ERROR:[Errno 2] No such file or directory: '.work/fs/system/bin'	error
bugreports	-1	ERROR:[Errno 2] No such file or directory: '.work/fs/system/bugreports'	error
cache	-1	ERROR:[Errno 2] No such file or directory: '.work/fs/system/cache'	error
etc	-1	ERROR:[Errno 2] No such file or directory: '.work/fs/system/etc'	error
init	-1	ERROR:[Errno 2] No such file or directory: '.work/fs/system/init'	error
init.environ.rc	621	460eecf019489a02ad7be82a9cc2234784f561b644f8f2bf1741e43514593060	text
odm/app	-1	ERROR:[Errno 2] No such file or directory: '.work/fs/system/odm/app'	error
odm/bin	-1	ERROR:[Errno 2] No such file or directory: '.work/fs/system/odm/bin'	error
odm/etc	-1	ERROR:[Errno 2] No such file or directory: '.work/fs/system/odm/etc'	error
odm/firmware	-1	ERROR:[Errno 2] No such file or directory: '.work/fs/system/odm/firmware'	error
odm/framework	-1	ERROR:[Errno 2] No such file or directory: '.work/fs/system/odm/framework'	error
odm/lib	-1	ERROR:[Errno 2] No such file or directory: '.work/fs/system/odm/lib'	error
odm/lib64	-1	ERROR:[Errno 2] No such file or directory: '.work/fs/system/odm/lib64'	error
odm/overlay	-1	ERROR:[Errno 2] No such file or directory: '.work/fs/system/odm/overlay'	error
odm/priv-app	-1	ERROR:[Errno 2] No such file or directory: '.work/fs/system/odm/priv-app'	error
odm/usr	-1	ERROR:[Errno 2] No such file or directory: '.work/fs/system/odm/usr'	error
odm_dlkm/etc	-1	ERROR:[Errno 2] No such file or directory: '.work/fs/system/odm_dlkm/etc'	error
res/images/ftm/icon_zte_ftm.png	10196	cecf1bec8e0db163b7f0463d429993f7710866207458602b18bd3d997381254f	binary
res/images/ftm/icon_zte_ftm_ch.png	6798	df311f3bc18d61dfc3efa4ebaf719ac0c37dd9fa8ba01bef0e4d28b8eb9a755b	binary
sdcard	-1	ERROR:[Errno 2] No such file or directory: '.work/fs/system/sdcard'	error
system/apex/com.android.apex.cts.shim.apex	360448	8e2617e155df019a17048813428be4c9b5ef5a8bf62c523c3c044397472e9205	zip/apk/jar
system/apex/com.android.bt.apex	29814784	c27bde44edde4d23fdfb1154183baccc2fe75f3a67aa02ce861df0843eb67749	zip/apk/jar
system/apex/com.android.crashrecovery.capex	229376	05a83f30ae26a402dd3565a183228c9fd8d40f70f85bbf99c224ca4ecbea6f82	zip/apk/jar
system/apex/com.android.devicelock.apex	6320128	a7687afe00e8b50624232601e76033345952b02dae39a4f47c095e6dab1333fa	zip/apk/jar
system/apex/com.android.i18n.apex	37773312	27d0f57463bb933455d8b753f202bee989349d1cb68e83f45e07c6f1efddbf63	zip/apk/jar
system/apex/com.android.nfcservices.capex	3907584	8273abd31fae4d422f604313cac3fa41c67cc0c4451538352e2995c98d4a2f38	zip/apk/jar
system/apex/com.android.profiling.capex	806912	4fdc09935e817c553f86d498b4352bb2fda1354dbe5907e0ce2490fc243402f7	zip/apk/jar
system/apex/com.android.runtime.apex	8118272	899bbcdf83fef5cb8a49b56fd29c0a99959e58123e183f9808bdb160fa4a195b	zip/apk/jar
system/apex/com.android.uprobestats.capex	749568	6e03c8ab6e07ff782b4abd5e7f82055151d53d0746a6d201f7c48ac85d0ab691	zip/apk/jar
system/apex/com.android.virt.apex	89903104	9963d2f594733348213a0e5e711eefbbacb20e837de0eb7e52a44068f3d10b51	zip/apk/jar
system/apex/com.google.android.adbd_compressed.apex	3228265	a3ec5d8f9b6d660717739450e5177c4329ff4fa4b4a29c5e49dbe72538202659	zip/apk/jar
system/apex/com.google.android.adservices_compressed.apex	9003626	9717bd947f0d4a64361d84a4fcb892d2c4b8cc5dc9c8485e312aa0924b6ba0ae	zip/apk/jar
system/apex/com.google.android.appsearch_compressed.apex	2695783	150901013e633c755db815e7f57e0132da2c672114220686f5f4bb357be62f54	zip/apk/jar
system/apex/com.google.android.art_compressed.apex	12984938	db701f8b08d1200fd9e00ec66f858fce70d1564c55fccad7e540e0be3aee666f	zip/apk/jar
system/apex/com.google.android.cellbroadcast_compressed.apex	5722728	93ae3db0c10f5c3f523500c0feeda59c71cf0c63aee2916bf01584242f608872	zip/apk/jar
system/apex/com.google.android.configinfrastructure_compressed.apex	4297322	03bfdbd7154e3cbd7a63db707edbed7eb43f9e177d95f7eadbbaae4aff56e12f	zip/apk/jar
system/apex/com.google.android.conscrypt_compressed.apex	2105962	b0458bf48e7c99bbcc4dba60e268473d8172be1ce84600e8ef6e7b9c13240354	zip/apk/jar
system/apex/com.google.android.extservices_tplus_compressed.apex	3199593	7c72ba66a97575d326210f622a6a08057ac7e32706fe17c845679661523695df	zip/apk/jar
system/apex/com.google.android.healthfitness_compressed.apex	5591655	3edfdf71729e17e928e3453b3f136c87aa9f1fe322c514c2d11b1d52a608cfeb	zip/apk/jar
system/apex/com.google.android.ipsec_compressed.apex	406121	ce1d9f095eb1823ab85892c4e59836b9e8e12bb56d96218156c7deac0bd86c00	zip/apk/jar
system/apex/com.google.android.media.swcodec_compressed.apex	12984938	d07c2921a3def0354dfe6546627a6fd2845964bed35cae5da8db2165fb9fabc3	zip/apk/jar
system/apex/com.google.android.media_compressed.apex	2601577	111542072155650c77dca83a0d58577e8c314fbbb071b71efd308036c87073ce	zip/apk/jar
system/apex/com.google.android.mediaprovider_compressed.apex	11825767	2bcafacf2829bda7299bab8a7256ad9cbca19bd252d789e1fcb654132353bfbc	zip/apk/jar
system/apex/com.google.android.neuralnetworks_compressed.apex	2056809	dc96b5908c99a1fd7b2b2b276913b90d2c088bf77eb4d73519fdd2c03f1c6de5	zip/apk/jar
system/apex/com.google.android.ondevicepersonalization_compressed.apex	6627942	abdf8186c878e7bf6e083cc8c87960875e9909536c4e2de2b16c3be74fe1da39	zip/apk/jar
system/apex/com.google.android.os.statsd_compressed.apex	1548902	720805b9f03608e0dbec6178a06daaed6d49ac7a9b82f0c7ba88327260dca672	zip/apk/jar
system/apex/com.google.android.permission_compressed.apex	8950377	c404ce4df9f55e08b6ba9ab6f53fa389b62673e6f64b3cf62e2a1af126e5bde4	zip/apk/jar
system/apex/com.google.android.resolv_compressed.apex	2200167	2330dd56821eaa1042ffe4e4729327c5892a394a4e38233f859ac302756b618b	zip/apk/jar
system/apex/com.google.android.rkpd_compressed.apex	729705	611b77f58821ced6c8108f669af0749cb8a38c37d14465e81de2f2985f6fb5b5	zip/apk/jar
system/apex/com.google.android.scheduling_compressed.apex	123498	401ab8a23c63bb2668f16a1e60fb6996944ce44252275d56ecdaab73a865d4b7	zip/apk/jar
system/apex/com.google.android.sdkext_compressed.apex	369256	c5027229705ac0bddcd6af1ac3b2b1a408f98b627ca1d31456bf86f15580cf2f	zip/apk/jar
system/apex/com.google.android.tethering_compressed.apex	9306732	6ab93b668f586da6aada6f3d5ae87a818663b3334d01f032083b9a91d19de2cf	zip/apk/jar
system/apex/com.google.android.tzdata6.apex	917504	cb60661564935cf22704c1b03af3da6edf70c36d83d0ea9ea98ab69a8722a9f7	zip/apk/jar
system/apex/com.google.android.uwb_compressed.apex	2601575	11edb90b392d85e7500f91d26f27d49a407f0c70171aff45836a4c4cb81845d1	zip/apk/jar
system/apex/com.google.android.wifi_compressed.apex	4190825	1e0b51d105cb98a7c6768a088db64ee13c801413252c7a1d29102f61bc0227c1	zip/apk/jar
system/app/AfterSaleCalibrationTool_arcsoft/AfterSaleCalibrationTool_arcsoft.apk	890518	bebb2c8b4575d7ae8a0b6642fba8fe93c06b89bf9cb937ecc1ff6a76e14a796c	zip/apk/jar
system/app/AfterSaleCalibrationTool_arcsoft/lib/arm64/libarcsoft_single_chart_calibration.so	-1	ERROR:[Errno 2] No such file or directory: '.work/fs/system/system/app/AfterSaleCalibrationTool_arcsoft/lib/arm64/libarcsoft_single_chart_calibration.so'	error
system/app/AfterSaleCalibrationTool_arcsoft/lib/arm64/libjni_swcalibration_as.so	-1	ERROR:[Errno 2] No such file or directory: '.work/fs/system/system/app/AfterSaleCalibrationTool_arcsoft/lib/arm64/libjni_swcalibration_as.so'	error
system/app/BasicDreams/BasicDreams.apk	107402	ab7c7aa491f338048087c2d785b09413f9bd599ef751070265727e1df7853674	zip/apk/jar
system/app/BluetoothMidiService/BluetoothMidiService.apk	29086	864576ae9e320da038f144e8eadeb69c45b3f7ad256ac8cee3e128b6495bea67	zip/apk/jar
system/app/BookmarkProvider/BookmarkProvider.apk	25328	f7c0cf93d86bf354da142e65a94657ac53ba52b92e3b630555d5afc31ae5ab7b	zip/apk/jar
system/app/CameraExtensionsProxy/CameraExtensionsProxy.apk	61854	f6fb36500ccdf3ce42bd486ae548f445642177b5b4170fb1933c7e58fa787aaa	zip/apk/jar
system/app/CaptivePortalLoginGoogle/CaptivePortalLoginGoogle-hdpi.apk	21403	4ce3654705a66fe2fa06835f838ec419fcf9a0c16c0c119778ee316414cd5185	zip/apk/jar
system/app/CaptivePortalLoginGoogle/CaptivePortalLoginGoogle-ldpi.apk	21400	a095ac14fef1aae0ac28c191d5ccc17cc0b92bd34ce4cc46ac2c2c88b9e5e237	zip/apk/jar
system/app/CaptivePortalLoginGoogle/CaptivePortalLoginGoogle-mdpi.apk	21400	79aefdd192a0f7b93adf1cf5b043b2442626fce982101dc08c04de30aa1fcc8f	zip/apk/jar
system/app/CaptivePortalLoginGoogle/CaptivePortalLoginGoogle-tvdpi.apk	21910	eb6f8c86a6d47e35261a04b6750ee24cbad4e0e825fd0b1f584d0909bda4b23c	zip/apk/jar
system/app/CaptivePortalLoginGoogle/CaptivePortalLoginGoogle-xhdpi.apk	21404	1af006ecf66f95470f52f3b5e0147720aba52d69ac3e6b75929afd87637aaac2	zip/apk/jar
system/app/CaptivePortalLoginGoogle/CaptivePortalLoginGoogle-xxhdpi.apk	21404	f3975a636c37405c05ab23acf12a517bf1ff88c6487dc011b2dd119cb7bf99d8	zip/apk/jar
system/app/CaptivePortalLoginGoogle/CaptivePortalLoginGoogle-xxxhdpi.apk	21404	5906c2f80ac0bdd8d815656a82a112c78d0b8d5f754ceb0bd9c526a9f809fb48	zip/apk/jar
system/app/CaptivePortalLoginGoogle/CaptivePortalLoginGoogle.apk	728365	83b8394db549ca0fd27f9126fc553f5aab3b6ad334bff03b5421ae3c3ecdf0a0	zip/apk/jar
system/app/CarrierDefaultApp/CarrierDefaultApp.apk	177122	40c821a3a93c958c1c0bd37cc929f8942d043ff8281cc728f6a0bfa591ad23f0	zip/apk/jar
system/app/CertInstaller/CertInstaller.apk	529390	9cc89cfb734887628e31fd58fc581405f96d8f5623fbdd3d3cf577d89fb2f9d2	zip/apk/jar
system/app/ColorFulLight/ColorFulLight.apk	25747286	d9fcbf3c2484bc117c5310455c6dcc31087a9bb53ba966f723849a3cb3e93d38	zip/apk/jar
system/app/CompanionDeviceManager/CompanionDeviceManager.apk	1337820	a348e9ec1641dc92f20137fe12481bba6a54635c5d2b4e978eec867b40f8898a	zip/apk/jar
system/app/DtsUltraMagic_MFV/DtsUltraMagic_MFV.apk	55226974	22c5f70214e249cecf9a9f8261eb159d361aeebee6ea8bea602284df4eb69d64	zip/apk/jar
system/app/EMode/EMode.apk	13636842	2934f041c9df0d0ecf3e6413c0ea04073fe1c593eab3c047c6a9bb1b5d52ebaf	zip/apk/jar
system/app/EasterEgg/EasterEgg.apk	2185604	82b1d42da99f0391934df3a4f76a4b101cd29c750c1d23245d81f2775e00f865	zip/apk/jar
system/app/GameAssist/GameAssist.apk	126476230	aca366039c7bc00f04463b8fa228b67115bf1ad9647771d20365ff812a4bf6b0	zip/apk/jar
system/app/GameCardAssist/GameCardAssist.apk	6735166	5910dc6213dfbb4454b7ae073ad16ac5db8dc7bfcb094729becb58a195295f1e	zip/apk/jar
system/app/GameFloatWindow/GameFloatWindow.apk	82122880	7193eaa068e443bc28221491a9287d291ea0a8361a84477413010379b556f81b	zip/apk/jar
system/app/GameHelperLine/GameHelperLine.apk	6369646	edb2dc3e3c45150cbc0b9212e9499dbb558beaf0c0740a877550ea49397465fe	zip/apk/jar
system/app/GamePluginTrigger/GamePluginTrigger.apk	21976511	1e45cf67a5d66d5f19bc5ba81b8d9e2507b630167f15a81ab9729cb2ca4fa766	zip/apk/jar
system/app/GoogleExtShared/GoogleExtShared.apk	16854	0ab25ccd21f49bf3e27acc6d56aeb2fc2da4b85c1c961b63e1d340f58fe9e868	zip/apk/jar
system/app/GooglePrintRecommendationService/GooglePrintRecommendationService.apk	188940	fa0e5cdc00046fde1fb94535d0be60dc184baf7b3f09c82db3ee031e117d13a5	zip/apk/jar
system/app/GoogleWallet/GoogleWallet.apk	21251318	b8d34893c46f42cb700fdf4513fb20f163b84365b36638ece07332822da19ead	zip/apk/jar
system/app/HTMLViewer_MFV/HTMLViewer_MFV.apk	5537476	8d655af027d055b3c8b6c1b3aa1d57a2f5bb0797042737a410457e93701b2ee1	zip/apk/jar
system/app/KeyChain/KeyChain.apk	3665360	195487fd9eee919e1d2c2649b4a02638a338c93da9554ef42c6144194adb2833	zip/apk/jar
system/app/LauncherResource_MyOSAbroad/LauncherResource_MyOSAbroad.apk	1902190	32bbbda770c977d43ee72a58d422fbf09fd2ca331bb809d6c5bd54806c39294f	zip/apk/jar
system/app/LinkSpeedup/LinkSpeedup.apk	283733	ddb4acfda5a995c035f2d4106410ee5d92d281a21e372d3d9ff7505a9cbf4c08	zip/apk/jar
system/app/LiveWallpaper_Axon_1080_2400_ne1b1b2c1_rm14a1b5b6b7_m14k12_m13k123_rm12e1234/LiveWallpaper_Axon_1080_2400_ne1b1b2c1_rm14a1b5b6b7_m14k12_m13k123_rm12e1234.apk	185862977	a9edf957988e767518cfa9e1519761f774985278ea738f80afcf854ed0799ce8	zip/apk/jar
system/app/NBBrowser_EEA/NBBrowser_EEA.apk	21432359	4fef48047645c7c17963b6d32ac6fa250430003cce78e7ed047b66d1f8725bc8	zip/apk/jar
system/app/NBBrowser_EEA/lib/arm64/libEncryptorP.so	75744	745352e1b6710983e5602908837089da98d6367357264792cd08a5f8e5f3f659	elf
system/app/NBBrowser_EEA/lib/arm64/libapminsighta.so	100696	1aa74a3e9072afe89396593d9a7075e8057c1b7f7fb268d824371c9ab1e5b7bc	elf
system/app/NBBrowser_EEA/lib/arm64/libapminsightb.so	109384	01a817a64f083481deeb4e956921165b5dde252d6112df25da1ebf21ae4bd21e	elf
system/app/NBBrowser_EEA/lib/arm64/libbuffer_pg.so	10008	b62bc01e81e95d28c51bb2456d99ddab7ecb65a6029751adda87373bc30f3ec0	elf
system/app/NBBrowser_EEA/lib/arm64/libfile_lock_pg.so	10008	264ffba08ef128874251fa8b028c39a74ed6c64259bb358f717cf8b519657ec3	elf
system/app/NBBrowser_EEA/lib/arm64/libnms.so	266040	90481ff200d6b03ef0bcaa701a096f3dd2dc37061839465624dfe9077eca8919	elf
system/app/NBBrowser_EEA/lib/arm64/libtobEmbedPagEncrypt.so	8344	5e750dfe8f4af8260cb60dc5be3f846da279d6ba7fc48d7f5de94118a6ab053a	elf
system/app/NBBrowser_EEA/lib/arm64/libzxing_android.so	1878304	926f7f8b0df9a82a0843cc8ae80a2d9bf5f8bb4cecd458496d32703cca732117	elf
system/app/NBBrowser_EEA/lib/arm64/libzxingcpp_android.so	1558264	9e76ead9fe6c7c6eecdda1a6eadfe40c528481bf91a10cd1a780e30cc418c0bc	elf
system/app/NBHighLights_RedMagic/NBHighLights_RedMagic.apk	16981473	0a90b4887164f09ffbf2591f80908e42d30579b92dd46cf1cc54e1f74dfdbc83	zip/apk/jar
system/app/NBMagicElvesBroadcast/NBMagicElvesBroadcast.apk	52770424	d78e5e24660237993ae9c1eb36bcf2e9004d5c787ccecb92319a3130492ffde0	zip/apk/jar
system/app/NubiaGameHelperModule/NubiaGameHelperModule.apk	17176404	61dd907ba43e5e25986bed8feee6fe185aa4e6e0c34e6002eb7e34bb01fef415	zip/apk/jar
system/app/NubiaGameLab_MFV/NubiaGameLab_MFV.apk	320545103	d8bbbba1c778e30204296d2357e38908776b239cf559aeae0297d452b9ffbbdc	zip/apk/jar
system/app/NubiaGameLab_MFV/lib/arm64/libc++_shared.so	1055016	15d787946a6208fa88976e230903026b1fdb687a462d301848c828ad81c181a9	elf
system/app/NubiaGameLab_MFV/lib/arm64/libopencv_java4.so	20228944	41b906e5a92bdde74c448fffcf71b8927ff77c0aa2f839d9a8e431feec985cc7	elf
system/app/NubiaGameNotes/NubiaGameNotes.apk	31878287	633bb08e9e6eaf492dc5d278069c7f745d16fb4fa9bceac3a9bc12927d2f7d8f	zip/apk/jar
system/app/NubiaGameWidget/NubiaGameWidget.apk	22007138	7a2d59df51ba24f536cf28a644fd76de5ed025c0db4e3f72e2b2d93a965690c6	zip/apk/jar
system/app/NubiaGamepad_160/NubiaGamepad_160.apk	75647654	e3f7da30f9ff244026b258a5609233a89d7b1a8104f9ce02c49707e025523acf	zip/apk/jar
system/app/OneMoreThing/OneMoreThing.apk	19380876	409a1d7b7a41af8f210e6423b3cf80117bcb8bd441aea0b0772f99e9eeadafe1	zip/apk/jar
system/app/PacProcessor/PacProcessor.apk	12702	dee5458ddd9d3f6eb99f8da30928f3999afa4185b364486d4d93d2f37891665b	zip/apk/jar
system/app/PartnerBookmarksProvider/PartnerBookmarksProvider.apk	94622	b3055966ef887a25faa5bc23a48aa303153b990ca00d5ce432fddc5db4772a94	zip/apk/jar
system/app/PlayAutoInstallConfig/PlayAutoInstallConfig.apk	8599	57d8356ad07d404ba4d50e1d3a10fe3167251b33519ff1989ae103c03e98eb55	zip/apk/jar
system/app/PrintSpooler/PrintSpooler.apk	889031	84d2e0bb130329fa34c2399ea063345d97261391fd4a8866d9ae5698d94ae7fe	zip/apk/jar
system/app/PrintSpooler/lib/arm64/libprintspooler_jni.so	-1	ERROR:[Errno 2] No such file or directory: '.work/fs/system/system/app/PrintSpooler/lib/arm64/libprintspooler_jni.so'	error
system/app/Recorder_MFV_abroad_Vtt_voicemodel/Recorder_MFV_abroad_Vtt_voicemodel.apk	53899360	a3e88d4c90143e1313787a627845768a042fa57173ce2e40cdbed026ffb5412b	zip/apk/jar
system/app/SaleInfoCollectSystem/SaleInfoCollectSystem.apk	115173	3cb32444ee3fca616053720648d4cfdf84caceeb2c5ce13003e046592a94faf8	zip/apk/jar
system/app/SimAppDialog/SimAppDialog.apk	417104	d964bbda8f01950bcd564fc16f403c42ff8eafe0e89364b3b0b697651908f6e4	zip/apk/jar
system/app/SplitScreenGroup/SplitScreenGroup.apk	2173910	1f6a46123fda4b49d584d4a81831dfbef46e2fd7b967f5786c2c4b1c5223f5eb	zip/apk/jar
system/app/Stk/Stk.apk	3666522	9d77a702b014c157b4e8c8cbe9614c140f711a3b40c8dad8ad753fe8824a9fb1	zip/apk/jar
system/app/StorageCleanup/StorageCleanup.apk	30788149	4156ed27085a62f413500d3a1e69206ce2cb6169885531ffc15c2084f3a2a1f8	zip/apk/jar
system/app/ThemeResource_MFV/ThemeResource_MFV.apk	75200619	9fa9678291e2fc9b728488423a0d72cad7b4b4bd5330ac2b088874e2fb4074c4	zip/apk/jar
system/app/Traceur/Traceur.apk	6424011	4b18d9f7839f84f4124586765cc0d306d1637b2bfd1b06f095be568b4ba8f514	zip/apk/jar
system/app/WallpaperBackup/WallpaperBackup.apk	33182	1379713de35986fc81ac13afadd3826ce8a71b92443abf0762ae4d82453b0f3b	zip/apk/jar
system/app/Weather_ZTE/Weather_ZTE.apk	72768417	cc899ad51d2fd3ed5bfab9f3d34ad6e7b926bf2791e2ebaf2e9fa5c483dc3041	zip/apk/jar
system/app/XRLauncher/XRLauncher.apk	174290616	b2f55dc1c976d2e24adca9ad1f1dabc39a5d483e251b783e95b38330c4c7093e	zip/apk/jar
system/app/ZSound/ZSound.apk	12084433	43e088cb0d20285b0b243344a144e78431ed1f9233afcc1eda7e168135e47e04	zip/apk/jar
system/app/flagreset/flagreset.apk	21042	9590fb0a46b3f9436390a325e7e039cab677b1c85265fc599273ccdf08aa177a	zip/apk/jar
system/app/radarpermission/radarpermission.apk	9830222	3ff6ed5a9a2ce89fc565d9a559bda292404a5277d11111b344170ca53f4a5467	zip/apk/jar
system/app/vendorlogpermission/vendorlogpermission.apk	9835985	f9a06f461add31126a72587b5d1a00e150d3118bd98c46ed27b0b884b08c9db4	zip/apk/jar
system/bin/GetWiFiDriverPath	63	53a3823634cbbd29c89833138157cec60c12594b9b2f51da9ab0efe8df9b616c	text
system/bin/GetWiFiID	30	79fcaa691ad25702205cae0eeee91aa13dc89d5e1444aeb4b440201d41fa0533	text
system/bin/[	594840	c2ecf4c90e76e415922e0857d99d71bae7955d56bc8801c278dc0e53b0c5af4c	elf
system/bin/abb	160472	c3547d9fffd03d5c75360816fba7daead4a9f927f04c4f9aca595b3e8cb32841	elf
system/bin/abx	128	8111f2aa6cbe1effb0459cd4ca9f4a2d7b08aa4dec2a6db78ce35449caf05caa	text
system/bin/abx2xml	128	8111f2aa6cbe1effb0459cd4ca9f4a2d7b08aa4dec2a6db78ce35449caf05caa	text
system/bin/aconfigd-system	86048	47372ac4497b13f90074003aa5ae9431dd513f28c8cbb311a2a7d2037e62784b	elf
system/bin/acpi	594840	c2ecf4c90e76e415922e0857d99d71bae7955d56bc8801c278dc0e53b0c5af4c	elf
system/bin/aflags	51984	643320a0387da62d483bb80877423e37dc7d11feb96c8c418ba40aa9a0a9b88a	elf
system/bin/alloctop	51928	e5fa8258890752d76041f94d7a7952efab2c6f934bc593ef90b9475a7d9d0a2e	elf
system/bin/am	320	24917ebf4ed753b96ceacac75762f6dc0d5c04dbe34d62020ceceaeae12c3f4d	text
system/bin/apexd	994784	628798838f80d1f576198c0a718e7d07c735d203880dac2ab703d8b48f041fc8	elf
system/bin/app_process	51760	5acb9827648f9adba44ae2bb16f81ef006ba5564dd81c2a2efd854dccb140bae	elf
system/bin/app_process64	51760	5acb9827648f9adba44ae2bb16f81ef006ba5564dd81c2a2efd854dccb140bae	elf
system/bin/appops	33	2c7eb0fa3da455b89428bbf90f6c67a17b6b38677d1b60c192b13ff93848882a	text
system/bin/appwidget	141	3e6b653087d4ab9525edd1217f5643029f43a9636ad871d4f938ea753d82b271	text
system/bin/atrace	85544	3f00be8cb27dbb9b713d4543e8ada100b6ea1599971c94cf4d6244af692e636b	elf
system/bin/audioserver	3269496	d27696ac01390a35a468d0a892683db6936bc59df2dc525feac8929c02965446	elf
system/bin/auditctl	51488	c1e9ad2bad8b67027c673157610736606869deb87979709d8550e96f509ebf1b	elf
system/bin/awk	169016	bed7a7fa5c2b7dfd1e16be852ec87b6a179706ce5fc30e4dfc949b2d18a3ed37	elf
system/bin/base64	594840	c2ecf4c90e76e415922e0857d99d71bae7955d56bc8801c278dc0e53b0c5af4c	elf
system/bin/basename	594840	c2ecf4c90e76e415922e0857d99d71bae7955d56bc8801c278dc0e53b0c5af4c	elf
system/bin/bc	135360	16234ea4c74c01e5a007a452612657e2bc3a0650bb4979fa145b76159d1491eb	elf
system/bin/bcc	88000	48b39ab05441101e299185df1966d1542f638c4066b978775144cc1ea52f9bf8	elf
system/bin/blank_screen	69424	29c9a2f0d37681b79f6ed01d8056bd9ba0a0da9ac4e1c828d5291aede08689b0	elf
system/bin/blkdiscard	594840	c2ecf4c90e76e415922e0857d99d71bae7955d56bc8801c278dc0e53b0c5af4c	elf
system/bin/blkid	51456	ce4fc1bb6bb5788b662b5743f352909ac9696c314903d8755bc90fe9ad315aa0	elf
system/bin/blockdev	594840	c2ecf4c90e76e415922e0857d99d71bae7955d56bc8801c278dc0e53b0c5af4c	elf
system/bin/bmgr	126	b3b68118abfa9806ba4ed4f5b6ad066d2ba8361920e51ed551117deb2829c761	text
system/bin/bootanimation	52072	e3a819e9e3d26e27c627700b9f82851a156c7c0db8ac8fce25d6ecb10c790efe	elf
system/bin/bootstat	169880	ec9f091a8c03b83409fe3f340e5fe31c49ebfea7c9ca35aac9b5f7bae58f7fc1	elf
system/bin/bootstrap/linker64	2137776	f3f8d7a712c1a954a44816fb283c28fb1d9a0e392d897d4c85a7716a4e15c0f1	elf
system/bin/bootstrap/linker_asan64	2137776	f3f8d7a712c1a954a44816fb283c28fb1d9a0e392d897d4c85a7716a4e15c0f1	elf
system/bin/bootstrap/linker_hwasan64	2137776	f3f8d7a712c1a954a44816fb283c28fb1d9a0e392d897d4c85a7716a4e15c0f1	elf
system/bin/boringssl_self_test64	51232	016e4bb8b1350002c8611437d7b26a8391de0b98ff4902858eb48619e0d9bb23	elf
system/bin/bpfloader	86832	3b12618f9f9fac538cd19ce13743858e4efe3db24c8a2992142de8ed2cd23771	elf
system/bin/brctl	594840	c2ecf4c90e76e415922e0857d99d71bae7955d56bc8801c278dc0e53b0c5af4c	elf
system/bin/bt_testmode.sh	611	41f16c0b89e224a601114efbbc1ebedaa1fff960d81da8e38824e898b8b87be8	text
system/bin/bu	173	7a95bb39384040bc4a61aacf537bc285293195f150c2fe0c319233f6d2f19757	text
system/bin/bugreport	51384	eb9ed07d73ce2253baf3a7c88784247a5d83268aa0d6cdc774ba1e696b57fdfa	elf
system/bin/bugreport_procdump	51304	f895fc5fd94b5b229ba769bb58200c122a0288ecf5157e97efd0fbd2c329266b	elf
system/bin/bugreportz	51488	c64e5c98ac46f638d3cdd1c0445103b29444b5a9d02ba0385f81a71d897ed161	elf
system/bin/bunzip2	120736	ce8bb911d05e2972db9a21e8788bf25b101956f568f0f90179174694d4b836cd	elf
system/bin/bzcat	120736	ce8bb911d05e2972db9a21e8788bf25b101956f568f0f90179174694d4b836cd	elf
system/bin/bzip2	120736	ce8bb911d05e2972db9a21e8788bf25b101956f568f0f90179174694d4b836cd	elf
system/bin/cal	594840	c2ecf4c90e76e415922e0857d99d71bae7955d56bc8801c278dc0e53b0c5af4c	elf
system/bin/cameraserver	3997640	5033d8d97d11fd361f9fd282533b807de27e6d3a51d97459be52797d9c49514c	elf
system/bin/cat	594840	c2ecf4c90e76e415922e0857d99d71bae7955d56bc8801c278dc0e53b0c5af4c	elf
system/bin/charger	2101160	9bc76e3e238bb285898ae11e19488810e54173ee7f2490bb07b3e8f10da0ae02	elf
system/bin/chattr	594840	c2ecf4c90e76e415922e0857d99d71bae7955d56bc8801c278dc0e53b0c5af4c	elf
system/bin/chcon	594840	c2ecf4c90e76e415922e0857d99d71bae7955d56bc8801c278dc0e53b0c5af4c	elf
system/bin/chgrp	594840	c2ecf4c90e76e415922e0857d99d71bae7955d56bc8801c278dc0e53b0c5af4c	elf
system/bin/chmod	594840	c2ecf4c90e76e415922e0857d99d71bae7955d56bc8801c278dc0e53b0c5af4c	elf
system/bin/chown	594840	c2ecf4c90e76e415922e0857d99d71bae7955d56bc8801c278dc0e53b0c5af4c	elf
system/bin/chroot	594840	c2ecf4c90e76e415922e0857d99d71bae7955d56bc8801c278dc0e53b0c5af4c	elf
system/bin/chrt	594840	c2ecf4c90e76e415922e0857d99d71bae7955d56bc8801c278dc0e53b0c5af4c	elf
system/bin/cksum	594840	c2ecf4c90e76e415922e0857d99d71bae7955d56bc8801c278dc0e53b0c5af4c	elf
system/bin/clean_scratch_files	219648	bdb1c1a5f1767440b5cc39036fbfa1aeb2a870e155ed5d38be87f1c8ec393e59	elf
system/bin/clear	594840	c2ecf4c90e76e415922e0857d99d71bae7955d56bc8801c278dc0e53b0c5af4c	elf
system/bin/cmd	68736	1c607058234e5c077c57b8af7733c83c44a15b67a70711fec299e87ead9f540c	elf
system/bin/cmp	594840	c2ecf4c90e76e415922e0857d99d71bae7955d56bc8801c278dc0e53b0c5af4c	elf
system/bin/comm	594840	c2ecf4c90e76e415922e0857d99d71bae7955d56bc8801c278dc0e53b0c5af4c	elf
system/bin/content	135	8634de7e2a52e53277844096a1cda979b8c164120e802b53923cf745c2059053	text
system/bin/cp	594840	c2ecf4c90e76e415922e0857d99d71bae7955d56bc8801c278dc0e53b0c5af4c	elf
system/bin/cpio	594840	c2ecf4c90e76e415922e0857d99d71bae7955d56bc8801c278dc0e53b0c5af4c	elf
system/bin/cppreopts.sh	2611	0636d41e568a309fb6b834a67b749806aee745958a5d58a880659a7eabb3f107	text
system/bin/cpu-target-features	51304	5e5a81df74cf3e0f5322cfe4a665320af9086b3779088c5fa8364868d2f0d2be	elf
system/bin/curl	687168	ed297b5f49f456c715aca51e6abc28c69e2c08e75cfc7575a7d1c4b0e1127cfb	elf
system/bin/cut	594840	c2ecf4c90e76e415922e0857d99d71bae7955d56bc8801c278dc0e53b0c5af4c	elf
system/bin/date	594840	c2ecf4c90e76e415922e0857d99d71bae7955d56bc8801c278dc0e53b0c5af4c	elf
system/bin/dd	594840	c2ecf4c90e76e415922e0857d99d71bae7955d56bc8801c278dc0e53b0c5af4c	elf
system/bin/debuggerd	51480	fc6e0619a0049c7f9de687e5b5ccf50881e156c346d69a4584c83af666c1b0bc	elf
system/bin/defrag.f2fs	333640	55c1f170d39019becf3e2cb2c3fd79f78ca93506da8d93f8b4abe0aa746dad4a	elf
system/bin/device_config	40	cf65f3d49ee983599d2da9be8a30bcf01f4d6078fa2bc6714c5c3a12fbc294de	text
system/bin/devmem	594840	c2ecf4c90e76e415922e0857d99d71bae7955d56bc8801c278dc0e53b0c5af4c	elf
system/bin/df	594840	c2ecf4c90e76e415922e0857d99d71bae7955d56bc8801c278dc0e53b0c5af4c	elf
system/bin/diag_socket_log.sh	194	33b1ed6750ae54a8f6506dc7c6d89f85d0e774ce0918122861d68c7fbc4b6f70	text
system/bin/diff	594840	c2ecf4c90e76e415922e0857d99d71bae7955d56bc8801c278dc0e53b0c5af4c	elf
system/bin/dirname	594840	c2ecf4c90e76e415922e0857d99d71bae7955d56bc8801c278dc0e53b0c5af4c	elf
system/bin/disable-verity	219648	bdb1c1a5f1767440b5cc39036fbfa1aeb2a870e155ed5d38be87f1c8ec393e59	elf
system/bin/dmabuf_dump	86424	324361ff830930d8bfdb8bc600e7b1d288e536698dc055fb6d9cc0291656a1d1	elf
system/bin/dmctl	120208	c85f370e12f943879ae2db367c11ccddb735c4a7af3939da0e88708bd9291616	elf
system/bin/dmesg	594840	c2ecf4c90e76e415922e0857d99d71bae7955d56bc8801c278dc0e53b0c5af4c	elf
system/bin/dmesgd	125832	d8c905b74048de49b58b3486b716ae509427bf4fcc2986823d3b966c78c9d2e4	elf
system/bin/dnsmasq	187776	b0a11c8350b538f664999ebdd346e2ecead0b70ec633b0d94a165afa010309d7	elf
system/bin/dos2unix	594840	c2ecf4c90e76e415922e0857d99d71bae7955d56bc8801c278dc0e53b0c5af4c	elf
system/bin/dpm	81	3eb8fe73329124db60af135433e7a8917ba0c847afbe978c95a37b99a26517d9	text
system/bin/drmserver	103904	41cb89aa413fe47af80d70370a09b8077e8829ffa55297541270ff15369bde7e	elf
system/bin/du	594840	c2ecf4c90e76e415922e0857d99d71bae7955d56bc8801c278dc0e53b0c5af4c	elf
system/bin/dump.erofs	102000	5797ba959840839c1b692fa0700d2d7929044b7e9b3b790e32501cad9449e798	elf
system/bin/dump.f2fs	333640	55c1f170d39019becf3e2cb2c3fd79f78ca93506da8d93f8b4abe0aa746dad4a	elf
system/bin/dumpstate	486744	dab338271eeffa13f3a1042f69ab299b2614d9286aff5a838b74411a5290b483	elf
system/bin/dumpsys	52584	efbf167af3283df96b4ac60d6bf5fef1c3235cf6e3c6427769f7eaae189fbfae	elf
system/bin/e2freefrag	51448	4c64a2e1355a211e1f8c99c9c2d2ae1793ce5f5e1dad0526a917a4b1d04dde7f	elf
system/bin/e2fsck	283480	ad58a5ef453fb7ce825bd301ce9f461dc3498c16ac43e881b32a7eb750b5d4a5	elf
system/bin/e2fsdroid	68992	23472179217be4db198ef1ff1ca6edba7db7002da450645bb6f43cd892c3496b	elf
system/bin/echo	594840	c2ecf4c90e76e415922e0857d99d71bae7955d56bc8801c278dc0e53b0c5af4c	elf
system/bin/egrep	594840	c2ecf4c90e76e415922e0857d99d71bae7955d56bc8801c278dc0e53b0c5af4c	elf
system/bin/enable-verity	219648	bdb1c1a5f1767440b5cc39036fbfa1aeb2a870e155ed5d38be87f1c8ec393e59	elf
system/bin/env	594840	c2ecf4c90e76e415922e0857d99d71bae7955d56bc8801c278dc0e53b0c5af4c	elf
system/bin/ethtool	-1	ERROR:[Errno 2] No such file or directory: '.work/fs/system/system/bin/ethtool'	error
system/bin/expand	594840	c2ecf4c90e76e415922e0857d99d71bae7955d56bc8801c278dc0e53b0c5af4c	elf
system/bin/expr	594840	c2ecf4c90e76e415922e0857d99d71bae7955d56bc8801c278dc0e53b0c5af4c	elf
system/bin/extra_free_kbytes.sh	5231	333225bca070b6a86f0f9ca936466e447537a18409a6ed54f6f6850f70200c3a	text
system/bin/fallocate	594840	c2ecf4c90e76e415922e0857d99d71bae7955d56bc8801c278dc0e53b0c5af4c	elf
system/bin/false	594840	c2ecf4c90e76e415922e0857d99d71bae7955d56bc8801c278dc0e53b0c5af4c	elf
system/bin/fgrep	594840	c2ecf4c90e76e415922e0857d99d71bae7955d56bc8801c278dc0e53b0c5af4c	elf
system/bin/file	594840	c2ecf4c90e76e415922e0857d99d71bae7955d56bc8801c278dc0e53b0c5af4c	elf
system/bin/find	594840	c2ecf4c90e76e415922e0857d99d71bae7955d56bc8801c278dc0e53b0c5af4c	elf
system/bin/flags_health_check	51584	403693c383d0e816e02273d5ca28e6f910ca6307de3b64db15f758c2a134d529	elf
system/bin/flock	594840	c2ecf4c90e76e415922e0857d99d71bae7955d56bc8801c278dc0e53b0c5af4c	elf
system/bin/fmt	594840	c2ecf4c90e76e415922e0857d99d71bae7955d56bc8801c278dc0e53b0c5af4c	elf
system/bin/free	594840	c2ecf4c90e76e415922e0857d99d71bae7955d56bc8801c278dc0e53b0c5af4c	elf
system/bin/fsck.erofs	102328	b2bb08d90a3b7cd5b2c7508cb3a476bba0ad7f4e24e8f1a6fa97d6d81048f691	elf
system/bin/fsck.f2fs	333640	55c1f170d39019becf3e2cb2c3fd79f78ca93506da8d93f8b4abe0aa746dad4a	elf
system/bin/fsck_msdos	68280	23d29343c54453569fbb9be3e7440ce5e779d34acb843e5db0326bee3df34af2	elf
system/bin/fsync	594840	c2ecf4c90e76e415922e0857d99d71bae7955d56bc8801c278dc0e53b0c5af4c	elf
system/bin/gatekeeperd	85816	c0dbad47d42a11ea15ca0ea3edaa4453b4a53ec8596eeda0cced6497e1507003	elf
system/bin/get_tp_noise	51360	16993c2b34d620a8617661eb646ccecb02c75d1de70bb4b8edcb5dd37162e169	elf
system/bin/getconf	594840	c2ecf4c90e76e415922e0857d99d71bae7955d56bc8801c278dc0e53b0c5af4c	elf
system/bin/getenforce	594840	c2ecf4c90e76e415922e0857d99d71bae7955d56bc8801c278dc0e53b0c5af4c	elf
system/bin/getevent	153424	3fef3f5c9df884401790d0f733287b085061d8290d60129bd5e36dd90cc1e59a	elf
system/bin/getfattr	594840	c2ecf4c90e76e415922e0857d99d71bae7955d56bc8801c278dc0e53b0c5af4c	elf
system/bin/getopt	594840	c2ecf4c90e76e415922e0857d99d71bae7955d56bc8801c278dc0e53b0c5af4c	elf
system/bin/getprop	153424	3fef3f5c9df884401790d0f733287b085061d8290d60129bd5e36dd90cc1e59a	elf
system/bin/gpiodetect	594840	c2ecf4c90e76e415922e0857d99d71bae7955d56bc8801c278dc0e53b0c5af4c	elf
system/bin/gpiofind	594840	c2ecf4c90e76e415922e0857d99d71bae7955d56bc8801c278dc0e53b0c5af4c	elf
system/bin/gpioget	594840	c2ecf4c90e76e415922e0857d99d71bae7955d56bc8801c278dc0e53b0c5af4c	elf
system/bin/gpioinfo	594840	c2ecf4c90e76e415922e0857d99d71bae7955d56bc8801c278dc0e53b0c5af4c	elf
system/bin/gpioset	594840	c2ecf4c90e76e415922e0857d99d71bae7955d56bc8801c278dc0e53b0c5af4c	elf
system/bin/gppservice	102760	7afd024b0322222f1fa76b474aeef823662b4a061bf0271792c5d02a849acc40	elf
system/bin/gpu_counter_producer	51448	b3ce0006122a1c441e95b8881fd157d0cc27fa47be3c0f3c165c7584d08d6f95	elf
system/bin/gpuservice	1294672	041667b4034124ce11ae21caf743f22262fc78e7374b509ec763a4481e00bed8	elf
system/bin/grep	594840	c2ecf4c90e76e415922e0857d99d71bae7955d56bc8801c278dc0e53b0c5af4c	elf
system/bin/groups	594840	c2ecf4c90e76e415922e0857d99d71bae7955d56bc8801c278dc0e53b0c5af4c	elf
system/bin/gsi_tool	69336	c0bde429f794b2fbd2b568b65fd5b94f89307d12119cfbd0a29929d832738725	elf
system/bin/gsid	885992	ff29a2f462a18a0b528668a3ea602e9266771716da07f0355f9d295f8dd18e8c	elf
system/bin/gunzip	594840	c2ecf4c90e76e415922e0857d99d71bae7955d56bc8801c278dc0e53b0c5af4c	elf
system/bin/gzip	594840	c2ecf4c90e76e415922e0857d99d71bae7955d56bc8801c278dc0e53b0c5af4c	elf
system/bin/head	594840	c2ecf4c90e76e415922e0857d99d71bae7955d56bc8801c278dc0e53b0c5af4c	elf
system/bin/heapprofd	447536	c4fc4d9593a8f58e037b76f4db7407af539dc6994e51cb46db6a557d5a89c67a	elf
system/bin/hid	379	920bef9afee7e243eee4598b0dd1943c751053ee50e51c680e3affb24ff4eeb5	text
system/bin/hostname	594840	c2ecf4c90e76e415922e0857d99d71bae7955d56bc8801c278dc0e53b0c5af4c	elf
system/bin/hw/android.system.suspend-service	205088	4b79f788b091c1ab85ad4389e08612b3417f19a9a896e0f88a502db66e903181	elf
system/bin/hwclock	594840	c2ecf4c90e76e415922e0857d99d71bae7955d56bc8801c278dc0e53b0c5af4c	elf
system/bin/hwservicemanager	-1	ERROR:[Errno 2] No such file or directory: '.work/fs/system/system/bin/hwservicemanager'	error
system/bin/i2cdetect	594840	c2ecf4c90e76e415922e0857d99d71bae7955d56bc8801c278dc0e53b0c5af4c	elf
system/bin/i2cdump	594840	c2ecf4c90e76e415922e0857d99d71bae7955d56bc8801c278dc0e53b0c5af4c	elf
system/bin/i2cget	594840	c2ecf4c90e76e415922e0857d99d71bae7955d56bc8801c278dc0e53b0c5af4c	elf
system/bin/i2cset	594840	c2ecf4c90e76e415922e0857d99d71bae7955d56bc8801c278dc0e53b0c5af4c	elf
system/bin/i2ctransfer	594840	c2ecf4c90e76e415922e0857d99d71bae7955d56bc8801c278dc0e53b0c5af4c	elf
system/bin/iconv	594840	c2ecf4c90e76e415922e0857d99d71bae7955d56bc8801c278dc0e53b0c5af4c	elf
system/bin/id	594840	c2ecf4c90e76e415922e0857d99d71bae7955d56bc8801c278dc0e53b0c5af4c	elf
system/bin/idmap2	102840	491e5ab44e0f398da16c7390ef87eb0e0d8a89b3debcc0829a4206c9615ce600	elf
system/bin/idmap2d	137008	d25c1adba3b110055650670276e7cad75fd0e31ff25bf62ec22a21b6a71a6c16	elf
system/bin/ifconfig	594840	c2ecf4c90e76e415922e0857d99d71bae7955d56bc8801c278dc0e53b0c5af4c	elf
system/bin/ime	48	d0959c12d988f12b92b075a2222a0df1b66e1764f64ce75ef3d4bd9eacb282b7	text
system/bin/incident	52736	cd8285f746bf3c5292ddf489956548d8c1b7b716185883c48e4ae05fc32c5e9b	elf
system/bin/incident-helper-cmd	220	e8f679939ad21f97872ed062ce4934928b4992c7113e19e7e3228a58d9f48ec6	text
system/bin/incident_helper	180944	8b154ab61b72b7984212bbefb0c281956c31f6c9a904cde969efee209dbfc0c5	elf
system/bin/incidentd	325928	867e213b8016548b767f210512abe4708243e3b99fcd83c07ad76af7526d743a	elf
system/bin/init	3269928	d63e614a4ca8cb544627d72a51c3e88c24371cab8e9b72925d99ba2d2ae4b028	elf
system/bin/init.vendor.usb.sh	2227	12b6e2b1ebb383b29808cf2472140ea4dd1f16449b763eaa8baffcac92bb6678	text
system/bin/inotifyd	594840	c2ecf4c90e76e415922e0857d99d71bae7955d56bc8801c278dc0e53b0c5af4c	elf
system/bin/input	32	108767c95965714fd7194257f37f6fe5d90f81ff9279e20a2326c1f7f63b737d	text
system/bin/insmod	594840	c2ecf4c90e76e415922e0857d99d71bae7955d56bc8801c278dc0e53b0c5af4c	elf
system/bin/install	594840	c2ecf4c90e76e415922e0857d99d71bae7955d56bc8801c278dc0e53b0c5af4c	elf
system/bin/installd	473008	dffde52113dd149327f76f63d5ae6d214aaa3e5295cce904027e80292e0d347e	elf
system/bin/ionice	594840	c2ecf4c90e76e415922e0857d99d71bae7955d56bc8801c278dc0e53b0c5af4c	elf
system/bin/iorenice	594840	c2ecf4c90e76e415922e0857d99d71bae7955d56bc8801c278dc0e53b0c5af4c	elf
system/bin/iotop	119664	4fd5e51a24a202f8e70a4f430fe2413269e9f50b55b22a28c6e3b9fe55ad4aef	elf
system/bin/ip	450528	59f79071fdc6ff4240ca08c8e40708972532956fdabb51deadc9bee5a050542f	elf
system/bin/ip-wrapper-1.0	103536	c73c1e958aef365efd3f8b5163a0312c47b7c46b9ff9c9360ed0c5f5cb9d65ea	elf
system/bin/ip6tables	523352	688286b5b3bfaf5d350ee959d59226c3ac13e74f25ade50fc7c230aff1e66fc7	elf
system/bin/ip6tables-restore	523352	688286b5b3bfaf5d350ee959d59226c3ac13e74f25ade50fc7c230aff1e66fc7	elf
system/bin/ip6tables-save	523352	688286b5b3bfaf5d350ee959d59226c3ac13e74f25ade50fc7c230aff1e66fc7	elf
system/bin/ip6tables-wrapper-1.0	103536	c73c1e958aef365efd3f8b5163a0312c47b7c46b9ff9c9360ed0c5f5cb9d65ea	elf
system/bin/iptables	523352	688286b5b3bfaf5d350ee959d59226c3ac13e74f25ade50fc7c230aff1e66fc7	elf
system/bin/iptables-restore	523352	688286b5b3bfaf5d350ee959d59226c3ac13e74f25ade50fc7c230aff1e66fc7	elf
system/bin/iptables-save	523352	688286b5b3bfaf5d350ee959d59226c3ac13e74f25ade50fc7c230aff1e66fc7	elf
system/bin/iptables-wrapper-1.0	103536	c73c1e958aef365efd3f8b5163a0312c47b7c46b9ff9c9360ed0c5f5cb9d65ea	elf
system/bin/kcmdlinectrl	51552	4bfe57b8eedc599720d8e1210b0982ed7170b514138415608c04e13ee47bf649	elf
system/bin/keystore2	2468528	09c0d37060d78034833a68a877304dea2ad91b82bb4424798778e6df9495acb6	elf
system/bin/keystore_cli_v2	139864	e468eb05217df01ce3a370473e36eff2f550a6a4ea442c6535f5740bbcee2da8	elf
system/bin/kill	594840	c2ecf4c90e76e415922e0857d99d71bae7955d56bc8801c278dc0e53b0c5af4c	elf
system/bin/killall	594840	c2ecf4c90e76e415922e0857d99d71bae7955d56bc8801c278dc0e53b0c5af4c	elf
system/bin/ld.mc	792192	541e3306b57623f166717abe3ea4a2e2e694a0d36488bd25439224a99cb3faac	elf
system/bin/ldd	374	482294bc3d72825125c34d48fcd151d2bd371f2f66269c728424dd142689172d	text
system/bin/librank	51656	2f11129395e66accaadc5bd107828aef4bb913e1d9c1839e6e5d406ca2e88363	elf
system/bin/linker64	-1	ERROR:[Errno 2] No such file or directory: '.work/fs/system/system/bin/linker64'	error
system/bin/linker_asan64	-1	ERROR:[Errno 2] No such file or directory: '.work/fs/system/system/bin/linker_asan64'	error
system/bin/linker_hwasan64	-1	ERROR:[Errno 2] No such file or directory: '.work/fs/system/system/bin/linker_hwasan64'	error
system/bin/lmkd	135504	140396cde7990d1cf33d751fce76925fe924844962d0e08e6c98729e75cd86f8	elf
system/bin/ln	594840	c2ecf4c90e76e415922e0857d99d71bae7955d56bc8801c278dc0e53b0c5af4c	elf
system/bin/load_policy	594840	c2ecf4c90e76e415922e0857d99d71bae7955d56bc8801c278dc0e53b0c5af4c	elf
system/bin/locksettings	40	024780bb2f836b8fec119e96a6374e6628ef9433b8c95c927208d9c9ab7d14e5	text
system/bin/log	594840	c2ecf4c90e76e415922e0857d99d71bae7955d56bc8801c278dc0e53b0c5af4c	elf
system/bin/logcat	186472	ed2a02e463689b90290fad3fa022798c3df1458fac45aa270c775ad93253cda9	elf
system/bin/logd	685440	db123d23cc9bba355a5bf967caeb430d92853940d28ab3c9f5648288b70f227a	elf
system/bin/logger	594840	c2ecf4c90e76e415922e0857d99d71bae7955d56bc8801c278dc0e53b0c5af4c	elf
system/bin/logname	594840	c2ecf4c90e76e415922e0857d99d71bae7955d56bc8801c278dc0e53b0c5af4c	elf
system/bin/logwrapper	51712	838963532410abbd54d79c1f9dc7e5ba9ea39e9bee1e11acfa1849fa6c82577d	elf
system/bin/logz	409232	207227f577d56491f5307639ea5c09fc1a157fdbba045ab06f909e9349e2adfc	elf
system/bin/losetup	594840	c2ecf4c90e76e415922e0857d99d71bae7955d56bc8801c278dc0e53b0c5af4c	elf
system/bin/lpdump	51664	c6df7f3304710045af0504bcf67f139f22d0e6a122b04a301d32d8ef6cc59a40	elf
system/bin/lpdumpd	52304	aae7a2d14ba097f8288fba7b268552837a5a91fb5e5025ad28ef3afa7aafe4a5	elf
system/bin/ls	594840	c2ecf4c90e76e415922e0857d99d71bae7955d56bc8801c278dc0e53b0c5af4c	elf
system/bin/lsattr	594840	c2ecf4c90e76e415922e0857d99d71bae7955d56bc8801c278dc0e53b0c5af4c	elf
system/bin/lshal	206392	3e6dcac9e25365120c4334d5680a77554c19ea70c6b1a0db6b121c70805c1854	elf
system/bin/lsmod	594840	c2ecf4c90e76e415922e0857d99d71bae7955d56bc8801c278dc0e53b0c5af4c	elf
system/bin/lsof	594840	c2ecf4c90e76e415922e0857d99d71bae7955d56bc8801c278dc0e53b0c5af4c	elf
system/bin/lspci	594840	c2ecf4c90e76e415922e0857d99d71bae7955d56bc8801c278dc0e53b0c5af4c	elf
system/bin/lsusb	594840	c2ecf4c90e76e415922e0857d99d71bae7955d56bc8801c278dc0e53b0c5af4c	elf
system/bin/make_f2fs	167376	3d05fbcfcb5de56f29fdbf5b0e80a787f9d06fe608411549ca609f074fa896c5	elf
system/bin/md5sum	594840	c2ecf4c90e76e415922e0857d99d71bae7955d56bc8801c278dc0e53b0c5af4c	elf
system/bin/mdnsd	367048	277c85ba9bde6c30e25c9a2b155c270221b5ab8280238dfa9eefe4639880f6a4	elf
system/bin/mediaextractor	51400	9fc5f96cb366d189839ad50003c2da7267c86a72383a56341b9a282a71f191ea	elf
system/bin/mediametrics	51336	421520b90106f6717e59d8bfd19f0e159e43eb400afcf8a0095d22b690e7bc06	elf
system/bin/mediaserver	52040	626306c9bb5aa8650179cdfade5d6498a99d30e6d85e0189d99fa28e78c900c5	elf
system/bin/memeater	594840	c2ecf4c90e76e415922e0857d99d71bae7955d56bc8801c278dc0e53b0c5af4c	elf
system/bin/microcom	594840	c2ecf4c90e76e415922e0857d99d71bae7955d56bc8801c278dc0e53b0c5af4c	elf
system/bin/migrate_legacy_obb_data	1418	31de6fa3349fb3a38a2d7365db94141cb0982d4af99d612293ed755b40b25946	text
system/bin/mini-keyctl	51792	b2d1042f873fed62228ef22e9166632cb02edd9e821c434f9d229b91d1c4a79a	elf
system/bin/misctrl	51872	47a41214812b9498780870f3129aee2856ccf9e80a6e1bd2ffe1ab00d213c65b	elf
system/bin/mixerops_objdump	51264	ae0a837a8e5f2fad9182f9426c2b6dc79c38fd1da8b57d2cff61a8defdf3762c	elf
system/bin/mkdir	594840	c2ecf4c90e76e415922e0857d99d71bae7955d56bc8801c278dc0e53b0c5af4c	elf
system/bin/mke2fs	101072	a78a0f3c5f59cd6bd191c7cbcee68dd256e3eb120dd067059827f28578cb7386	elf
system/bin/mkfifo	594840	c2ecf4c90e76e415922e0857d99d71bae7955d56bc8801c278dc0e53b0c5af4c	elf
system/bin/mkfs.erofs	220104	120e1a0493cde0de9d730d011ed1af23569f3421b1826e3b7543a92830e9433f	elf
system/bin/mkfs.ext2	101072	a78a0f3c5f59cd6bd191c7cbcee68dd256e3eb120dd067059827f28578cb7386	elf
system/bin/mkfs.ext3	101072	a78a0f3c5f59cd6bd191c7cbcee68dd256e3eb120dd067059827f28578cb7386	elf
system/bin/mkfs.ext4	101072	a78a0f3c5f59cd6bd191c7cbcee68dd256e3eb120dd067059827f28578cb7386	elf
system/bin/mknod	594840	c2ecf4c90e76e415922e0857d99d71bae7955d56bc8801c278dc0e53b0c5af4c	elf
system/bin/mkswap	594840	c2ecf4c90e76e415922e0857d99d71bae7955d56bc8801c278dc0e53b0c5af4c	elf
system/bin/mktemp	594840	c2ecf4c90e76e415922e0857d99d71bae7955d56bc8801c278dc0e53b0c5af4c	elf
system/bin/modinfo	594840	c2ecf4c90e76e415922e0857d99d71bae7955d56bc8801c278dc0e53b0c5af4c	elf
system/bin/modprobe	153424	3fef3f5c9df884401790d0f733287b085061d8290d60129bd5e36dd90cc1e59a	elf
system/bin/monkey	268	1cde380f3deaf3a8a075c96f8342a444ba96d12a6ea5773c882c31fe3a68b310	text
system/bin/more	594840	c2ecf4c90e76e415922e0857d99d71bae7955d56bc8801c278dc0e53b0c5af4c	elf
system/bin/mount	594840	c2ecf4c90e76e415922e0857d99d71bae7955d56bc8801c278dc0e53b0c5af4c	elf
system/bin/mountpoint	594840	c2ecf4c90e76e415922e0857d99d71bae7955d56bc8801c278dc0e53b0c5af4c	elf
system/bin/mtectrl	52088	0d3d9cb91f10a373f378cb28cc193f853f25c5568d88b527ca5b527d0ebaaedb	elf
system/bin/mv	594840	c2ecf4c90e76e415922e0857d99d71bae7955d56bc8801c278dc0e53b0c5af4c	elf
system/bin/nc	594840	c2ecf4c90e76e415922e0857d99d71bae7955d56bc8801c278dc0e53b0c5af4c	elf
system/bin/ndc	85952	def760a8ed0dd5d5996aab8a950666c6449e0fd435a3d25f3321d4db83b66104	elf
system/bin/ndc-wrapper-1.0	103536	c73c1e958aef365efd3f8b5163a0312c47b7c46b9ff9c9360ed0c5f5cb9d65ea	elf
system/bin/netcat	594840	c2ecf4c90e76e415922e0857d99d71bae7955d56bc8801c278dc0e53b0c5af4c	elf
system/bin/netd	647560	00cf6a7bc29a98806eae8553da3334a266de21ed7c5ec3221506d37b72f3e513	elf
system/bin/netstat	594840	c2ecf4c90e76e415922e0857d99d71bae7955d56bc8801c278dc0e53b0c5af4c	elf
system/bin/netutils-wrapper-1.0	103536	c73c1e958aef365efd3f8b5163a0312c47b7c46b9ff9c9360ed0c5f5cb9d65ea	elf
system/bin/newfs_msdos	51696	123c3405f0066fef4e1499665af94e5778475d37a0655a8e89eb2ac60c235156	elf
system/bin/nfc_test	51616	811f86b21b0d69864e38328f6b003daf14affc2a4cca447bc1a56a0883ab5baf	elf
system/bin/nice	594840	c2ecf4c90e76e415922e0857d99d71bae7955d56bc8801c278dc0e53b0c5af4c	elf
system/bin/nl	594840	c2ecf4c90e76e415922e0857d99d71bae7955d56bc8801c278dc0e53b0c5af4c	elf
system/bin/nohup	594840	c2ecf4c90e76e415922e0857d99d71bae7955d56bc8801c278dc0e53b0c5af4c	elf
system/bin/nproc	594840	c2ecf4c90e76e415922e0857d99d71bae7955d56bc8801c278dc0e53b0c5af4c	elf
system/bin/nsenter	594840	c2ecf4c90e76e415922e0857d99d71bae7955d56bc8801c278dc0e53b0c5af4c	elf
system/bin/nubiahealthd	235104	642879136b4c27940a5773ca62c24cfd1bc179f88e376a327213fd64f052f9db	elf
system/bin/od	594840	c2ecf4c90e76e415922e0857d99d71bae7955d56bc8801c278dc0e53b0c5af4c	elf
system/bin/odsign	241480	26f19db2448c5d85bd8125d132601ba0b7d33a5c15a76e2461d71fda4cfc1763	elf
system/bin/paste	594840	c2ecf4c90e76e415922e0857d99d71bae7955d56bc8801c278dc0e53b0c5af4c	elf
system/bin/patch	594840	c2ecf4c90e76e415922e0857d99d71bae7955d56bc8801c278dc0e53b0c5af4c	elf
system/bin/pbtombstone	223720	88345ef06a8f649b341105c84858b88ff00a00f2fea54e9b1022135f51319b92	elf
system/bin/perfetto	663944	50a8593d7f62be11dfbe72f008e47accee85fccac4736e9adbf1698b38475615	elf
system/bin/pgrep	594840	c2ecf4c90e76e415922e0857d99d71bae7955d56bc8801c278dc0e53b0c5af4c	elf
system/bin/pidof	594840	c2ecf4c90e76e415922e0857d99d71bae7955d56bc8801c278dc0e53b0c5af4c	elf
system/bin/ping	68512	67138a5703b680164ee18c65234febd2c644510f503f19069cc9cff252eb9aab	elf
system/bin/ping6	68568	1a2ac512210d928a9b9228129b816e8147349bac151fa002e6564c2d7715ed47	elf
system/bin/pintool	85384	e5ea373fc1e8af119449120196b61575a5dffb5d3c4134a8dff250200ad0750b	elf
system/bin/pkill	594840	c2ecf4c90e76e415922e0857d99d71bae7955d56bc8801c278dc0e53b0c5af4c	elf
system/bin/pm	34	b273c0507e86b0328578481462a501c5e3458ab4d34a423b006476139ed38407	text
system/bin/pmap	594840	c2ecf4c90e76e415922e0857d99d71bae7955d56bc8801c278dc0e53b0c5af4c	elf
system/bin/prefetch	1825432	04c154eec3e1fcb401db557e91cd6707a84bbf39a4e67f1631647fa4fc42db32	elf
system/bin/preloads_copy.sh	1317	dedb65575f7db63c260b38c5f9fdf1a90234cb94b58e74e8fd776f56fb6c3648	text
system/bin/preopt2cachename	51672	2b2763e2ef8a69a5901263c22cb7961ee2e322fcbd4ceedf360bf1196059d0df	elf
system/bin/printenv	594840	c2ecf4c90e76e415922e0857d99d71bae7955d56bc8801c278dc0e53b0c5af4c	elf
system/bin/printf	594840	c2ecf4c90e76e415922e0857d99d71bae7955d56bc8801c278dc0e53b0c5af4c	elf
system/bin/prng_seeder	154392	cae293cfb38fc56f28037f8441f13ec050726dcab71427d321a258f7b5206e22	elf
system/bin/procrank	51680	8a9c1b677aa748146c419001b06043ec7a1d334160fa4c99372f97708f3f7b8b	elf
system/bin/ps	594840	c2ecf4c90e76e415922e0857d99d71bae7955d56bc8801c278dc0e53b0c5af4c	elf
system/bin/pwd	594840	c2ecf4c90e76e415922e0857d99d71bae7955d56bc8801c278dc0e53b0c5af4c	elf
system/bin/readelf	594840	c2ecf4c90e76e415922e0857d99d71bae7955d56bc8801c278dc0e53b0c5af4c	elf
system/bin/readlink	594840	c2ecf4c90e76e415922e0857d99d71bae7955d56bc8801c278dc0e53b0c5af4c	elf
system/bin/realpath	594840	c2ecf4c90e76e415922e0857d99d71bae7955d56bc8801c278dc0e53b0c5af4c	elf
system/bin/reboot	51424	ea04bff2ff8c092cea087b0c21e5ac2dbdcd347cfbf45316197320e37029cd0a	elf
system/bin/recovery-persist	52000	6360c5bbe8a690e4838855cc67cb7c0772bfc7a455c20c92c286e789df69dbc8	elf
system/bin/recovery-refresh	51952	ebc63bcd31fded83566be61f36f70ee9935735380015043a7a1a46afa1a706d7	elf
system/bin/remount	219648	bdb1c1a5f1767440b5cc39036fbfa1aeb2a870e155ed5d38be87f1c8ec393e59	elf
system/bin/renice	594840	c2ecf4c90e76e415922e0857d99d71bae7955d56bc8801c278dc0e53b0c5af4c	elf
system/bin/requestsync	205	49b158cf363155b33f133ebc7a953cb563704fb3e9ab377156b29a7e0b335d9e	text
system/bin/resize.f2fs	333640	55c1f170d39019becf3e2cb2c3fd79f78ca93506da8d93f8b4abe0aa746dad4a	elf
system/bin/resize2fs	84944	ea414dcdb57b1d22a1c7768efb85fcd541214a47284a2b161dcfcc90deb0ca9a	elf
system/bin/restorecon	594840	c2ecf4c90e76e415922e0857d99d71bae7955d56bc8801c278dc0e53b0c5af4c	elf
system/bin/rm	594840	c2ecf4c90e76e415922e0857d99d71bae7955d56bc8801c278dc0e53b0c5af4c	elf
system/bin/rmdir	594840	c2ecf4c90e76e415922e0857d99d71bae7955d56bc8801c278dc0e53b0c5af4c	elf
system/bin/rmmod	594840	c2ecf4c90e76e415922e0857d99d71bae7955d56bc8801c278dc0e53b0c5af4c	elf
system/bin/rss_hwm_reset	51304	936cf9ae17b1f2fe21714b455af900be842758f93fb6640c7497c3150c7c2e59	elf
system/bin/rtcwake	594840	c2ecf4c90e76e415922e0857d99d71bae7955d56bc8801c278dc0e53b0c5af4c	elf
system/bin/run-as	51496	fa1f568c208449b14122bdab0b29264481b4776fd677348e8e89ba9707fefef5	elf
system/bin/runcon	594840	c2ecf4c90e76e415922e0857d99d71bae7955d56bc8801c278dc0e53b0c5af4c	elf
system/bin/schedtest	51304	033065fe0cff3954cd7d68b2dbd734877a87668f84074434e1287740221dfc75	elf
system/bin/screencap	69216	99dd339bc71d00426b3003f53db11bde4740a724fe48bab82655a239fa3a54ce	elf
system/bin/screenrecord	168024	ffb9e482ee0cbc83e765e2bf93ba264ccb741e3feee7bfb5176d73723448e165	elf
system/bin/sdcard	52328	2df21b8325d35283089ebf5a8f3c8f989ca22712ea8f151e8f8d2d2dd82769db	elf
system/bin/sdlog	139888	b1b60c55310cb15f538a1e8a2b784a4c78ab44a50dd5690bf7dc6ee099c729e3	elf
system/bin/secdiscard	52152	edb850be77354a1514cbb580580534714942da3479b1b42ca22d2d9503df1a41	elf
system/bin/secilc	387512	71e9a90079fb5b922d257dd077638c2f4e8b02f7e532a6b9caf6e2f9548bdff0	elf
system/bin/sed	594840	c2ecf4c90e76e415922e0857d99d71bae7955d56bc8801c278dc0e53b0c5af4c	elf
system/bin/sendevent	594840	c2ecf4c90e76e415922e0857d99d71bae7955d56bc8801c278dc0e53b0c5af4c	elf
system/bin/sensorservice	51304	3585aa36af92959ffcf01eb112f561987753d4d75207c34cef41b0de606aa824	elf
system/bin/seq	594840	c2ecf4c90e76e415922e0857d99d71bae7955d56bc8801c278dc0e53b0c5af4c	elf
system/bin/service	68328	63d064e0ae4796608374a3ac757a9c05a5c8766a9a802cf7e79e784dda26cafb	elf
system/bin/servicemanager	137224	626eaac3336fcf91e3510aaf920d7fa7882733ba1648ab9a432b0532a1570c70	elf
system/bin/set-verity-state	219648	bdb1c1a5f1767440b5cc39036fbfa1aeb2a870e155ed5d38be87f1c8ec393e59	elf
system/bin/setenforce	594840	c2ecf4c90e76e415922e0857d99d71bae7955d56bc8801c278dc0e53b0c5af4c	elf
system/bin/setfattr	594840	c2ecf4c90e76e415922e0857d99d71bae7955d56bc8801c278dc0e53b0c5af4c	elf
system/bin/setprop	153424	3fef3f5c9df884401790d0f733287b085061d8290d60129bd5e36dd90cc1e59a	elf
system/bin/setsid	594840	c2ecf4c90e76e415922e0857d99d71bae7955d56bc8801c278dc0e53b0c5af4c	elf
system/bin/settaskprofile	51536	06388263c3c813fe7a41b9d203a1452978cc7641b675fac9dc3a1d691f41787d	elf
system/bin/settings	35	5c447700471b694854e201453d8a588505e9a0913ca9583429dc6c9bfcef4dde	text
system/bin/sfdo	86488	89371d139030d4ec0571d709255c2e1a6930aab4a357ae808f8ee82c7f74d3a7	elf
system/bin/sgdisk	235032	96ff8662438a3f088c9305f8450de8c59914ff51b24b87b322a7d819d26cc03a	elf
system/bin/sh	318592	4395a80cb88e3fa7a26d8fc1c34beea6c8a78c7664cdd3978671a8fb3dfb76ab	elf
system/bin/sha1sum	594840	c2ecf4c90e76e415922e0857d99d71bae7955d56bc8801c278dc0e53b0c5af4c	elf
system/bin/sha224sum	594840	c2ecf4c90e76e415922e0857d99d71bae7955d56bc8801c278dc0e53b0c5af4c	elf
system/bin/sha256sum	594840	c2ecf4c90e76e415922e0857d99d71bae7955d56bc8801c278dc0e53b0c5af4c	elf
system/bin/sha384sum	594840	c2ecf4c90e76e415922e0857d99d71bae7955d56bc8801c278dc0e53b0c5af4c	elf
system/bin/sha512sum	594840	c2ecf4c90e76e415922e0857d99d71bae7955d56bc8801c278dc0e53b0c5af4c	elf
system/bin/showmap	51656	92779896d2d2a8d5c7228088ea104b8b78da6b7078d95bc1facd6351d0340d6f	elf
system/bin/simpleperf	3037736	beb9ef3db15328a66148133d7cfb2c0594a31cb27d935abfb3e5eb15e7c62983	elf
system/bin/simpleperf_app_runner	68552	fbb8186e8a7e2e15d3080099e7b77bb47561e2324093bc9b175b6b12cd0c985f	elf
system/bin/sleep	594840	c2ecf4c90e76e415922e0857d99d71bae7955d56bc8801c278dc0e53b0c5af4c	elf
system/bin/sload_f2fs	333608	50fe26b5276311d83597b95bdfa3e19d8e53cfefda0c2901f208f73791310472	elf
system/bin/sm	120	dce0ac0023dd5b0fd527084b278e4d1269c5922e1dbbbd2bedac3834e0a5461f	text
system/bin/snapuserd	1370152	cee17a94288774ba9f3668118e809123f0d92ddf56d82e71f1e327dbde13bc6a	elf
system/bin/sort	594840	c2ecf4c90e76e415922e0857d99d71bae7955d56bc8801c278dc0e53b0c5af4c	elf
system/bin/split	594840	c2ecf4c90e76e415922e0857d99d71bae7955d56bc8801c278dc0e53b0c5af4c	elf
system/bin/ss	101256	d7125052691c43a46a4d4f57cda20785af7cfd1aa2b9778e462911d72645661e	elf
system/bin/start	153424	3fef3f5c9df884401790d0f733287b085061d8290d60129bd5e36dd90cc1e59a	elf
system/bin/stat	594840	c2ecf4c90e76e415922e0857d99d71bae7955d56bc8801c278dc0e53b0c5af4c	elf
system/bin/stop	153424	3fef3f5c9df884401790d0f733287b085061d8290d60129bd5e36dd90cc1e59a	elf
system/bin/storaged	239184	e47f3cbde82dcd1b88ad7aa1ed8a35d8803d3b8e62cb519ea56946c0b171070a	elf
system/bin/strings	594840	c2ecf4c90e76e415922e0857d99d71bae7955d56bc8801c278dc0e53b0c5af4c	elf
system/bin/stty	594840	c2ecf4c90e76e415922e0857d99d71bae7955d56bc8801c278dc0e53b0c5af4c	elf
system/bin/surfaceflinger	8312480	195673c302a53643a4018fe62cabe497205c3e8ab1957e9ef22a3930df4c5540	elf
system/bin/svc	2521	6ef0eee7c6ca640c18a1dd4fa6753b18fa34a0e793fd5cf584437673a018594f	text
system/bin/swapoff	594840	c2ecf4c90e76e415922e0857d99d71bae7955d56bc8801c278dc0e53b0c5af4c	elf
system/bin/swapon	594840	c2ecf4c90e76e415922e0857d99d71bae7955d56bc8801c278dc0e53b0c5af4c	elf
system/bin/switch_usb_mode.sh	313	6104e42f423eeddfc9c91426bf7221dfc8b248f0b60af80b01eb5a3c3e3b00c2	text
system/bin/sync	594840	c2ecf4c90e76e415922e0857d99d71bae7955d56bc8801c278dc0e53b0c5af4c	elf
system/bin/sysctl	594840	c2ecf4c90e76e415922e0857d99d71bae7955d56bc8801c278dc0e53b0c5af4c	elf
system/bin/tac	594840	c2ecf4c90e76e415922e0857d99d71bae7955d56bc8801c278dc0e53b0c5af4c	elf
system/bin/tail	594840	c2ecf4c90e76e415922e0857d99d71bae7955d56bc8801c278dc0e53b0c5af4c	elf
system/bin/tar	594840	c2ecf4c90e76e415922e0857d99d71bae7955d56bc8801c278dc0e53b0c5af4c	elf
system/bin/taskset	594840	c2ecf4c90e76e415922e0857d99d71bae7955d56bc8801c278dc0e53b0c5af4c	elf
system/bin/tc	286160	930bd560d232ebb8d49c718e49bd36613b238024b4c5a5ce77fb00e92fd1f813	elf
system/bin/tc-wrapper-1.0	103536	c73c1e958aef365efd3f8b5163a0312c47b7c46b9ff9c9360ed0c5f5cb9d65ea	elf
system/bin/tcpdump	1055728	fab99e435f3956282dec4419fef99128fdee4112cd488e74b753cfb5bf80b8eb	elf
system/bin/tee	594840	c2ecf4c90e76e415922e0857d99d71bae7955d56bc8801c278dc0e53b0c5af4c	elf
system/bin/telecom	189	7ac9931fab04bb68d137f99e166445059146345f1050a1570eabff32949e13e9	text
system/bin/test	594840	c2ecf4c90e76e415922e0857d99d71bae7955d56bc8801c278dc0e53b0c5af4c	elf
system/bin/test-mixer	69080	5252558d06ce590c028a59cb25d901403a107c12c80e427693c250effa12083e	elf
system/bin/test-resampler	68824	944457105405907f8c856ebfa5628c3bf6d78af5671533a5cb368fdd9a928a03	elf
system/bin/thp_get_rawdata	51400	f2fa5c10e074bad45b2bb643740b6d7a457a4cbd6685b89e1ee94382eec14cff	elf
system/bin/time	594840	c2ecf4c90e76e415922e0857d99d71bae7955d56bc8801c278dc0e53b0c5af4c	elf
system/bin/timeout	594840	c2ecf4c90e76e415922e0857d99d71bae7955d56bc8801c278dc0e53b0c5af4c	elf
system/bin/tinycap	51464	6ded4beba8671e64488c6a6cdc3ab9ba3fe8323e00796c6ea3c137524895d533	elf
system/bin/tinymix	51672	ce0ad6756ecb5c08e302449e1a738c4418bdcca78b0871f1380bd72d0544db10	elf
system/bin/tinypcminfo	51456	53d6bfa352e7a066c0b4f56449a90d98f08ba0851099ce0f344e0966e1c9dc20	elf
system/bin/tinyplay	51464	4fc82303466022a864bbc50d80660838b3f12e2b65647adb8ed9fc83ce1451cd	elf
system/bin/tombstoned	137128	32643934c63b7aa581133d35a56804b00bd1fdcdcc2aae02ca1b0443bb796151	elf
system/bin/toolbox	153424	3fef3f5c9df884401790d0f733287b085061d8290d60129bd5e36dd90cc1e59a	elf
system/bin/top	594840	c2ecf4c90e76e415922e0857d99d71bae7955d56bc8801c278dc0e53b0c5af4c	elf
system/bin/touch	594840	c2ecf4c90e76e415922e0857d99d71bae7955d56bc8801c278dc0e53b0c5af4c	elf
system/bin/toybox	594840	c2ecf4c90e76e415922e0857d99d71bae7955d56bc8801c278dc0e53b0c5af4c	elf
system/bin/tp_fw_upgrade	51368	14203e79e300b62dbba74ac4d2c58b8452de5c7f87602f6358d9db6da250cf3d	elf
system/bin/tpperceiver	202792	871b31927fd71bb57821f515b59cd8080546812dc1868bf09ae2dd850a2990b8	elf
system/bin/tr	594840	c2ecf4c90e76e415922e0857d99d71bae7955d56bc8801c278dc0e53b0c5af4c	elf
system/bin/traced	51232	62b9d61558b6fd38caf621bdecd29b3a861de4e7b6786040a438bcb784091160	elf
system/bin/traced_perf	464232	89d6c0c2c446b5b7dd30178f9ca2efa19ff99c151bcbf7021ea724eff2cc350d	elf
system/bin/traced_probes	51232	17c8c0101cfb025a54f5177ae4ccc8e82332d1381f818c3cf3da9508c2de5eb7	elf
system/bin/tradeinmode	150	2097ba923033628f6344bd518c6256cb91dd39f1cf3973f7b61b8a4d27c012bb	text
system/bin/trigger_perfetto	258456	0d60a93e3157d2c0998e10ab5644ab57bff91fcc7ae9bcf93f662c7bd95baca6	elf
system/bin/true	594840	c2ecf4c90e76e415922e0857d99d71bae7955d56bc8801c278dc0e53b0c5af4c	elf
system/bin/truncate	594840	c2ecf4c90e76e415922e0857d99d71bae7955d56bc8801c278dc0e53b0c5af4c	elf
system/bin/tty	594840	c2ecf4c90e76e415922e0857d99d71bae7955d56bc8801c278dc0e53b0c5af4c	elf
system/bin/tune2fs	84672	86c9612e84bd80f33e6f96c125fea2bfaa09dacfa9b14d873bd40a54b852e8d0	elf
system/bin/uclampset	594840	c2ecf4c90e76e415922e0857d99d71bae7955d56bc8801c278dc0e53b0c5af4c	elf
system/bin/ueventd	3269928	d63e614a4ca8cb544627d72a51c3e88c24371cab8e9b72925d99ba2d2ae4b028	elf
system/bin/uiautomator	4173	588f4e89975e626c1ae185c350389e4fad005b2cb9525834a42dfa7dfd548545	text
system/bin/uinput	394	775844d2a3757fe3b1b20df4af68c0c48ea82b3d0432b05253564eda4709a057	text
system/bin/ulimit	594840	c2ecf4c90e76e415922e0857d99d71bae7955d56bc8801c278dc0e53b0c5af4c	elf
system/bin/umount	594840	c2ecf4c90e76e415922e0857d99d71bae7955d56bc8801c278dc0e53b0c5af4c	elf
system/bin/uname	594840	c2ecf4c90e76e415922e0857d99d71bae7955d56bc8801c278dc0e53b0c5af4c	elf
system/bin/uncrypt	68576	649448446af4056e35ea2369ff67c19db2076cf2f1e36dc1bd2e2af95133549a	elf
system/bin/uniq	594840	c2ecf4c90e76e415922e0857d99d71bae7955d56bc8801c278dc0e53b0c5af4c	elf
system/bin/unix2dos	594840	c2ecf4c90e76e415922e0857d99d71bae7955d56bc8801c278dc0e53b0c5af4c	elf
system/bin/unlink	594840	c2ecf4c90e76e415922e0857d99d71bae7955d56bc8801c278dc0e53b0c5af4c	elf
system/bin/unshare	594840	c2ecf4c90e76e415922e0857d99d71bae7955d56bc8801c278dc0e53b0c5af4c	elf
system/bin/unzip	52352	6b9aae8d3aee1990ada50a2b597432309181cfd37c82b551d24594581fd749c7	elf
system/bin/update_engine	3146792	92544ba13b73845646677038d3ad17b961d7296abd9eca240dea6bb3682ec8a7	elf
system/bin/update_engine_client	137640	00ecfed2cae52d23494bd8dd96ff9389c93090559ccde1876eab3db6ec1ef85f	elf
system/bin/update_verifier	154096	6daa265de4afac0343bd9035816fc4e62df30d3ee842069be58c5b75abd45e7e	elf
system/bin/uptime	594840	c2ecf4c90e76e415922e0857d99d71bae7955d56bc8801c278dc0e53b0c5af4c	elf
system/bin/usbconfig	377840	a260eb2db7d4f494b5177f24d53a30f973ab3dcc38742db24154e1c7a2f6d27a	elf
system/bin/usbd	51856	66191c953b1e63a2fe8773b34bd6d755947b073d1999887873c5edd492a63027	elf
system/bin/usbmanutag	377760	515e04951991b792b3545466d11a575b1385dec37309cc4fb2e10ca57bf636b2	elf
system/bin/usleep	594840	c2ecf4c90e76e415922e0857d99d71bae7955d56bc8801c278dc0e53b0c5af4c	elf
system/bin/uudecode	594840	c2ecf4c90e76e415922e0857d99d71bae7955d56bc8801c278dc0e53b0c5af4c	elf
system/bin/uuencode	594840	c2ecf4c90e76e415922e0857d99d71bae7955d56bc8801c278dc0e53b0c5af4c	elf
system/bin/uuidgen	594840	c2ecf4c90e76e415922e0857d99d71bae7955d56bc8801c278dc0e53b0c5af4c	elf
system/bin/vdc	119944	9c5de417d0de164885cf51da4d76aa18a53171af5f49451e7e88606cd13284f0	elf
system/bin/vi	594840	c2ecf4c90e76e415922e0857d99d71bae7955d56bc8801c278dc0e53b0c5af4c	elf
system/bin/vintf	69304	1a016c0b7ecef9493ca52f10e7769ed31bcb5dbb767d1324f8f303e2a69d7ebe	elf
system/bin/virtual_camera	515872	ead69d11b159bfd17ac7e4efc1afddc717d06a4ad9546556e7b571594c605757	elf
system/bin/vmstat	594840	c2ecf4c90e76e415922e0857d99d71bae7955d56bc8801c278dc0e53b0c5af4c	elf
system/bin/vold	1090144	0bb09d0658bd64a57f0d2d1021e916f1dab4f73e623cb88f211e7437f78f522f	elf
system/bin/vold_prepare_subdirs	68984	4b96d4b243e18c5edd24dab0a8e1f0f8991a10a62e89b868828f8377b8655242	elf
system/bin/vr	169	6571ffd1fb0bb0d8174af014e8eff55a25bdf9420d493a8697545c4c4ae56a21	text
system/bin/watch	594840	c2ecf4c90e76e415922e0857d99d71bae7955d56bc8801c278dc0e53b0c5af4c	elf
system/bin/watchdogd	52040	145907ac25acd0c1c73273989ddbedc9139edae741abfbf1441366c1375344f5	elf
system/bin/wc	594840	c2ecf4c90e76e415922e0857d99d71bae7955d56bc8801c278dc0e53b0c5af4c	elf
system/bin/which	594840	c2ecf4c90e76e415922e0857d99d71bae7955d56bc8801c278dc0e53b0c5af4c	elf
system/bin/whoami	594840	c2ecf4c90e76e415922e0857d99d71bae7955d56bc8801c278dc0e53b0c5af4c	elf
system/bin/wifi_test.sh	454	efbf8c594400f116de8dd73107d8f54024ccdb7e2f492390868c8db209cd2c63	text
system/bin/wificond	475624	e3884db581c80726687d6859985e42e671441db30d2c50affbc8302fdb4c200d	elf
system/bin/wm	33	6aa95202ca1b2a691737daffc979bfd81dd497f2493cb37dc0972faf6af3fae2	text
system/bin/xargs	594840	c2ecf4c90e76e415922e0857d99d71bae7955d56bc8801c278dc0e53b0c5af4c	elf
system/bin/xml2abx	128	8111f2aa6cbe1effb0459cd4ca9f4a2d7b08aa4dec2a6db78ce35449caf05caa	text
system/bin/xxd	594840	c2ecf4c90e76e415922e0857d99d71bae7955d56bc8801c278dc0e53b0c5af4c	elf
system/bin/yes	594840	c2ecf4c90e76e415922e0857d99d71bae7955d56bc8801c278dc0e53b0c5af4c	elf
system/bin/zcat	594840	c2ecf4c90e76e415922e0857d99d71bae7955d56bc8801c278dc0e53b0c5af4c	elf
system/bin/zipinfo	52352	6b9aae8d3aee1990ada50a2b597432309181cfd37c82b551d24594581fd749c7	elf
system/bin/ziptool	52352	6b9aae8d3aee1990ada50a2b597432309181cfd37c82b551d24594581fd749c7	elf
system/bin/zperfcubeservice	51304	b6267a11e4c5ad6f964b41b487164c75eb53a0e61b30ef76e5273680f1a6eded	elf
system/bin/ztecharger	3424784	4e33ae4fe00b3a54cfa79c43683175cd431c5e56e162b723793a8a34e5b89dd9	elf
system/build.prop	12004	09a40f38b5120065372dbca91435453d5e8b3e77f95e298ab2487a4b033aa094	text
system/carrier/CustomAppsList.txt	95	f86f913e7792c4d599c1cc873513caf1f669258de3748c48dda5be12abab81fd	text
system/carrier/projects/GEN_EU/apps.txt	31	80778eb59a54970d322888965a55775b63a97bf3241275fe75e3839007d4da6e	text
system/carrier/projects/GEN_EU/prop_fixed.txt	192	8561324e6951b4ead4986e73e96bb98143fb80263be36dc60b9939eac7e13058	text
system/carrier/projects/GEN_PB_EU/apps.txt	62	1fdb9472a4e419437442d421457a1dd506fc000263e31390af1857fbec45c290	text
system/carrier/projects/GEN_PB_EU/prop_fixed.txt	588	b8ae9facaeb39313f536fa70483022d3d607f4fecda2fb70c4d00d2eb210fc00	text
system/carrier/variant_group_config.xml	194	483de40f4162bb922ada4b81556aa3c8ce3bd3ad134d908ebcdca10c8ccdfd1f	text
system/carrier/variant_level_config.txt	21	a97ee48b1cae79d9bc5827a8dc7fa12ca8e7db7f2b587503b050936501cba5d2	text
system/etc/.booking.data.aid	13	d5b4e4c425885aa047ddfe63667e1bc87ff3c1dd6be2a1d3efb2e917ebf0c82e	text
system/etc/ImComponents.xml	791	b2b1defcbdd3943d4026fb8bb286b91b3644d1f956a5bddcabf1bcd5a05f1c2f	text
system/etc/NOTICE.xml.gz	724548	743d0f39535a5ede3c0fa2e8c241ac9dc5d11c5c02ce2bbd66798fd00bae5b82	gzip
system/etc/Operator-conf.xml	23836	565bb11bf9583ca4a584c7cdab64a4988bb5805de9c3db76ad7c71141560e859	text
system/etc/PAI/PlayAutoInstallConfig-pai/PlayAutoInstallConfig-pai.apk	58070	22553b4933c5661e94fafe66349e509e34619b7f767a0454be1813b6b53b9a2f	zip/apk/jar
system/etc/ZTE2023_M_pre_install.appsflyer	246	ffb2b30e6fc2e350298ea604fc254ae2f70493f27d532c28f1f1cd2f5f91c2cb	text
system/etc/aconfig/flag.info	1742	915e67b773435ca1752432a9bdfbbd6c8369e1b816fc43935939d5a3b65da158	axml?
system/etc/aconfig/flag.map	104634	392b64cc1dd9c7e733f66d87d09be352758c588049d050ffec87bb572e1a7706	axml?
system/etc/aconfig/flag.val	1742	1fe8a6147c37d5ef5a0bf1a76c49e96046f03e04f9f9818f028927951fd010aa	axml?
system/etc/aconfig/package.map	8873	fb877c705520d34a3d3fa7cdc57975a564a69021cefdd08ff0a372275542bfe9	axml?
system/etc/aconfig_flags.pb	795360	0da869e5ec6cd3e0f0156d244293421e24f55979ffe5141f2518e5dc7a6c88ea	binary
system/etc/apns-conf.xml	869315	9c5a1bf31ea82556114db90f7121b1ae8774f060e917299883d4bfeecd74ef22	text
system/etc/app_pemission_whitelist_pv.xml	158	6027ff543831f877c187e1da52958134432a4cbdea56ddf6a75f16162e69dd51	text
system/etc/appmanager.conf	51	e75b4dec2a0610e57edb98be6a7ac9314d1ad7d6c7c14b2c38963d4d04c72f91	text
system/etc/audio_effects.xml	7544	26b54895f82ece727f871568e6099a6e890e63125e3549b1eb61e91e6f4c2c9b	text
system/etc/autolaunch_action.xml	14373	5fed5719983901805d934d0d033b42cd55b23a6435ba02e6470a33d9ca9d974d	text
system/etc/autolaunch_blacklist.xml	728	1feb93dac1e53aef1c274fca15ca980dda2ac78aebeed25dca42ec39b6f3d56f	text
system/etc/autolaunch_blacklist_abroad.xml	711	6493723920f460ffeecec38a68ff696772675b45f36a7298608dd0f218007312	text
system/etc/autolaunch_hide_open.xml	781	e4f0dadf15fa9acf4473c90447c91bae523f2e9e264a56b44872a5c457d9c4eb	text
system/etc/autolaunch_serviceblacklist.xml	2042	33c5ab4a530dfb3e49fd21b3186b3c9eab6b3210966c5da15b836924b064810e	text
system/etc/autolaunch_wakeup_blacklist.xml	226	26da8e7655a24cc156adfd5bbbe88c4d265c2f1dd42552c8e5fdd5ef98fde296	text
system/etc/autolaunch_wakeup_hide_open.xml	698	e826444000dde14a76ab159c839fad8a97f15710eeaca862a6b5a51f8010fc68	text
system/etc/autolaunch_wakeup_whitelist.xml	423	d7e88ce14f70345a687cabbc8c9f7b70fa793383fe6c5d41ce308c0a2d52e1d8	text
system/etc/autolaunch_whitelist.xml	1243	0d476e56baa316a19427dee43b9afd28c70f4dcd3b2b513543bbb9027ad7b6c1	text
system/etc/autolaunch_whitelist_abroad.xml	4036	efc172e7d1c2b5d5f08dfe1e0185b625c1f63ed73c2e8feed756ff9d0cba5d73	text
system/etc/boot-image.bprof	8309	40e164a793f5dc6042f40b7ea81e906f8d789de04e293c9bd89a369958dcda6f	binary
system/etc/boot-image.prof	72908	e7a5ab8f7a9d5d43d324c051b27fca896b40c7795a836b844e1cc60daaeae8ff	binary
system/etc/boot-image.prof.fsv_meta	8192	75df16b83afd79a6d300e1ef061d49328136419591ce67bd5525efa2884a95bb	binary
system/etc/bpf/fuseMedia.o	4808	11172dd480d2062dad6987ba611586f94114d686be0a6ce396a5d63c3d5cf60a	elf
system/etc/bpf/gpuMem.o	6264	467652369108c3fab6288c61b24d69940edd4c4ff867755bfcca229df1e842ba	elf
system/etc/bpf/gpuWork.o	9088	68b71ef4ad9a868c832578390ad74c4f38eeb8e4fc2cb6c6ee3301bb1589ca34	elf
system/etc/bpf/memevents/bpfMemEvents.o	13064	1ec0c94499ade3c0371c7ef5521dd2097c281dd344ea1548c667463f001fd3c8	elf
system/etc/bpf/timeInState.bpf	20560	e39a1dc1c71c855d971da51ad0a59f54e961bdab929cd2abc00f76554c0dc9d6	elf
system/etc/build_flags.json	103771	db8715db44b6778d0a753610f849782f72b5ead55eb3071c43cc5250d8df43c4	text
system/etc/cartoon/3d_1080_1080.dlc	5902218	bc92b84685fbee2032d5ecfacd4a88e48c0e12de98fa41b8bec16ce0af65d0da	zip/apk/jar
system/etc/cartoon/anime_1080_1080.dlc	5902222	be07576812074e7d48247904fad6caf9ab9de6fb536e53618048aad7210d600c	zip/apk/jar
system/etc/cartoon/ashen_1080_1080.dlc	5902222	c6b7aa4aa58efe3eb453e23edb0ed9572970bb118965ddf896167299bbfc0689	zip/apk/jar
system/etc/cartoon/cartoon_ashen_android.ptl	15349464	e79e88aa610ec6c4434800060d123a7399aa9b7d7580873420fe47d3529659fc	zip/apk/jar
system/etc/cartoon/cartoonize_DCT-Net_tf2_4.tflite	6148584	3e474a054eb2a748572e9e72d00d21361dc0b15c7ee51354fe502a2a0200be98	binary
system/etc/cartoon/cartoonize_DCT-Net_tf2_4_anime.tflite	6148444	bdc3d792077d4d17d2a0937620cb0829e2f3e0be091c511471e276441a149b5f	binary
system/etc/cgroups.json	804	ab2ed667ff45958843fb0c6ee953a5512def0ae87470c4358aa9576a6a4b2e22	text
system/etc/classpaths/bootclasspath.pb	2070	495df4573d2d28aaa44565ce3515ff49b40202fc32fc9ae70dca479f1005e7d7	text
system/etc/classpaths/bootclasspath.pb.fsv_meta	268	6b6a91e39de483e1dda31a0ee50aadb7b1ec9229af22f2c3a698b67d2c25c9d0	binary
system/etc/classpaths/systemserverclasspath.pb	93	4c93144d7ee0d12a19dd9ffbdebe5a4cd9e816ccf401225b8ad378a91dddc494	text
system/etc/classpaths/systemserverclasspath.pb.fsv_meta	268	062d31f27c52f4d26690b5d0c4f2224f3824620afd1be0c244bf087e759aee94	binary
system/etc/compatconfig/SystemUI-core-compat-config.xml	49	d92339fad7335a72cf968f2f835aa179abcfef70895e44ec23e2dad553dfdcf3	text
system/etc/compatconfig/TeleService-platform-compat-config.xml	657	fc6833929b02527717fc7f26de5a2e2a8d8f6ecd254c8abfd4772912ca09656d	text
system/etc/compatconfig/calendar-provider-compat-config.xml	140	c4b959378228b3259ae2ba4e7c2e680f18f6713800433e739dcf5332efde81d1	text
system/etc/compatconfig/contacts-provider-platform-compat-config.xml	160	c19af86d45c46de022efd00cb042a48a9f2be07ebb3f3b7e03480c71af8fdb8a	text
system/etc/compatconfig/documents-ui-compat-config.xml	155	953836fc1af65267e93efe8d7b4d3a2362979f13762aeb42c2f6a9b23917f644	text
system/etc/compatconfig/framework-location-compat-config.xml	811	139c375eb21da44b0f7a088027796271c02e6080af489f581aad5b0cbd5e2d41	text
system/etc/compatconfig/framework-ondeviceintelligence-platform-compat-config.xml	49	d92339fad7335a72cf968f2f835aa179abcfef70895e44ec23e2dad553dfdcf3	text
system/etc/compatconfig/framework-platform-compat-config.xml	17245	93c493c341478e6903b541dedc7b43650d320728607e4a8671ed17ff799a3eef	text
system/etc/compatconfig/icu4j-platform-compat-config.xml	151	367f401f36560c9e6420bb4091e5de58451f338f5bcca9f3a925749b3a5fac10	text
system/etc/compatconfig/services-platform-compat-config.xml	11543	cbd61c73bb065bc1ca354cbbc0fe12368b8d7e76b00cca93030e7ec9755feb14	text
system/etc/composition/yolov4_1_3_416_416_static.onnx	25175996	a790174894867b0a354c321e07b2a1f1284bd962b0c4fcdfa94327e838c50c8d	binary
system/etc/core.protolog.pb	87220	a628c40c995dfc3c68719722a3a382795c65e014833134de15309d7d3a0d6b85	binary
system/etc/cosmos_resource/StarProNew/Astral/xingmang_0.jpg	4783	9efc06a9d149bbe4bcd505d11de3ee231c624805ccca228edcab139d170398f3	binary
system/etc/cosmos_resource/StarProNew/Astral/xingmang_b.jpg	7030	baed138fa96e456f17f851dbd6e038f42b6af7f1140aa5a609090ea797801d01	binary
system/etc/cosmos_resource/StarProNew/Astral/xingmang_mask.png	9875	d9b44b05cc59bf368e38fc0f3631552aa4022a4b603d7ddb964e2983e545a962	binary
system/etc/cosmos_resource/StarProNew/Astral/xingmang_r.jpg	7352	b704beef2de0c3f79d178fbe28abd3b70b3639161bb905279c0b52f5a26309f6	binary
system/etc/cosmos_resource/StarProNew/Astral/xingmang_y.jpg	6671	93d640d0cac4dadccd963da5b890d729e541be6dc50060851cf4bace87a08f6b	binary
system/etc/cosmos_resource/StarProNew/soft/b_150.jpg	17947	54492f5373b65ce36586c3edf2f71e965f7d82e733ce8cb3e06212a9bb287138	binary
system/etc/cosmos_resource/StarProNew/soft/color_150.png	6089	39b63686d59c158657f9854ef97668ecfbcd853c4e6777dc246b681979579bec	binary
system/etc/cosmos_resource/StarProNew/soft/nocolor_100.jpg	14584	f3c7041cdda0bd1f27fa2626e7b76512fe3f40d714d0b4e9082646945d588bbc	binary
system/etc/cosmos_resource/StarProNew/soft/nocolor_100.png	3280	60ad540c9d38a7fbc3eabbc5181b56fafc1baacddc44df814e95c397c1d808aa	binary
system/etc/cosmos_resource/StarProNew/soft/r_150.jpg	18060	42f0c941360521f68db90911ddf8d1aef62e4c66382f7950823626b5435e70a5	binary
system/etc/cosmos_resource/StarProNew/soft/y_150.jpg	16901	a386596052e31a499f4305abae0af6969ae887f22dd0d27524e9e383b751b322	binary
system/etc/cosmos_resource/StarProNew/yuan/0.jpg	719	0d63de1ce39b263cf804918f0f903da5b63edaa5812d279a7755def43e45f887	binary
system/etc/cosmos_resource/StarProNew/yuan/0.png	893	78f007ebad27688b7891171f9619790e83dd1cee5a9127242d9c4dd122936b1e	binary
system/etc/cosmos_resource/StarProNew/yuan/1.jpg	696	93b773a84b1db687a60874241362356b9b496ea1624dac8cce0d36c3dca6d18b	binary
system/etc/cosmos_resource/StarProNew/yuan/1.png	827	613105fb684f4aebcb61515ca466bb21bc4d58ac367718696cd1a24755d80d3c	binary
system/etc/cosmos_resource/StarProNew/yuan/10.jpg	652	3cd51be150548b8a7d63fae2b5f16d1bf15a4645b16d14798a49090ad80b26df	binary
system/etc/cosmos_resource/StarProNew/yuan/10.png	280	1b6a70ae6ed14e1cfe7eea4114fd635f0c2b260aa64c5c161ea19883c2074e6c	binary
system/etc/cosmos_resource/StarProNew/yuan/11.jpg	652	eabfa80879379dd58ce1db29bfec8257414310563119d8e25d9f751bf466883d	binary
system/etc/cosmos_resource/StarProNew/yuan/11.png	245	64a8e6b677730082169d87ef1a81cf382f2c8ac330bed63be2af728770f6cc23	binary
system/etc/cosmos_resource/StarProNew/yuan/12.jpg	640	32eaa3f28f8fdeb9e0bb6397e92a4a8305bb452ef0c6d424607b88e3441e7ff9	binary
system/etc/cosmos_resource/StarProNew/yuan/12.png	190	1a8e2dce83d06105eb76f92c1b5a033659df9dac55f93cdc72fff1cb6cabaf1c	binary
system/etc/cosmos_resource/StarProNew/yuan/2.jpg	690	e31c059ce4ef88166cd99cc7ad25eddcc13051be342b460b3810eccfa6151622	binary
system/etc/cosmos_resource/StarProNew/yuan/2.png	753	5ddb44bb557a259cd1220cdb0d9c3c600be8bb199a524948a3d7bb7a06e18243	binary
system/etc/cosmos_resource/StarProNew/yuan/3.jpg	687	6c6b08555257674f72dfd04fba94e62b9288ccca75f9bda364bc333dd78945ee	binary
system/etc/cosmos_resource/StarProNew/yuan/3.png	685	933284b283b25e8477e279a441985d25f709b150849be0989cd99e6da7f3d8d2	binary
system/etc/cosmos_resource/StarProNew/yuan/4.jpg	685	1ee67f7fe53082ee5392a0278c1583338d11058ec712dac3ad8ed975ed6033fa	binary
system/etc/cosmos_resource/StarProNew/yuan/4.png	619	ca472e1b3dfa154093fd948b1912a2e613951e4f30c79150d2130f1e560924da	binary
system/etc/cosmos_resource/StarProNew/yuan/5.jpg	682	27a07b86bb3e399e4a3824307c4b2381bfa0b3f11eada368b161d9eecb4988d4	binary
system/etc/cosmos_resource/StarProNew/yuan/5.png	560	ea40a8fa6c2078ac03be7f5d33e86ca2cd4123c4f0d2709eac5d773476be6f21	binary
system/etc/cosmos_resource/StarProNew/yuan/6.jpg	663	417af3aeca8bd5fe450ab2eee445940626ed47ca9050582020d36a1c23d40d32	binary
system/etc/cosmos_resource/StarProNew/yuan/6.png	490	83315aab8a7089d739442f2c0a37b8d83e94498fa32419209ee731c29744f6fb	binary
system/etc/cosmos_resource/StarProNew/yuan/7.jpg	656	1751913e8017ac52b536ff913e613b7478dc2fd2c047cae52772ca24a50f8a62	binary
system/etc/cosmos_resource/StarProNew/yuan/7.png	444	66ac8a5add78c3326d6a7edf73719f254547cc73989d4b11d76d407267f6d696	binary
system/etc/cosmos_resource/StarProNew/yuan/8.jpg	654	251430cd451384cdf7a55ab6e802c9eb6373c22c98a22595805c1f994053c9cc	binary
system/etc/cosmos_resource/StarProNew/yuan/8.png	380	d5f3ee3f14f03faaf7b5501e38b7511db559518a4197e1039db434dceb142b67	binary
system/etc/cosmos_resource/StarProNew/yuan/9.jpg	655	c0bc560e17a41edc48aa5b51542429154c38f7224cf40b9417b26cacc26de4f7	binary
system/etc/cosmos_resource/StarProNew/yuan/9.png	331	75ef048362b3289560daf91982fec6188ccbc49ab5376d440eb82ef77b7d8c70	binary
system/etc/cosmos_resource/StarTraceTail00.png	3497	1f773e585eb09b5fd917b08eb40af09feee41d0569092eda8f8c713eb2812b68	binary
system/etc/cosmos_resource/StarTraceTail01.png	3813	0f47bea4533dc8b0bbf0620fd6b26192e2bfed39f29f60e5efe5a62ede863bf1	binary
system/etc/cosmos_resource/StarTraceTail02.png	3963	93cfaff26bb5364afde30f4b977ab10ef3fd91ac59c1913cf9c514440d718ea3	binary
system/etc/cosmos_resource/consTable.txt	28817	6a5262c7f960e30a1b820400a8794d092998a6b6826799cc5989f4af8a9bba5f	text
system/etc/cosmos_resource/sky_landscape.jpg	60725	c027091dbf0e6e3846dce7d6bf68bf7f7bc48d9ee6ddbf8edd430c2479edb473	binary
system/etc/cosmos_resource/sky_landscape_mask.jpg	24453	b30d2b251f20cfc5586cbea563d050a23211498e8ad4f4dd8b9a1145da21456a	binary
system/etc/cosmos_resource/sky_portrait.jpg	61160	3c299006be7f00022ceeb8862ecd239ed2cf72179a4d540401d9d9f23aaa32c0	binary
system/etc/cosmos_resource/sky_portrait_mask.jpg	23198	82a356fa01211c2483d0f35db51633a52c2a603b68aa9490817e859cf705d50b	binary
system/etc/custom_config/app/systemUI/GEN_PB_EU/lockscreen_wallpaper.jpg	854259	1d6a468d136ec943a58b68e0c117b6d96811e80e84713237cdced52b8b9e53b2	binary
system/etc/custom_config/app/systemUI/aod/aod_bumblebee1.webp	193196	82eb0fdfdc6c4e6308dbab27df2c070484a51f3c0386597a3fd5390dfd4b40c6	binary
system/etc/custom_config/app/systemUI/aod/aod_bumblebee2.webp	177396	e40d575f5c2a5ad00a20a86511529e296cd7cbbeb688916bde46424793f86791	binary
system/etc/custom_config/app/systemUI/aod/aod_bumblebee3.webp	224028	21648ba7c3f2150b74657bbc34fe7214ba3a6bb94a0777bd7a04338d2ce16424	binary
system/etc/custom_config/app/systemUI/aod/aod_bumblebee4.webp	229650	55fd5dab4ab1630ad40c3282c576aba9e59aa3ce1da5109d77d457f67378fe80	binary
system/etc/custom_config/app/systemUI/aod/aod_bumblebee5.webp	162020	4b89c28a545fc179b4b2143421429563148c521e7a3acd9b5dc1a41a197a3db1	binary
system/etc/custom_config/app/systemUI/aod/aod_bumblebee6.webp	108026	596b93a4715d57ede04320b58efd695d0565d0fefce7013ee12f80d08927e9ec	binary
system/etc/custom_config/app/systemUI/aod/aod_bumblebee7.webp	93382	a66150f0f2fc2661068063815b00a4e7678ad7bb63c8f4ac8272ef77c5d140cc	binary
system/etc/custom_config/app/systemUI/aod/aod_bumblebee8.webp	89382	bbf3df48b732e46cc8ebe5f9189a018cca4545775aef94745127c5428c5a9bea	binary
system/etc/custom_config/app/systemUI/aod/aod_bumblebee9.webp	127606	71c80293a0b24ef5e61656e4250747dbb8565c56792ef026043c17086f851b90	binary
system/etc/custom_config/app/systemUI/aod/aod_cool_runner_beijing.webp	9800	602466981c255e4389b2ebb98cd3e1aa4c69d4a80db089d92e1e694cbc5a88bc	binary
system/etc/custom_config/app/systemUI/aod/aod_cool_runner_hangzhou.webp	15204	2fab0e56a463979165cf1c55944e54f9acd2da01eb29559c0f2527e09c9c87b3	binary
system/etc/custom_config/app/systemUI/aod/aod_cool_runner_nopath.webp	47712	bdd511a748075efd83ea120662f355c80a51ef395d7da1968def73502939d9db	binary
system/etc/custom_config/app/systemUI/aod/aod_cool_runner_qinghai.webp	13558	acade43640a102d281df6e473d53d38b50df4cda33d34d3c3060a89bc898c1d6	binary
system/etc/custom_config/app/systemUI/aod/aod_cool_runner_shanghai.webp	11366	f983993c3fadf7910fb2b0a3cf68ee97f5e78bcb1c611b645ad03acdb90ee604	binary
system/etc/custom_config/app/systemUI/aod/aod_preview_mokee_lattice_green.webp	23290	8d98b67b86e4f274dc8a4d202cf650d43703a1a5209045197caead038b00a631	binary
system/etc/custom_config/app/systemUI/aod/aod_preview_mokee_lattice_red.webp	29968	744504626b0d7555f637e64e17d4e344d8205f18a70cd9bc3e36067aa805b66d	binary
system/etc/custom_config/app/systemUI/aod/artword_9_bg.webp	62552	e0d8938ede3164064e4b91f24ae1708ce505b54bbdd857f26df7b36b5f1c6323	binary
system/etc/custom_config/app/systemUI/aod/artword_horizen_bg.webp	15896	48b52e90dca4dbf98f1288b2d7a56a1a3ea36a0de164c26a881798d434fced78	binary
system/etc/custom_config/app/systemUI/aod/birthday_end.webp	38080	987df4379741d7594b1771e7b8afb34a84906ac55df0d9190487f4c834917075	binary
system/etc/custom_config/app/systemUI/aod/birthday_timing.webp	25826	6fe928024014ded2ec5d90a8afefa22b1ce0aeb58113f5c8e1bff091c0e7ec69	binary
system/etc/custom_config/app/systemUI/aod/climber.webp	30942	1162369691baddaaebd1563a298226d4cff398d4503cd251dc089a241ba261cf	binary
system/etc/custom_config/app/systemUI/aod/clock_mask_1.webp	47296	5a07a55c990db7ebed4a05f0a8d74c48e767b5f943a6b5b3b0381d4cfa1f94e5	binary
system/etc/custom_config/app/systemUI/aod/clock_mask_10.webp	63858	e27c305eba4dace0115f07c67b065b41642ec647d641c513277d36d9ce11fabb	binary
system/etc/custom_config/app/systemUI/aod/clock_mask_11.webp	98166	181672d78a660d6f955667f266ee5e0e76aaf501d65a1361b9f03b2395e7ceee	binary
system/etc/custom_config/app/systemUI/aod/clock_mask_12.webp	45996	2d6f0295e0bf53f01e770a9d1a0c54d0c80f86898882d179dd00520d142fe88c	binary
system/etc/custom_config/app/systemUI/aod/clock_mask_13.webp	284328	8a4ea72e8fe014549f0af4e5ee3bd7378d68dd84105a91953be1d120b4f179da	binary
system/etc/custom_config/app/systemUI/aod/clock_mask_14.webp	235594	4f532f8aef77538ed28a302f040e87f37a1749bb4942a0a6e350c62309cb3b26	binary
system/etc/custom_config/app/systemUI/aod/clock_mask_2.webp	105860	3c9b4be45e38e2acca4525797f79195cf51355400bc69340c127979a468e2e15	binary
system/etc/custom_config/app/systemUI/aod/clock_mask_3.webp	45290	c09065e843e3154e4b348cc80d86c7aca81b21bd568ab1965a19f72d3ce89980	binary
system/etc/custom_config/app/systemUI/aod/clock_mask_4.webp	32668	1d8d8ce1c0d71ab86f84552d10a8f2a9e4ca3be0cc6ed507794841bddcde4737	binary
system/etc/custom_config/app/systemUI/aod/clock_mask_5.webp	38368	47a495d0f2cfe2730c0e2d219390415ffabe9e09f7ce52b77d78a44f50aa56ab	binary
system/etc/custom_config/app/systemUI/aod/clock_mask_6.webp	23936	b78e2d894b2df70499dd09104ed3ea47ccaa63111eba7be3c1f4520c8cec405f	binary
system/etc/custom_config/app/systemUI/aod/clock_mask_7.webp	19298	5c134b4f6f428873c69c5080369275bcf287aea9301f2fcbc21136a56227c894	binary
system/etc/custom_config/app/systemUI/aod/clock_mask_8.webp	113514	a11a466fd5cebe611465fb561e69ce0d6f657c4f9f7f61eeeabfbaf7561070a1	binary
system/etc/custom_config/app/systemUI/aod/clock_mask_9.webp	74176	2dd488690fb0b9d9a908352b2ab0fffc0e4dde553e13ed88d8743cbd062ad356	binary
system/etc/custom_config/app/systemUI/aod/dial1.webp	23504	2d608a371b523270b43cd6642c0c9cb3a252f2bb3fbe20712c2ad5732605554d	binary
system/etc/custom_config/app/systemUI/aod/dial10.webp	55008	621f54a310f5dcd07caf7e9cd2f41938dda0f0a92df9669aa1655cada1ac913b	binary
system/etc/custom_config/app/systemUI/aod/dial11.webp	19138	63f7861e2b0a9b63f821fbb265a27048a59625fbcbe74a5e314b6852d6e2c9c0	binary
system/etc/custom_config/app/systemUI/aod/dial12.webp	165094	bd825cceebae1f9e7be38c18187834c5d7e065c481bb531fb1c5abc11d6f5094	binary
system/etc/custom_config/app/systemUI/aod/dial2.webp	77252	fe0e9e09f57d58de2373dd6e44d06162f83889e7b13a985cbcb77fe65aa88016	binary
system/etc/custom_config/app/systemUI/aod/dial3.webp	36522	684107b665c4537e360eec01119379b960a2a9e9a5b299388f6ea6f8011b9e57	binary
system/etc/custom_config/app/systemUI/aod/dial4.webp	17524	2409848622748311e5dae0aec390bed354f74f82b330f2883e614e970c91eb88	binary
system/etc/custom_config/app/systemUI/aod/dial5.webp	46376	d276e1e8503788a568691bb26487730cdd298d40b42dd5ae456bec2f829c9b74	binary
system/etc/custom_config/app/systemUI/aod/dial6.webp	54250	8f682690abb7450e452e91a93366ebf2ce108a5e24e1922e23c9484d955f88e4	binary
system/etc/custom_config/app/systemUI/aod/dial7.webp	50382	d87c7aecc45790a44fbeaa426eec56927f136066d5ee66ebc5fe1b664bdbd592	binary
system/etc/custom_config/app/systemUI/aod/dial8.webp	45842	1acc29f63b3cd324d1751052a3c2f6ecd61d6c3943bd75068f295ec043c45857	binary
system/etc/custom_config/app/systemUI/aod/dial9.webp	115036	a44114abdb50fbb421a4182fecf3b06ce352cd54bc9bb301caed35623eefa1d8	binary
system/etc/custom_config/app/systemUI/aod/eat_end.webp	75438	68ed92ef01571fda26cae04338eb0f53785030f1c510604bdadd7e3cb14beb74	binary
system/etc/custom_config/app/systemUI/aod/eat_timing.webp	13370	8ac8112f23c5203e9f3f52b3b06b23ad2b99fdf56a0a5d131c907280055a3608	binary
system/etc/custom_config/app/systemUI/aod/exam_end.webp	39358	62e9963eb071508ad6d1f76e7674dcfeeceb609716d6abcff5cb8178552f5074	binary
system/etc/custom_config/app/systemUI/aod/exam_timing.gif	190401	d863fed0311d09f8a113a24e60e006174e9bbe0ae8d4d3bc875e35a7182e8f16	binary
system/etc/custom_config/app/systemUI/aod/fish_boy.webp	14374	1e6e9c3d64d3bbbbf84fce9ff7584b6df69d54d077330509c1c24cbbe6210a80	binary
system/etc/custom_config/app/systemUI/aod/fish_father.webp	18704	e69c403d43657a98adfac775261af83dd304d635cb9013c285873e97ce44caf6	binary
system/etc/custom_config/app/systemUI/aod/fish_king.webp	18212	de35cb134748f5811b2b9e7c51af6d7f03a1a7ab570562fc6495a5584be21be0	binary
system/etc/custom_config/app/systemUI/aod/friday_is.webp	17066	e8c2d944c6b8e8409113467d9a98cbcebfc02d858965f68430ce66e5ec4f5d99	binary
system/etc/custom_config/app/systemUI/aod/friday_not.webp	18606	244772e1238a100c86d7c2876fc3f51ff6176cc0ddf43f81377eca3e34994244	binary
system/etc/custom_config/app/systemUI/aod/heart.webp	5616	71f86b5849f0756b8dc494a68d406ec95a288d78d857daeed205c29e6c8292af	binary
system/etc/custom_config/app/systemUI/aod/img_aod_earth.webp	83594	a91bd803ed626482a38b7f3c9d54905485824b3ab1c38fd2a4f3c5ed5a0305b6	binary
system/etc/custom_config/app/systemUI/aod/img_aod_jupiter.webp	88766	a7b55c231082d50d3cfaea4ce5e0ca367831fd42be8706e70cd96fc91a230019	binary
system/etc/custom_config/app/systemUI/aod/img_aod_mars.webp	79758	fd88fa5b65c87caeda62fea9f5c499155ff11a32abe6c41ff97f7cc22c9e95f7	binary
system/etc/custom_config/app/systemUI/aod/img_aod_mercury.webp	124248	1ad9ccc2b3b183a1b435c37cf806b86639291796f8448a04fdd778cccd15f929	binary
system/etc/custom_config/app/systemUI/aod/img_aod_neptune.webp	53168	a9fb93e0276911a3745664d17b5e85ff70c9a1a6100f0b3c274bedd085765ce2	binary
system/etc/custom_config/app/systemUI/aod/img_aod_saturn.webp	42580	664d51ced88baa06d29c801b713765db0fa931c92b39413d30b7febafabaceee	binary
system/etc/custom_config/app/systemUI/aod/img_aod_uranus.webp	37058	6122e7c4809df972349a6509e83fc39791e7a4f6fc99e20c65d8c63ecad32127	binary
system/etc/custom_config/app/systemUI/aod/img_aod_venus.webp	150226	4894e9fb931c4e0424cea56cef5d9b37ffdac8df79664cb42d99d8a7024f4cae	binary
system/etc/custom_config/app/systemUI/aod/love_day.webp	35546	f5e3b3169b9e7e43b5bc4daee268a8e5a9bc881c2bcab6db738fff1696b33399	binary
system/etc/custom_config/app/systemUI/aod/love_whole.webp	33768	1176661b7cb1008a5dc862241d0e14989ef06c768aa7145e09cfdb062803f0b5	binary
system/etc/custom_config/app/systemUI/aod/nubia_a_clock_dial_0.webp	68248	a3b07986b2677d72230a41811b494263bbe892e381c5e105b7a44c7742d017ba	binary
system/etc/custom_config/app/systemUI/aod/nubia_a_clock_dial_1.webp	54926	0e1d4f6bef9d8c081e7b6e1d3eb0bd074d66d504890a9954f24e4526efc6e96e	binary
system/etc/custom_config/app/systemUI/aod/nubia_a_clock_dial_2.webp	17432	aaea28eb70e37e3745429e9bb912296f4c3e17e9553b9752c5cb31acdd65dca4	binary
system/etc/custom_config/app/systemUI/aod/nubia_a_clock_dial_3.webp	36528	db29ba257966a2bb025095825eaeb18fe9707e3f1d4baea0effda25369d1d8dc	binary
system/etc/custom_config/app/systemUI/aod/nubia_a_clock_dial_4.webp	41700	10cd4ab4e440128a7eb4b2c7d713f1d255c039a1e1df33c252280ff1f0ed38d4	binary
system/etc/custom_config/app/systemUI/aod/nubia_a_clock_dial_5.webp	56946	ea2a7e634945c19ea0120fe216b352a6f6782a1606359b18dd034dd10fe6251e	binary
system/etc/custom_config/app/systemUI/aod/nubia_a_clock_dial_6.webp	131856	57408c875ced02c4e33223318524343f78ac340d25272fbb187189ae4879bc80	binary
system/etc/custom_config/app/systemUI/aod/nubia_a_clock_dial_7.webp	33418	f714898f2619122b37ec494e32531c5dc7e4b15498295e37292a5b5ba41afff5	binary
system/etc/custom_config/app/systemUI/aod/nubia_a_clock_dial_8.webp	101390	499ef28c01f8ec0a152f456b34b8f052e9ff531aeea11122eb72fb0d8f163a10	binary
system/etc/custom_config/app/systemUI/aod/nubia_clock_mask_1.webp	19008	01e5fac39a7bed506171c7b4418fd89d81cc4c29fc3b109d1eb1ac0ed3b3cd8d	binary
system/etc/custom_config/app/systemUI/aod/nubia_clock_mask_2.webp	22136	cbcee544fe48d7d38eb7d1010d3ac317d7d027b3eafd6be5ab96ff0debfe88ef	binary
system/etc/custom_config/app/systemUI/aod/nubia_clock_mask_3.webp	15692	c20b72c4a20d45bb0ac3b9c6277ede7d00ad009ce08b36d5468e2900096d2712	binary
system/etc/custom_config/app/systemUI/aod/nubia_dial1.webp	29178	b241da9937668514c8c6c38ba6473d26000b99b8aa4d64a26b7865660620fb52	binary
system/etc/custom_config/app/systemUI/aod/nubia_dial2.webp	37694	9913e1725b28f38a54be1b1626fa57ec3c4ca1830d279c97fc5eaadade63ff93	binary
system/etc/custom_config/app/systemUI/aod/nubia_dial3.webp	35120	c34e00cce8aa33dd401fb215ed71e1fd00372cfc99d019a37571a34fc4a775f7	binary
system/etc/custom_config/app/systemUI/aod/traverler_world.webp	149888	ac9f2019a83ed8a1798d67752d36003060dac3d959edb88bfba25bda42712eb6	binary
system/etc/custom_config/app/systemUI/aod/vertu_aod_1.webp	24246	96ddc629b13129df5c280f696d295ac987965758b43077236771ea493195848e	binary
system/etc/custom_config/app/systemUI/aod/vertu_aod_2.webp	32150	6342ed8423ef30baa8299940fffaa53921d1f51bb2d9b388c73791df222a3640	binary
system/etc/custom_config/app/systemUI/aod/vertu_aod_3.webp	87082	8df96979cda75a9c21fd1fe4834ec7cd60081d166e5cd609ff277765bdded7b0	binary
system/etc/custom_config/app/systemUI/aod/work_timing.gif	78119	15a62acdced185090def667a73b61bd7a36109fd0036c021a968a274233a3c2e	binary
system/etc/custom_config/app/systemUI/config.xml	226	9ba3b4459ca5e1f2ee3250b39fbb986ff58b20368a8b4301ecdc266e0d3155a9	text
system/etc/custom_config/app/systemUI/effects/effects_basic_1.png	486	e8446c5b399860c80dab8fd9f92383ab830f8acf18e975bfe7fd73e21b7acb5d	binary
system/etc/custom_config/app/systemUI/effects/effects_basic_10.png	176918	860f827cff8179d5539bd814e10ef5465f3899706ad97901775a9fd8f08ba9d3	binary
system/etc/custom_config/app/systemUI/effects/effects_basic_11.png	203331	292ce90093e63c1a8bcddc88630bfa8d6228c365aa64d4b7d47d54859752ac11	binary
system/etc/custom_config/app/systemUI/effects/effects_basic_12.png	211979	2303b661b47af85dea80182346705073afeff3d2265cf251c4f855df776d080d	binary
system/etc/custom_config/app/systemUI/effects/effects_basic_13.png	218251	08680205f57cedec9cbf6f015f73f289effebab8ec09e7a74dd2ba5bd0c4f8d8	binary
system/etc/custom_config/app/systemUI/effects/effects_basic_14.png	212267	f387c449e5c04711eadd7df2125a99afaf9adcb1bf95c6a2fecf68b5ac8d4472	binary
system/etc/custom_config/app/systemUI/effects/effects_basic_15.png	201204	668bebc23bc24c1d4a34505c033cd3e1806949785b8f7389c659c2a48c6c4cea	binary
system/etc/custom_config/app/systemUI/effects/effects_basic_16.png	217772	1ccb3b909dd07bb66f35e187e31f75893779dcf73f5d1f969ab67ceb53e4dca8	binary
system/etc/custom_config/app/systemUI/effects/effects_basic_17.png	197562	37566d95ec59d2c70f66ca08d706a78b3bdfd7c4c5479ed768eda1496718ff6d	binary
system/etc/custom_config/app/systemUI/effects/effects_basic_18.png	176163	004adf599ba81078916c0c91ec446c8a33570a938adaca3063ffe899cf3f1c77	binary
system/etc/custom_config/app/systemUI/effects/effects_basic_19.png	165850	73f8180bb54b7d6ec77cb6b7e60a3af724ce9d8e4ff2d2ff635dc2bc81544c6b	binary
system/etc/custom_config/app/systemUI/effects/effects_basic_2.png	29385	5242725fdca88c54256afb7570209c140e4c05e7770c2b36bb1c4cb12b50b204	binary
system/etc/custom_config/app/systemUI/effects/effects_basic_20.png	157560	016d979f4d56b08f799415fb40a27f8673d4cb4e31e7c04776733f927a74343b	binary
system/etc/custom_config/app/systemUI/effects/effects_basic_21.png	161033	9b400fa317da9e90d230739a5e0558efc09d23a26932c4b3e6cbc4890c91c355	binary
system/etc/custom_config/app/systemUI/effects/effects_basic_22.png	166234	ebda3ddee95473833dbf8fcef166e37d377a39c9ca19df1f23b65b2f2099888c	binary
system/etc/custom_config/app/systemUI/effects/effects_basic_23.png	166060	308268886ff50a425fefcb5ef7a33da7b03788b12dc2792669647dd57368f8ba	binary
system/etc/custom_config/app/systemUI/effects/effects_basic_24.png	147583	f4e28fb392d1a4eee94da2888000b00e62ca8cf5631a1132d1576335167795ef	binary
system/etc/custom_config/app/systemUI/effects/effects_basic_25.png	159773	acef029d65b908e981326bedeb4d9c6aa289772dbde8d5c9dc637cf93804a67a	binary
system/etc/custom_config/app/systemUI/effects/effects_basic_26.png	144816	06bb156cc84197634152e51fd3154e4e4cded7916f4c6f82e0075556b6208ace	binary
system/etc/custom_config/app/systemUI/effects/effects_basic_27.png	148474	376c961ca55fd0be5e00745cd19c4f2668f341d31d0bb5bc095b7fb356cc02db	binary
system/etc/custom_config/app/systemUI/effects/effects_basic_28.png	138350	aa3e0a2d7f15331a439693dd1ff430fde5dea5b19dc1c7fa2ada12ba7ae1194f	binary
system/etc/custom_config/app/systemUI/effects/effects_basic_29.png	125306	8b82d64305cb9d5bb9ed66359e144a6b71955d90279debed515e94d31a046ec0	binary
system/etc/custom_config/app/systemUI/effects/effects_basic_3.png	52456	998295bd7be145244ced3a51e5ad87d306d1e16c55a0ee855ce9c71cc5e0a55a	binary
system/etc/custom_config/app/systemUI/effects/effects_basic_30.png	116502	b1895f708e0443e04c231ea5d2a66ba47e744152c3de4b3593afbb80a0746c61	binary
system/etc/custom_config/app/systemUI/effects/effects_basic_31.png	138465	c1dfe28a96c94a122ba2ccb860216b8dba340b3ccf9e8b1cf19ec7504e5dcfd8	binary
system/etc/custom_config/app/systemUI/effects/effects_basic_32.png	121998	c7f572f3a0f64416ea566cf01cb474191153bbdc529b1601e869ff3f7ec43d09	binary
system/etc/custom_config/app/systemUI/effects/effects_basic_33.png	142296	3fd41eb92402690c29d541c1d6dcc8452751c5ce78cfaa54aa87aaa8a4796bfa	binary
system/etc/custom_config/app/systemUI/effects/effects_basic_34.png	136038	129134d963a813ca55f6a1e01a34b5e1ffcce34dbb22ac8b05d0efe94cb92aa5	binary
system/etc/custom_config/app/systemUI/effects/effects_basic_35.png	135425	eb5c9546be96806a3271466657be6ef51b51a72b5f28e06094f6f5e847309842	binary
system/etc/custom_config/app/systemUI/effects/effects_basic_36.png	81920	b73d88c9730b0257dfacc7f1a60ececb59804e13df19028ae9742054447ec119	binary
system/etc/custom_config/app/systemUI/effects/effects_basic_37.png	77190	bc3c0eea6983609505f20bc85ab6f5ff22b8bfb345e5eefb8eb9b5956a64159b	binary
system/etc/custom_config/app/systemUI/effects/effects_basic_38.png	46850	29274cc65481deec696f2cb0f6ffc19194b1f84da9e9f4ea1744a8c8acaa4124	binary
system/etc/custom_config/app/systemUI/effects/effects_basic_39.png	40603	cd85f6f1ccef3b267eee7c97bc5f01c80b90eaab12db9b54d6bce6875f03ef18	binary
system/etc/custom_config/app/systemUI/effects/effects_basic_4.png	72296	f65e215d2c81d758cce078cd51b34579f2b989f74d8bff3a9e659044b71c92ef	binary
system/etc/custom_config/app/systemUI/effects/effects_basic_40.png	37516	b9ddeea9b1c18ff90c6ba39756d3588b07271066ab388328fe7621cff9019593	binary
system/etc/custom_config/app/systemUI/effects/effects_basic_41.png	29718	fa98063abcd08b694029015853f247accf9d60bfcb70cf366cac7fe1a9f491b2	binary
system/etc/custom_config/app/systemUI/effects/effects_basic_42.png	26281	f7f9d9023757689fb83addea1ca19642ad601475c830fc43049911ce2b4de23a	binary
system/etc/custom_config/app/systemUI/effects/effects_basic_43.png	19751	96906dbe04f38e824998cb4a938fe69d0cab5279b93d06e068749a95ddd7f4a1	binary
system/etc/custom_config/app/systemUI/effects/effects_basic_44.png	19483	168f46ba266cfeaf1d320547e0f0de7fd4cc325fc62b292a83ebbf9e8f5d6f15	binary
system/etc/custom_config/app/systemUI/effects/effects_basic_45.png	16834	ff265300ae4598ea89f952f50c590d52afcfca3307e54f5188e76b5d4134be7b	binary
system/etc/custom_config/app/systemUI/effects/effects_basic_46.png	16388	86fdf2404239dc608781677cdc9ca02dccd5e18e0f082e42e535f94d2df4962d	binary
system/etc/custom_config/app/systemUI/effects/effects_basic_47.png	10642	4eac11693cc7ce2971a9474cdcf85d7e781de4ef861d50f7e2db9886466c6cdc	binary
system/etc/custom_config/app/systemUI/effects/effects_basic_48.png	12304	f25bed84fba3e2d19d007ba33b0c3ceb95128810f5e8095a40e4a8f5fd3f654b	binary
system/etc/custom_config/app/systemUI/effects/effects_basic_49.png	9410	1a6657b41061ab1cc3ac2df8ceb7e38f7985d32259f23cc43dfced90fda83cb3	binary
system/etc/custom_config/app/systemUI/effects/effects_basic_5.png	116328	cd9085d818f39c666c1bce39397ad29cf38aa9885a3f200f6952a284bbea6212	binary
system/etc/custom_config/app/systemUI/effects/effects_basic_50.png	10278	8f79ee0dfd468ef9c4594735c5371e36321cf85a8a01192df87806157ac8351c	binary
system/etc/custom_config/app/systemUI/effects/effects_basic_51.png	8869	643fecc10c05a0208e5e622235e8c5917b2e754badb78526588a97165e1e42d4	binary
system/etc/custom_config/app/systemUI/effects/effects_basic_52.png	8642	6097dbf7209a8d9172ba7f09baf0e686f4369c4390f479b58a8a76ff89f85029	binary
system/etc/custom_config/app/systemUI/effects/effects_basic_53.png	5746	2f29e502e602f87bee994bf7a578583c6b6536495152964da5ef53c532d1d216	binary
system/etc/custom_config/app/systemUI/effects/effects_basic_54.png	4629	0cf08e55b386c39f8b36f4fe83fc9c7616cb9813427bd58c9fb1a4ba66a00a4b	binary
system/etc/custom_config/app/systemUI/effects/effects_basic_55.png	2764	18e8a7b2d828c1123234b4844562a1741ee0a3268b89cc2968f26c40d0829744	binary
system/etc/custom_config/app/systemUI/effects/effects_basic_56.png	2684	4d8539fe933085714d37e3a2e0ab1d709a17364ed7c0e33f881d44cbaa9cb6d6	binary
system/etc/custom_config/app/systemUI/effects/effects_basic_57.png	881	c351db7fe26670daa99be9f86e39cd3d0394bbd151d7fd5b3e40bdc2391c63a3	binary
system/etc/custom_config/app/systemUI/effects/effects_basic_58.png	1032	33fd4c3688b33e03d214665fd12f1c53b4f19128f117916ca386af1c529bcb9d	binary
system/etc/custom_config/app/systemUI/effects/effects_basic_59.png	696	212e775423b38d72f0913a9c634b78c68200f18ed40d56f38c3c264b9dd84be0	binary
system/etc/custom_config/app/systemUI/effects/effects_basic_6.png	86816	d92a9d2cefd5fb3e5a778c1b777a7855e81365ddd831fc68285b3387fd82ece1	binary
system/etc/custom_config/app/systemUI/effects/effects_basic_60.png	656	78f292b36891e2052c393e2bff0da1ede8c7b35236c8285f7710b8b358671d97	binary
system/etc/custom_config/app/systemUI/effects/effects_basic_7.png	143660	3227b1419df4c1dddf4ccba7f86ae198acb7a6e9e2177ecd1fa774365398c2ba	binary
system/etc/custom_config/app/systemUI/effects/effects_basic_8.png	178920	3eb4e30cf5dd0187f61f127afd443a8216d32c5b8de4f50f3a41edf4fb4951ee	binary
system/etc/custom_config/app/systemUI/effects/effects_basic_9.png	188996	e0e95d8076cba729024430d42e0a87a066ed18682bf6ebdec6e35a58378bee3d	binary
system/etc/custom_config/app/systemUI/effects/effects_metal_1.png	1796	4453526b2a852bb78faf2215f4010ede94919c191d0be3ab5048430c61b097f7	binary
system/etc/custom_config/app/systemUI/effects/effects_metal_10.png	20397	0f3714b9eb3584559f446820fcc0a457a8ca30e9757973d98c6df7ba8ca25daa	binary
system/etc/custom_config/app/systemUI/effects/effects_metal_11.png	24854	69e76b4e8277d8e5ecc0c6250a4bbf465d6181f6d0286865c251ae0d6f974e25	binary
system/etc/custom_config/app/systemUI/effects/effects_metal_12.png	28519	0131f3d2678bd7b5de1aeaeaebb1a3ac65854177eaffe82bfd3efcf546aac4c3	binary
system/etc/custom_config/app/systemUI/effects/effects_metal_13.png	30437	ed505c7bb997ffc3ffc2f627d02ed08091405c0c48d168dfa54dfbcd9e28f9fa	binary
system/etc/custom_config/app/systemUI/effects/effects_metal_14.png	34687	1651941b41d84e61261edb121342ce8dcd3bb520bcca4834c0c50e4d5e2995a9	binary
system/etc/custom_config/app/systemUI/effects/effects_metal_15.png	40061	2b4f24d5231cd26b71ed6d342ae5488a2006790c7509031f270ec55d0df68577	binary
system/etc/custom_config/app/systemUI/effects/effects_metal_16.png	46136	0fc1390b1ab417e7afb94cf4a36609d89990df458aa10d3db5ab2ead1bc47f26	binary
system/etc/custom_config/app/systemUI/effects/effects_metal_17.png	53888	cf275f1daef2a123625d20f72e71ff5aea3072bbcf1fb49840546812350367ad	binary
system/etc/custom_config/app/systemUI/effects/effects_metal_18.png	59916	6aa0e596cccca3d52b05d3bea613b62c0166fe1f66df59e465e473b76b7ecc01	binary
system/etc/custom_config/app/systemUI/effects/effects_metal_19.png	62920	6ddfa9a49c99d509ffbc15a0c970d2adc223c37851cc4e13405fa015c7ef9602	binary
system/etc/custom_config/app/systemUI/effects/effects_metal_2.png	1881	064bc8ba07419d7889c43ae63f54c647c63b9bb0e6c2acfd675a93d3b9aa3ef1	binary
system/etc/custom_config/app/systemUI/effects/effects_metal_20.png	67978	7913186497d0072954eb4d0dbdc1f75ee794706bf512c765178396ecd57cca4e	binary
system/etc/custom_config/app/systemUI/effects/effects_metal_21.png	71702	97b67cdabe9e89df7b3cff989cbe0f1a0c2eac0a9492475d42cee684408a8b9e	binary
system/etc/custom_config/app/systemUI/effects/effects_metal_22.png	76970	fa9640b54d99232c81db3d87b6196af8753ed1f027b456d50d20dde1e3427d88	binary
system/etc/custom_config/app/systemUI/effects/effects_metal_23.png	81971	ac86c73717b84cb472ca3434855e2a7ab854fd64647676a1a1a2fdab14f45511	binary
system/etc/custom_config/app/systemUI/effects/effects_metal_24.png	85206	9d729ecb5699f2d1ee2769ba1efdccead18acf15471775ff8e5f9c39165b08c7	binary
system/etc/custom_config/app/systemUI/effects/effects_metal_25.png	84559	8104047171a541d09d8e0a14003a6c57b40c66f666323da140ab2263bfc2a2fb	binary
system/etc/custom_config/app/systemUI/effects/effects_metal_26.png	86056	50497489efabbc905ed9c84ac2cdc6a4deb63061dd75581353dc4f0024e856e6	binary
system/etc/custom_config/app/systemUI/effects/effects_metal_27.png	84794	5859af261f5c231b56de007602e5edeb051144ea25b3b575c4ef44a76beb8096	binary
system/etc/custom_config/app/systemUI/effects/effects_metal_28.png	80126	1158d8e7fdedb01a868fbd606d33a834400d3dc9b46e9e1062a587d839ea2a38	binary
system/etc/custom_config/app/systemUI/effects/effects_metal_29.png	76901	e1bf4a6ce2986ef9aa6e53b5068e3d2dacbbf259775854f4fd13f85e6ab38983	binary
system/etc/custom_config/app/systemUI/effects/effects_metal_3.png	3767	911a32541a001925a4cf0dbfe54d5a3bd1e4206837fe79dcfa88461f16b83944	binary
system/etc/custom_config/app/systemUI/effects/effects_metal_30.png	70806	d281259ca65b0067331190faf253ec53732721b4cd4e163328ff6984dde22a10	binary
system/etc/custom_config/app/systemUI/effects/effects_metal_31.png	69617	f32af9cde27e5c06dd771b5b0292aaed4924c1c98a2208c0197239b72696a106	binary
system/etc/custom_config/app/systemUI/effects/effects_metal_32.png	64966	5220302502d0cf8471585b94f0997cd0911ae56f15fc0a402f3998638717dbf6	binary
system/etc/custom_config/app/systemUI/effects/effects_metal_33.png	59106	58e6066cf9d282198d9d9d99ca872078fb880d159c191fbb1cb87543863c9aa5	binary
system/etc/custom_config/app/systemUI/effects/effects_metal_34.png	52510	e836ce02909262fb81c7b1d8f02b13065d0c9e3a25cf138b7d2b7bdd206adfb1	binary
system/etc/custom_config/app/systemUI/effects/effects_metal_35.png	48306	7a15ee5974ce2898b41bfb5a30bdd29cff15be779f52bfa124180835773cad72	binary
system/etc/custom_config/app/systemUI/effects/effects_metal_36.png	42433	3499192f72a5edf3c65a89c49db1964c73bed5a3fc15e0990e4d1421cff6004b	binary
system/etc/custom_config/app/systemUI/effects/effects_metal_37.png	37700	66a386c38f782e92e35d1ff25763f47a05716f223298cb08764bc1ebf2cd30b9	binary
system/etc/custom_config/app/systemUI/effects/effects_metal_38.png	33990	461fb7e26a057c65e8ec66d4f906de725461a847fc7b82db41221c5612ff470d	binary
system/etc/custom_config/app/systemUI/effects/effects_metal_39.png	26957	4fe7bbfa90c50ffeab16795076b735a91c2ae5b98c429dd14b6b4aab828b6868	binary
system/etc/custom_config/app/systemUI/effects/effects_metal_4.png	4767	5d3e662a65fea187fa50422f157f2dd28b814f6120bb8094a6742105f429043e	binary
system/etc/custom_config/app/systemUI/effects/effects_metal_40.png	22425	dbb8bdb78afb0a6d089f2b62dd20582481dec20917fc1059273df412bcbfa5aa	binary
system/etc/custom_config/app/systemUI/effects/effects_metal_41.png	16870	03fe61d9d657588d730214e0f4876f4ac459d9e873e0b8c5a08deba3c055ee39	binary
system/etc/custom_config/app/systemUI/effects/effects_metal_42.png	12077	f68c066a3fb4bf5ca762a16cfa20c846d99a2c068f06141272b2e2ed9504f34b	binary
system/etc/custom_config/app/systemUI/effects/effects_metal_43.png	8802	ea4742d2d251817dec3b95e0dc726c756ae096d83e97dba5194a88ee14acd6f1	binary
system/etc/custom_config/app/systemUI/effects/effects_metal_44.png	6755	8a887fd085abe6f85c085838dfe866db2f239e298d5443c21b40333b1877ebcc	binary
system/etc/custom_config/app/systemUI/effects/effects_metal_45.png	4889	42b8fe5923fd3ddf8112ffe7160e63ef6ffe7371bcdba876b7fe139b174b3fd6	binary
system/etc/custom_config/app/systemUI/effects/effects_metal_46.png	2302	1ff0338d23247703f50ffc319c6f9d86bec23e1b246ec4b98166cc02b2d901ba	binary
system/etc/custom_config/app/systemUI/effects/effects_metal_47.png	1020	73b5a0cea2092f09558bb30824771e655328bd1a09391bf2360091d73f71fb47	binary
system/etc/custom_config/app/systemUI/effects/effects_metal_48.png	495	5a7eda92422ec9ae3a8fa8045653738b0dfa6594a7c1ee11e6cc1c9240e01fcd	binary
system/etc/custom_config/app/systemUI/effects/effects_metal_5.png	7257	27be5135cffeb19742c6cf44444fe45b61d588c9604202116f5fa7b03e73be15	binary
system/etc/custom_config/app/systemUI/effects/effects_metal_6.png	9969	402fbc2059b94acf712a067c58152fa47929a7ec2e3759b1ff29b0f1c6bd0bb2	binary
system/etc/custom_config/app/systemUI/effects/effects_metal_7.png	11483	21a30a969e242f153b78d9d680ecf045929930ff39dec41c35705a0ebd1b09f9	binary
system/etc/custom_config/app/systemUI/effects/effects_metal_8.png	13372	3f497f6e2f77e846ccc8d31d107c83fc0138c05c5487249b7496c293fbf4d068	binary
system/etc/custom_config/app/systemUI/effects/effects_metal_9.png	15843	efc96c68b671c6b3dc694f07071128df9b89c8636c0bfa357f80ab761ed32ede	binary
system/etc/custom_config/app/systemUI/effects/effects_neon_1.png	486	e8446c5b399860c80dab8fd9f92383ab830f8acf18e975bfe7fd73e21b7acb5d	binary
system/etc/custom_config/app/systemUI/effects/effects_neon_10.png	33556	faca2f556c54c221c45fc92b1cd65e2d338c1a92d9e2cb6ee1f55919a49fc267	binary
system/etc/custom_config/app/systemUI/effects/effects_neon_11.png	35834	df09a548cddc870e8f8d1194588cbe2a037b91a0c124acce2659a24776ffe3f1	binary
system/etc/custom_config/app/systemUI/effects/effects_neon_12.png	40175	a1f79201706a0c8cf581467c311c653e9353e78583f0a2a2c3c20624f53fe911	binary
system/etc/custom_config/app/systemUI/effects/effects_neon_13.png	44484	f04a141dbc23268a71904ca14d5d5615307c5550115ddf0899ad6139316d28b3	binary
system/etc/custom_config/app/systemUI/effects/effects_neon_14.png	48743	3f44f1e402387b6a16e04fa060f3b5602bb7fb4d5b5610775c911c59a152425b	binary
system/etc/custom_config/app/systemUI/effects/effects_neon_15.png	59347	e726a692c6de090f4ac07a8c090a26d1babae2ab60527635360ba0bb213a61ca	binary
system/etc/custom_config/app/systemUI/effects/effects_neon_16.png	70011	a413c2240970526fbb0fe2d1f4eac7fa33c1f1abbcb4f71ec673a8ec972265c3	binary
system/etc/custom_config/app/systemUI/effects/effects_neon_17.png	85389	e5bfcf1a6c35b320b02a5c28763ef7e84b2e1fa7042a276bf2b8a37be7c3c0d3	binary
system/etc/custom_config/app/systemUI/effects/effects_neon_18.png	97325	29178519985c1c84c69330e505a4b5bfe4c9ff3043e27f4d2896b6f9786b7560	binary
system/etc/custom_config/app/systemUI/effects/effects_neon_19.png	108188	030774d782b8e8841604ad8dfb6acf33c707ed73dde5f2f3c96358f9da269f6b	binary
system/etc/custom_config/app/systemUI/effects/effects_neon_2.png	1826	38573477a4cfbc44378a327a55ea85bfdea345619d1a0675cf21cad77c8cf9bc	binary
system/etc/custom_config/app/systemUI/effects/effects_neon_20.png	121764	2693907451cf08098b6cf4f4c1a77cea7eef56efcea681eb3c8391cefbfc83df	binary
system/etc/custom_config/app/systemUI/effects/effects_neon_21.png	133685	f6cd4a1ee4b44d87e69f7de02ac076640beb5b35dcd24568270e73eda75a0ba7	binary
system/etc/custom_config/app/systemUI/effects/effects_neon_22.png	145270	8a6af10d55ee16f7d1ef6e0edaa68a310b999c44486d6f55e4dd94cbc7bdf25d	binary
system/etc/custom_config/app/systemUI/effects/effects_neon_23.png	167399	c6143a56be33e8ee21a8094016788b79a7dc129887b18bf80338f74da77595dd	binary
system/etc/custom_config/app/systemUI/effects/effects_neon_24.png	173707	3827a6773da5e6f311cbea8af7c3e47c443cdc74fad0ece1f2608a21ab103dbe	binary
system/etc/custom_config/app/systemUI/effects/effects_neon_25.png	184577	677a1f919272c8dcfbe4fa62c24795eb54f4d8c13009445e4c505a1f65cf3768	binary
system/etc/custom_config/app/systemUI/effects/effects_neon_26.png	186039	373fa2a3556390f4e12989d1df895859a7bb82549159364ce30521e8ebe2e8eb	binary
system/etc/custom_config/app/systemUI/effects/effects_neon_27.png	173119	43b3d475e0cf38046453de67c3a8982a6863b8e335660d69a0cce24db5ea4a04	binary
system/etc/custom_config/app/systemUI/effects/effects_neon_28.png	166178	d12bcd549b64bc33b4e3d0eef3aab85e7fb7837a6da9dbccbddc70e9260bbe7d	binary
system/etc/custom_config/app/systemUI/effects/effects_neon_29.png	169915	4c5f859d761dc5048a8cbd804c4c107c4118ccf242e59965221fc2604c0db689	binary
system/etc/custom_config/app/systemUI/effects/effects_neon_3.png	6515	ac8c10fd4fd1d621fa6817481e6a8110c57c5ec4266fdabfc593baa0973c0cc0	binary
system/etc/custom_config/app/systemUI/effects/effects_neon_30.png	166715	c197024f5fe2f6b6cfa7f0fb66ebbed913e7ff836071c418c57b39d60acdbfea	binary
system/etc/custom_config/app/systemUI/effects/effects_neon_31.png	163884	5f5a4d093386b630bf707d90a68fd4b1c27321fca6f4d599c349fe54f8ec2ac2	binary
system/etc/custom_config/app/systemUI/effects/effects_neon_32.png	158498	adc321fcc05fbdec414626888530a7439e2a3e48138acefdfd4a8dcb8abe9095	binary
system/etc/custom_config/app/systemUI/effects/effects_neon_33.png	145750	50f6fd32f3e9c73d1e264a2a2b348af50a0f0eeb43f1b355f3e0f3cc0583b288	binary
system/etc/custom_config/app/systemUI/effects/effects_neon_34.png	133353	a8fe8a1f262e64f71db2a29c28fc1e60e06687598020586c296cc5999d26e908	binary
system/etc/custom_config/app/systemUI/effects/effects_neon_35.png	121969	ad49a1a9df6dd1d381a6d5285334e9bdb5655c2ccc24375d8b1575dfaefa2f26	binary
system/etc/custom_config/app/systemUI/effects/effects_neon_36.png	108214	5b6a59493b3281e79524464fbb04818419f8a8a3d9ee0aaea31ca60f5ac635cc	binary
system/etc/custom_config/app/systemUI/effects/effects_neon_37.png	95165	101a6469630c5566e856de00905bc3b6f39a695cd833501300dfd69aa8fbd052	binary
system/etc/custom_config/app/systemUI/effects/effects_neon_38.png	83796	41400d5bdf51599ad320cd82d0a799ef0439bb8a7c6ca39e8046d3a8a803648d	binary
system/etc/custom_config/app/systemUI/effects/effects_neon_39.png	73103	b4f87762c1c08f163a6a64ad5a8a0f5b2d691eb2c83c36e2319dcf9c947e5dab	binary
system/etc/custom_config/app/systemUI/effects/effects_neon_4.png	10836	bec1ae8c3704a9a93038195ea750606ab6f8e5b39b30428c6ff1c2614b78d3d9	binary
system/etc/custom_config/app/systemUI/effects/effects_neon_40.png	65076	a48beb8eeb93e22ba4623fa1035469f2aa4ad6516d4a2e5b99f14e651a81c95c	binary
system/etc/custom_config/app/systemUI/effects/effects_neon_41.png	52279	30adef637a79aa6e5c7ba62bdd116d0d200557accfa0323a1b0818237891a463	binary
system/etc/custom_config/app/systemUI/effects/effects_neon_42.png	46130	91f84e843a28e0e07874ebe667421e83a12793d237946899c7e7f180b7f8eca4	binary
system/etc/custom_config/app/systemUI/effects/effects_neon_43.png	41782	47578446e9cd9591e3a24e39478bdfaf1b3d4d9b54cf3c875f03f79549de6f26	binary
system/etc/custom_config/app/systemUI/effects/effects_neon_44.png	36595	e6e03dbc79edc4654c1d03f6e72ba3feb93d6ab8d24ebaa275ed044aeed9a2ab	binary
system/etc/custom_config/app/systemUI/effects/effects_neon_45.png	34786	8a77fa0c48a9f1731c5c6e2454bc6eb7779182900e06d0f5bb4875ad4ce77399	binary
system/etc/custom_config/app/systemUI/effects/effects_neon_46.png	28508	5ca072bfee7d6058871ad1b7df34707b3237d50411f92b0004dea3aace1070a6	binary
system/etc/custom_config/app/systemUI/effects/effects_neon_47.png	27067	d7ebc77524fe93cafee93f43abec79a220629145e21aa090b64287fa5a0f50fb	binary
system/etc/custom_config/app/systemUI/effects/effects_neon_48.png	24467	0a4c5d3d433d6e21c192d9beed37ab96f554994579ef668ded315be65cd00943	binary
system/etc/custom_config/app/systemUI/effects/effects_neon_49.png	20969	b2c7f5c826a3e376e622d48483cfbbcaf1c0351eefd681947185a2a43f8d785a	binary
system/etc/custom_config/app/systemUI/effects/effects_neon_5.png	16635	83c22eebb452ce2fc55d43b3d09c7be38936cffa3f8e78e4d18c529f6288f592	binary
system/etc/custom_config/app/systemUI/effects/effects_neon_50.png	17539	373a4a92f78fe63fccd7fb994be55760a4d3a3befd33f3b0de9d53fb9fcbfefe	binary
system/etc/custom_config/app/systemUI/effects/effects_neon_51.png	14350	37859d6463fa2706074370e012efd7609491be09337cbacdae000b37d4a7f75c	binary
system/etc/custom_config/app/systemUI/effects/effects_neon_52.png	10774	947dbe6a0507da0ae025e3f11708a378e94fa3b4ea3eda43e32ddfd9eef66084	binary
system/etc/custom_config/app/systemUI/effects/effects_neon_53.png	8066	a486ce503db56b86ff3c2e64a687f5969439610ebaa6b0ea44ac3b701c10a37f	binary
system/etc/custom_config/app/systemUI/effects/effects_neon_54.png	5170	d264aecf4ccfa475320e9e3f22b190c2537ae249c865c9e9d7ce4be5c26dd2ba	binary
system/etc/custom_config/app/systemUI/effects/effects_neon_6.png	19673	4b1023fc4b4e0e0c14856381f9de631da308e344547f0481c92400af666b61b9	binary
system/etc/custom_config/app/systemUI/effects/effects_neon_7.png	23730	c6a9d84451fa73395740f3d4ce1ae73cd8b37d01497e04acfd6316e5a69e883b	binary
system/etc/custom_config/app/systemUI/effects/effects_neon_8.png	25635	0cb2e7cfeee5642477eb7393cb8c1fdec3cb2aebc680f503b8085cfbc5bf7834	binary
system/etc/custom_config/app/systemUI/effects/effects_neon_9.png	29946	a8c0e2d2d084568cc284ba45362b507ffd4394cc155c87b3e54055d731b9a873	binary
system/etc/custom_config/app/systemUI/effects/effects_pixel_1.png	755	49b442d5898d459f0ab322e1819cd34d4e5b0af3e0897eeac84706cca4f6755c	binary
system/etc/custom_config/app/systemUI/effects/effects_pixel_10.png	10317	4604d50545ca5738d62b17182615d93c6e05e5d0c59fcd184b6ce745d21f21ed	binary
system/etc/custom_config/app/systemUI/effects/effects_pixel_11.png	11638	fec942ddf6b9f95452322edff2e756b7a2a736d56a78041ca06ecbf6b572212a	binary
system/etc/custom_config/app/systemUI/effects/effects_pixel_12.png	12949	cae05b0b7b6a956e1ec0f06eeb9ed6baa0df4be6d2c8f65935b19351cbb83baa	binary
system/etc/custom_config/app/systemUI/effects/effects_pixel_13.png	15724	b1d64c8d328f54b100bc6118bde09039ae6b3f020f107fb98dff93ee95e30b5e	binary
system/etc/custom_config/app/systemUI/effects/effects_pixel_14.png	17106	cf2d87d3ca65e2aea38ffd65b5929db525694fe30dcc71d6f9cbc0469d6ac6bb	binary
system/etc/custom_config/app/systemUI/effects/effects_pixel_15.png	18437	0a2dcc2bbe4e40397bc87641bb61644b3404e1db8ce847aedc4a26810d12b0b2	binary
system/etc/custom_config/app/systemUI/effects/effects_pixel_16.png	20694	5c3642bce88e08cc948565869a2af0245b07b892b87a179ffea7cbd1d049ef67	binary
system/etc/custom_config/app/systemUI/effects/effects_pixel_17.png	21796	9316653b2b0a28c41df3d43cfe9c614d7b75c0835efc9159021c3b25898f4f15	binary
system/etc/custom_config/app/systemUI/effects/effects_pixel_18.png	23338	90eb4f4f59fc824237b6162da64cd4fc0c4883b1fb233a69451b610b004a2fca	binary
system/etc/custom_config/app/systemUI/effects/effects_pixel_19.png	23801	e4ca82dc01692d66624cac21d9c16dbbfca186dd9cd489aa33f1a2b04a9983c6	binary
system/etc/custom_config/app/systemUI/effects/effects_pixel_2.png	1980	177cd57e1b79f43fdcb9518703f44b841719ef2b1c35098cd19e75e3332256d5	binary
system/etc/custom_config/app/systemUI/effects/effects_pixel_20.png	23933	2c3568f041c64ee0046c57f0ca0b7ce2b5bf31b5a4cc5f07002dbfc6919985aa	binary
system/etc/custom_config/app/systemUI/effects/effects_pixel_21.png	22812	e02ab69c5600de9213da7970c68965716626157b9e62d5255027066d4de747cf	binary
system/etc/custom_config/app/systemUI/effects/effects_pixel_22.png	21786	c668fa08e37512d7f7e6d84e67ce420945f1f6bf9d98ebed683f376872d4effb	binary
system/etc/custom_config/app/systemUI/effects/effects_pixel_23.png	18603	f5ad23b85a480362dda9ec0f95b1083b2b5c1243dd93e5af60349a2f20d369dd	binary
system/etc/custom_config/app/systemUI/effects/effects_pixel_24.png	16844	4b86174528085c341dd7f117394788b05c9a19dab53b8d0f08f098bde9648b13	binary
system/etc/custom_config/app/systemUI/effects/effects_pixel_25.png	15051	a2fc069845a678e58d59c79f4afd956a0cfadf4a61da3c98128e352c7d4ca80f	binary
system/etc/custom_config/app/systemUI/effects/effects_pixel_26.png	11554	b98b8b8ada4dabd831499f358754d9814fffdfa6749ce2853ceefc91d4a370ff	binary
system/etc/custom_config/app/systemUI/effects/effects_pixel_27.png	10171	37931a217e4b77e66fd2eb08401e10426746b7f8af990f5ec07dad812350a2e2	binary
system/etc/custom_config/app/systemUI/effects/effects_pixel_28.png	9040	629b2acba99a0184c0690df2210d268641d353171f31dc5fc4fb21df863b0e9a	binary
system/etc/custom_config/app/systemUI/effects/effects_pixel_29.png	7615	e537a57ea79e4e3a8d07e4a981df7b08a60fc77de5697389214d3df0eaf6f203	binary
system/etc/custom_config/app/systemUI/effects/effects_pixel_3.png	3641	91cee4ad6753a191ec6ae96fe037993f6dbb9bc23315ad20e2b6f7b567c50ec6	binary
system/etc/custom_config/app/systemUI/effects/effects_pixel_30.png	7258	03a05d7b95325d158cd312098724a02d1cbaaf23817676111b268c16921dbec0	binary
system/etc/custom_config/app/systemUI/effects/effects_pixel_31.png	6995	d689d6e4fc5363e2f459934f36afe4615985445f238a7718460e1bc94b6659e6	binary
system/etc/custom_config/app/systemUI/effects/effects_pixel_32.png	7046	55dea6b1835368126d91bd33263a0280dbdda2f728f0c1c4793f488a1057dce4	binary
system/etc/custom_config/app/systemUI/effects/effects_pixel_33.png	7151	a9839d9943b045d9073f6d6018b303af232940cbdc08ef0438a58513559fae4b	binary
system/etc/custom_config/app/systemUI/effects/effects_pixel_34.png	7467	d75e28bf353e48327c2b7e3dcfefc1134fd6ee2c4fa7552865fd82e51659bfd0	binary
system/etc/custom_config/app/systemUI/effects/effects_pixel_35.png	7885	d3107b9329578917f83227e02a367b54a7f82e723b7b75a9e3491e9ed0568717	binary
system/etc/custom_config/app/systemUI/effects/effects_pixel_36.png	9101	8f28807b2c6ee70a0aa89d595426d3a551f614d00999cd86d4c718b9c2487273	binary
system/etc/custom_config/app/systemUI/effects/effects_pixel_37.png	9869	99cbfa0ee8668840c44e375890404c2ab4577262fbf1ab53b0384ecb48dde1dc	binary
system/etc/custom_config/app/systemUI/effects/effects_pixel_38.png	10925	2ffd4938e55e747fe8d8da31aada65f04f31eb628ab3a654ab19d843069202bd	binary
system/etc/custom_config/app/systemUI/effects/effects_pixel_39.png	13682	5e7f2cab1fe0004cedf2be1df69b3cac3e3524cbaecc3332d2b1587deb9fea41	binary
system/etc/custom_config/app/systemUI/effects/effects_pixel_4.png	3819	1bf81260036f7c68e8c98a9e249ea0235f2a2673f9c117d5531c36ab6480b2dd	binary
system/etc/custom_config/app/systemUI/effects/effects_pixel_40.png	15600	7611fa3c228b712b4610a18baef860e838f13e0ace482ee0e2d879cc884993f9	binary
system/etc/custom_config/app/systemUI/effects/effects_pixel_41.png	17900	68823167a2fc589073eb5509379a00e50a8b8b294aa2f897e858250770f135be	binary
system/etc/custom_config/app/systemUI/effects/effects_pixel_42.png	23247	04fbf30eeaab2b5e50bff940cd7899072200b6a4809615b35a24d908d03d0d7c	binary
system/etc/custom_config/app/systemUI/effects/effects_pixel_43.png	25498	3eff5c87960639f1205505783db82a0768c6e797217377c61a5806c83ee4a262	binary
system/etc/custom_config/app/systemUI/effects/effects_pixel_44.png	29324	e44f9792804840cabfbb23ff8887eda1864324dbb207c7f1d7e8648a8f46a068	binary
system/etc/custom_config/app/systemUI/effects/effects_pixel_45.png	30888	e10afab869ce8be600b20b5ffdc8ca09a856fe3994b49186af5522b9f8edf56e	binary
system/etc/custom_config/app/systemUI/effects/effects_pixel_46.png	32216	a3eb5710168073b03b79cf3da04ffee458f297c27f96417ea9b5e3247a4a1117	binary
system/etc/custom_config/app/systemUI/effects/effects_pixel_47.png	32065	8aa3c5cfec7e48d4aee306226131dcaf688d0c0860ef5ff13f7208a6f1f95c59	binary
system/etc/custom_config/app/systemUI/effects/effects_pixel_48.png	31626	2d3e230d441113235d2f6d7135d5281323e4d1c76e3c1e268f423a8772816c24	binary
system/etc/custom_config/app/systemUI/effects/effects_pixel_49.png	29230	df093414c64c02319a95cc96a108b7b28b7e058788ca8b483db020d54dc3025a	binary
system/etc/custom_config/app/systemUI/effects/effects_pixel_5.png	4371	9f3b12d5573e5daeaea46bb3bf573fbd8ef921ea66956644f09e9c5ddb11285b	binary
system/etc/custom_config/app/systemUI/effects/effects_pixel_50.png	27478	2255b12d7675a3f1f7adb9e61c938ad31af395b9496b082f440863722e6b4b87	binary
system/etc/custom_config/app/systemUI/effects/effects_pixel_51.png	25777	91285631d2bd666683668e0f76b1f04e39763bf98d66aa5db24e6889d3e9c9d9	binary
system/etc/custom_config/app/systemUI/effects/effects_pixel_52.png	22230	92f81efbf78f1c949cda2af4c0ab9e36bede92101c2fb67508fd3069cc53f816	binary
system/etc/custom_config/app/systemUI/effects/effects_pixel_53.png	20384	0bdcd5262ccccca010fa026220ce46c356b840be21b41fa49ca99db4bef4c399	binary
system/etc/custom_config/app/systemUI/effects/effects_pixel_54.png	18347	6c7dc88d5ffd899fad9e7a50506963451076934096d992a9a4bb416754395d93	binary
system/etc/custom_config/app/systemUI/effects/effects_pixel_55.png	14054	1b8e97a3365827427a81a73774ce6ada7b7f4d5ef422aad0001f727764728d05	binary
system/etc/custom_config/app/systemUI/effects/effects_pixel_56.png	11931	341b401c5f1ab554a9a13ae54d2db0d45fbbfd71285a896aa01c2297d3ef9d7e	binary
system/etc/custom_config/app/systemUI/effects/effects_pixel_57.png	8220	721cb268aa4b222d50734bdc3b3d6e5ac668bd0607eb8db7ee0dffadf6718909	binary
system/etc/custom_config/app/systemUI/effects/effects_pixel_58.png	6814	1e600b98df43ec5af350fc053cf1d34d70f282bb20a52b9d97b9c0d33fc2b189	binary
system/etc/custom_config/app/systemUI/effects/effects_pixel_59.png	4742	83d1701787f979197e356a34bb7b45d48fca4f6160810aae900773f692cc12e8	binary
system/etc/custom_config/app/systemUI/effects/effects_pixel_6.png	4788	86e4b23fce3ccfc22da7e7a1344ee22c1f20347d9fd16ddf7601130f1c08315d	binary
system/etc/custom_config/app/systemUI/effects/effects_pixel_60.png	4227	82ad29f187f927137478494f9e77558b9d4f233da504c236d3ea9f38cc0c924a	binary
system/etc/custom_config/app/systemUI/effects/effects_pixel_61.png	3643	1ac41aacfcac4dce893533d0d6799486316c04a37be794da7b50179243bb0ff3	binary
system/etc/custom_config/app/systemUI/effects/effects_pixel_62.png	1973	04e8beaef07d212803cf53dac8182e5e3fdef89288b9e0c9dcca16286e636380	binary
system/etc/custom_config/app/systemUI/effects/effects_pixel_63.png	771	1f2c4b4a4a182bf323befb83a99da7d70dd52063bc9a5051c69372eaa6edf1d9	binary
system/etc/custom_config/app/systemUI/effects/effects_pixel_7.png	5343	025cdcc2a033b8822f047c888e0687ff51ef9e809a1b99b827f5f47d7ff3fb33	binary
system/etc/custom_config/app/systemUI/effects/effects_pixel_8.png	6948	4b76a5c1d83f84d0291782fbda3bc423989c8d3bc45ebcfd4fc43de3b3b9d1a4	binary
system/etc/custom_config/app/systemUI/effects/effects_pixel_9.png	8000	9779a7fad94c25a63f1632670d598c144a6e6ba734179759f527a101e158217e	binary
system/etc/custom_config/app/systemUI/effects/effects_soft_1.png	5507	9dfd4678d44cecaa1b57f6d46b30ed8ca981c59d6887318e601c29feddf81835	binary
system/etc/custom_config/app/systemUI/effects/effects_soft_10.png	42552	87f2fd0be05b29f5989999d52c33649a25e197ab8ffb2a4587b51425f4420706	binary
system/etc/custom_config/app/systemUI/effects/effects_soft_11.png	48093	d43de578bac543e4bf3e4641f2090d50e3a65340e6ce6711a97e2b25240f0814	binary
system/etc/custom_config/app/systemUI/effects/effects_soft_12.png	51027	5d0d2876e50df31ebc613c96a0a33eeff33743d6ffe3d8c491f85eb8bb466958	binary
system/etc/custom_config/app/systemUI/effects/effects_soft_13.png	57492	e3e4ba0eb83a3a859c43439409bbad0b6ace3acb674f38f0f3186d773265c712	binary
system/etc/custom_config/app/systemUI/effects/effects_soft_14.png	61796	f56a409fb6f662f276e656d2e7ee0d4671637d9615da0823ee103860e8118a05	binary
system/etc/custom_config/app/systemUI/effects/effects_soft_15.png	70718	285d88dbdad646ab9f7300b7654e5c8d3aff066acdfa9fb7d7da508dc0d26113	binary
system/etc/custom_config/app/systemUI/effects/effects_soft_16.png	77534	aa343b7db910aab27c0143382ba9a06720c5da08d28cf26a5373bc59fbf49d3d	binary
system/etc/custom_config/app/systemUI/effects/effects_soft_17.png	89419	4a815b9670c0bee3ae393910ef2b6daf69b393b35baef433ce698ca25751c154	binary
system/etc/custom_config/app/systemUI/effects/effects_soft_18.png	99950	1a778e078f868fb5c7c2b2db383a4268a896d9aba23535343872ccfc7ecc3cdc	binary
system/etc/custom_config/app/systemUI/effects/effects_soft_19.png	109680	11e3e1f01b77947bd9cc98e85b75bb30ba3c9b4e6ce7583aa62513f06848b8f7	binary
system/etc/custom_config/app/systemUI/effects/effects_soft_2.png	9178	fcbcf2662b5592d95e6c2debe4d05f4c2e00bcab1d0bd4644038930adad7297e	binary
system/etc/custom_config/app/systemUI/effects/effects_soft_20.png	113062	5a69aaab9fb6f923af37c2c790ec04b1a91f22479eb8498b650422e833ab8483	binary
system/etc/custom_config/app/systemUI/effects/effects_soft_21.png	120458	aa4fd13503e33e354d8fb80d1d40ca487bb7ebce695a2a0d41d6912f24c00a1a	binary
system/etc/custom_config/app/systemUI/effects/effects_soft_22.png	120356	15d808630268d8131ad31fed7ab079e2b69a928f8c2b3e0ff095f2aae70e14fd	binary
system/etc/custom_config/app/systemUI/effects/effects_soft_23.png	119141	6fa44a691ece5caa2aa719cb12802e1fb888a76089040c20ebc50da5a251198b	binary
system/etc/custom_config/app/systemUI/effects/effects_soft_24.png	113961	bca513869de4a5e710ddd65cf399eaa3e4f7f1d2d569bad8610f744486616879	binary
system/etc/custom_config/app/systemUI/effects/effects_soft_25.png	109397	fadf180c03a50995302a7ba305166dce5d97fda52160a902918c330c81b56bfc	binary
system/etc/custom_config/app/systemUI/effects/effects_soft_26.png	103435	7448bb332591367ca1a38c761c67be3f6bbb517b370031c2542a28a10c17f927	binary
system/etc/custom_config/app/systemUI/effects/effects_soft_27.png	98695	9255a0d23abcaa1caa2a24d3ba951662787524c14e3e93306ca6e1cca831f2e2	binary
system/etc/custom_config/app/systemUI/effects/effects_soft_28.png	88169	2c34f8306c866cff42ec09997148ceb77152b2fdbbd40ccef2c1c6093340b118	binary
system/etc/custom_config/app/systemUI/effects/effects_soft_29.png	85141	fb0f96e2ec9ce840b61a481e267caa2a0ac47cc9d128335ef297800e39bea7bd	binary
system/etc/custom_config/app/systemUI/effects/effects_soft_3.png	11721	0dfcaa42d0503ec88baa5e3df900d24b2a424b4966b9fb41bae6792e8a2fea38	binary
system/etc/custom_config/app/systemUI/effects/effects_soft_30.png	84702	4bdfbf81d74a1b7c9cd55b0f70c0e38bdf14e0f06c40dc0cdeff2736bc7541e6	binary
system/etc/custom_config/app/systemUI/effects/effects_soft_31.png	88595	b42edf366a04263955d0c7cf475c6c2c52e85ffa403c5c3d1a34695c3e441737	binary
system/etc/custom_config/app/systemUI/effects/effects_soft_32.png	92827	73203fb0342534c443eea5954ed9307309b307020e9586af2196aa2651b485a2	binary
system/etc/custom_config/app/systemUI/effects/effects_soft_33.png	100480	c9015f841cf53ea4a5a8df4478c8c0e9350ea1056c0c0d2cf7906f9f24f7de6b	binary
system/etc/custom_config/app/systemUI/effects/effects_soft_34.png	105421	6297c193305b8f720be5a8e7b3ffeb2604f5d04d2ac8628399c48de38bb53139	binary
system/etc/custom_config/app/systemUI/effects/effects_soft_35.png	115493	a8288908232262d30abe2934b405aa2a54db156525edacd3d2c824e96abd44be	binary
system/etc/custom_config/app/systemUI/effects/effects_soft_36.png	120793	aa0430b34df123573a631153a1d27bbd928c10d960795abd1d237ec83fe1e320	binary
system/etc/custom_config/app/systemUI/effects/effects_soft_37.png	124843	bb715c7ca216bc873c7109e6249a5ea6b6d256c2c2244ddf589b0a4deb8fc88e	binary
system/etc/custom_config/app/systemUI/effects/effects_soft_38.png	124620	8c3b9f09064e11fd1da666cc73beadbf9dff3a2611478fa6330cbf87375b48d2	binary
system/etc/custom_config/app/systemUI/effects/effects_soft_39.png	125872	e82476e1f2b76dbaf0343f3d104591e9350d0609070ec6e1db536962b682cdf4	binary
system/etc/custom_config/app/systemUI/effects/effects_soft_4.png	18243	2f34dbadabb73eb019ea8c3630cbe092311441096d569fbdace97c3b74541f49	binary
system/etc/custom_config/app/systemUI/effects/effects_soft_40.png	122063	d5e3e057e7a76589c5bf8ad79cbe8efe12e5004fc19dc86104b3880d957b1243	binary
system/etc/custom_config/app/systemUI/effects/effects_soft_41.png	122450	a9699f339f03a448855be5a5ad9eb380f7483487a0d35670ac8a0784f7e53ea1	binary
system/etc/custom_config/app/systemUI/effects/effects_soft_42.png	119682	452da04541ff0db8d591a06832b1676d1166082063be5441ddc6166f5a03f2ad	binary
system/etc/custom_config/app/systemUI/effects/effects_soft_43.png	122550	e9ef4a6ab948ee1ccd3e19c2df93476008736ee225c95fcc9f65bbd4ba7a79d7	binary
system/etc/custom_config/app/systemUI/effects/effects_soft_44.png	123712	ad87b5d74d01a5104f6427201ac2c2f740be13859a381f61db35350744ad53db	binary
system/etc/custom_config/app/systemUI/effects/effects_soft_45.png	118815	88967bd86d4feb0a221afd3fcc331224866968c0ff60ac1db5884b0539a83e8b	binary
system/etc/custom_config/app/systemUI/effects/effects_soft_46.png	120009	74e96795d7c20af8c3b38cc97743d04ef0478ee962929ff40ee02940097cd9ba	binary
system/etc/custom_config/app/systemUI/effects/effects_soft_47.png	116532	8dee8b3a8256a170d093976f205e1e43e52f362af7f69b98e30df6db8a4a79ae	binary
system/etc/custom_config/app/systemUI/effects/effects_soft_48.png	116936	2ac82192b23e66fc24cf651d587d8b78c848f200460ea4730b286345b1ade78f	binary
system/etc/custom_config/app/systemUI/effects/effects_soft_49.png	112739	71216dd383adc919977ab450aca751f68ecd2046e9f5dd78a15bd53fed38649a	binary
system/etc/custom_config/app/systemUI/effects/effects_soft_5.png	20123	f4bd590b79b2f0453f8383bc02fe0a2d8e510a44e4c4047159384716b4cb5d53	binary
system/etc/custom_config/app/systemUI/effects/effects_soft_50.png	105694	2573d1be8ecd6597b7b83caf038dffd95c5e4879e587bd7fa5af38519facd1bf	binary
system/etc/custom_config/app/systemUI/effects/effects_soft_51.png	100318	3da3dd2caed0931618906a0e7d761a9b954a80fee25f0e79bf5cf8f78470f9ab	binary
system/etc/custom_config/app/systemUI/effects/effects_soft_52.png	95451	8e6f13ad3053736bbe5cf7a104ecf0c39e172df7c03543e4ff67b4edd901a057	binary
system/etc/custom_config/app/systemUI/effects/effects_soft_53.png	82589	84a587e60e454da0b424f883a67a2adaa86456d56a10baa361803d67db15168a	binary
system/etc/custom_config/app/systemUI/effects/effects_soft_54.png	93231	e897921d22acc4320f4596369e3945f66b3add843c049d2a0df20a906bcdfd71	binary
system/etc/custom_config/app/systemUI/effects/effects_soft_55.png	85580	ae1b1319a0cf836f0c5cf4a5772ffc5ea0aaa43641260a9bbbb7ef15f05c8404	binary
system/etc/custom_config/app/systemUI/effects/effects_soft_56.png	81362	46cb79fafc89da81df734b0be6b7815d450d24be363e04d20c17469f4d20aa9b	binary
system/etc/custom_config/app/systemUI/effects/effects_soft_57.png	77098	a1b25ea2850d65214baedcb0bec8718fc80fdd91c1d735e945780e358153264b	binary
system/etc/custom_config/app/systemUI/effects/effects_soft_58.png	73790	138f41297299d954025fee3612b7c9efe5930ffd5bbcd71ab3a2b94172a6cb5c	binary
system/etc/custom_config/app/systemUI/effects/effects_soft_59.png	74515	0d25a56d6d8a5910b642e26c0ced3b44ec6fc15bade9a5be1ae69f0ebb69be44	binary
system/etc/custom_config/app/systemUI/effects/effects_soft_6.png	26987	eff2364da44b16a5c991867939a139e301749245365098784df4e04c1c4e407f	binary
system/etc/custom_config/app/systemUI/effects/effects_soft_60.png	70925	6503c59d60fc1aaa7193ae86e401044f408b52d6875b5d0da77f7fba3729add9	binary
system/etc/custom_config/app/systemUI/effects/effects_soft_61.png	71401	2d424b302a5ef9e28f8a8e6f65cfb1f4b17eb65450e2c636e5cc2afc1ad16052	binary
system/etc/custom_config/app/systemUI/effects/effects_soft_62.png	66846	88e26af0571c8e1f482741c8522cb83bd1a286e91e3cff902a88825b7fe456d3	binary
system/etc/custom_config/app/systemUI/effects/effects_soft_63.png	70354	a011121ef0d02f544a2375fe6fe8f5d3c2f02a3204edc82bc244a701416b8d8e	binary
system/etc/custom_config/app/systemUI/effects/effects_soft_64.png	70972	d73b3436ed60d422dae0772494afaf4bf1d0bc6a319d5fe39e3491258e6f3b1b	binary
system/etc/custom_config/app/systemUI/effects/effects_soft_65.png	72036	b61a0720061fdf16eead3f8eba39da185d4e2df265212d5581118ce15278ae88	binary
system/etc/custom_config/app/systemUI/effects/effects_soft_66.png	69289	82f60a280655d389f72764dc769ec55632ad0afa573675816863cdbe3201b8cb	binary
system/etc/custom_config/app/systemUI/effects/effects_soft_67.png	66920	471ed8214776770c4646e0d8fe24fb52b29638ed7bcc45adb34d7673d45f3b95	binary
system/etc/custom_config/app/systemUI/effects/effects_soft_68.png	63613	ab358b1635df01a1805ea014672cd1bd9678f371d57539845a022c6b5aea82dd	binary
system/etc/custom_config/app/systemUI/effects/effects_soft_69.png	56699	8e0d3cb2dca300e26f12c55d3d37bc72c5600627af2770769b6c95fb05fc29a0	binary
system/etc/custom_config/app/systemUI/effects/effects_soft_7.png	30430	0be597f7c15c8d10a5563e6bf1c010ebd9e2aa46932b71d498d78eb4cf5b4cc4	binary
system/etc/custom_config/app/systemUI/effects/effects_soft_70.png	46228	f0154afc440565dcbc00804fab8184f5fc374b2c5a3df2de5bc02aa0059358ad	binary
system/etc/custom_config/app/systemUI/effects/effects_soft_71.png	41759	d7973099a1314c028554707e3ab29e70e090671b2031ca305c496fb117ec3739	binary
system/etc/custom_config/app/systemUI/effects/effects_soft_72.png	42459	0a6caf0e07b18bb268ea695ceddd825a2b2cfb94b9ec7972c8c367ad1c62d9e9	binary
system/etc/custom_config/app/systemUI/effects/effects_soft_73.png	25745	aa5d1b717ccad47845aac16c3d6e1e05d6ae0a0d38778a28c87e90c2cb1aed82	binary
system/etc/custom_config/app/systemUI/effects/effects_soft_74.png	19376	9e5e054b6337415d2a4cc452c2cfbf52586532c04c426f69acca26794fc29862	binary
system/etc/custom_config/app/systemUI/effects/effects_soft_75.png	8853	da21c626e0fb6bdbce3d55f9cff29a4775f273fe313c0fd09f2f6cdb077e7a52	binary
system/etc/custom_config/app/systemUI/effects/effects_soft_8.png	35837	3fbe6b900938d38d46e268ecbe0deef5d0aa017869605f3c19e2bedae2fb77d5	binary
system/etc/custom_config/app/systemUI/effects/effects_soft_9.png	40813	e75711c940028fef86133e1c30c7dd8f767db503da727bfb4226d1cceef5db5b	binary
system/etc/custom_config/app/systemUI/lockscreen_wallpaper.jpg	457435	dbe71eae32aa1a7a4039b0ffea8992783b5e7cba192064101a96c9952b0b2a60	binary
system/etc/custom_config/themes/GEN_PB_EU/default_theme_50.zmtp	9321787	f6556a12e023e093f0da15414825c7d61be4dbdb5e3b06c8ebda35b2e50444ec	zip/apk/jar
system/etc/custom_config/themes/GEN_PB_EU/default_theme_50_preview01.jpg	227642	791cdc759b17176615962a982398344b0ca1909a18a992ecdd65f3a8be459f4c	binary
system/etc/custom_config/themes/GEN_PB_EU/default_theme_50_preview02.jpg	260374	bee715cee907cf33ff74b5f6e7873a7f4547f3023a80e52721ea411017a91091	binary
system/etc/custom_config/themes/GEN_PB_EU/default_theme_50_preview03.jpg	125547	a8f710372326c271948c527ef67147eda7ae758a0043a48d17d65dfc894d0fae	binary
system/etc/custom_config/themes/GEN_PB_EU/default_theme_50_preview04.jpg	106514	460296d21c280ab9202ec28e87507c2629b54824dda2dbe6661ef15af0476407	binary
system/etc/custom_config/themes/default_theme_04.zmtp	9178755	fe6491f5a4b1963c7ae0430f19a3dd1e1fb59556c4bd533f91972ba57eb9b02f	zip/apk/jar
system/etc/custom_config/themes/default_theme_04_preview01.jpg	129801	52b7b216a843e3a7f0fe7ca0f6d6234e8799462e23d48fd6a28cd23dab88ed2f	binary
system/etc/custom_config/themes/default_theme_04_preview02.jpg	192315	6bf3abba836c0ddb9a882abe44196681cc4ded8838f2bfe8081fe50a16b0f7a7	binary
system/etc/custom_config/themes/default_theme_04_preview03.jpg	156745	27d8c8ec9bcc3cc289e385ccb6bc4493e316320a5dcbd9761c5a54878d05c4ed	binary
system/etc/custom_config/themes/default_theme_04_preview04.jpg	98652	7934dcaca474658ee2ebeac902234c3be485b8c1a6ef5ac9a0dfc4792b978633	binary
system/etc/custom_config/themes/default_theme_11.zmtp	8578910	56fe502ea07b8b1e4678cd34aea07e5841d86eca56adebcf8350cb011cd83f23	zip/apk/jar
system/etc/custom_config/themes/default_theme_11_preview01.jpg	361430	126f4bf8194ad24db6b0dee039131dffd8111fb30102e8f6aa136bcdcfdea295	binary
system/etc/custom_config/themes/default_theme_11_preview02.jpg	400430	596dbe39589b120373a9310d7a8b35b3f520adf8cf4f428896fa66403571f4f5	binary
system/etc/custom_config/themes/default_theme_11_preview03.jpg	241899	4a62d74dc397bfa71cc1d00ac2c5fc8bd6fcf42f94b0e727dfd7dd66e7e96396	binary
system/etc/custom_config/themes/default_theme_11_preview04.jpg	174783	ae46430dfe71b62d5a03bf4686de1e03d02117145745b15ae3683f9864e70c22	binary
system/etc/custom_config/themes/default_theme_26.zmtp	1892618	47bca709886a33af0cede19766c0918edc225f23c1448dd4c6af2104086234db	zip/apk/jar
system/etc/custom_config/themes/default_theme_26_preview01.jpg	136083	6f57c43a603ba9ed4319e1768279806bc4278f3266bc558e48baef22f1fadd00	binary
system/etc/custom_config/themes/default_theme_26_preview02.jpg	146648	f347258f3197f20ee26e51b0e9589db246742d50781c92947421ead728e6f3e6	binary
system/etc/custom_config/themes/default_theme_26_preview03.jpg	108426	5fe303948c4e42dc0c8164bbc603fa9ac4aaa98596efb588ba7078c9f6f23fb5	binary
system/etc/custom_config/themes/default_theme_26_preview04.jpg	93713	9e3c835fdea64b63ce8505d7e41b7b4648bb44464c7c0e2069f908942bd6777d	binary
system/etc/custom_config/themes/default_theme_27.zmtp	14449891	ba4d71197709d26a9beb18b11bc5aee39cb493c304461fd417e02638d80b1d1f	zip/apk/jar
system/etc/custom_config/themes/default_theme_27_preview00.jpg	201179	43b8b89deabb6070e8785e1e7c37bceb9cc9a5448c304b6fed0bb5c19cec0ae1	binary
system/etc/custom_config/themes/default_theme_27_preview01.jpg	188232	06022151817227de074a12ed6743b26ececd612757782765aff02516c75f470d	binary
system/etc/custom_config/themes/default_theme_27_preview02.jpg	192853	9dca7d63e8a67ef83bfdc4ada666d35e6b3fe7f060b07384fdfecf67f64c7047	binary
system/etc/custom_config/themes/default_theme_27_preview03.jpg	112961	608caecbebe6aaff0dd4e9ede6a32dd01296f83bafd80f932fb39ffd8927ed24	binary
system/etc/custom_config/themes/default_theme_27_preview04.png	227131	37e5efa3e7361ecec97980a59334e4a3b0f5824f8da7ad133f142fbc44b9068d	binary
system/etc/custom_config/themes/default_theme_29.zmtp	2309359	726d09ef46bd5affbc1646af50a17993059a2fad07f69076253c57e0cdae833d	zip/apk/jar
system/etc/custom_config/themes/default_theme_29_preview01.jpg	158586	4e3922661bf3fff67cf737950981c0575ce082e820dd8ed9eff943733cf2d435	binary
system/etc/custom_config/themes/default_theme_29_preview02.jpg	184889	d56f9928274b47d1666fad1090a0ee2bd0cc60c7d3ab9aed7fc56c3b16f1e61b	binary
system/etc/custom_config/themes/default_theme_29_preview03.jpg	110765	e3bf9cf9fd7937de655fffbbfe4520b3d01ec91f0fecc9d3a5eb5d963d154873	binary
system/etc/custom_config/themes/default_theme_29_preview04.jpg	70453	ec92678b644e6cabc1bb756352a38a900047a65746888e30fcc90d87b240f4b6	binary
system/etc/custom_config/themes/default_theme_30.zmtp	3200162	3be630e4e63455985a3b7bc56e692eaf1f6d961b19880912c88fd7497921060d	zip/apk/jar
system/etc/custom_config/themes/default_theme_30_preview01.jpg	215234	deca73c4dfc4da34e3a60d3d350584254f763314ff604ee39f545edb0e067f73	binary
system/etc/custom_config/themes/default_theme_30_preview02.jpg	250562	deb464b2870c28fcac185a3ffd0587e059c50865136a5a311d0b61edf61c17d6	binary
system/etc/custom_config/themes/default_theme_30_preview03.jpg	222596	17d1a7c52b93da26fad8ef2ace7116c934e15f720243dc27e97281d670dca798	binary
system/etc/custom_config/themes/default_theme_30_preview04.jpg	174783	ae46430dfe71b62d5a03bf4686de1e03d02117145745b15ae3683f9864e70c22	binary
system/etc/custom_config/themes/default_theme_34.zmtp	5587255	0122d3e15969b062ed127915c455cb61437f521ff2b4c932646d6ecf0f717c1e	zip/apk/jar
system/etc/custom_config/themes/default_theme_34_preview01.jpg	104281	a6071b1456a84e8d8275093c99a96f5ccd60343b70138f01964cadde6c128d2a	binary
system/etc/custom_config/themes/default_theme_34_preview02.jpg	122460	5adf20cee7516aadc24827e63c6ade6605b166277fea5de61e115d2dbd66ad6b	binary
system/etc/custom_config/themes/default_theme_34_preview03.jpg	106870	33ca47a6c743acdba599ba5b54f88312bc8ff1df2fb24c53f8dca6d3b13125c7	binary
system/etc/custom_config/themes/default_theme_34_preview04.jpg	93713	9e3c835fdea64b63ce8505d7e41b7b4648bb44464c7c0e2069f908942bd6777d	binary
system/etc/custom_config/themes/default_theme_48.zmtp	7316140	7ade1a897255fc4dbc4c159ee57e236fc8c0ee9af4f3fda3d0fb00a3ebd684b1	zip/apk/jar
system/etc/custom_config/themes/default_theme_48_preview01.jpg	144338	fa4b6157894757cf1bad83322fbe327d0281480b676882546918a8847e69a2e1	binary
system/etc/custom_config/themes/default_theme_48_preview02.jpg	159006	ab31b44e92b641c15ecef7c7642245b7aecc581a4655d50286188638d02c8740	binary
system/etc/custom_config/themes/default_theme_48_preview03.jpg	107183	463469b99eabf48c421a6ab17b22b12999309cbedb29e34ef6b705104d21952e	binary
system/etc/custom_config/themes/default_theme_48_preview04.jpg	93713	9e3c835fdea64b63ce8505d7e41b7b4648bb44464c7c0e2069f908942bd6777d	binary
system/etc/custom_config/themes/default_theme_61.zmtp	2244967	c407565193bd55b862f60e6f22f01a9f2976732d70365dff42778ea1ae846857	zip/apk/jar
system/etc/custom_config/themes/default_theme_61_preview01.jpg	128883	196a2b131c803450b3f7b841b47f9c86b795e49fadc91d83424dfdd845e5decd	binary
system/etc/custom_config/themes/default_theme_61_preview02.jpg	133403	90c7023387b66ba79d59c0049697b604c1377e585af9dfe080f7701171b1b1f4	binary
system/etc/custom_config/themes/default_theme_61_preview03.jpg	111350	d164b0eb4e63c7834db886a8c7cb1a4fae79f87611ce0b28cbecaff0f218a7ce	binary
system/etc/custom_config/themes/default_theme_61_preview04.jpg	94027	659311c29194e92308f6f3ce27fec81bd740aec79089c08d836ecd41cc7b9535	binary
system/etc/custom_config/wallpapers/GEN_PB_EU/class.txt	2546	ac16b8f3fefaa2be952c1717fca5e45e99ec6aa9b7931b1907417daa0ed4dc39	text
system/etc/custom_config/wallpapers/GEN_PB_EU/default_wallpaper_nerm1w2.jpg	1195159	2d68194b337d2c40155f526f566afd06aa4a64f165f767e26eda9cedc00fdfe8	binary
system/etc/custom_config/wallpapers/GEN_PB_EU/default_wallpaper_nerm1w3.jpg	869460	cef4b475c0723090032f859abc9a6a40c2ca8856055e1bc6fc9d7deac2cee6b7	binary
system/etc/custom_config/wallpapers/common/class.txt	2399	6e25f3d6f906ed6fb96d337d56680ef55c2b7a1975873d58d66b1f8305a061b8	text
system/etc/custom_config/wallpapers/common/default_wallpaper_m13u2.jpg	1246404	7029d2f78f0337876983015ac03a82684266e02cdeeb01b07026f090faeb9d9e	binary
system/etc/custom_config/wallpapers/common/default_wallpaper_m13u3.jpg	950521	fbd2c87699b9c48d7a983fd48c8623a98ed5fe3e06406647e72fede99bd3db29	binary
system/etc/custom_config/wallpapers/common/default_wallpaper_m13u4.jpg	1262907	1be7ebac46ffe221561fcf194c56a2f0808d17ae241c0aa0ab8b47c65f46bfd6	binary
system/etc/custom_config/wallpapers/common/default_wallpaper_m14b1.jpg	627656	1f4421a830457274f6c8c695a718a4250f8fa353e11244b3481fabcc15f71c27	binary
system/etc/custom_config/wallpapers/common/default_wallpaper_ne1b1.jpg	828203	0fc58ba7f287243fa855517f582477cb705111344219eddba07dee0ef1772ab9	binary
system/etc/custom_config/wallpapers/common/default_wallpaper_ne1b1b.jpg	783376	1a274e8bed3e4ef89e9e06301567cdfeb8f692da67497601f503b0424441fd12	binary
system/etc/custom_config/wallpapers/common/default_wallpaper_ne1b1c.jpg	793460	67d363fd2f11a466eed7ef88d7adfee85fca1cd0a88b0d6c28cc4506cad1070d	binary
system/etc/custom_config/wallpapers/common/default_wallpaper_ne1b1d.jpg	785501	d24ebabdbdda6e8e623688c80da63924c19a49417e7521e50f18d461ae61126f	binary
system/etc/custom_config/wallpapers/common/default_wallpaper_ne1b1e.jpg	777911	71503cca3de292fd110caea964f937368c1d9023f5b9ed6be26309753528b963	binary
system/etc/custom_config/wallpapers/common/default_wallpaper_ne1h1.jpg	1187084	9952b214ba0fa2ec98ea1c76ae898ccadc7e917b8517d58655b4cc575c5e6359	binary
system/etc/custom_config/wallpapers/common/default_wallpaper_ne1h2.jpg	1301821	f6640259dab2c64e0a00d4de2442c5f136f93578a98b56f1ea35485c9bd9239a	binary
system/etc/custom_config/wallpapers/common/default_wallpaper_ne1h4.jpg	1446877	5fdf5fb5e82270d2dc113b3b4a3fef921e5b72153cf009dbeecc70c7ddcc3c6f	binary
system/etc/custom_config/wallpapers/common/default_wallpaper_ne1h6a.jpg	705245	3d8a62f80f42e8b998c4299193e793e5bbd177d48b8e39d99619d9cc66a0a4f6	binary
system/etc/custom_config/wallpapers/common/default_wallpaper_ne1h6b.jpg	648332	e421913ffbd65a82bae99600d2b53705ad2169f74f3afe858248d0bcf4068c53	binary
system/etc/custom_config/wallpapers/common/default_wallpaper_ne1h6c.jpg	598640	f9ce6cab3d8e8658699f47a91aefa37b608a57fd52cb680544651645d637fe0f	binary
system/etc/custom_config/wallpapers/common/default_wallpaper_ne1h6d.jpg	728648	f2d4a69b1b76e8b3fdc857507c171e6b2b835615f97a1ac646379096e55176a4	binary
system/etc/custom_config/wallpapers/common/default_wallpaper_ne1h6e.jpg	778920	d7586609366b9a5aa4f4d4eca57e3f4e41e6bee4a1655f42201e6b720b01a78f	binary
system/etc/custom_config/wallpapers/common/default_wallpaper_nerm1a1.jpg	944321	7c41931e15af9ae0bc22a48ca09bf01f6b042268405a77fafc912056fa124530	binary
system/etc/custom_config/wallpapers/common/default_wallpaper_nerm1a2.jpg	652573	7b7e26f06a098c87af14cffd130ecf6f60a8f39d3d9f81e469480bdb0c6287b1	binary
system/etc/custom_config/wallpapers/common/default_wallpaper_nerm1a3.jpg	685954	c1d137e791e0ecee9cc558a3a4859d4d3ebb105396a2ce6391ad7610222678fd	binary
system/etc/custom_config/wallpapers/common/default_wallpaper_nerm1a4.jpg	1008495	9c9271d601df6172ee4561d8579536061276d338eacad1797957cf91b1068229	binary
system/etc/custom_config/wallpapers/common/default_wallpaper_nerm1c1.jpg	712305	da9f4636428ff7c77475d7595f6265deac1d297f982f7e8d96641430bf63850f	binary
system/etc/custom_config/wallpapers/common/default_wallpaper_nerm1c2.jpg	823208	42861a548f792411315b0f323e0de1067bc81e4072ea97756ed574da619cc86b	binary
system/etc/custom_config/wallpapers/common/default_wallpaper_nerm1e1.jpg	739600	fbe96d7a62f3fc9ac13c324a6a5b21f9f06fa4525f0a5abbc76e54d2f944ff80	binary
system/etc/custom_config/wallpapers/common/default_wallpaper_nerm1e2.jpg	943589	d3233852356865b8c75cad827cc64a13f5c67a8deb8b2b58da2a7d4e6ca63585	binary
system/etc/custom_config/wallpapers/common/default_wallpaper_nerm1f1.jpg	1077988	4ab3656bd64080f968c917d635061316ed0b9ceb73faf98d0319da141f166a93	binary
system/etc/custom_config/wallpapers/common/default_wallpaper_nerm1f2.jpg	1473753	c4b2cc3b74ceacc053b727e10ca9357bdbc46b13e58ec100e6b95283e6f180fe	binary
system/etc/custom_config/wallpapers/common/default_wallpaper_nerm1g1.jpg	960381	fe163ce66ef50ffd7cba6aacc8c3d99334ee26f861b99d9cf4cf05e27e423ae6	binary
system/etc/custom_config/wallpapers/common/default_wallpaper_nerm1g2.jpg	1126330	3fd091d02285cda0f9d02d9f91d467b93e8b231704755ca185c5a3a15456f373	binary
system/etc/custom_config/wallpapers/common/default_wallpaper_nerm1s1.jpg	1888864	8a7814aa34cfddbc32905ab9ad7f557500dfae9042b82d0e9920c6fb0d5c1930	binary
system/etc/custom_config/wallpapers/common/default_wallpaper_nerm1s2.jpg	1707219	84ae1297499775bb6afdb3b20755d1463638801b2d9e94c5f5836838fff6dc15	binary
system/etc/custom_config/wallpapers/common/default_wallpaper_nerm1s3.jpg	825783	22073b2f2095e059e116a1ab8ef4652a52c67ca521d8025c2b6e339a0312df70	binary
system/etc/custom_config/wallpapers/common/default_wallpaper_nerm2a1.jpg	457435	dbe71eae32aa1a7a4039b0ffea8992783b5e7cba192064101a96c9952b0b2a60	binary
system/etc/custom_config/wallpapers/common/default_wallpaper_nerm2b1.jpg	968693	ccabcd4a1c52d0b342c9dfcbcafe1a846ced66753ec79c234284a840b38fb42c	binary
system/etc/custom_config/wallpapers/common/default_wallpaper_nerm2b2.jpg	1074021	55dfd652550bdee65253d57311cd9620ba5def5c33aea8db93bd58d5717d35ed	binary
system/etc/custom_config/wallpapers/common/default_wallpaper_nerm2c1.jpg	780141	d329f5a9e5021445837782dc53b4d729f224ad7fd1ce5c830fc0216c4288620a	binary
system/etc/custom_config/wallpapers/common/default_wallpaper_rm12b4.jpg	1040035	9efce3d3906d2c8f0e2ea023adb40cbcffe3bf2c09895f8e9f6c9fc25b68bac1	binary
system/etc/custom_config/wallpapers/common/default_wallpaper_rm13a1.jpg	899603	aa317cc06063eb903d3ac2e8f6fd545a0441a6af165e44a7945c1be92ffbe410	binary
system/etc/custom_config/wallpapers/common/default_wallpaper_rm13a3.jpg	690636	1e1c45eace18ecd1bfcf1ae5e5680962a5a15c217d78ff07cb8df0b455411978	binary
system/etc/custom_config/wallpapers/common/default_wallpaper_rm13b1.jpg	596335	893bafbdd82f1b0014f2689560396402061739c50f1291ba99ec4d41c88bb161	binary
system/etc/custom_config/wallpapers/common/default_wallpaper_rm13b2.jpg	620040	eb4b635c299080b9dcba780f0f8da9ab23415e790c856eb4b60e0515da4847db	binary
system/etc/custom_config/wallpapers/common/default_wallpaper_rm14b3.jpg	833290	1838ba84a2e1cb3570e79ea62e239dc57c9d944d7bfb09a9b7ecf482fd849c7a	binary
system/etc/custom_config/wallpapers/common/default_wallpaper_rm14f1.jpg	727580	c8216788ca74d2daae32c31d8d01ff018bf8e8d508a9fa741cbe45b9d3fcf6e4	binary
system/etc/custom_config/wallpapers/common/default_wallpaper_rm14f2.jpg	849957	4e04677de27db7fb7e27616274ea3930fbc1bcffa7b8c564efe3140fe6bfb181	binary
system/etc/custom_config/wallpapers/common/default_wallpaper_rm14i1.jpg	874570	d72c953f27251f13f9aee23eee51c9e07e533326f07dc8bb0d39445ee098eb96	binary
system/etc/data_package_report_rate_list.xml	336	93635e5c244dbfe50fe19ef10ea25d7d8cc8ac314b1a33ec1a1bbbb76223db89	text
system/etc/data_package_stopped_white_list.xml	3691	efd9c61fa0a7be2fa38147ea57739baf3e3937a4efae3bc6f193413abf4f5089	text
system/etc/default-permissions/default-permissions-abroad.xml	361	83e52c60699b2c926bad2ea7a3e38e6daaf922ca9cc00807a2ceec0672fe349f	text
system/etc/default-permissions/default-permissions-meta.xml	206	14728788818c2d2acd09b167b333e87eaf3ff868e0897074d07c86060a4dc884	text
system/etc/default_5g_diag_logmask.cfg	3968	b3530100c18d70adc07e3692455ce934f193bfe65a79c388fcfb65ed1709193c	binary
system/etc/default_adpl_logmask.cfg	3982	272d9e3eed96bfd7c34aee1ebff1a09e95df593d5ebf826ef3c67c18dee41221	binary
system/etc/default_diag_logmask.cfg	4175	4f6ed1cfa3ba3f9649e75c0106a04645d4a67c016e0087dd7086f68354d028ff	binary
system/etc/default_screenshot.png	1309	4e04bc6e627d3d89fd01b151caa5dc1aea432318786093c42bfc17e5f47aea2a	binary
system/etc/dirty-image-objects	107909	e66b71964a5a8b2c4c20c9b446e402aacc513c5e5f4b470995c57c1e9d58dcd2	text
system/etc/dirty-image-objects.fsv_meta	8192	c511181887fbee1f3b74dfcaaf6df5b48df3085adc08e10677c924030280bd38	binary
system/etc/displayconfig/default_television.xml	647	3b4df1560c2a0d77dce75574dcba48e8ca9f76dca03b0cf43335c1b90b7f9479	text
system/etc/event-log-tags	40581	635f89b866cf3d36a26703b3a53cced5eccb5b96e2a83b752b3a9454fb59ea98	text
system/etc/font_fallback.xml	38224	8248129b9e6374a9bd7cbff5b4d4ad16dd674f89c05afefa0393309765475aae	text
system/etc/fonts.xml	98645	7e656c49e2909f2e78fa63eab23839bed23f537f0ec42c706cc1e9d67db677d2	text
system/etc/fs_config_dirs	152	b72bdfbeeb94826e8d4ce3299443a304aff6a1e57e74f00773cda83ae137d1d9	binary
system/etc/fs_config_files	160	02275b7666da304705eb8f9a6045391190e702f8ced25629b944d44004adf45e	binary
system/etc/fstab.postinstall	1334	251db378f7f88b268986700232cdde0541197e5ed68ff04dc04a441f6b477d37	text
system/etc/ftrace_synthetic_events.conf	114	2dad34d8e84419e2abcb7ff5edc89a087ef7d5864489eb7ec3e3978461bc887c	text
system/etc/gpp_app_list	7685	f4ff015fd09f68734b8ce0c85639d239ba71b9c032924e6b9a237a0320b02e39	text
system/etc/gps_debug.conf	1871	1f902e124a4ea5e96f359736e2c8d359a72ca22e668fb8a35aeabffbeb452ce2	text
system/etc/group	0	e3b0c44298fc1c149afbf4c8996fb92427ae41e4649b934ca495991b7852b855	text
system/etc/hosts	56	425c3e713d5bae19b031bc8639c20c6a23e311a54647ba1824cbf45969a11ff4	text
system/etc/imagestyle/candy	1761887	5e58cd8895b43d7744ab199772a80df939c28aed3ea75fedaddb87d93f01ebc9	zip/apk/jar
system/etc/imagestyle/cubic_bjsuo	1761899	1eea32f8ccc52043ae864805354598372b1eea9458bc0a06a8c4ae1baa168ab7	zip/apk/jar
system/etc/imagestyle/curly	1761887	d9fa0dfcf0bf6ae5be40744eae26b8b2b7e716211f22a5604b98f8d696f230b5	zip/apk/jar
system/etc/imagestyle/feathers	1761887	88d2081c1bf15059205404fe1077dd494baa9557f06551d3e75e7bb5476278f3	zip/apk/jar
system/etc/imagestyle/gothic	1761887	d05fa6f63fe0bd6cde16f710b845641ff248f1e292a3e618d2dbfeea40061c9f	zip/apk/jar
system/etc/imagestyle/guofeng	1761883	1dca9fb235921a9d6b489b8169dcdb89d70d6abcda3fd3257c4a6a4d7fb00637	zip/apk/jar
system/etc/imagestyle/jihe	1761883	70daac66691bc221333b840f5f8b9cfb0080a60bc61dda19db236993856c3866	zip/apk/jar
system/etc/imagestyle/monai	1761883	18e9fa7b67d2962f6ddb55e8521c9e9032979248085eb6036f101ced79387aae	zip/apk/jar
system/etc/imagestyle/scream	1761887	8449ba381b473ae257f46c56826964e7f4b164bf8ef0fc34ee390130dc894524	zip/apk/jar
system/etc/imagestyle/solid	1761887	ba11c0669622336b6de355d093cda0a66731efb754b9916c0584f673fb68e413	zip/apk/jar
system/etc/imagestyle/starrynight	1761899	9c1b65005392cfb7b05eea59529100bcda33c67d32d08d7813efaa9497486486	zip/apk/jar
system/etc/imagestyle/wave	1761883	b510ca67b536c81e121437e66e0eb2ea8a1b8e20da40bb09a8bec990afa117c9	zip/apk/jar
system/etc/imagestyle/wucaibanlan	1761887	ff34cad4f3357eb1c5cc7156a3d6e6ab8dec81215a290fe397c534bb52f431fc	zip/apk/jar
system/etc/imagestyle/youhua	1761883	cd775ac11418dc6a57db8e2456c01a31c39e92d4d2088ff370f9f8c6f59aa697	zip/apk/jar
system/etc/init/aconfigd.rc	940	aebb9d75e9ae5bf3571ddd0c09d8a7f934bbd8f9f12f0dab82b9521485291a09	text
system/etc/init/android.system.suspend-service.rc	162	ba2068dad761c4a681c48fdad42ba1102d1491789328d0eb583899e0dcf18d4e	text
system/etc/init/apexd.rc	1197	1f4fc2d8195da261dddcbbc3cf0759ef48b2d14c4e98c445be0bb50a4ac077ba	text
system/etc/init/atrace.rc	26976	8938bc7d1c1030447b14eca0c6d15da89c487947a26e2e2964b943e11a54669a	text
system/etc/init/audioserver.rc	2435	0007967a7c056469794143f459872805b34a7abd584b055036dbaf2048d64834	text
system/etc/init/blank_screen.rc	113	1e4d509471f2f88e46a15c1247bb0e5d8a4732b2dcc066eaa09aa70019e525be	text
system/etc/init/bootanim.rc	185	d7854acbd566ba7985fefa5aa87602c42814ed5a7ea5904d2628ac4f9444f77f	text
system/etc/init/bootstat.rc	5734	43918f0d64d05b78a5f050dd354fe075c11eeed6062f4a8254d3a873a0ea22b9	text
system/etc/init/cameraserver.rc	367	799b86504eb7b40c3f162dca4371c754639d9da0ca8435498433e84411580866	text
system/etc/init/cppreopts.rc	1690	0e236c52663a4126a2c1b1aec315d6cb52e4f117d585fb5b4a0be5274ec83476	text
system/etc/init/dmesgd.rc	647	fb3c26e424a78839070c6fa79c6b35bc426b9218972ceed883308424d7b34301	text
system/etc/init/drmserver.rc	256	e35d0f49ea371744d2acfda7305112ed5d72d1f59401fb1518a99bbe4b3cb4de	text
system/etc/init/dumpstate.rc	1135	a00fb191238f59590707acc8ad853dd39644188921568c64ea624a8fe11a4ba5	text
system/etc/init/flags_health_check.rc	504	76c3bf64f41057bc9c9ce0ca433f71c5d6a0f42cd4bd17c0b696debb97763239	text
system/etc/init/gatekeeperd.rc	140	d03a1ca16e4db87a11d47d03433f5d31cce5c9251f3cf8f5bd52f74bf3a9ae64	text
system/etc/init/gppservice.rc	256	131106b7c193ef2340ff5a8393a6b76113a4ce0332632a16720a8c02fb29678d	text
system/etc/init/gpuservice.rc	102	a4f71d84d4c830c08aae58a434727691fa972a40a2b5cb8e2288d2d80d42f7de	text
system/etc/init/gsid.rc	1026	8773e53352edb067d53009799cbc4ce8f6280e65d325bea5a06cbf171c828364	text
system/etc/init/heapprofd.rc	2121	325c7e57909523e3c617a4d28311f5f15c575b69c0ccbf96c99d6d657b0a6475	text
system/etc/init/hw/init.boringssl.no_zygote.rc	392	afeaef2628f6ab1e7352f49274aa8e745ea2ceb4555f7216e732856b56b61c32	text
system/etc/init/hw/init.boringssl.zygote32.rc	392	afeaef2628f6ab1e7352f49274aa8e745ea2ceb4555f7216e732856b56b61c32	text
system/etc/init/hw/init.boringssl.zygote64.rc	196	dbad9c5c5b6dbb16615f893c03ccb3be700e1054ebd90ad92bac82c1e50a1284	text
system/etc/init/hw/init.boringssl.zygote64_32.rc	392	afeaef2628f6ab1e7352f49274aa8e745ea2ceb4555f7216e732856b56b61c32	text
system/etc/init/hw/init.rc	60996	4c7d5bfdd540b485b55ef103e4780e166962928bf2d9c0a26d845f5702fad7e8	text
system/etc/init/hw/init.usb.configfs.rc	7690	1384154db54fe5a8b3fb62f9c8e9c6732c379066c941364c25d853ac55aa994b	text
system/etc/init/hw/init.usb.rc	5932	b42a64eab42cdb0cbdce037348696b5169e50007109d3dca32acbbcebbb6c4c5	text
system/etc/init/hw/init.zygote32.rc	878	52e22565937423dd454c509f8ac7d16c6321f5af37a76a60443e0463ac8a4099	text
system/etc/init/hw/init.zygote64.rc	901	7be8fde03ec2cc4417aecf1a79163e0e4088fdff02ee6cd2426d02f91127e479	text
system/etc/init/idmap2d.rc	84	4dc195022f473d4b93770b441997d7086dfa07de82f73a713167bf6d62596779	text
system/etc/init/incidentd.rc	851	a989c870659f49b09f9fa618513cab952878326142331af9b7d2a2e59629c7ca	text
system/etc/init/init-mmd-prop.rc	1135	f24dbe181dfa97841d7f6f4c4c0ba1cdfebceed6c6c5f28812790446f4779882	text
system/etc/init/init.nubiahealthd.rc	438	b5012d9b12756186ca8d10cc347b17ed037d0406ca51f02ffc6b17527abeac9b	text
system/etc/init/init.tgpa.rc	571	2e392843c37bad0f20c7df6222c96ab9f7d809fd17290359635647369905b5f0	text
system/etc/init/init.tpperceiver.rc	186	a0c9dcd4b7a81a32f1244635dcd996a7182e68017995f1fea79af747a46c5a98	text
system/etc/init/init.zperfcube.rc	167	1f6767dca7eab09837443731e7eead6ccfbbbd0699e1fa35712159c566d8792b	text
system/etc/init/installd.rc	4783	fcb59d1c3f8e49c5348d383805ca287b54c24d8f8fc3b70378078736676ed4a2	text
system/etc/init/kcmdlinectrl.rc	944	690982e3b0b3dd0153903b0e463d8c60f7855cc92d9926e9d9a5d921ef6a0730	text
system/etc/init/keystore2.rc	732	8e8688ddc5841d25436100e96cc564715438745623087391f4b4894fc15ce465	text
system/etc/init/lmkd.rc	2750	c2f702d5e949ceced40bbf4ac400dd63ae586c9b26564b61bd7bf4b73495f626	text
system/etc/init/logd.rc	1006	26378c0ea5f8d424616760c16522d6c3f300daaca75929720dd6b8383cab6e56	text
system/etc/init/lpdumpd.rc	1346	8bc75276337f68cbf977e1bb732e95cde28d5a928f4d3a96155c52c3f5b73b5a	text
system/etc/init/mdnsd.rc	142	6dcc3f787ed0bb94abb3843504604625c62852072219d8bf15e8628baef2cb95	text
system/etc/init/mediaextractor.rc	162	679f6722ee487f9ea335754f74198ff5969e57b163830ccd8fb31ae4401321b4	text
system/etc/init/mediametrics.rc	162	9a5101b1399525b66ace536a371dd48ee3513c4976f842fef544ed7e52ef2130	text
system/etc/init/mediaserver.rc	478	46aafe79a79c2eaf575a80af053c6b64eb2c711ac042060f547a2dc6a268d9ab	text
system/etc/init/misctrl.rc	105	7cc878b32487f411a158cf1442bfbfaf9fdfe68f2cc1db1fa90c62bc5d1f7d6e	text
system/etc/init/mtectrl.rc	1885	29eac36d897e17ab5d960bf27950e4086f94cdd368f73c5578c9598b1308a6cc	text
system/etc/init/netbpfload.rc	3907	b084ef36f4410b92ebf71ba6644baa989b84267b0d773661ecaebb7ea5a3c270	text
system/etc/init/netd.rc	1602	f3649dbb95b5e57b7543213a07079d1e900d5cdbcf498f28334a2981a940c96e	text
system/etc/init/odsign.rc	517	050034426570b9e084accefd20e69d636e3fe9cf4d043e75ca067b467d4e36e5	text
system/etc/init/perfetto.rc	8724	c801160e9b999e6773a132b770aea62af1a556f67322a294bc48d99b042a8088	text
system/etc/init/prefetch.rc	1251	6205f0483cfd63b43150c2bed9238329f06ee4dfa9456e1a18097286116347be	text
system/etc/init/prng_seeder.rc	307	6c4763c65ab372e459e5b1558e733fa08a85615198d2555a4112276b47cb71d4	text
system/etc/init/recovery-persist.rc	127	0c5e3bee4329907791a861067722bbea0d56ad6639cd796fba2526c26bc975fa	text
system/etc/init/recovery-refresh.rc	76	0f6e0fb90d9d9d964fcc29b299f60c292b56882b06676136758e015e849839fa	text
system/etc/init/rss_hwm_reset.rc	900	22e991061614907864fc59838b0eea34037e6497ac356b4ba3c196af961eb4e5	text
system/etc/init/sdlog.rc	225	05fe79b1c8751ffd6ac85180f8793958f3777126915f557a91aed8741241749c	text
system/etc/init/servicemanager.rc	522	36b87b60901affd28b0c500190fac30f1b7ebb9c8db63c0d14a08094ed756460	text
system/etc/init/simpleperf.rc	480	526982501006570fd3e39855e3d8265cf0094178c9d7cb1e0e1ee28ec97c15cd	text
system/etc/init/snapuserd.rc	537	3a6966f87823b2726a231e7244adf78ad91d581bf4e8b1580630ebb82cc6c498	text
system/etc/init/storaged.rc	176	91bbdb0a4b307a9edac822cc8503e6fafa10544eeca8f5d7a24c7dce964f801c	text
system/etc/init/surfaceflinger.rc	233	c6f8279f4fff66ff9add26a521a01dbd563a38576c0f85e2c7d88de78e2c167d	text
system/etc/init/tombstoned.rc	297	fc4a4486332af51be3fa98e77ab4cd6cb4e13d738c061e3e6ad47aafdf4490d4	text
system/etc/init/traced_perf.rc	2137	757876dc3c2c849394c600b5b823d7a1cd45cb8ba63923c90020be45525341eb	text
system/etc/init/tradeinmode.rc	431	2d17e7087250a77ecdc31c9583210b83cb12b963a96e71c2d095c1f3c74d4c83	text
system/etc/init/uncrypt.rc	432	f81c7bd365484cc37a1dff173b0963782c4e1134a80feec07ef169bc2773477f	text
system/etc/init/update_engine.rc	346	c3f304b275a228b60bf148211ca74f32b0f99a79c80e1d919bac7b6e5452e6d2	text
system/etc/init/update_verifier.rc	122	adeed811f2d98f272cb95bfb378f5f27b85df28d942fb74d52c4bd32f56e9b07	text
system/etc/init/usbd.rc	103	772b27f3affb6e67d1a6bc83a2b201cbdc053854789326ac9833ab84277ff995	text
system/etc/init/virtual_camera.hal.rc	350	d7e11a4db117dc8e685676b53b3b38a49d9098fa4767c1f71b5c8edcb9becf54	text
system/etc/init/vold.rc	557	80136b37c91a2ac39657336994d9081920c5a80645488449585b69deec586cd3	text
system/etc/init/wifi.rc	5821	1d2b56a4610d0ba3a02b0abe0ab05fc99b2fb8a1ce59346f16137e35de636236	text
system/etc/init/wificond.rc	135	7ec3ef548e88bcd13577b59239ca88b594454622818e4a9190ad274b1aadee38	text
system/etc/kernel/approved-ogki-builds.xml	3849	3052386c588a17cf9d721617058c61b4ec295b6abf0dd02c737d91ef32230806	text
system/etc/kernel/kernel-lifetimes.xml	4855	3ba398acf88695adc20c8f118031af01e9fd7444935b8191346db0950869d79e	text
system/etc/libnfc-nci.conf	4233	0988f1ebd566bc84f06ee3497ea06947e28a03758dd44b3aa59ee179277b296b	text
system/etc/linker.config.pb	1115	d798c4bc8e842a1a18a8564952e3eba9200f87ada0fd7bbcb1867697b962e2a6	text
system/etc/llndk.libraries.txt	437	0d6962f3eebed90684749979c00ece92ed2e0757d4d1c40129a857e2e6b7dd68	text
system/etc/media_profiles_V1_0.dtd	2727	cf428978980d5e0aa5341f7c4b55a933e9241ad220ebaed66cd88c1eabe0b0fb	text
system/etc/mke2fs.conf	1157	ad58a58dcdd24d85055814ca9cac67db89d4e67c434e96774bdce0d0a007d067	text
system/etc/mkshrc	389	57da624ec83cb61d9f81722ec72a6efa93f7ccbfbabc6e3aa3cf5348f80d8617	text
system/etc/motion_predictor_config.xml	1998	992778908d2dfa1bedbc202f8411c549080efc14edd123147807d40c349313d0	text
system/etc/motion_predictor_model.tflite	179532	66dd372bbbc7717cf64067c1257117d35d6a2c727506ea39cb1cb51b83d03bd7	binary
system/etc/multi_lands_app_list.xml	21237	a7ebabf20f5163f595b3602f5224aa904ac47717ade281fdf1b44f9778d7548a	text
system/etc/multi_lands_system_config.xml	206	6a576998bd3ee98233e620ec7995801f22744643bbff15a45bc77a1db61b5ced	text
system/etc/multimfv/easygo_com.sina.weibo_v13.8.0.json	1567	9996ee6e38d43329e435df8f7465b8c1adc2aaed7f9145badbfaf3d1af87e463	text
system/etc/nfcee_access.xml	7848	930b7b3cc88f73eee9804b1fff3e1d1f1b438abe7729106eb8034bad719742b9	text
system/etc/passwd	0	e3b0c44298fc1c149afbf4c8996fb92427ae41e4649b934ca495991b7852b855	text
system/etc/pcsuite.iso	11257856	da72c082522ba28c888461e22a403b50bb1240986a2f8e35a15d7585690ba875	text
system/etc/perfetto/persistent_cfg.pbtxt	2269	685a26b1e3f9e1f0ac625e984f3b6096ba8926cbe40e2a0f5f9957ff32e87ed6	text
system/etc/permissions/GoogleDocumentsUI_permissions.xml	1926	ddc6e7675d2bb00f88fe0c888c24ca6f509286f33c60cbc4fee09c92bb0b6172	text
system/etc/permissions/GoogleNetworkStack_permissions.xml	3295	70558c1bd94bf86191b0dd6ddb21a01eb25ef55182509aa80b528e90030aa8f4	text
system/etc/permissions/Nfc_st.xml	2277	64f269c83841debf702b41330784447edea74ba2baa71100c3c78bc6576df497	text
system/etc/permissions/android.software.live_wallpaper.xml	1050	055df9cecfb48a0d39dd572f695db812d032d81f68c83e76a8bab16b274caf7a	text
system/etc/permissions/android.software.webview.xml	748	2e293ff6ea02063ea3835e42e7a5c17fc5a15a46fff0af486c19dcb5b92fe821	text
system/etc/permissions/android.software.window_magnification.xml	895	b3e89beac4f407f1b3acef0788fb6829993a24e0c3035e0e6e00fc266fe92dbd	text
system/etc/permissions/android.test.base.xml	797	449eb0b5787d87d8abfaf3a3d00b6b7c908c043ccb9c8120c231ca2fbc7722bc	text
system/etc/permissions/android.test.mock.xml	797	58303c4148747f0cdbb6d45445d55fbdf93b99818403ef71ddaf3c79ef29c964	text
system/etc/permissions/android.test.runner.xml	801	c388d758b7405b8dcbaafd459a57c9f5b403f0bb3227028842e8453c9d21cdee	text
system/etc/permissions/com.android.camera.xml	224	c434ecd5613c1c1d24d1b61443b51b92a89a93f626d06b87fe02c1e738ae6172	text
system/etc/permissions/com.android.future.usb.accessory.xml	827	41a19713a08483fd81f5611456c8868c6e631b2fcadbfff435098f5ee3372159	text
system/etc/permissions/com.android.intentresolver.xml	1199	866f730bf08e562c55f583eb1066ce13d36383aecdbc852ccd226a18961c63ab	text
system/etc/permissions/com.android.location.provider.xml	821	4ec4ab50c51a27a1be9d2dbe9209f35e86a0af73716aef89ff48158c5a6e338d	text
system/etc/permissions/com.android.media.remotedisplay.xml	825	0aa455a4959424c5d4c568b5df06f529e7496a4df723b45024522fa2ed2ba48d	text
system/etc/permissions/com.android.mediadrm.signer.xml	817	bf033af8111f75db7ab6ccfc4bb93dc89b15636e8add6048bdf234059cbe7fb8	text
system/etc/permissions/com.android.nfc_extras.xml	807	dc7cf40870a1f652ab1068d65973ba2ad7c06ebe06baccb9fd662182b56813c4	text
system/etc/permissions/com.st.android.nfc_extensions.xml	197	95d65222141283cb847fec6303632088673a36ecc3487cf397cd323d3db84f12	text
system/etc/permissions/com.zte.beautify.xml	394	940a325518e94f939b1b0502f920c9d0de6132d459d10030e0722f51b1191d9d	text
system/etc/permissions/com.zte.mifavor.globalzboard.xml	394	59d797918ed2aa524f76c119fced5e412ac562b7d86fcb5186c887a86c986d58	text
system/etc/permissions/google_lens_feature.xml	134	342be7bf8901ce34a3fce6ec6931d9a980eda6341b8442405c9254ac8e769012	text
system/etc/permissions/javax.obex.xml	783	81c400bb23b9345d46a7c51b011bdfcfdeafbd6b60d4c0f2caafcff644f06916	text
system/etc/permissions/org.apache.http.legacy.xml	807	708e3464888f4211456eea7b80d9a6f134628e47c2b8a92a850277cbdee123d2	text
system/etc/permissions/platform.xml	19802	3665c8580f1b82e9cd1628f70b3774e7ecb9555d65dcce9fdfb9a57d9059e68e	text
system/etc/permissions/pms_sysapp_removable_system_list_abroad.txt	73	3c1ddc9ac5babef53333ce2c354511ead1a9fe6705bc79d0c64271f1feec2508	text
system/etc/permissions/privapp-permissions-com.zoem.rt.xml	791	0bb34e37aacf8436880479041d07413ddd1b486dc7a8f3ccefc33759cdd56dbd	text
system/etc/permissions/privapp-permissions-device.xml	8243	34fbc1e2644a15aaae9b40927c5f91a6c1217725104fc2a7d7a01818139d65d5	text
system/etc/permissions/privapp-permissions-faceverify-zte.xml	1483	5a1bd3e8f8ac7a8136003bd0c5f55e89289bd1a1f0bd540deda6d99e0f35dd53	text
system/etc/permissions/privapp-permissions-filer-privacyzone.xml	1336	229267095db6505055f1924eda7637e5b550697c07242c10167e8f447d94e97e	text
system/etc/permissions/privapp-permissions-google-system.xml	1182	9cebd274bc72339a9585607ddc77de1a9b7e818d528b81dce3f8f08ee0463031	text
system/etc/permissions/privapp-permissions-ims.xml	1144	187694fa1794eb53a48125340b60750d86ac6dfee3779343a46c5440761e6dcc	text
system/etc/permissions/privapp-permissions-meta.xml	701	b208fd9fa115cd878dc47c2e1b6fc5f162089789df3b92c641703d5730401435	text
system/etc/permissions/privapp-permissions-nubiahealthy.xml	301	eab42627d82a373746a5c3891a4ccb16073d90e5785fa0fccc967ee5e2955d2e	text
system/etc/permissions/privapp-permissions-platform-zte.xml	15394	c9ef87d27ec42a3a82773d3c82d87800f93417e75d2279950f47b975e9ee9b15	text
system/etc/permissions/privapp-permissions-platform.xml	44914	2a9536045ee3b8e5e9052c9a8abd1220f79ac0c833e1d112facb8efecbc3dc51	text
system/etc/permissions/privapp-permissions-qti.xml	4339	243f5fc524026ec578114fd370396bf4706ae61a637eda7d2ac1bbb73d8e401b	text
system/etc/permissions/privapp_permissions_whitelist_cn.nubia.virtualgamehandle.xml	1417	3814e549af242bc8eae61a846e9a1f6b445b978a2ff826c2b44ff4cde29810a9	text
system/etc/permissions/privapp_whitelist_com.android.providers.contacts.xml	1425	9d6cd92a300d2b29ab03587835fbfe329858abfb7e3cf506a8d2dc4ddab7e018	text
system/etc/permissions/privapp_whitelist_com.fingerprint.sensorservice.xml	1017	d89881b2da8f8130c25da03c2b9987db7175fcc94b6c13354971d4a9af3ba761	text
system/etc/permissions/privapp_whitelist_com.zte.fingerprints.xml	1480	2b3026a3e798b48be230a6225c6f9ae26498c9a88baa7e4a675f760a44257fea	text
system/etc/permissions/privapp_whitelist_com.zte.powersavemode.xml	2146	cba1fd3dd3e4d27c8ee7ff3e45385fd73da4c01958f1d1efbbd631652a1662b2	text
system/etc/permissions/privapp_whitelist_com.zte.setupwizard.xml	1007	d0b513700508e8d0823bd1a7cade55497b4de1314c3b7865a02f4135570c3872	text
system/etc/permissions/privapp_whitelist_com.zte.zgesture.xml	1066	f19a494ab53c250a2484404449b89f2755869d0abf52161bd51f6497c3df6f2b	text
system/etc/permissions/privapp_whitelist_com.ztefingerprint.service.xml	1285	a7b847452436d141101279c945859505e968dc06c17852afb7f6534f113c9edf	text
system/etc/permissions/services.turbo.google.xml	213	ea210492c45b9df6a0fc17566ca20846bb95768836e71f005bd36790be490c6b	text
system/etc/permissions/uimremoteclient.xml	328	51e59df550ea01f59e7ff83135b1e6dd25970978e4c14e5b2a57d523617e8c84	text
system/etc/permissions/uimremoteserver.xml	329	37b87531ba2b2950bd6c3e784b45dcd01aab75758914b2a81bb5d2c6b3323116	text
system/etc/permissions/zte-interface.xml	166	a67f87afcc3b3f07682d9537a7f949fd28058b131beccd9c981c98f7e8f69204	text
system/etc/permissions/zte-signature-permission-allowlist.xml	677	bceb5177a17fea4c0432a3de808a0fa069e56442c0c56cd4ef607a0c9e213030	text
system/etc/permissions/zte.com.cn.filer.xml	371	c4aa9e804cb46daf9f1ba8e19a054f579ce251bd2d1da0cc974f811b98742665	text
system/etc/pictureclassifier/CameraLabelGroups	357	a554b13953577a961184e1724653523dcbe25b128b7f53cdb00a890d81786a2f	text
system/etc/pictureclassifier/LabelGroups	357	a554b13953577a961184e1724653523dcbe25b128b7f53cdb00a890d81786a2f	text
system/etc/pictureclassifier/MultiScenePictureClassifier.tflite	11628904	df76816b4e5045c035f5776f8ebffec7d31dc0fa53f1175d4079b3ab05b20f08	binary
system/etc/pictureclassifier/PictureLabels	374	46e79f2fda20b1d12fd6630cc47611cfc60bede3480cefed952471a00020e299	text
system/etc/portrait_segment/mattingCache.bin	82675088	8e0b64d8427555c51b113f531704c123564c8c2954c069dbff0726071bab4b30	binary
system/etc/preloaded-classes	837966	b6fddf47ccd13424d831f4b22d249438d04f6c2ce337f71978f486311505c220	text
system/etc/preloaded-classes.fsv_meta	16384	87b6cdcd10c56e0412114aa89a11d87ccad692c6e67043512bb536ed48e6f3f2	binary
system/etc/protolog.conf.json.gz	26146	ba438c0c03084a9a286ea8170cbe4176751c680b77c2b8d0d4cd10685065a0db	gzip
system/etc/public.libraries-qti.txt	56	03c489431a5d819db946c3c0d6cfb1974fdf1a6467de631f3435f273cf6a9062	text
system/etc/public.libraries.txt	549	63522af72a927a5edb7df539f0f3643f44a91fa11b64cac977796b8ee50bd96f	text
system/etc/res/images/charger/battery_fail.png	1368	a6adc7aaeee6bb1db8ad1dc3d6c2185b166fa106286092d300bfbb0aefae00a2	binary
system/etc/res/images/charger/battery_scale.png	463	7c95e165f9696d9aa61cf5abcb5cbbafd6a00e3ebb50ac20e1fbc533834a8cfe	binary
system/etc/res/images/ztecharger/FC00.png	810622	a5eb1cc974c0b0d86b1a42fc23e79f6bbb45fac8c4fd94c0499e57d408bc6a72	binary
system/etc/res/images/ztecharger/FC01.png	789300	6727d9e88ded7f042ca6ec68a7a557819dedef14d6c57d02acd4ff3ae6f91a20	binary
system/etc/res/images/ztecharger/FC02.png	796526	9642813630a920091841f73bc30f2a047fd1a351a7e27861d49644c43b802082	binary
system/etc/res/images/ztecharger/FC03.png	807312	c47443e2c5c0637c60f92f818bf9ce348e3b4bf1b12819f01bd62975df55482b	binary
system/etc/res/images/ztecharger/FC04.png	821148	fa277da8854df5ec51cef6e2fc0509d877114ca5d2febef2bf4668fc6b227263	binary
system/etc/res/images/ztecharger/FC05.png	833045	a1a0bc42581ae3da638aa692ad18669ed14624a0882e4e737cdd474dbcb1b319	binary
system/etc/res/images/ztecharger/FC06.png	849579	4a1ec6d6e269a84cb63efc9608548973d401ebff896252b899c31697703b9056	binary
system/etc/res/images/ztecharger/FC07.png	869709	339fbb56169e840432aa56f74a87f7129914c177b08febe2472b31042064a640	binary
system/etc/res/images/ztecharger/FC08.png	892791	421f91a2af3a7c2e0f0f2d2ed83c6512d87d6393782fcd95cc3128d588a38f1c	binary
system/etc/res/images/ztecharger/FC09.png	910543	027ba82ad24a8baff9ebdf161be819d9692a315c9224b4b7ce4448130d616d8c	binary
system/etc/res/images/ztecharger/FC10.png	918533	481097b330d1bb8946bdeb4cb440261662965afadf12706ce423face9396c5af	binary
system/etc/res/images/ztecharger/FC11.png	933129	657a179452f3ad0af055bbab49e7106d387ef8914d42dde0b4f6accde783bbac	binary
system/etc/res/images/ztecharger/FC12.png	941933	f32286802786def8ff936f9360e1baee0972af02e561c221fc860bee47bfe71a	binary
system/etc/res/images/ztecharger/FC13.png	944277	538452350b526347b8be8a8725461a2ee966989fd90c67397c7ec1dd3d24bdb4	binary
system/etc/res/images/ztecharger/FC14.png	941522	695744efdf86697f878fe32c01791c07d18149bc032f0a24855d44c838cbab46	binary
system/etc/res/images/ztecharger/FC15.png	931496	b38f295ae19acca5b2437d988ebea5fd315ecead93ab79da344bcd400eb44a26	binary
system/etc/res/images/ztecharger/FC16.png	923191	7eb9ef0448af6cd7c5a78061b73e46b86dedb093223b8d9bee9ff2e233ac8d57	binary
system/etc/res/images/ztecharger/FC17.png	920174	067b51ff807c1c31aad73147beb9e90f1f069a1f168efe3a1d127704c29d2eba	binary
system/etc/res/images/ztecharger/FC18.png	912896	c4b70b9a8408d499d005359ee238ef885c19bbeb839c22b87198ad9f678d2920	binary
system/etc/res/images/ztecharger/FC19.png	901942	d191d5fecbaef555c3b146d3366ff34e5c21c72356d8d9a4c24579026466d2f0	binary
system/etc/res/images/ztecharger/FC20.png	838428	55fd50996dd53c047242729abb654c3d8efcb4a50f09d757e48e07a36d161612	binary
system/etc/res/images/ztecharger/FC21.png	809327	2223569d962bb9a5e34001c015cd7045ba32a232b550d0572991bb9c957d2390	binary
system/etc/res/images/ztecharger/FC22.png	790143	f6d871798fb7523b1289048efe35e8cb02eb47a849f7b24933731e75dd450ede	binary
system/etc/res/images/ztecharger/FC23.png	777762	bd799ddeef3445537a50e9a155fe0897ec04c34362495b049ef20b4d38cf0c1b	binary
system/etc/res/images/ztecharger/FC24.png	769487	8afc6fc70407ea894b5433ee6b1326d7720a2413e707c1483b7999c367e350c4	binary
system/etc/res/images/ztecharger/FC25.png	763442	aba188c2c6a4ebf0908c69a65a7cf9609a9acb9526ac224dd880a94d620fb4d5	binary
system/etc/res/images/ztecharger/FC26.png	751423	8d526e6b6438bba0f42c9279ea5b48552cc6c6cc75cd88836fb6435177bb64f4	binary
system/etc/res/images/ztecharger/FC27.png	741838	1dd87c674c30d456bd78fafdae3485adc86358d5301e128df2f29e321814898a	binary
system/etc/res/images/ztecharger/FC28.png	739309	35cc7dfa2a2e2ae27b9fe1ca78189e8269f10ac1bc3414a754acef5441688b5b	binary
system/etc/res/images/ztecharger/FC29.png	740219	8b7a9df09bb7b79f235c90f5c7b9e33513d47e6dae73860328ede6fd78b38632	binary
system/etc/res/images/ztecharger/FC30.png	743490	f7b5c90696465aad96f92edc38e948635ab08a9c0ccba085a30f11c2d323b546	binary
system/etc/res/images/ztecharger/FC31.png	746265	66e2265bce31ae4800d193aa61da365067fceb3bc1cdbbfadcf31be0a8125882	binary
system/etc/res/images/ztecharger/FC32.png	740117	5d629a3a1d6eec8c02961da1b7c38d84969a551347db6d55986a49767189a26a	binary
system/etc/res/images/ztecharger/FC33.png	738766	925fab6b1272628bbccc8454b8fc15017cd327a095d514a78655434f7cb291c7	binary
system/etc/res/images/ztecharger/FC34.png	740128	b6e30d0eae01a5bb3c6a7d01e971b96db983021ca51f4141491c5612ea49b56d	binary
system/etc/res/images/ztecharger/FC35.png	737277	3c11b546fbf15e78ad29efedf9f6c634c122afae528876c55c5b86e277575264	binary
system/etc/res/images/ztecharger/FC36.png	736477	1023c74d0fb3d83c6edc8bac010a92000d104b8db1dd4ec048a46706a2306914	binary
system/etc/res/images/ztecharger/FC37.png	740471	165fd7dc7aef5db9a0d42354a054af1b06a8366c93d61bb01226148b34572d46	binary
system/etc/res/images/ztecharger/FC38.png	745908	4fa9e962e06733e1831c7ceb07aa6b8529d794b5088aa3dad5585e95bf171bfe	binary
system/etc/res/images/ztecharger/FC39.png	752958	f2eb246c23c26981f9f5886c37bfaadc10a0a6a2c98c23085681f0d49423c9ed	binary
system/etc/res/images/ztecharger/FC40.png	759814	e581911c95a5c1b697c1effe2f3755c19d7c0ca1232c5f07fa087369b8be78fc	binary
system/etc/res/images/ztecharger/FC41.png	770926	d2045f9af759584499290ef386524924d1a69dd4ffcc0860f22961d4ea5ba48d	binary
system/etc/res/images/ztecharger/FC42.png	790595	005f67bf583664c60dd42d69db3a2e86a99c9c52aca10741c6d2e79fe4d47700	binary
system/etc/res/images/ztecharger/FC43.png	812384	7c9692a4907d61835ed46f3b3c643bb54588f3ad6b6c45d7b1b602ac68cc2b65	binary
system/etc/res/images/ztecharger/FC44.png	834920	019acc47705f4b49632c07727b6c4a1e63cfcd9e675f773a9374392e62ba5bb7	binary
system/etc/res/images/ztecharger/FC45.png	856835	f7c40b6f442edb27e26fe223e2973497501efe2f3d0120fd2e63fd2ff6a380c5	binary
system/etc/res/images/ztecharger/FC46.png	880668	ee6e1c09a882320da8f068a02099d9b0b2e7f48151f5899afb75c36f89aac7b2	binary
system/etc/res/images/ztecharger/FC47.png	893459	4392aae6f58b168cc6308d2882bd6706dbb1c80d32bafd1a977fdfb5644dc4a1	binary
system/etc/res/images/ztecharger/FC48.png	895853	41d664fd78446c66121462a21ace4f091979d3f9d406cad87e2a704eeee6faef	binary
system/etc/res/images/ztecharger/FC49.png	901399	d6bf7d82382a01eb59d37b382302cdd9e396fc4106c9a7279ed9df22d53009d8	binary
system/etc/res/images/ztecharger/FC50.png	910385	0ec10143f9f3b259f18dbddef18581d7b6976f3d19caa16832f68fa8b745e6b3	binary
system/etc/res/images/ztecharger/FC51.png	922374	83f561a68e763e129ce7b6f337fc9e65cd1b72c4129d26d96bb2a9af6f53d79d	binary
system/etc/res/images/ztecharger/FC52.png	920010	8cf7dcabd125145ce0aacbdc4f62e7622c93fec50589cb06a5df667c2f87e281	binary
system/etc/res/images/ztecharger/FC53.png	909776	de35fa8664a226b6cb39ab754b7d41b96c821b57c039846d9cc1314fda415b14	binary
system/etc/res/images/ztecharger/FC54.png	892506	55bf43aea135b44c62a87ebf15157af10e99f4cc2e4caea9c7c84e3f47b240a9	binary
system/etc/res/images/ztecharger/FC55.png	877265	3fdfc308e660684e43ac42f3900139b93423f8ce65520bf01b2da42c2fe9ed3d	binary
system/etc/res/images/ztecharger/FC56.png	866900	6e8ee3a6b63955bdc336d4b24988f29a3cf79b7dc4ccb4c67686512484398fd2	binary
system/etc/res/images/ztecharger/FC57.png	854255	59c78a93c1f170221a3aca4f0f929e0b644529ca853602bd63006464203aeb1c	binary
system/etc/res/images/ztecharger/FC58.png	836764	c739670ad6c849ab45cf36f21119d7b4864d526cdccf64eaa68e8374dd27823a	binary
system/etc/res/images/ztecharger/FC59.png	817559	a7f03f40abf02ab5e0f326b6d27c5d797b34c9ae2c262bb9e294acd92bfca286	binary
system/etc/res/images/ztecharger/FC60.png	799764	de2009fa5d1899062b802d7d4c6835fe6d6abb4b6f6965cbbfb34a159ffcdeaa	binary
system/etc/res/images/ztecharger/FC61.png	787763	718c602fcf712ca7662f8ca35ec6eb392fc5cb621ca34701953cc90d59d7d75a	binary
system/etc/res/images/ztecharger/FC62.png	779361	28ad47291e19b66c2a94801bce0a1f1ccbc8d6a0b9d62a1a4174a4e8accfb983	binary
system/etc/res/images/ztecharger/FC63.png	777129	bb33826833b1bdbd616a650e645eb5ab012dc36c93084ccc87558001dc0c5b78	binary
system/etc/res/images/ztecharger/FC64.png	778849	2a164f5053996581cd7c1f63faafd6c4150dc6939cf36c3cdc072f0c0895d703	binary
system/etc/res/images/ztecharger/FC65.png	777845	01e7cd92950ba0912320a0ca515dcdbc914282a60b452751ffc3514f0e610f0a	binary
system/etc/res/images/ztecharger/FC66.png	776593	60f8edabc2f3a9dda532e25a35b59cb43546e11b0254603e6eba301d19e86af0	binary
system/etc/res/images/ztecharger/FC67.png	776487	a9673cfc4bad1845301cf420a3b6645637f33da2554136ea1f9f0e9648cbbdbd	binary
system/etc/res/images/ztecharger/FC68.png	777313	b8930e78fe8b5573e4b7b906f6e683a95495d0be0156b8c7a389a8a0f04471cd	binary
system/etc/res/images/ztecharger/FC69.png	776250	3fc3e4a117d42c02eab57d5cf946b0b77347e8a010eb17ed53ce1bcd4d094a52	binary
system/etc/res/images/ztecharger/FC70.png	777535	1e0fd155c212df8f639c0d51ef3bc25a229d29ee744272e4d9c91ff1e789c54c	binary
system/etc/res/images/ztecharger/FC71.png	786720	e4fad701a5fd1ef1f2ab6d94585d0aa9ffd14c2081308ce404e0e5bd62d93e88	binary
system/etc/res/images/ztecharger/KCD_00000.png	372212	6f5fecfacc5e7d68a8ef62e6c2bbd72c87857f1fd943889069cd9dc52be015a2	binary
system/etc/res/images/ztecharger/KCD_00001.png	373808	1852efe56124d1aad8b658c65e02504e4ded9f4f17811dda3067ae0cda104faf	binary
system/etc/res/images/ztecharger/KCD_00002.png	373610	dfcdb8681cd4b382eb24a91896d86d7a67a607b87d171b13f4296822676b0846	binary
system/etc/res/images/ztecharger/KCD_00003.png	371396	4fa3c5ecbe197e3c1f3a38ee6fdeaa0bf9be65ae887a738a14068603dd471bd2	binary
system/etc/res/images/ztecharger/KCD_00004.png	371904	e1d959ef2b95978a358d1c2bf23e1dbfbfdc800bc5198976c3136f6463588fdf	binary
system/etc/res/images/ztecharger/KCD_00005.png	372031	f3f03f04dc6876801ffb91227cc7d80fac9647a0966cea219e4fc9fcf16a0fc8	binary
system/etc/res/images/ztecharger/KCD_00006.png	371959	1ba7318dbf035e2f6b416c567dab74136171ab76bb1bfddadcbe587a5e9b9e31	binary
system/etc/res/images/ztecharger/KCD_00007.png	371089	94ee89f6007c3cafd7b52ba9fcad65f1e574d06bb761cd7d45cae0b9fb8b8e48	binary
system/etc/res/images/ztecharger/KCD_00008.png	372536	59014a307533f5fe7be6985b8454cb64cd202b829883e07e93400f04f8381130	binary
system/etc/res/images/ztecharger/KCD_00009.png	371721	6e820619adf31583808a3f164794e06989c345ef18aa2246d8507f6f72ba18bb	binary
system/etc/res/images/ztecharger/KCD_00010.png	370871	3c14b99ead692c3d570f36f258499da90e026057a086d6e23c4f869a634407e3	binary
system/etc/res/images/ztecharger/KCD_00011.png	370642	807e900e54d61b783e98678647fc53286bcc96a93ac4d0cfcc686c8748092a8e	binary
system/etc/res/images/ztecharger/KCD_00012.png	372527	6a12324fe753b468f81b1da370674853a939a3750db615f3b233abfd9dda7c78	binary
system/etc/res/images/ztecharger/KCD_00013.png	372505	00779ca8d1309790a7ed34992683b8c36e348e1566e96302728f41b1c9c42c0d	binary
system/etc/res/images/ztecharger/KCD_00014.png	369636	4536f1789d1e3d1c87a96a724fabdc23ca2618b344854176c1dec4b5f882dfc1	binary
system/etc/res/images/ztecharger/KCD_00015.png	371308	ac502eafc9f75ac0262b55ba54ee2f6b558cc126a6381c8e4c166de0334f15e1	binary
system/etc/res/images/ztecharger/KCD_00016.png	370698	c5406678ffe6a03f7284c9316383a82e5db034de3c88eed6b9a3a06504d9b535	binary
system/etc/res/images/ztecharger/KCD_00017.png	370020	d0c86d8c9049d71175bc48a8326868f12ea67f820c23e47565facf6e24891e09	binary
system/etc/res/images/ztecharger/KCD_00018.png	370453	640d246360662e432d747571c6848f817289ea03692558e74b8f1c27b1bb4446	binary
system/etc/res/images/ztecharger/KCD_00019.png	369104	6b83779d5236601712cd7cba6289e52f57884de29836df6ae26b3f83d794f446	binary
system/etc/res/images/ztecharger/KCD_00020.png	369230	ca91ea98ce972fb8455a4b983ab100ed4f6fc00c8205f1bb062ec690deaff827	binary
system/etc/res/images/ztecharger/KCD_00021.png	370757	349fbc2f58a8127629cd415cd3d4ba7fdf3683764e1a01ffec21622b51b5b47d	binary
system/etc/res/images/ztecharger/KCD_00022.png	369422	ccfe3375637c40a8982042bcaa0eec178e74278454d2e676e6eaa19c382012c0	binary
system/etc/res/images/ztecharger/KCD_00023.png	371232	11b9bbd9d2b34b76c62bf48d77a22496fad3198ca6953de84919e89fffb5c028	binary
system/etc/res/images/ztecharger/KCD_00024.png	371724	f0dc6b48b5c5c95702b2293dda1a0d2b244e328a99d33084071d1dc45292b51e	binary
system/etc/res/images/ztecharger/KCD_00025.png	369705	aeebcf7c77f3d5d51b3df9d8b753d01ca206694ec45ff96ed0e596426fb4803c	binary
system/etc/res/images/ztecharger/KCD_00026.png	369880	bb94b953adfa67e3ac73bf79ccfd42d1c34c77fb93b2c58f00a37ff24e9f4c96	binary
system/etc/res/images/ztecharger/KCD_00027.png	371134	524a510f38a37feaf408f6233b956699fabfcdb7eed96b05ff1b8e250136880b	binary
system/etc/res/images/ztecharger/KCD_00028.png	370065	3a0d60a7b2195cda20d9e70d7697c1e6808863226866b9af293507bc1119ec29	binary
system/etc/res/images/ztecharger/KCD_00029.png	370856	d5fca20b4c05c8ad054437b9586e13a78cfcb46b198762b3c9acdd75486c6048	binary
system/etc/res/images/ztecharger/KCD_00030.png	369604	8f58c2fe36e32096889697e791a2658b9d384cbafa57eddd5f70bdee9447a8fa	binary
system/etc/res/images/ztecharger/KCD_00031.png	369901	8ac81d0d47a5c6321938c7d69254b3afcb73ad7551b6fb935686754cd5eb2ae6	binary
system/etc/res/images/ztecharger/KCD_00032.png	370914	8527cb577e1e0489d18e598a35427fc2bdb1af5da1fb3200b60b0e85016e43da	binary
system/etc/res/images/ztecharger/KCD_00033.png	370996	2d73b2f7053fd20fa22237a1d0de5e2cf696c04b3b1bd72ae8358415a226281f	binary
system/etc/res/images/ztecharger/KCD_00034.png	370831	2fd890ce5da17297c6a3608e505dda5d8586c57f9a3ffb9aa03111e211579a67	binary
system/etc/res/images/ztecharger/KCD_00035.png	369649	7e749deb83b971cb4843a73ed4d7f42beae33f60faceac404967796d7c33dd65	binary
system/etc/res/images/ztecharger/KCD_00036.png	369730	3a4783085d18d4bc0722677edb986f5414aa76866d80f5b11007e64251ff1cd1	binary
system/etc/res/images/ztecharger/KCD_00037.png	370551	368eccbb97a74ee4c0693bf6d72e0ca45dda95eed2b2901da1473ff265e13f58	binary
system/etc/res/images/ztecharger/KCD_00038.png	370691	f78ff313f4c58ea2ced848e05f4ef088012ce616b39cc718a8b9b9c0c5429108	binary
system/etc/res/images/ztecharger/KCD_00039.png	370275	2d1407783fdf61af421c06eb778288866721d76b5cb576525334e3de5e0578b1	binary
system/etc/res/images/ztecharger/KCD_00040.png	369099	55a46c7a588cf5d9a6e52d7917d835aeaf2641efff80aa816d2a6afee4df918a	binary
system/etc/res/images/ztecharger/KCD_00041.png	369348	e7009e6fdc0fb1c933e3e5bcc2498284e9b6ba5a38c26ce7cdc7c4867b491f8e	binary
system/etc/res/images/ztecharger/KCD_00042.png	369200	e47821ecae3de4fa37036c4e0040bb91a16c1a030dc87ad1ea4f7c6d91170f7c	binary
system/etc/res/images/ztecharger/KCD_00043.png	370517	53b4d81088666f63d0760843f2968c818663431d584d1b3f54afc602559396e9	binary
system/etc/res/images/ztecharger/KCD_00044.png	368219	d5cfe275eac2c9c3ec3abe2c1f9d637132ac82bd1ab275f70be7364a22e8e873	binary
system/etc/res/images/ztecharger/KCD_00045.png	368442	c74d883461db245be38d469543109e8575884af0de607dabeb63498ea7c2ddad	binary
system/etc/res/images/ztecharger/KCD_00046.png	369316	49c33593f5c455fab1c33671586c8534a0e2abfcd7d3d93829e71de9e80a1c0b	binary
system/etc/res/images/ztecharger/KCD_00047.png	370404	bf9fb98492ccd8bf98fde63d94d175a8f1dfff5751955f9890552011161a515b	binary
system/etc/res/images/ztecharger/KCD_00048.png	371951	112b80820b0073e38be0e5b10287299380badb7b9360d4d5c7e123d9d44c5900	binary
system/etc/res/images/ztecharger/KCD_00049.png	373199	ed535e0889e712cf92ac5611fe5f7e8b2499c6b9846db6e95814ca4c7714ee85	binary
system/etc/res/images/ztecharger/KCD_00050.png	372439	876b40c98a0c17eaad9e59d81ae2aca11fe3c423efa9b921dd4dd6b1079027b0	binary
system/etc/res/images/ztecharger/KCD_00051.png	385047	69a2f052dd61b610885b62c3bbc7b19dc8c0fcede9d18889398eaac5335a758c	binary
system/etc/res/images/ztecharger/KCD_00052.png	389376	38d1c3553c25fee3dc44a780f137e92555171ceed7e8f64b7d3e49456d1c8b9a	binary
system/etc/res/images/ztecharger/KCD_00053.png	395832	67a411c0c6118248c9d6750346c320ddd4ca733684645ae5507329c73c4d8415	binary
system/etc/res/images/ztecharger/KCD_00054.png	398767	52c0b4e36e32bc0de7ea0fb021122676530c63bca05eff73a83c4f33e8609cba	binary
system/etc/res/images/ztecharger/KCD_00055.png	401255	167cc2c3806c9b74359fd1432ea3ceaa7d2a58d2af6f10dbd6e2a582c4f46f47	binary
system/etc/res/images/ztecharger/KCD_00056.png	402094	e1af61785185ca6d9e0111277983c834a32a70aa40a994eb98fcba3432db54d8	binary
system/etc/res/images/ztecharger/KCD_00057.png	401588	bd9987c89c7cdf2f0f76c75107cc7579b849d301ba51bcadf8c44d7e618e8cbf	binary
system/etc/res/images/ztecharger/KCD_00058.png	402579	ca46eb83e967d5f9a88d7ad6788378ee129c0c0bb1b7c4fe890f00fb32f8adc8	binary
system/etc/res/images/ztecharger/KCD_00059.png	401425	2db7a47397668c402b8c87c212519c486dd47abe1eca5187d447ec902c68eec1	binary
system/etc/res/images/ztecharger/KCD_00060.png	403416	50b38ef6aee4f25363fd0655860861fe41054719c6199ed5e5ed2ff419e31fec	binary
system/etc/res/images/ztecharger/KCD_00061.png	403750	3ac2ddc65a9131f9776b594d5300cd3ec7105faece37bb637cb3241503af8b5e	binary
system/etc/res/images/ztecharger/KCD_00062.png	404176	7f97900017f55d482412e4c5dce4f18ad4c33202e03900baf8b9c1332d4dfcf9	binary
system/etc/res/images/ztecharger/KCD_00063.png	401685	b68d7ee83956711e8bdf41d4191c6b8c2dc153ed99a3e5450e8c4bd1f6e3b71c	binary
system/etc/res/images/ztecharger/KCD_00064.png	402747	95413386838618c9b871bcbe8f16995f2455a46c82130550bf7b866e9a19beb5	binary
system/etc/res/images/ztecharger/KCD_00065.png	401752	d3ffd8878f760a7c91b05d10e9e964712a9d4d7fcb0e59ec5bd82013fa315593	binary
system/etc/res/images/ztecharger/KCD_00066.png	402569	155b30987dad7e7070ec275e7a85043e5c7b891c1bb001687c122e9d1ab4690d	binary
system/etc/res/images/ztecharger/KCD_00067.png	403092	1a568d52d299e0ca60f100f154cc304de5f949d334687e556ee4deacacb76196	binary
system/etc/res/images/ztecharger/KCD_00068.png	402051	fe2a00ef954f9845946a9dbaa02243ed511cc4e0568cbed680680c8680b3b36c	binary
system/etc/res/images/ztecharger/KCD_00069.png	400805	a7fddc4e5cd94107787051158a06e76362ad26ebd18bb0e3183a303504d45b57	binary
system/etc/res/images/ztecharger/KCD_00070.png	400093	dd6c1dd6ba16d790a90667c1d8ad21dba71f0d581f8b830b6974f3e84edbac37	binary
system/etc/res/images/ztecharger/KCD_00071.png	399133	1136a598db8e7930916ad5481f27c3830b3a63fa270fdab3f6cdc2e37845d514	binary
system/etc/res/images/ztecharger/KCD_00072.png	397245	75c927a7778d3611cb2118d47c414cbfb64741a789e18c5a3ecdfdcd620564ef	binary
system/etc/res/images/ztecharger/KCD_00073.png	393235	6030886c35010ae4267a46ddddb951a910e12af7137bdd922561498a66149d85	binary
system/etc/res/images/ztecharger/KCD_00074.png	386369	0b178317f980d30c12ea2d7adad948d16c2e4dcde361d035947c9fa60b177d80	binary
system/etc/res/images/ztecharger/NC00.png	287310	072cd4e6bf61d79d75abac28067cfab689f3e0c2b470d7c9a4623564b0f99726	binary
system/etc/res/images/ztecharger/NC01.png	297236	2026427a95bdf7a112635784214257ed4be8d0c0f4d239257309e9935ae30649	binary
system/etc/res/images/ztecharger/NC02.png	303270	e1496d38241bc31b758497d796d6eddeea506dabe4f7f7b9969aadb98dff105f	binary
system/etc/res/images/ztecharger/NC03.png	308757	c630e6c095853e7d3958ebd2f72adef46aa4088900fcab57413e7ae85272a238	binary
system/etc/res/images/ztecharger/NC04.png	312925	f6a4c13a021c33596c33d46f0c867abd465a177354d09129e206b2041117acf7	binary
system/etc/res/images/ztecharger/NC05.png	318713	231160d26eac2f84a770e8f9c15b8ce93baf5f1518e66a20ce6ccecab009d572	binary
system/etc/res/images/ztecharger/NC06.png	321573	18e80746dbecd8d0a1c2bc8191933fa05692a1b465b6b080ec35587209326c05	binary
system/etc/res/images/ztecharger/NC07.png	321526	2dc706ecea65475687d4d53adea556a75fdefa981ec71f64f98fc9b1dc0e1af4	binary
system/etc/res/images/ztecharger/NC08.png	322936	a93b4c4f47459577d7bdda6e28c5c4cb0d506d527934327cf3ad6a52ba620767	binary
system/etc/res/images/ztecharger/NC09.png	322614	3bdf09ca1b82c0708a5c370f7700c3ce720de8706e188b3d12ca95667eebe7bd	binary
system/etc/res/images/ztecharger/NC10.png	325704	040c10e9f2644a2409875ee248aced98274b19b5f3fb558e85bce615ed9bef96	binary
system/etc/res/images/ztecharger/NC11.png	329167	a0c4c38b38021fb66b6d783146a046cc0acc4587c8de90db53a0a7a2251c2134	binary
system/etc/res/images/ztecharger/NC12.png	332327	3ff44600d4ae4967c395ca39d1aebb6b73625a968a1ec0def9054b2fcb3aede6	binary
system/etc/res/images/ztecharger/NC13.png	332835	495763b33a934c08854fc9471f4e82ba352394ee0c010ec9c28252c906b06e9f	binary
system/etc/res/images/ztecharger/NC14.png	337034	9060d869a37330d0eb8bc82170e50da52ce02c41bc33604808d04e3eacbcca40	binary
system/etc/res/images/ztecharger/NC15.png	340916	c177851b67c37120467f387f082445703dff1be0558fa0c7a92447255f65efba	binary
system/etc/res/images/ztecharger/NC16.png	344608	37752a2a5483fc6dd9bacf85d04ef74c90a34cc705c58c59335868ded36d98c0	binary
system/etc/res/images/ztecharger/NC17.png	344982	d2979ccc285b1fc4face86c754f5153e644fe84227d96a6c98bfd667e6f87597	binary
system/etc/res/images/ztecharger/NC18.png	335726	da0376c642ae4afd16abca252992edd886d66cb637f8daf3d9ca9274b6a3cf6e	binary
system/etc/res/images/ztecharger/NC19.png	336678	00af1274fc1bf4a60d0a0feda305faf8e4f69822c8362d96a45032c511f0470c	binary
system/etc/res/images/ztecharger/NC20.png	337590	64758976969bcff94f990f65e8c09cff7f684fade42a8efb65f2d5cc99cc2ab5	binary
system/etc/res/images/ztecharger/NC21.png	340272	fc9b411c45d5a11d3b2a9e4576fcd7c3d2249d5775140c7b266ce81822d37f93	binary
system/etc/res/images/ztecharger/NC22.png	341050	c723b2b404888a0c7dd7dec94f87a427405342946740177d54de79e8b63d282d	binary
system/etc/res/images/ztecharger/NC23.png	344225	a4ff041cf539b9c06dd57edcb7041abbeafe9c571595f82ba95ea4183048329f	binary
system/etc/res/images/ztecharger/NC24.png	346688	a011ad87809d5b7fa480ff924cbf5bfdda1d0f9cd0f6bfb1330a26e9754d33b3	binary
system/etc/res/images/ztecharger/NC25.png	348275	32b61f084d15af739adfa7323d9d63e668a70fafce43ced8070d5e292ac254a3	binary
system/etc/res/images/ztecharger/NC26.png	350951	b0a28c9eacf80c43565b02abdea0093a8d86ff2bf97c287dfd1ee2e4cb0c9059	binary
system/etc/res/images/ztecharger/NC27.png	350915	5135ef59a4344a9145780e263d6f45f54f3492f2d49557d3dc70b6021de88388	binary
system/etc/res/images/ztecharger/NC28.png	352416	8e92b087fce7870670ad1761621f28618adf2c912cd5f2754905c9f2709fd63a	binary
system/etc/res/images/ztecharger/NC29.png	353973	44841b0c646e3eff76929cf70b377f27e819c6eef2805af89888eed48accf0d6	binary
system/etc/res/images/ztecharger/NC30.png	353200	e89def66820ec3f75095588c8d64357e60ad7a93d6a60be84896c2dfcf15c6fa	binary
system/etc/res/images/ztecharger/NC31.png	353716	4f0996becc82e31a00bb915fd1388a7538c73e54c9ecb9c5644491e6ddebc5e7	binary
system/etc/res/images/ztecharger/NC32.png	352588	dd5de4eccb2bd1989dbb8ccd6b31c86d80926fa868435c97da9bf95f1eb168c7	binary
system/etc/res/images/ztecharger/NC33.png	350823	fa6e9f777239efad2c699dda7f3ec9d0e817aee64f488f6ce69092c6c1df10c9	binary
system/etc/res/images/ztecharger/NC34.png	348791	8672aba024cfcef44240f5a500fae6781531c5054d1ec62b57d09424126da908	binary
system/etc/res/images/ztecharger/NC35.png	345530	6525a92e292f985e2f7457db00775b60534ca569e24fd9137e50e4abee468a82	binary
system/etc/res/images/ztecharger/NC36.png	344696	0603122a3d71caa5a92c47c9ed5ae157e4e5c0aba09837bd14da4024857de5c4	binary
system/etc/res/images/ztecharger/NC37.png	342893	1181af34c834f667cb08aaefde3e4608f7d17dcc62b7360c4ac9d246c890956a	binary
system/etc/res/images/ztecharger/NC38.png	341704	0191d39ab392149d4361313b10674e7636155307cfb6ac91aaf1b93502faa4fa	binary
system/etc/res/images/ztecharger/NC39.png	343244	48f722dc0849c25312179ee78010900cb0b6a30ec27be024b275cc9f489749e9	binary
system/etc/res/images/ztecharger/NC40.png	342570	d63253dc8ecfab96989c80e405b9ccf42378d04abe45d7e20da172ba93ed03d2	binary
system/etc/res/images/ztecharger/NC41.png	343942	394faab88f1b9ae6ce038e4a616966c0af91e55558153b7c339b98fd7b6e5976	binary
system/etc/res/images/ztecharger/NC42.png	344723	fec38e629fb1276b62eee00d0583dcec9563acd819961e2743e681e9dd98b09d	binary
system/etc/res/images/ztecharger/NC43.png	346981	d3439ff93355be81e2c8e1b95d2fb584994de5e5e54965b0770f5c654b83b078	binary
system/etc/res/images/ztecharger/NC44.png	349613	0925816590f7cb3512e313893a433d52d968d368cf11853125ae2fb15855b7d4	binary
system/etc/res/images/ztecharger/NC45.png	354108	620a549edca1f4d73377185b7726d94ae2c282b0ed30b237d58013675cf95f70	binary
system/etc/res/images/ztecharger/NC46.png	359197	bf4bde3645c121828cc680fe73e2574849992549bfe8b1b094eadb42bc0f7e00	binary
system/etc/res/images/ztecharger/NC47.png	363401	6a72cf144bf27107a2acc30718fd0529d623b6718bb57f991b1ed46c74111a40	binary
system/etc/res/images/ztecharger/NC48.png	366851	1a085798aec232ff73ba997b122281d3806d57c980069d5e4926086177c245a5	binary
system/etc/res/images/ztecharger/NC49.png	370164	c4716c04eb421f61e644743688bea325ed03c3cffc138feee2ee6a6daf7a4b59	binary
system/etc/res/images/ztecharger/NC50.png	369209	2c2dc87b0759500466a14050c36ce3e1894484d2732737c767b185bf5fd3c552	binary
system/etc/res/images/ztecharger/NC51.png	366951	0626d5830b4c1f59dc77a05a0d51dc63d1038a66e0bd94f8c207c5b8acfe76b9	binary
system/etc/res/images/ztecharger/NC52.png	364125	e11517b530b9e47d5273b9c1373a094b2d719ed61d0873a812b3ba2df1ad31f3	binary
system/etc/res/images/ztecharger/NC53.png	357780	90faccb61558ac337c936d202ac6f6154fdb13504c8dff5774c5139183e2f722	binary
system/etc/res/images/ztecharger/NC54.png	348873	e86153cf5f29581ebe4584d9c6ac404f4a9dcf2182d0d7fccd22fce7b43ef41d	binary
system/etc/res/images/ztecharger/NC55.png	341190	a6a3a5158f126ea4bf2adf75069eb0244eb9f264eae7cf920fb8080e040d99a0	binary
system/etc/res/images/ztecharger/NC56.png	332298	ee180fd107d0dc67f5ca9c8699c3e53e45afb575554e5d1fa801f836a579af0f	binary
system/etc/res/images/ztecharger/NC57.png	322675	c8ea71239c2ff23470f5674d5374983194c920716368a11ce185edf05c7c14b1	binary
system/etc/res/images/ztecharger/NC58.png	314567	8fb58596c26458618215e51de0690c418e5e4151bc15a6d1ab90a43c61cb3bf0	binary
system/etc/res/images/ztecharger/NC59.png	307096	93c6d21b6f3334afd7a14403fae796c15db1b8a9e031afd750870d84c8b91d29	binary
system/etc/res/images/ztecharger/NC60.png	299931	1d555bbdf9cb44b9271060823b1abe90bd7174621bc587a4c54c86a8f21ad6c6	binary
system/etc/res/images/ztecharger/NC61.png	293131	65137a832e978dfbd18a496c789122198bb69d1bbe588bf115798889d550abed	binary
system/etc/res/images/ztecharger/NC62.png	288411	6b94486928f4f773e020d29a9be9408001531bdbeaf1dcec9b7749565515e764	binary
system/etc/res/images/ztecharger/NC63.png	284217	fa090a8bdbae36226fcf2bd7dd67ac6056c18824fbf565165e125ebf363dd770	binary
system/etc/res/images/ztecharger/NC64.png	281423	1823be79f50f6b67d4f5e9e85036975cd7544c5c2b15368bf2d132831282de8f	binary
system/etc/res/images/ztecharger/NC65.png	278128	1f5ca7386043c7bf97eb26851434f1ebb17690d6efaf41c955d7606c86435999	binary
system/etc/res/images/ztecharger/NC66.png	275816	9401163b1e5002e3e483b84fb52ee165300c5fff719cafeee1b49b753b798906	binary
system/etc/res/images/ztecharger/NC67.png	273857	f763ef5ede967d4ed63ab98ecf1f645dcca9807d3ba86e18e720787d0ba047b2	binary
system/etc/res/images/ztecharger/NC68.png	273697	043cde78d302f59dee2274f821ec8592b4dd1ac11dfe0331e9c13e0a9cd82890	binary
system/etc/res/images/ztecharger/NC69.png	278306	d960151bf8f03d77503a3956c1a9a140537f0d0b6bfc067b91fd6180fe69b93d	binary
system/etc/res/images/ztecharger/NC70.png	278733	4d6168972517ae8d42e33dbb85a1d8b6ef222e21a3a6eb274fda20507a90e97e	binary
system/etc/res/images/ztecharger/NC71.png	286079	ddfda866bf16f33cb19e9d5a19684e5dd69af453a1b6ade52a082429bc813624	binary
system/etc/res/images/ztecharger/PCD_00000.png	323408	eb0c6b63926cd1cd0dedd9f283b6d81593dd011862351a9da29399a2ed348ee1	binary
system/etc/res/images/ztecharger/PCD_00001.png	323028	ccccf1674fe38bc59681f496fe7b38b95b5b67d37cebff7bd80cd9b4ea36f583	binary
system/etc/res/images/ztecharger/PCD_00002.png	321761	b11ab985ca6a9618ce82f331d8b68f61e1e77febcdd42910996249df0c72cd97	binary
system/etc/res/images/ztecharger/PCD_00003.png	321609	ac53f64b84e97b26b740a770c426651ab6d3d86501a164719a2cbe77ba55bc8e	binary
system/etc/res/images/ztecharger/PCD_00004.png	322040	4473edff1e6ec5dc849ceab64583378d5ddf245f83a7a80d05fbe02180ec3087	binary
system/etc/res/images/ztecharger/PCD_00005.png	322604	080c5c56528df2e0631c5d34c99fd22185e46463f778fff96887327b1b42cae5	binary
system/etc/res/images/ztecharger/PCD_00006.png	321594	5a7785591f6879868ae483b676f57fbe3597ebfba08ab71ff4d44f3bbb97cd81	binary
system/etc/res/images/ztecharger/PCD_00007.png	322044	cc962417dbf46e3454bbd8f03fd31fb3409bf64c6e4dd83d4117bfe9cc7251c9	binary
system/etc/res/images/ztecharger/PCD_00008.png	320257	6ef7082773a0c6325c813b1da3672b29bd5f86270d12ec33dff179ab14519294	binary
system/etc/res/images/ztecharger/PCD_00009.png	320502	1b307ae65c4e0110dcc4b4492ee20861badd657a0d26ff9c40bdfdf23b0215e7	binary
system/etc/res/images/ztecharger/PCD_00010.png	319199	b36187c55b1d8d6ad6a408678a9d34ac93fc737c3ea05aba6fe9b10935c5f980	binary
system/etc/res/images/ztecharger/PCD_00011.png	319942	8ebd803e4dfba7125766b5e71aa6cbf5d6f8c717f353cbccb90c15708d977415	binary
system/etc/res/images/ztecharger/PCD_00012.png	320444	9d70971a0b230f870128298b7a764dfe7250bb030d34236ca6d6a7d304ff4560	binary
system/etc/res/images/ztecharger/PCD_00013.png	319548	c9021cfa72a966722cd7aabdc2b499d962700ef8809edaf917585275e1db3eb2	binary
system/etc/res/images/ztecharger/PCD_00014.png	320179	f809ec3321838c1198a882b464d0e4b027effc66757aac66ff2313205e2ed664	binary
system/etc/res/images/ztecharger/PCD_00015.png	320090	7c85fd6e30e48aeb3e98651ba975bdc6548ec878aeda50f41fd4b7595495d8ec	binary
system/etc/res/images/ztecharger/PCD_00016.png	319606	5dc3bea96855c6f4879db0b5da7b76ae90109b059009f06c3ee7adf18bbc6d3c	binary
system/etc/res/images/ztecharger/PCD_00017.png	319410	c82e9474dc51fd3199b2d37013b0c56dbbb29f5e5cbeb0b797e69a0831b63b24	binary
system/etc/res/images/ztecharger/PCD_00018.png	319698	e0a8157250731ecbb23d4da6307656065eae5063ce08bdaeae7288b9489bccbb	binary
system/etc/res/images/ztecharger/PCD_00019.png	319217	45c3f20f043ea33e3f815cfa8588258d0349d22acc40bdd7d94c443f3d627bd9	binary
system/etc/res/images/ztecharger/PCD_00020.png	319881	88e735cf52cff3be9c746b94d2cde4deeaeb246e12b063ab14da7791ee94cd1d	binary
system/etc/res/images/ztecharger/PCD_00021.png	318518	0acd949a6493b213a9afeaccabbe1d67136f6b56e14b193ed723c329315eeac8	binary
system/etc/res/images/ztecharger/PCD_00022.png	318775	75755d7671eee134684c9b1bf23d8620684bdd4b73d00a1daa2c886192621f06	binary
system/etc/res/images/ztecharger/PCD_00023.png	318457	ae1be2933d3f6c8e742e23d38279bd85b7f0115e22825b35e1f7bc8d6cd5ca11	binary
system/etc/res/images/ztecharger/PCD_00024.png	318986	beda9631c1519621bba4341745bf6c16769e853321b08458f89e152dded9928f	binary
system/etc/res/images/ztecharger/PCD_00025.png	317879	4c7a6d9b21ab759c422563a9d7c985a2ad5d85931b7a85c64abfd4f7433ffa8a	binary
system/etc/res/images/ztecharger/PCD_00026.png	317549	139e961990fe85e6181772b35cffac21ff1e1262a1d1b961e01764e981adf0ee	binary
system/etc/res/images/ztecharger/PCD_00027.png	317602	b736e4101c41785f097050617377c4ad76c2bbf60dfa42ee20c21e73b8a9ee5d	binary
system/etc/res/images/ztecharger/PCD_00028.png	317644	e5a0b62c285ddc85d27c35efc52959b7feebdf5245af7d2a8a9c5c488097a51d	binary
system/etc/res/images/ztecharger/PCD_00029.png	316663	05db7dca75f78c8698aedff471a380c043319394c26810cf4cd3f4ee272b81de	binary
system/etc/res/images/ztecharger/PCD_00030.png	317727	2a7edba9340fcf641689ef9a06b7a7ecee099577494943f65691cd747eb8f244	binary
system/etc/res/images/ztecharger/PCD_00031.png	316004	4f753842641f49a4ddde6146c86eb2f9b807e5ad0c42fc57669c7580c29361c0	binary
system/etc/res/images/ztecharger/PCD_00032.png	316691	aa11e9eb7f9d2fc74ab60dc2bf0c0de5440d60feed261160ac5703995a98e238	binary
system/etc/res/images/ztecharger/PCD_00033.png	317675	351ec3e5d16837e8e9d700077f067a3e71711f7e538ab49b64bee51790d144be	binary
system/etc/res/images/ztecharger/PCD_00034.png	316471	aa61115bb0697756017a9fe6e3d1232646309adf3e6ac85458522bce4d684d40	binary
system/etc/res/images/ztecharger/PCD_00035.png	316757	9559bc548a3a3be9053b4b21ccafe78fa5942969814dabe38e2391bd96650668	binary
system/etc/res/images/ztecharger/PCD_00036.png	316847	de812a191e87cd03c149be49589b19bb0bb27ed5ec94509e8503c7bbc89b5c32	binary
system/etc/res/images/ztecharger/PCD_00037.png	315496	5a67e33cffb4820ae6d72a323f21b74a872f19eec7aa404a91b7cc18326a851e	binary
system/etc/res/images/ztecharger/PCD_00038.png	314662	d0ab330f2681d525fa7bcbb149f0581208a1a361c21c81a51d14b68b081e489a	binary
system/etc/res/images/ztecharger/PCD_00039.png	314263	eb7088ea1696fa0c512bae63b238054c6a1b8f58cf08b9859457a178188b5d7d	binary
system/etc/res/images/ztecharger/PCD_00040.png	314182	0c09017bb78b8474974ebc5a576b6b913538cf95532a518de32dd8c8b76e0c2f	binary
system/etc/res/images/ztecharger/PCD_00041.png	314641	3ab0cf29a835792aeac9b21e4195116c247ca659fb138ab1bcd5cf54d91d1bed	binary
system/etc/res/images/ztecharger/PCD_00042.png	314375	b6df795589b69873d868d07819a76841a1a793d42b728b03035dd6422db96403	binary
system/etc/res/images/ztecharger/PCD_00043.png	316238	061f2e5459e40b20ef27b2f8c1c356de50750fcfe8aba2d8df5e75127d4c76de	binary
system/etc/res/images/ztecharger/PCD_00044.png	317207	c4f5a092297bda0e2530987daea48d8dcab0958c658d25c9f7bfa812a44968e6	binary
system/etc/res/images/ztecharger/PCD_00045.png	317035	1454ff492ef8f8faa0c256c527d34cf6d5afc827a9da8ebe237dca067610a5d1	binary
system/etc/res/images/ztecharger/PCD_00046.png	317448	a36a663ed16d2b183dda0e60d78e9624f9daf9177209d0b58ee6745404a6b35c	binary
system/etc/res/images/ztecharger/PCD_00047.png	316734	ce55e46000daf98866f21556acf5572ae53f1e48307f95c25dfcdc1c90b1eb21	binary
system/etc/res/images/ztecharger/PCD_00048.png	316856	9c7d23bcd85eac8c32b72c9e403c499466750ee15e525273e6d6d543f7ff86f8	binary
system/etc/res/images/ztecharger/PCD_00049.png	317452	1674b8bf485f61f28839f4befee9508be57c4c7e366773685f22ac8e44a53aea	binary
system/etc/res/images/ztecharger/PCD_00050.png	317907	e1687bbe48ae07f3f96dbc99bc389507f780fe1af5d7c5d2f54a95fe8f0eda45	binary
system/etc/res/images/ztecharger/PCD_00051.png	324884	3319e6191f7de45703378b81097a99eab202259445b24e937c6fa560adee456f	binary
system/etc/res/images/ztecharger/PCD_00052.png	329184	88f5fda5a5311e68a1c8b8df50c485e6af960da0eb00a0dcc7e0232144f7d730	binary
system/etc/res/images/ztecharger/PCD_00053.png	332539	6910512fc1d6e97327d911ee67f6a1722cca2499d6013cbba89eeb9e2cfb159e	binary
system/etc/res/images/ztecharger/PCD_00054.png	335259	76dbbc3ecf32fab584cec76fcbd566b7aaa02ddc6f1546da5baeda4dfa434a18	binary
system/etc/res/images/ztecharger/PCD_00055.png	338029	2c2254cc9173094ff61e39c6e40b6e4f21997a4ee54c420c0bf05afc02ac7746	binary
system/etc/res/images/ztecharger/PCD_00056.png	337923	b8c060dd6f881993437a43a58384037b47dfdc6661745f506fa0ef97f662b376	binary
system/etc/res/images/ztecharger/PCD_00057.png	340570	8e407bce1f2571db17ecfc8915b96ac881634922de317a06b36f2a6a503e42ff	binary
system/etc/res/images/ztecharger/PCD_00058.png	341228	06a0f270cebab3f5d062af7024edfa960a6ede660c65becc5ec8d98f1059ffc2	binary
system/etc/res/images/ztecharger/PCD_00059.png	339982	d7a0e68a57166194cf13087a1d0db2b5a40a2dc6678645d921b025eb99439b02	binary
system/etc/res/images/ztecharger/PCD_00060.png	341603	2666f0459ad4a2d5f1c4bad1636f86d5ecfb52c4ff86581a64b5872a03bb1ede	binary
system/etc/res/images/ztecharger/PCD_00061.png	341325	969e11986a9b01c666df8881224da6d222fc8cce9aeaefdf33878c582ce17c65	binary
system/etc/res/images/ztecharger/PCD_00062.png	341850	ed515496c18af22b92c0b844508c79e8d001ceffc597ca3f29acb08433f9c31d	binary
system/etc/res/images/ztecharger/PCD_00063.png	340755	5c8a15f1bf4e309aefb12875461fd3b77fec71901418c9be779ddea784b39dbc	binary
system/etc/res/images/ztecharger/PCD_00064.png	341253	e972ce99381e1b235d17139b8074819f8b5f6244bfab6dbd3acd2d75c997fda8	binary
system/etc/res/images/ztecharger/PCD_00065.png	341838	d524d1fc1acc94a2245d6058766b727f120d01fce5448e459e37db4f98f47f0e	binary
system/etc/res/images/ztecharger/PCD_00066.png	342375	144c670befd15cf34da7bd03e85db249284554dc9f8cada9345c7d70aad4949d	binary
system/etc/res/images/ztecharger/PCD_00067.png	342708	76502ce5cc33a7a30b4abf900240233ae05f8230ce55597fd5e5969983df64ce	binary
system/etc/res/images/ztecharger/PCD_00068.png	343638	e0dff36bea7c825d0b62d830f456861f82bfad97a79b416ec8919425fd26b6c1	binary
system/etc/res/images/ztecharger/PCD_00069.png	343085	89b62792fe99edc03333d83ae3e1e475ba8097f1d1114474851c45ce184e23bd	binary
system/etc/res/images/ztecharger/PCD_00070.png	340917	0f67e5d6b2fca7a784e944b138040fccc096bcc5cbb7b0c4ae34c8a2040578a7	binary
system/etc/res/images/ztecharger/PCD_00071.png	339370	bcea7152ee45dc6ea4138b3b9d2430c88bb4d59d4db6754888675b45343b0dc2	binary
system/etc/res/images/ztecharger/PCD_00072.png	336066	2dec184a6310e45bd96f3056ed1df11d2086c61516563fea93655897069b82fb	binary
system/etc/res/images/ztecharger/PCD_00073.png	335229	2aef2714a7e3942340a68eddd5e46106353f8a3cae370426cda1c12800a738c4	binary
system/etc/res/images/ztecharger/PCD_00074.png	331519	27f86ff1392c6410995310ffc922e26117f67bcbf4445620ece3a79472f6288b	binary
system/etc/res/images/ztecharger/battery_cool_1080.png	9896	2434e950fb5b71b9e937b3fff60db5bda811c34332fc9675994e8421e97d46c4	binary
system/etc/res/images/ztecharger/battery_fail_1080.png	7924	3067b2bd9874b3d1dcd60729b6c3e9e9bed8d4ce7b44a8df257a5fb6ba747774	binary
system/etc/res/images/ztecharger/battery_warm_1080.png	7983	5deacbba454ffd5e1f4a3ec2b315c60f102efb7256a37c512f876ac9da163c98	binary
system/etc/res/images/ztecharger/beeKC_00000.png	183990	d79ddc16aa7f39f92a3e0c6ee65f9d121ad26bf65a32c422accd6875edc6eaf7	binary
system/etc/res/images/ztecharger/beeKC_00001.png	183526	ab6b5acfa14cf01223507e587800ac4212d834bd07e9718f0ef591c792902afb	binary
system/etc/res/images/ztecharger/beeKC_00002.png	183458	7fa6cdddbed7b83bc09b06da42ab43ab70503c4af03de62bee47b3d61d28b96e	binary
system/etc/res/images/ztecharger/beeKC_00003.png	185766	6f9c17ff37c5f6cebe18f29076117ba7c2f5205ea1dae2250ddee922cdb31404	binary
system/etc/res/images/ztecharger/beeKC_00004.png	186522	08288a10191da0b4e85b90bdf5c2cda3ee72b1d3e52e2c4aabab7de72622258c	binary
system/etc/res/images/ztecharger/beeKC_00005.png	187271	e2218144b2f144e1bc3b885a1452937131b860dee8ca2c2e02abe2b040127364	binary
system/etc/res/images/ztecharger/beeKC_00006.png	187814	7eb4378cfb78a5099ee9f404bdb52be8a032108877e0f251cf6ea66a8cb9108b	binary
system/etc/res/images/ztecharger/beeKC_00007.png	184904	23e40b3fe32c992c695199baec22e114718e634c7c877cfcc9f6dc0a7de334b8	binary
system/etc/res/images/ztecharger/beeKC_00008.png	185232	802018da411401948744889681a9262503f81e87ea9755d37f38619ea8cb5e42	binary
system/etc/res/images/ztecharger/beeKC_00009.png	184914	c761f08c928332ff6c54911bbd03961233be2a6a4fbe730305c6b8aa234fe8db	binary
system/etc/res/images/ztecharger/beeKC_00010.png	188259	99f115fe18c5f927ff25885088fb90231ef3a468b9174b63344432908023d2db	binary
system/etc/res/images/ztecharger/beeKC_00011.png	194948	6416d12df8d31fbddf91aaf67860cf411a10981615598a9d6da09a2a27a8e370	binary
system/etc/res/images/ztecharger/beeKC_00012.png	196149	e5ef435513fdc3b51858c04476bf9806ec3e430328bd3d100b638cf750c4bbf1	binary
system/etc/res/images/ztecharger/beeKC_00013.png	195841	536a4ec0fce1313a058eadf538cd7297225be76dcb15fdfa88d768911ab3b7e1	binary
system/etc/res/images/ztecharger/beeKC_00014.png	197128	21fa04bf276c7f0d083e968785756c5cdcc0774e6bea4ec93403dd43f02392a4	binary
system/etc/res/images/ztecharger/beeKC_00015.png	198464	4156e924a6994191eb2f7c8ca72f1e4b34d017792ce56914eed1fb8f26c77a21	binary
system/etc/res/images/ztecharger/beeKC_00016.png	198654	6abce60c8e6a74fde34a5f0526c277f384c3a968658d14b4fb94d812c7d9c32e	binary
system/etc/res/images/ztecharger/beeKC_00017.png	200728	ed9ab2e07aa360ab573c6f1e559b7b95c679dc5ab6b687297c0a45904c4b3ded	binary
system/etc/res/images/ztecharger/beeKC_00018.png	200368	7a99f5a586967ba70f5093ba3e8d86dbd25c30d9c1e1ad0facfb76a0cd87dfd3	binary
system/etc/res/images/ztecharger/beeKC_00019.png	199891	05c4f009f36e28527546b97fa0b670739c441ca4daf9024687a5571acbb7af84	binary
system/etc/res/images/ztecharger/beeKC_00020.png	199174	af1be46696ed6e62ad07a3115282d4e55abfb04ac2f63f6b6d72301fd8faf526	binary
system/etc/res/images/ztecharger/beeKC_00021.png	201055	0874ddd0e327e21e3234de75712dc5f6b133f69c1d870b25c71de2dfec250e22	binary
system/etc/res/images/ztecharger/beeKC_00022.png	197231	2ef58e8bf72a073e85ae4c833cba15bdc652ade526cdb0d743233261d93e78b4	binary
system/etc/res/images/ztecharger/beeKC_00023.png	194178	c5c630dc57f8639f3506ce3069abd1d627cacf0980ee69f257584c1193d956e6	binary
system/etc/res/images/ztecharger/beeKC_00024.png	188105	e507de3b2cffd62275442b8cdd55b2d0f820ab187df31614d3dfeef23ed5c03c	binary
system/etc/res/images/ztecharger/beeKC_00025.png	186612	29eb6a2930cfb6174e5ea0b56f9b1f11a58aacd7f6a0b2ec422300e58ffa382a	binary
system/etc/res/images/ztecharger/beeKC_00026.png	189853	8f7f04379eeab8042c27ac87b9380ef0a339c608a1ee8b411e588180b045dcc3	binary
system/etc/res/images/ztecharger/beeKC_00027.png	191723	7e6505660ee5801c0d97e59672d5c1a6a4d225e3096eddaa4e788c472fb2a46a	binary
system/etc/res/images/ztecharger/beeKC_00028.png	190837	6ffe8e7157c1ae9a30df4e8b63320f1fd7ea768b8ef7cf353f389ed998fc846d	binary
system/etc/res/images/ztecharger/beeKC_00029.png	187745	c0aca935a492abff849e8f03d897d4cfae1a460eb8e8228e147b3d2f00d2081e	binary
system/etc/res/images/ztecharger/beeKC_00030.png	188764	66594d010d12adb1a0b999a6aaa3e83008323526103e951be82ab510fa6f7015	binary
system/etc/res/images/ztecharger/beeKC_00031.png	194036	927f89275ea4f015805d1b7425aae84278e461edd8b9072ea8eda3b6c888907d	binary
system/etc/res/images/ztecharger/beeKC_00032.png	194886	03461ea6f97c1b242723137b81beed93200f6509d80280831e2fe40963efa683	binary
system/etc/res/images/ztecharger/beeKC_00033.png	197448	bff06ac9b645a54ba32166957533d5979568399fc767b5272fe6ce4d8ac7aff0	binary
system/etc/res/images/ztecharger/beeKC_00034.png	200222	3fdf9a92a76146628ebb0fac33c9643b9dc6c2db3c07d628198ade796dbc95bf	binary
system/etc/res/images/ztecharger/beeKC_00035.png	201651	4c5a763a715f40fab3f08274b4abfe4b77249921b4af94d84d07fca97d5a1bff	binary
system/etc/res/images/ztecharger/beeKC_00036.png	202960	47e963acd2e0833cf38f6bdab81933576ee39945d85c1f5de7854e1027d8dfc1	binary
system/etc/res/images/ztecharger/beeKC_00037.png	197541	bf438124287fe74342a50305239b919b111d6cea078fbe596570430ffd745aa2	binary
system/etc/res/images/ztecharger/beeKC_00038.png	194337	a58cd47337f4ab31e67d7af6915e85b2cba9cac95a7a933d5f15c14b870b1be0	binary
system/etc/res/images/ztecharger/beeKC_00039.png	193929	a6416ed56a4b77eb0e10c7a2923618d27ac7381ba2c02c392f68a37cbc805477	binary
system/etc/res/images/ztecharger/beeKC_00040.png	193362	7cd5c73ec8ebf0bba1cdcecc757b3d34cd59c62ffb67606502f7c97db87385ae	binary
system/etc/res/images/ztecharger/beeKC_00041.png	193563	521e1ea71f7b984fe01dea9abd56e2d80575fd8639c7f341d69e8b0168715f68	binary
system/etc/res/images/ztecharger/beeKC_00042.png	192563	cf1b73f1c3b3040753b45a627b58c911b899d1691b467200e6ae1295302c3424	binary
system/etc/res/images/ztecharger/beeKC_00043.png	188431	5ffd3adc67a3c4ee8b2c1a948ae8bc1350c5d664e2f167aeaf555681398c6a66	binary
system/etc/res/images/ztecharger/beeKC_00044.png	189038	1bbbc26ae3f7a83c37ec5f9858a34d2c1b26c99409d5b824ec36af119e079f4b	binary
system/etc/res/images/ztecharger/beeKC_00045.png	190054	0f47fdaa19a0d8738ab61bee55b4b3d37d8f0eb4280d4e88111eac01860f1137	binary
system/etc/res/images/ztecharger/beeKC_00046.png	188917	b001685242294c5e01b9676e2e6ad4c0c65953dfdbdc398d48540d06eb1a99d9	binary
system/etc/res/images/ztecharger/beeKC_00047.png	187933	02e6f1f0645fda16efa649b330b720d3fc1903b82fdcad29370a85d88217b1c1	binary
system/etc/res/images/ztecharger/beeKC_00048.png	184429	736c0fe44a6718ad4f1d5754dfc58210b954e9e3e7bc9f7e42935cd0afffd32e	binary
system/etc/res/images/ztecharger/beeKC_00049.png	181621	90d0912b4e8faedbc3d43f95623e9dce939c8c418fb5ad9288d3f0413d5e3feb	binary
system/etc/res/images/ztecharger/beeKC_00050.png	184532	ce2914b8f88240779249bd84509078cab72aca60f17227e3a065d5c9b853719e	binary
system/etc/res/images/ztecharger/beeKC_00051.png	189006	df1ef998b93f651348b773d6b203daf3afd27bf95a299f2c38d60a2b5d862e06	binary
system/etc/res/images/ztecharger/beeKC_00052.png	191568	569215f184888fdeb72b36c39c5c14c8d5f460fe718122e745d50f882f75f974	binary
system/etc/res/images/ztecharger/beeKC_00053.png	192908	f56d3d93b407abacb7e0ba960a564b66470a0fbd2ccd0239baae53c71a94cb91	binary
system/etc/res/images/ztecharger/beeKC_00054.png	191017	11ad89a6a9117513d631da3ee8d68de7ca47adb633b22340fc930edb76eaa184	binary
system/etc/res/images/ztecharger/beeKC_00055.png	190498	a36fde272512c06be7e2af1390f0fcebfa185afa822ecb42171795bb7b40a234	binary
system/etc/res/images/ztecharger/beeKC_00056.png	191863	6132afd7d9d8d41db5335bb9ebe11f8f8270b21d7b0c8f508926712046a84ddf	binary
system/etc/res/images/ztecharger/beeKC_00057.png	194106	8e57c7a93482ec5b2122d70b0ddd24836bdbea8a87cd6401cd17cf345a5c9eae	binary
system/etc/res/images/ztecharger/beeKC_00058.png	192296	5783c1f65306da6867ac33fccb5c5b4bace1789e724ad56607104e380e244a28	binary
system/etc/res/images/ztecharger/beeKC_00059.png	192108	fd70e5e731b772f4684762bc5a307dea7a4d0e47ee8b0284831bf50f2161e2f8	binary
system/etc/res/images/ztecharger/beeKC_00060.png	188302	58ee7ddfaea129b17d61297889d08d6ede46a9e5351c2e26640f8684c684a3ca	binary
system/etc/res/images/ztecharger/beeKC_00061.png	188340	f5d07167651c9a52933c943cbde307c7c80b151a0a4a103365359cb3e8ba3f2e	binary
system/etc/res/images/ztecharger/beeKC_00062.png	184377	fffa6bcb1e84d250c399d06c0254756f29e41935c809fed53b9e9b90e3209143	binary
system/etc/res/images/ztecharger/beeKC_00063.png	183187	50c4400be5faad6e9a94361810bca1880b825722153900729121ca3ac58cc9a1	binary
system/etc/res/images/ztecharger/beeKC_00064.png	185868	8ab258c97325ed3d4780d3a219b2e156afdfd688d0d407a3539500f12521e3f0	binary
system/etc/res/images/ztecharger/beeKC_00065.png	183618	b9415d9e65125afdb9bc6462885ddf79af5d502179c613536af9629e3ad7c61f	binary
system/etc/res/images/ztecharger/beeKC_00066.png	180534	803f36b6d26df39ab527af4de94d5c1a23181dbbed24f32a9901f272f42753e6	binary
system/etc/res/images/ztecharger/beeKC_00067.png	178669	7ac7cee451af536c3c1942e39f8ef362f6a3c40c9927ac84342291ea1e8bcb69	binary
system/etc/res/images/ztecharger/beeKC_00068.png	178244	7ad63eee1e9daa93714f54425548224c0a9fdb9e6c2fda6b3d74b7ee9c0f8812	binary
system/etc/res/images/ztecharger/beeKC_00069.png	178201	2fb62495a888b3c04279669b70c68c24315620bab328622aef514b9e66955b3c	binary
system/etc/res/images/ztecharger/beeKC_00070.png	178770	ad0cb7c308530391b5c981e232f1f1e3a2a21b9a19bf433135937d7b873dcdbf	binary
system/etc/res/images/ztecharger/beeKC_00071.png	180310	398d42104b5b3b756db24f92367a51ef424e09319a71de1dd79b5fd62dae8e10	binary
system/etc/res/images/ztecharger/beeKC_00072.png	179717	d33760570ee82ee64cee47547cfa3c400992842d18a1d460ca94edc2472afe3f	binary
system/etc/res/images/ztecharger/beeKC_00073.png	179497	34d308288461c2d329ddd8c430493ee9918717fd6a5319f952821ea99bd513bf	binary
system/etc/res/images/ztecharger/beeKC_00074.png	180431	3cace24efa06adc36a0c775304f853f0c86fd7e7182dcd06f1a600cc23f8136f	binary
system/etc/res/images/ztecharger/beeKC_00075.png	181334	0b9037bcff52af7f44b2d01fd4971cc464226ca55c50017b4db12ea7272d28c6	binary
system/etc/res/images/ztecharger/beeKC_00076.png	182302	b35b39b00fec0839e5f18ac8b61b14dba644ced58c2c79de617dae72f3017627	binary
system/etc/res/images/ztecharger/beeKC_00077.png	180772	5870a393f6dd5f9a5a668f6f077be35c70bb94068a8d6de701d601f21db64f3e	binary
system/etc/res/images/ztecharger/beeKC_00078.png	179104	5ea1581fc6d8e34eed0d0c16b6b9c829bf11f7d375424c54e15277dc4b21f7e0	binary
system/etc/res/images/ztecharger/beeKC_00079.png	177804	2ebe973fcd8bc0bfad9261fff595da04cd211206f67950718f234ba3984fec8a	binary
system/etc/res/images/ztecharger/beeKC_00080.png	176147	27cbeb432b49900de47eaf95b908fcc3b10dbcaa4445d6e80674ef2c36570b67	binary
system/etc/res/images/ztecharger/beeKC_00081.png	173234	2affadd354d3157b5897483cc5458d9349127fa4d013835830eef3d3efb47250	binary
system/etc/res/images/ztecharger/beeKC_00082.png	171904	0d6f00ba8f2621c6c1f6360b4aa500532bfedf3e9a47e2809e5770d32b399b0f	binary
system/etc/res/images/ztecharger/beeKC_00083.png	172722	c823baba4244d3ab126af13d7592d3de0740a7a1424f62e79488434bbad5b123	binary
system/etc/res/images/ztecharger/beeKC_00084.png	170303	870459fb5b731fe8a525a6fdf7aa336fefcd5062585b5803c1d25365a792657a	binary
system/etc/res/images/ztecharger/beeKC_00085.png	170219	b4b22e853d4f70ce132e30c50a1e347ce7961fd0f51c853baad3679fc1f34d79	binary
system/etc/res/images/ztecharger/beeKC_00086.png	171998	2c02a94099fb13e8b2fee65d91193dbbb9327f640eecc219c295e25bb6aa77a5	binary
system/etc/res/images/ztecharger/beeKC_00087.png	171538	6b6f5384eda34eb70900e88a8234f94d4c455d69fab7a0cdef0aafa83a11526e	binary
system/etc/res/images/ztecharger/beeKC_00088.png	172194	7375356ab4b0b32c83aed83722eb9d3b9de4426643f6bb14a2820c6399fec0c3	binary
system/etc/res/images/ztecharger/beePC_00000.png	181611	d4abe29a5497e4066e2968832b4f42c7315e5e9e628ac7cbb819483195a64e00	binary
system/etc/res/images/ztecharger/beePC_00001.png	182270	3aab12755046a338fd4e650ca3551389223de7f9b106c9ee3b7a0e632febea67	binary
system/etc/res/images/ztecharger/beePC_00002.png	182108	bc9546f0421bcd2be26f137d7442e2d0440cec4f4ce40fd56a452c1d337e2de5	binary
system/etc/res/images/ztecharger/beePC_00003.png	184582	47b5bf328589e080c1de4e72aa6824773cbba9cf54c712f5fbb576c63771f2af	binary
system/etc/res/images/ztecharger/beePC_00004.png	185714	45235095ac89653bb4dd89c57ccf8e89f81e70cc2b1fbf0ef8460db727a9c0c1	binary
system/etc/res/images/ztecharger/beePC_00005.png	187615	3cff7292db65cc398fb6684fdc9da85230b53fabe7627ce84624c7991c175cd3	binary
system/etc/res/images/ztecharger/beePC_00006.png	187194	f9ff3521fee77321a562c40e868e5f2766f6531a301f98c038cec81022eec95a	binary
system/etc/res/images/ztecharger/beePC_00007.png	185740	88c5e08f75688866d55068931bf2a12f4a289ff06cc76b7e14c7a0382e7a736d	binary
system/etc/res/images/ztecharger/beePC_00008.png	186686	9729f134e7d51f119d237be4174a7107b03432819f8ae08ef1b7e4a657293fa8	binary
system/etc/res/images/ztecharger/beePC_00009.png	187146	25d67f4967eba5e9e0e898f3b65c90c12049dc9336e800269f9b4dad564bccd7	binary
system/etc/res/images/ztecharger/beePC_00010.png	190425	39b65bf17bbb5997e4d584ca297b7a0f5e07b3215a834adad81f4a24b7518da5	binary
system/etc/res/images/ztecharger/beePC_00011.png	194779	90d1c0e30e6a138e408946c9709b5a57ed08bfc854c0ec2c769b3117f53c176a	binary
system/etc/res/images/ztecharger/beePC_00012.png	195113	05694e451a75bd772d2f37d3c323f68113cacf556e226f51534e7ecc61c3ff80	binary
system/etc/res/images/ztecharger/beePC_00013.png	195106	aa4ff14a5566e6b733c14f99f626bee0a52861ce60c7dadbb1d018b49f65d369	binary
system/etc/res/images/ztecharger/beePC_00014.png	196404	1f60c9d93b8ed116ba7a0508e6dc5b060dd653e85ab9442b9aa191f61fb70d53	binary
system/etc/res/images/ztecharger/beePC_00015.png	197312	ec951a504d9c26e1852d976b36eca5fda487f01170dd69b820a5ab593481a28b	binary
system/etc/res/images/ztecharger/beePC_00016.png	197980	d07d9529929f9f7a46f6b1f74aae272b63c74e6295e29c39a5414e428ee17b92	binary
system/etc/res/images/ztecharger/beePC_00017.png	199583	8d21b23c77adc6a36199d1fa984fa07c3e19b8f794a9b70ea5884c8cb4cd790c	binary
system/etc/res/images/ztecharger/beePC_00018.png	199062	f4e780abbdd401a2a9559e855b8d1a9d33d94fec96530ebaf99ca747f0cac2b2	binary
system/etc/res/images/ztecharger/beePC_00019.png	201804	b3ca8e8037d3f172392cf27b6f5126ca3717c555571c0939e716cf38c3428610	binary
system/etc/res/images/ztecharger/beePC_00020.png	200949	bb3b3bfb0f415c41caff7960ae5ad0da35bcb3ec836dccb864752ec6206a0cea	binary
system/etc/res/images/ztecharger/beePC_00021.png	199461	76c1ef43e63c4bdec78f63a303c5038457f88ba430f5b311b593cc569334e2fb	binary
system/etc/res/images/ztecharger/beePC_00022.png	196005	6c23acf4119c6437c6aaf1a7b7336bd39f9373c928029d9eee2cfb74565b8f3a	binary
system/etc/res/images/ztecharger/beePC_00023.png	193286	8975c92b21f587f44695c5dce1e343d7fcff81e4ad008711c7eaeae9b7bc3981	binary
system/etc/res/images/ztecharger/beePC_00024.png	190166	7843813b125d7aedd0758d569a81380efbaaa8ce53a77eb7e379b35807f5fb6d	binary
system/etc/res/images/ztecharger/beePC_00025.png	190794	cee9ec9d37de1627014541ee7ae0ca684e9ba9fcecf479c06cac7a01f57c6666	binary
system/etc/res/images/ztecharger/beePC_00026.png	192296	c9a59f01df92e72943ac20aed28d064fa6ae4dde1f4a509205ac95b2e5eb58eb	binary
system/etc/res/images/ztecharger/beePC_00027.png	193117	5ca671104ffa4608ec762fbf6754b12172c6276dffd5f4f6680fa3bf86627ea6	binary
system/etc/res/images/ztecharger/beePC_00028.png	194273	e824d39936f65bc30062ceb5d575c0adde808e918453bf8ef1300b7df32f4249	binary
system/etc/res/images/ztecharger/beePC_00029.png	192031	ca6aa6ea903cfef91432d18539f18c08a3c0c1e21c67aeff5f7b6e857b5add16	binary
system/etc/res/images/ztecharger/beePC_00030.png	193132	cceb6a13c48649f3d0ceaf38709e45e37188a6c6b1e674e13444fae3b5ceddb5	binary
system/etc/res/images/ztecharger/beePC_00031.png	197394	dd633ad77ab763b5de679ecfd484bfd7dadf247a828b20e821e76719d9e505ff	binary
system/etc/res/images/ztecharger/beePC_00032.png	197277	8dc602a8b669c6ea630a23604c1c55d77fc00353db6b6fbd6237c968a152b413	binary
system/etc/res/images/ztecharger/beePC_00033.png	198861	30959a814a914dd5a5a8f981f5c6cab732704a400e7d536da94f09b8bc55bf2c	binary
system/etc/res/images/ztecharger/beePC_00034.png	199772	73e1d9b2033ff86a944aa0ea10428db0439bc559f1414f27d3a52a4541037680	binary
system/etc/res/images/ztecharger/beePC_00035.png	201248	0480c9135b8cb28328593a7d8d958e48ab082f705394a7c366d831d9d47d92bf	binary
system/etc/res/images/ztecharger/beePC_00036.png	203756	f49f684320b0365da9813891dc7d4684ec60dc368e0bc10f4dd3d30137b70457	binary
system/etc/res/images/ztecharger/beePC_00037.png	202171	200e9f31f0084fcd3b0e22fccb520fb9b433b3ea39c9c06ca20c9d133d4fb9cc	binary
system/etc/res/images/ztecharger/beePC_00038.png	201161	623728ba1c0f8f0f3c480ae4877103f9251bee72d9fe5f64faf6551501ba2040	binary
system/etc/res/images/ztecharger/beePC_00039.png	200564	444b028e561a614b3b1e436cd082d5d042fbc7f2f816d08c8a95393a7eb14dd1	binary
system/etc/res/images/ztecharger/beePC_00040.png	196916	8cbc0b6373a68fed4a913de04ea0dcbdaa77fa386171fd16ac370eab075b499c	binary
system/etc/res/images/ztecharger/beePC_00041.png	194792	4f1727abacf83fbdc89f3378dffa94f78fb9b365154cf62a00fc1d0f334bbfc8	binary
system/etc/res/images/ztecharger/beePC_00042.png	192604	3bf5518ad0e4fe1131622a208114cc7aaad0d206931d6d93660c529b58819243	binary
system/etc/res/images/ztecharger/beePC_00043.png	191178	9684af6f9e96ea169e074eb594adfa92a1a2871023192b4cb6788fe3420494ab	binary
system/etc/res/images/ztecharger/beePC_00044.png	192751	91ebb44c3335a61fa3d6f00a09cc154015f6939c393c9eaae6ff27aaacf9b7da	binary
system/etc/res/images/ztecharger/beePC_00045.png	190237	c8f15249c3a1263758fdce22581e73b3ba66b7501ce467035a8f53794c939b95	binary
system/etc/res/images/ztecharger/beePC_00046.png	189230	126af90e7d2fac4e498e1f6763f41ebbb390823e659995adc96e2691d2163df8	binary
system/etc/res/images/ztecharger/beePC_00047.png	189373	1f1bcf9171722220ec43335708c25c5ebf021d820a519c494762937155818749	binary
system/etc/res/images/ztecharger/beePC_00048.png	188420	1b5ba20dd6153284c969fb837c389658a4f9202477b4e37dd7de3a92dd6ad82a	binary
system/etc/res/images/ztecharger/beePC_00049.png	187170	dd28bdd8d3ed39bd876c91fabf31cde3092748bf19fbb63060e71b39227f3a36	binary
system/etc/res/images/ztecharger/beePC_00050.png	188898	aa9ad97a27169ab1549fbf14440d864473ed8a853202a58531d7fce9eafdb1fd	binary
system/etc/res/images/ztecharger/beePC_00051.png	192091	0ac440b877ec44f390f5559a271c4bc008be55df8589cb19ccace3ff3332bf8b	binary
system/etc/res/images/ztecharger/beePC_00052.png	193881	4f5c2b3bb75896b86da52fcd5bdfc1486986bc4c4a5d775aa572e6555b2fc2c3	binary
system/etc/res/images/ztecharger/beePC_00053.png	196256	2469e3692391605640bae2c7519e296759da520ddff5c571c8161b396cdec366	binary
system/etc/res/images/ztecharger/beePC_00054.png	195343	fb6518475b58c5046600b071e7bb4e2cb2d244e0ffc2ad915307ae9fd6be7452	binary
system/etc/res/images/ztecharger/beePC_00055.png	194532	80ce1eebf49b159f988ffa352e9bf8f58cb82ed12802e48513c46a9186d56625	binary
system/etc/res/images/ztecharger/beePC_00056.png	193927	254ff2db5ae55cb568db0302ae25543960a873f2d331f31de1b4b45afc34bc2f	binary
system/etc/res/images/ztecharger/beePC_00057.png	192719	9e0f77b3efba67037dbe9013718198ab935913b23fb591668230f204ed56d661	binary
system/etc/res/images/ztecharger/beePC_00058.png	193997	2cb59a894bd822bc06bec4ad9fbab3fac1ded437445f6672c347431a027b3e73	binary
system/etc/res/images/ztecharger/beePC_00059.png	193902	a28fd5a4b11d39715365167d4dede341cb082b83e7c44a53cdc96f91eef4d142	binary
system/etc/res/images/ztecharger/beePC_00060.png	190792	a3686f97be3c0da3a59c14d0a622e4e1e56c7727faa2fe60f924ee7ec320634c	binary
system/etc/res/images/ztecharger/beePC_00061.png	189503	49e43a964cee77509cc4c13d42c85c760bfb0cad0fffdfc10fab866c89ecd7c5	binary
system/etc/res/images/ztecharger/beePC_00062.png	187410	7c19a24953858a6c741ab41e8c250748da39e95546f6d34c9b2ef0f3e309f1fc	binary
system/etc/res/images/ztecharger/beePC_00063.png	185802	1ec796dc40d38674adecc7237edbd0add49d0ab65f8b2dba0173e3cd552fecf7	binary
system/etc/res/images/ztecharger/beePC_00064.png	185998	54b6e5d0210deffbdf6d1a3482cc6fe4ba57535ddea8ae2a5f215e7f043d12eb	binary
system/etc/res/images/ztecharger/beePC_00065.png	185367	07cb4dbdc1cb0785c0d2f09288d8314b5290decf23287b47c936bfeb852da724	binary
system/etc/res/images/ztecharger/beePC_00066.png	182382	af9cd7320dddbfc436af4c6c660d491bdd031360347c3d8587661ee262d3ff20	binary
system/etc/res/images/ztecharger/beePC_00067.png	179326	28eee2f42ca5df5d0908ed1176330de34d9da2c2eee9807e74bd57cbb14b55e3	binary
system/etc/res/images/ztecharger/beePC_00068.png	178314	7f74f0df9f164f54716d7e6a3741c8aa59aff25ef18cec21da2f7f41d535d531	binary
system/etc/res/images/ztecharger/beePC_00069.png	177259	71126d4cfc06d18395483312a940097553e9d40f60dad9e714df2cdf031ab9f7	binary
system/etc/res/images/ztecharger/beePC_00070.png	177953	68c4901f0d26f54e0b02da300807b596d9fd6448c74e64a4df7dc42bf1ade4cd	binary
system/etc/res/images/ztecharger/beePC_00071.png	180725	10927ec9cadd1639971e7aeb7a6b8f93fc983b790e51a7e84dfd3deba673eb03	binary
system/etc/res/images/ztecharger/beePC_00072.png	180898	06034e8f1d975421d012df807d6149c0b279c38f2d4547d8e963c0bb32a09a9e	binary
system/etc/res/images/ztecharger/beePC_00073.png	179550	afe94cac31408f8c61b9065ac10fa6943d80c83fe112bffc5c4a0ad629c85a32	binary
system/etc/res/images/ztecharger/beePC_00074.png	182371	ca3d69e60fda3fff94efe6af73dd5e29bc89a295ed7a55f0a88168bf876854e2	binary
system/etc/res/images/ztecharger/beePC_00075.png	183283	a7b8101e0a96c628e53f03a41c22908fa9871ae520301470716587d842c276e4	binary
system/etc/res/images/ztecharger/beePC_00076.png	184441	bc6e9cb132a7fe2e12d997a00b294bb1fd46486506bbe534144c9bc69ee60d96	binary
system/etc/res/images/ztecharger/beePC_00077.png	183923	c0f402fc3a57cb095b1e1d1e51aeab894279f0bb938f37552964aa78a25a253d	binary
system/etc/res/images/ztecharger/beePC_00078.png	182724	e3f3c02b4519165ddbae0530b518b509fb83f8506ebebce71995589d4e33e244	binary
system/etc/res/images/ztecharger/beePC_00079.png	181577	99c747f86982d159816784b9a8086a901e51fbba6d1abd71237a7441d6e905b1	binary
system/etc/res/images/ztecharger/beePC_00080.png	180762	eec7f152e1beeae342a11e2a89f71286c1e1c5cd76ca7fbc530dc8da90a3b3af	binary
system/etc/res/images/ztecharger/beePC_00081.png	176345	364577106109d8f933784f22c620511364e548d97c9ac452b7388e22a1a72d12	binary
system/etc/res/images/ztecharger/beePC_00082.png	173723	707279e020e1ce8de483aab4e0b17f19974c6739e3951b5e5d0922c9e852d67d	binary
system/etc/res/images/ztecharger/beePC_00083.png	173747	ea66885ba661e96769513b931430e3bc6cb87f5a16b73069585a6d9d6860f7dc	binary
system/etc/res/images/ztecharger/beePC_00084.png	173321	35a3c0a0deefcc4126083c056f48577db307d3daca2d5377aaf6bb457ab62ac4	binary
system/etc/res/images/ztecharger/beePC_00085.png	172812	c6a690eaf38e2f32b77e1c1888b0d3e88f9af75812a699fb80b22e768cbb98a2	binary
system/etc/res/images/ztecharger/beePC_00086.png	172694	2153f9f90790f54521458c3ea4ff6b5935a5ce65274d609508c4ea199ae5027e	binary
system/etc/res/images/ztecharger/beePC_00087.png	173468	5b59380d54587332f7721d31661f7b964ff90ea633dd8d086866dac7a1a42f0b	binary
system/etc/res/images/ztecharger/beePC_00088.png	172944	ae7fc70e6615d9129813fa6b47affb11d8e5448508987ec9070db0ec59498064	binary
system/etc/res/images/ztecharger/beenumber_0.png	670	8dc6cd5a4d7eda9b7532678c07f8e430a2d56f3e5cc4823075dd7541e8584b3c	binary
system/etc/res/images/ztecharger/beenumber_1.png	725	c219cf88c95f1d93d41d0cf32c5a558e1bdd84d6a3fe0604475055c4b155f456	binary
system/etc/res/images/ztecharger/beenumber_2.png	914	89d9f104399427f3880ab55c56a9387f6475ff2e7d83076cd4b8b84ba32e18e2	binary
system/etc/res/images/ztecharger/beenumber_3.png	1057	19e01f4c70ae4a8aa304a0905ffd382c54a4b394d69268e5fead625e3435e607	binary
system/etc/res/images/ztecharger/beenumber_4.png	969	da783c276ffffea96ae9d7f409b7fe9088a351f6a6e5041a52ae587deedfcfa6	binary
system/etc/res/images/ztecharger/beenumber_5.png	987	687a4f707b866bfe702a92919f09bd845e5ebfb47e752f58e15dff8721d71b50	binary
system/etc/res/images/ztecharger/beenumber_6.png	777	53dda000dbca77a70aafd0ab89ac8840c144cebd0c2dc16bd1e6134493c86cad	binary
system/etc/res/images/ztecharger/beenumber_7.png	785	045e1d3266a42ce67a93cca7a3ca56dfa6b5312e715ac7a667de5df4fe677555	binary
system/etc/res/images/ztecharger/beenumber_8.png	766	f1645523bb98bfb70463aac27f1acd1821ee035e143f06cd64c938636aa46306	binary
system/etc/res/images/ztecharger/beenumber_9.png	906	4b0b3daf54cbf6b07f666a4c5a0409aaeb453e3bba77fe70af2db699900bf542	binary
system/etc/res/images/ztecharger/beenumber_point.png	151	b4d1bdf68d5e41d9d8297232c2bc1e5f327ef4f5c2a415ee27fc9fe7a770a518	binary
system/etc/res/images/ztecharger/beepercentage.png	566	7e5df3a0564adf97fc688ae74a1a0b556fe295fafba10c0a3c9b23a57b3cd14e	binary
system/etc/res/images/ztecharger/douhcd_0_89_000.png	107375	9a507ad57e82266f8bdd92c9359d68169c22277572214d3156401850617fb376	binary
system/etc/res/images/ztecharger/douhcd_0_89_001.png	107720	c36511b08dead425038bbfa63f614572079527c1192eb147d495658b9565ad51	binary
system/etc/res/images/ztecharger/douhcd_0_89_002.png	110766	864c20af01fee6b346c70c6316a2a57d680c3c0efd92f4bc5125daecfa499421	binary
system/etc/res/images/ztecharger/douhcd_0_89_003.png	108562	d60fe95dc85718ae7b89b1cfa2a55ab90133e97c2fb6480d42ed76b54b3dc955	binary
system/etc/res/images/ztecharger/douhcd_0_89_004.png	106885	29e02123eb0dbb064347ac0764e2fe70e488057b8055b85eb1bd99b16805afd4	binary
system/etc/res/images/ztecharger/douhcd_0_89_005.png	98029	3d8791baf43c00fcefe5045e14f248411eb9249e1e39fbb1efbe34bc9c713ff3	binary
system/etc/res/images/ztecharger/douhcd_0_89_006.png	104170	bec9de66a92b75b1ed1d8a1daf9a0af51da56239c54d97026fba33a9e50e13cc	binary
system/etc/res/images/ztecharger/douhcd_0_89_007.png	99078	1fd7ebed5e3db72fcacbd4b227c2e132bb4118c05c0823a2fbe7c27396ca7c1c	binary
system/etc/res/images/ztecharger/douhcd_0_89_008.png	103743	be3f8dbefa0a50efcc199431cbbe22ca0a78b52e965e0bf09efce33d438bb549	binary
system/etc/res/images/ztecharger/douhcd_0_89_009.png	104817	95a0643f5af3c139cbaf5c594a839010f6e94b3fbcda9f3e04435031c6c1089a	binary
system/etc/res/images/ztecharger/douhcd_0_89_010.png	101462	c92611267b73cdb8329026040e8b51167e41d1d489c93eaf0924c66d56c6169b	binary
system/etc/res/images/ztecharger/douhcd_0_89_011.png	102215	82b4844bb5f527fc19fdb058d7842baec9bba9c2fc21c3fc2d437d1d6d0525d4	binary
system/etc/res/images/ztecharger/douhcd_0_89_012.png	100852	daca071d0fe64d665d061d02e0395c0ef4be31827db9a72ac88e2309419665d5	binary
system/etc/res/images/ztecharger/douhcd_0_89_013.png	100866	68c308d6209d04f866a8b8452775eeca91342a28545b4d8bb73bfdee9db8fbe0	binary
system/etc/res/images/ztecharger/douhcd_0_89_014.png	101758	36c32ddf9ea5402f17b095b03bca32c93731aeeb05ddbd23e78339a819b4856c	binary
system/etc/res/images/ztecharger/douhcd_0_89_015.png	103655	d752f690854d6daa0d7c354907d354725a8b98605742e9d96d82a7d4a4b3dd44	binary
system/etc/res/images/ztecharger/douhcd_0_89_016.png	103992	464c129bf9628d365de28630b499670a2f1a6c7f203ac43e3403b3f3a8f7723c	binary
system/etc/res/images/ztecharger/douhcd_0_89_017.png	107117	fd569f41474c674c2cf2df46932a543c1b8e7428bd7c095f9944f7f335d3d063	binary
system/etc/res/images/ztecharger/douhcd_0_89_018.png	99156	10ce5434799350e378692ca2fc64b8a3dc7f898ec729d23e969fbfc891bc6067	binary
system/etc/res/images/ztecharger/douhcd_0_89_019.png	103071	233bdf058b7823953330cbc92db6e6864a2abb501c1cb914d476cd61f6d0dc63	binary
system/etc/res/images/ztecharger/douhcd_0_89_020.png	104726	09be962bc875f3a047b3fb34ac157770a9bca92d17a89e6e9123f75666202e94	binary
system/etc/res/images/ztecharger/douhcd_0_89_021.png	106810	854b58ffc24430f53c4e0ea9ba120f48b8e19a8db305187193dc769aa0f0a501	binary
system/etc/res/images/ztecharger/douhcd_0_89_022.png	104685	0e0a53dd1e0956a41fecf2ae9569e13a6273ebcddb92e1158241d7b13341ef44	binary
system/etc/res/images/ztecharger/douhcd_0_89_023.png	102957	d6105ddd285d438e248576909b36e578c468606d84554f798a04edbf9170a464	binary
system/etc/res/images/ztecharger/douhcd_0_89_024.png	104645	bdfcf24352581573a0d60818484f8ce988427fed6e3c1462e9ab236b7800076a	binary
system/etc/res/images/ztecharger/douhcd_0_89_025.png	107678	676b1dba18f663ef39fdcd07f919a3dd28f68933c5d5cbe61a67e8d2f1af6209	binary
system/etc/res/images/ztecharger/douhcd_0_89_026.png	106534	46b686fad255d7e6bec9ba624f235711a048cdc47c93eeec0a0f666b15e87a50	binary
system/etc/res/images/ztecharger/douhcd_0_89_027.png	106244	437ea4f636301964ac7b045c5ce86c6fd03c4a76d1590627bf783c141c545168	binary
system/etc/res/images/ztecharger/douhcd_0_89_028.png	100424	04bd468b23bef2d3ac9d41d55478b9ddbd23537d4a8a80b74c8cf20717a7d14a	binary
system/etc/res/images/ztecharger/douhcd_0_89_029.png	103666	7de4f0bbaea87597cae4a8edc4ec833df57ff7bba35342b45c54e7e53120c7b7	binary
system/etc/res/images/ztecharger/douhcd_0_89_030.png	100103	78b0da7ccf23eda8608f85181bc5a7ebc9b0446f76b932540477600a961828d7	binary
system/etc/res/images/ztecharger/douhcd_0_89_031.png	105430	117876b60bba0c454d25a7b06a7749b70ad97b1dc9a25df15b96b3fa5d6b273c	binary
system/etc/res/images/ztecharger/douhcd_0_89_032.png	100747	8efe3d9445fc32a717239fdc59bdf87be80a257aae1faf8007d2a354bad97199	binary
system/etc/res/images/ztecharger/douhcd_0_89_033.png	101431	6aff95d9c54b9f7ba9b7bf73a874448f7f5af64e7728e8a309a274c84a9abb4d	binary
system/etc/res/images/ztecharger/douhcd_0_89_034.png	98193	f38ccaba21e431e397b56946b976b8ae8da5b71be4e48aef6761f2a930d38f07	binary
system/etc/res/images/ztecharger/douhcd_0_89_035.png	103343	18b6bc3d6ef8390730f636394330396c794ab90e127d4cb5ad37a25aea62b37f	binary
system/etc/res/images/ztecharger/douhcd_0_89_036.png	103010	fc5f9a1f4df61b6e5609cb62d3ec677d5140a2eb74cd7ba28224c3cfc1258cb0	binary
system/etc/res/images/ztecharger/douhcd_0_89_037.png	105904	cef1d56d2c8bea32c19ebf0acbc920665385ccb2093579384d3cad515b78a53e	binary
system/etc/res/images/ztecharger/douhcd_0_89_038.png	105387	c8ae4c03fac8d959c159c7e6133dc5dd623df2b33d3816dbe08b6f22702fb288	binary
system/etc/res/images/ztecharger/douhcd_0_89_039.png	106778	4a3addb4d97f72559f0f1c269a599e631158399cde8a74df2ae6008eefe90712	binary
system/etc/res/images/ztecharger/douhcd_0_89_040.png	108735	134760317b280aae8bb61879068f15eac55f452d3ab9917918a4a9ec4b8b95e3	binary
system/etc/res/images/ztecharger/douhcd_0_89_041.png	105253	b6993bc1710d912d42ee40eeb8b03644f089851cfa79b16b2613e34eace6be26	binary
system/etc/res/images/ztecharger/douhcd_0_89_042.png	108354	0f65628ad96b0a77713eb32d703ad23266c35e21c150da3429ce459b652005ea	binary
system/etc/res/images/ztecharger/douhcd_0_89_043.png	104268	d080a850ad2db38651fb6a154dfa95bb8423b0c0b305b21a5df331e8d403f766	binary
system/etc/res/images/ztecharger/douhcd_0_89_044.png	103359	d8d4e45b121fefa94829ef807d8ceb4b4a2a6bd581123a868078d2c7a514757e	binary
system/etc/res/images/ztecharger/douhcd_0_89_045.png	105835	38660fd673adc85fb10dcb075dbd186503b59b0f9590edde4152d71e649f6a72	binary
system/etc/res/images/ztecharger/douhcd_0_89_046.png	104322	c2a99af0d16f8730aa8f00be3a4e8d6bc9d4d8270899d978bb620f1ffcfd8cd2	binary
system/etc/res/images/ztecharger/douhcd_0_89_047.png	105944	7a3d8f312351f5c8002d23b13c4e014f77fc5041f013b6d7e4dd9eee15cae3a6	binary
system/etc/res/images/ztecharger/douhcd_0_89_048.png	102744	179f4add157621a97aa813672447e934e3ede2a976495c382bdc3ef86c6e9619	binary
system/etc/res/images/ztecharger/douhcd_0_89_049.png	104253	e3029fd74b9bc97ec04abf28b3f9b8ce0320bbd1e69a9f97080222f938c1b3a8	binary
system/etc/res/images/ztecharger/douhcd_0_89_050.png	108906	a380007b8de14a7ab48a5257614f5d964e677d36306b698b5e3c584dcd96bde1	binary
system/etc/res/images/ztecharger/douhcd_0_89_051.png	108122	95bb3066dd10f5296ca1219c5995d449e1d1eea68beaae699657fdd8220932b2	binary
system/etc/res/images/ztecharger/douhcd_0_89_052.png	105602	5d33544eb6712a5956ca34d36bcb2cc136b549641a5e3be98cdfe2b45eaddb1e	binary
system/etc/res/images/ztecharger/douhcd_0_89_053.png	104516	e31846c57034b63e72bfe623f65d1c4cc88a606cce9f87dac77130bb0a767eee	binary
system/etc/res/images/ztecharger/douhcd_0_89_054.png	108442	eb13e82ffd89669272c7565a5d1ebdef193f876eee11b2ed8ed2f0fbf2a618b5	binary
system/etc/res/images/ztecharger/douhcd_0_89_055.png	106193	c9b8e8bc93c69da81662994f1c3cc6ad8920360abdf5e0f648292ee2e6cea447	binary
system/etc/res/images/ztecharger/douhcd_0_89_056.png	105542	2699eb749925c19c91ccc4717726683126b5e66b009e91577bd9fff6fd4bd8d2	binary
system/etc/res/images/ztecharger/douhcd_0_89_057.png	104547	605775af0ed8ac8319be9ea4b60f682fa5e199810ef40fcb135a5fbe7f518d02	binary
system/etc/res/images/ztecharger/douhcd_0_89_058.png	102828	dcebbd55eb0e45f2154f623c74f871fbfff4ab9fad309a975553d8ff4ce1ffae	binary
system/etc/res/images/ztecharger/douhcd_0_89_059.png	100130	acbe43cff694ae2254c51348fe5ce99f7aa0e8861e770ca213d4afbd21c5be55	binary
system/etc/res/images/ztecharger/douhcd_0_89_060.png	104272	bbbf2750d16ac17a028758166e65684cfe718a3da8219184aed4440ab2dc28b6	binary
system/etc/res/images/ztecharger/douhcd_0_89_061.png	106386	69b2f3df6f7965c6ef364738e9244959a6c9b4615cf8459fde62580c050ef910	binary
system/etc/res/images/ztecharger/douhcd_0_89_062.png	112213	c7726ae1acb3992126acf2675aa8fba7636f8638bec6874fa4c49b713f31e724	binary
system/etc/res/images/ztecharger/douhcd_0_89_063.png	108035	4231bee6bc62300124f322ddd30ba873f162ef65803a45567214d4052c089175	binary
system/etc/res/images/ztecharger/douhcd_0_89_064.png	110168	d31da8868ee8502a1017358fdfc3a713943738ed9dce5f63795777e2c8e42cd2	binary
system/etc/res/images/ztecharger/douhcd_0_89_065.png	105801	d7eb22426c4b4ce2b483cbb0e70a94abdba033ecfe32430a877555c0b0023fe2	binary
system/etc/res/images/ztecharger/douhcd_0_89_066.png	108478	e221db33969145b06b61c65979ee92d0c88d9d8ac94d324f3d641f61637f212f	binary
system/etc/res/images/ztecharger/douhcd_0_89_067.png	111362	40530167d8611e5600f018bd00924c885641078a80a62d6bb4c911fc0f58a6b0	binary
system/etc/res/images/ztecharger/douhcd_0_89_068.png	106584	cbb71edfe9a794067387c90b0670f71d0de9d853a4e87ea73fc443a10286cc0e	binary
system/etc/res/images/ztecharger/douhcd_0_89_069.png	110338	abded3bd54411c674c96de996c7bd3c4a31960d151a7c658f7b2cf89aecc1910	binary
system/etc/res/images/ztecharger/douhcd_0_89_070.png	106029	85b78e94be89cb3423df9ac91f91d3c19cc613feb69ea93f149d1ff4c7c99d4f	binary
system/etc/res/images/ztecharger/douhcd_0_89_071.png	106146	79cf5f78168a852fcfe71d3b9c4fb785ca155cffa4f5c088487cb494692b280f	binary
system/etc/res/images/ztecharger/douhcd_0_89_072.png	104937	8510c901c80c6eb593c2ede7e090cc2c75bdc4f25b3cac7e10a74973c260120c	binary
system/etc/res/images/ztecharger/douhcd_0_89_073.png	106720	1b18b04272e16524512e916940d0a9bbe519937159d7840a4e5ed6d2984f75eb	binary
system/etc/res/images/ztecharger/douhcd_0_89_074.png	106668	a8e0981f5a5680bcf38256e1a3447cca47d16160be0d506e3efdf775e6e4fd08	binary
system/etc/res/images/ztecharger/douhcd_89_90_000.png	105152	2171b3b5a68fe116450b43dc93af1bd3068e7b097019061111d675d17690fc6c	binary
system/etc/res/images/ztecharger/douhcd_89_90_001.png	104033	3e9d0f53ab7d6d0c70e024549a94882c43b400ce43456c4e3d6563bab5350253	binary
system/etc/res/images/ztecharger/douhcd_89_90_002.png	105711	8d112527f115ed6d1d92372c2bd00a5ed9d401f970dcc5c0fe2b2e9a3977627b	binary
system/etc/res/images/ztecharger/douhcd_89_90_003.png	106896	0671495691a59971bdac130ae033f7cc0611c6133f248455ff8948ee0777de29	binary
system/etc/res/images/ztecharger/douhcd_89_90_004.png	106361	fc0f90822a6fde827da810a05042f06f3f7fc903b19572767690c18efe7c1583	binary
system/etc/res/images/ztecharger/douhcd_89_90_005.png	104145	85098d9cc6503c04d6ef41c736778df2edfcbd51f0a4fbc75a02d7f24d220072	binary
system/etc/res/images/ztecharger/douhcd_89_90_006.png	99190	bf6c3dc59b329d1d9a1851e197dc6d10445ddeb2f26fe2e74ae19a05683cd6ba	binary
system/etc/res/images/ztecharger/douhcd_89_90_007.png	105488	e976b4deae46fe8831f2bd43feca4bb662fb3114c40c5a90fce43c102ccf36ce	binary
system/etc/res/images/ztecharger/douhcd_89_90_008.png	99604	7572dea6e9773f029b9a99fa1514d181c9a2bb094431e59edb6b9e1b856d54f5	binary
system/etc/res/images/ztecharger/douhcd_89_90_009.png	104706	0d6c337d5863b13bd673720e457de2b8345992336929d49d14073624c3fff5cd	binary
system/etc/res/images/ztecharger/douhcd_89_90_010.png	102247	c5d3ca45523d1e6f2fe780020340c9a4b688439f9642c27c3434bd12e078549c	binary
system/etc/res/images/ztecharger/douhcd_89_90_011.png	105512	73c58238fb9e4b7338683b0c965d99a29bd830d433a1b9ba7a2502ada4472087	binary
system/etc/res/images/ztecharger/douhcd_89_90_012.png	104062	56bc3ce8b087eb2b43f8446de11e2fac2d8b8b77ff61fd86fe679a1325cca2cd	binary
system/etc/res/images/ztecharger/douhcd_89_90_013.png	100398	f72d36c75841e8f7fc6c3734146de375e2d7eee39ccbffcb3972710acd6c855d	binary
system/etc/res/images/ztecharger/douhcd_89_90_014.png	105940	086c331180690cc71bd92e7e78ce99507e199af78de3a19e8ae320b8bb3a1813	binary
system/etc/res/images/ztecharger/douhcd_89_90_015.png	107131	d876d880fc7fa8d3328d3123dc0e7a2dad242cca1784d68b9776bdc466816968	binary
system/etc/res/images/ztecharger/douhcd_89_90_016.png	104921	00c683ca399fa872655d576cfa8a3a85f9f1cd1cc9ca6235eea33994d00624c6	binary
system/etc/res/images/ztecharger/douhcd_89_90_017.png	100888	5d0686edb6939bcd4631080e0e0f2c81cb34c0e69791b033bad8b2f522c54c16	binary
system/etc/res/images/ztecharger/douhcd_89_90_018.png	104930	f52a11a22f87ff173d3d471ed180bcfa3b4adfeb8ba4d2181a6f92830b80a29b	binary
system/etc/res/images/ztecharger/douhcd_89_90_019.png	103367	2475e10d5eb8c6af7e7a1bea762b64c382a76808908e763fa3f28999e4451a88	binary
system/etc/res/images/ztecharger/douhcd_89_90_020.png	98268	2fdbdad5d7f45d31c614ba4cc5f21ad8e57768d8ff446b3fd3e9ac53a3b6a734	binary
system/etc/res/images/ztecharger/douhcd_89_90_021.png	104434	54d9e594cca468eefc22ba159ec75cac4e60cb4980ead8719de868ffb8100f2d	binary
system/etc/res/images/ztecharger/douhcd_89_90_022.png	100372	cb88aade0e18e7e78f4cf927f32a3605d745328d2604f2a64e012f0372e8e198	binary
system/etc/res/images/ztecharger/douhcd_89_90_023.png	96693	efc780efa2e9c9db73b0c0be04d9ce4e78536bb83df2f34894a9122d8dddb726	binary
system/etc/res/images/ztecharger/douhcd_89_90_024.png	92547	bc7a4154fb4c5bd4ef88633ebaf879a6f5dfc04704272d42347123c5ced95ffe	binary
system/etc/res/images/ztecharger/douhcd_90_100_000.png	87004	6129d629e3dab84c668ac39a899f30a4c08dc4f16f4d49dd33254950fdaba46c	binary
system/etc/res/images/ztecharger/douhcd_90_100_001.png	82547	a3bba032d684beac534c9f1270730c0a5a8c1762c47a7281fec1cfd4a3b3354b	binary
system/etc/res/images/ztecharger/douhcd_90_100_002.png	85966	e23ea310e2e6456cccde3edb38266fe463ff23478c11f63b9fddc4c13fbf60f9	binary
system/etc/res/images/ztecharger/douhcd_90_100_003.png	85501	3947bf2d5a826331a979b4988943669d90d48fcb67dd6eab9cf17fd6a62756c9	binary
system/etc/res/images/ztecharger/douhcd_90_100_004.png	83607	264de6876009964031dbf44e73a1efbe1193716b9597b67021f2284508bc7ca0	binary
system/etc/res/images/ztecharger/douhcd_90_100_005.png	89786	a2e5485d0a3bc70da4a9ec3bf2894c48b20613904a3ce75a5a16aff02e1be1f2	binary
system/etc/res/images/ztecharger/douhcd_90_100_006.png	86112	96144382824070669163b4d8b2921b00e8e75b4ec7ee5346e8e3c63e87a5bcf0	binary
system/etc/res/images/ztecharger/douhcd_90_100_007.png	83608	7e9bad89d04fea768aed4101471deb14430cc23d00e0af8ecc69322c1810104a	binary
system/etc/res/images/ztecharger/douhcd_90_100_008.png	84437	8627db6a9115ddc644895a32c0170a084de5c7a45b830b6c6e784bb5095dfe61	binary
system/etc/res/images/ztecharger/douhcd_90_100_009.png	81466	33cbd99cabd61d8d6a0061e37091cecd5a6e7462daaaea943524932d6516228b	binary
system/etc/res/images/ztecharger/douhcd_90_100_010.png	81422	515dbb33b8c901f71fe1107bbdb8e0f0b9ab4f6d9bdfb64613d3d6b678c97950	binary
system/etc/res/images/ztecharger/douhcd_90_100_011.png	84392	69c09b790bb218233724207fd94ea04053b11fce436a56c524d9b6d4d3fbe6d7	binary
system/etc/res/images/ztecharger/douhcd_90_100_012.png	83485	4802f756780496de3dd15a0d0ccb4755226beb598d7d7ddfa4ad1d70a50d5c3c	binary
system/etc/res/images/ztecharger/douhcd_90_100_013.png	83858	15e9d2a5d0502d3bc905811132975e1dd19746fb5eacc096887a7b52ceb8304b	binary
system/etc/res/images/ztecharger/douhcd_90_100_014.png	85202	0a6c64d92f9833bb92ad6be79c3be18af588162194ffd35bc3cfd87cc88ecb60	binary
system/etc/res/images/ztecharger/douhcd_90_100_015.png	81596	277718e1e846a23b00250f53f1c2a17c70be8128ecc0ec2818caee4b2e360edc	binary
system/etc/res/images/ztecharger/douhcd_90_100_016.png	83560	78fe9667dbdd5390d98e1585094affe1801d0874cb58a629d1e88fc0f21929e8	binary
system/etc/res/images/ztecharger/douhcd_90_100_017.png	83394	147e5c6551f32c43af30263f420f42cd6054914e1cceb5e85d8d7647fc35d5bf	binary
system/etc/res/images/ztecharger/douhcd_90_100_018.png	76893	90f40bbde91bbe9bc44237dee8870fd87b04b531a4b987122fa309aa78211d83	binary
system/etc/res/images/ztecharger/douhcd_90_100_019.png	82534	fd4493b94b135ad0b670eae7ca5f1dd85e9639bdddc035140bc46600eadf7410	binary
system/etc/res/images/ztecharger/douhcd_90_100_020.png	83121	895518dc0575c8b90815ea8b063f6a987e4f75e39c25e915cb4007f37f680ebd	binary
system/etc/res/images/ztecharger/douhcd_90_100_021.png	80972	1b7d9caf8972fce0f3d8694f4055d518ded9dd2b2199383b6162300d978b1779	binary
system/etc/res/images/ztecharger/douhcd_90_100_022.png	81152	3e0e1263486356f550be48e76108d7344dfe6ac28a873b24a2a6ebb575db8ca0	binary
system/etc/res/images/ztecharger/douhcd_90_100_023.png	82066	bbed058452c3de0f74a1790448ae89485ca4c4453690aea2a89fe73a767d2bf7	binary
system/etc/res/images/ztecharger/douhcd_90_100_024.png	83362	6d55a08f396ba4667692dde838a0093c5bffb7cb4859d436d2d6d054f4e1b285	binary
system/etc/res/images/ztecharger/douhcd_90_100_025.png	83767	6f3dfacada0d834d2be20e607aa62e5cdc933a4b44950ebf09dd1b2fd1e5228e	binary
system/etc/res/images/ztecharger/douhcd_90_100_026.png	87112	08020f526ed30cc68d8a1584d19fdfb94eb2689fb6aa0e3067219da67d667ce9	binary
system/etc/res/images/ztecharger/douhcd_90_100_027.png	87330	aef43b684b316963d62518c5699db5ae61fd517accbe718b5c6f03cfb2106827	binary
system/etc/res/images/ztecharger/douhcd_90_100_028.png	83573	21a0d8d40451ecd09feb8cf19245bf571561449069c18ecd4521900062959a73	binary
system/etc/res/images/ztecharger/douhcd_90_100_029.png	80107	34d165bc4a727bcd69b8aa5bcdcacf4f6d7a5b0708f2a302b41f48e9c2a5d16c	binary
system/etc/res/images/ztecharger/douhcd_90_100_030.png	86930	95ccf8ab08d6c399b7c101f0cec4fc7b70c80f05b263ad7fd11fa51e757bf0cd	binary
system/etc/res/images/ztecharger/douhcd_90_100_031.png	83312	a466049efa1d51e2fd643234fae6a10b9f0d212333cc1f348c7a1ee1c776b34d	binary
system/etc/res/images/ztecharger/douhcd_90_100_032.png	83778	2a630e5b93a6f7498ef89d814b9eaf1d7bcee625fdfb847def43aec882a3239e	binary
system/etc/res/images/ztecharger/douhcd_90_100_033.png	86107	d271308d1fa1d64f1f1930a67a1d1df72cda89857eee58058f801ecc16c40678	binary
system/etc/res/images/ztecharger/douhcd_90_100_034.png	83948	f678d1edbfb4335dded302c384aa718cb78205cce91fcc49a2d5f70bd59db3f1	binary
system/etc/res/images/ztecharger/douhcd_90_100_035.png	85080	f7536a19039220ce82f55b6fa6264300bc86afc45dfd57e9dd1dbe6991a91bb8	binary
system/etc/res/images/ztecharger/douhcd_90_100_036.png	84191	aed59729dde0127b5fd5ad123b68037dbcc9aac39749e2d8d479ddcfd4b6f948	binary
system/etc/res/images/ztecharger/douhcd_90_100_037.png	86271	6d3b9dbefcbdc881469cbb68d7f26f64aefeaa65298f63da7385147a98006b40	binary
system/etc/res/images/ztecharger/douhcd_90_100_038.png	87435	3ff78c8eed131ebd8749eef638c5702a4206c2592a15c95bc4498a0744d010d3	binary
system/etc/res/images/ztecharger/douhcd_90_100_039.png	83500	740e185e35aab3631b2396a595bd7b01f8c78281b8b9e9002797707fcbc3c632	binary
system/etc/res/images/ztecharger/douhcd_90_100_040.png	85096	15595b8af4bd91c1449db0a4411286244afd0cd762ef1aa9b9968958c1f2cf1a	binary
system/etc/res/images/ztecharger/douhcd_90_100_041.png	86738	40397405bf8fb63ad5195a3aa27313c31465ed2973f9e1ba70df9d0970507980	binary
system/etc/res/images/ztecharger/douhcd_90_100_042.png	84109	1b861ce7c1b74e195b92588581d904650516fb5a4c1bdd053d1b2f8271509c62	binary
system/etc/res/images/ztecharger/douhcd_90_100_043.png	87948	1359f94a50e1c9e8e6b7da154d71c20c1463ae445260cde0a857750e7c296353	binary
system/etc/res/images/ztecharger/douhcd_90_100_044.png	85482	d3634989936b343d43592d1828ff06b4aa8d0fec717571963da91fc4cd355226	binary
system/etc/res/images/ztecharger/douhcd_90_100_045.png	92153	62678759adb62e4675184d951c03e81b848329c4b683e6bc212e16db0d7a134f	binary
system/etc/res/images/ztecharger/douhcd_90_100_046.png	87693	0645e23ff6b8749ac9d409818813a88fc1d991a48b71ab1533aa2b3afcd7a62c	binary
system/etc/res/images/ztecharger/douhcd_90_100_047.png	85972	116d92c12d2a49c1c84ad00ced45f52c473dbfd40d9c85417369a4bcca2becd1	binary
system/etc/res/images/ztecharger/douhcd_90_100_048.png	91549	0586df3610f18b4948da715df415e56e6e3e951097d5ffed8a0731bcb0386d73	binary
system/etc/res/images/ztecharger/douhcd_90_100_049.png	85397	1a0da1acca174dc854e0ed42f9352904520d9af1a32b64b5b781831b63e21ba9	binary
system/etc/res/images/ztecharger/douhcd_90_100_050.png	89625	785bb3e18dcd40f76c7be47779f713f4d5dc68a33e45de17b2525ae37d16df1c	binary
system/etc/res/images/ztecharger/douhcd_90_100_051.png	86832	d001a4273d3105a6225ee0949979c55f10ea70ed1349493a7ccef81b8813e0b7	binary
system/etc/res/images/ztecharger/douhcd_90_100_052.png	89339	231108495c7c41ac03ecd0e60a07efa2e7277b05a38480412e5a3cbe0dedff1f	binary
system/etc/res/images/ztecharger/douhcd_90_100_053.png	89636	d2a3a44256b2b0ff941d61dc929b1327c2ab62a783fee8f4771b55a7908f5b8c	binary
system/etc/res/images/ztecharger/douhcd_90_100_054.png	86054	b2da44e815ca3a8019b491838e0b89514bb88fc3dd0a47416dd1d4073c6d3e6d	binary
system/etc/res/images/ztecharger/douhcd_90_100_055.png	90388	2137fc8a0c1013ff28415ab44cdf27c3c90ee5a579e5dcce19cc2f102c70157b	binary
system/etc/res/images/ztecharger/douhcd_90_100_056.png	87173	2d31cda18f7093b5f91c65015a02355555d1696a648d7f379254db369e5a5260	binary
system/etc/res/images/ztecharger/douhcd_90_100_057.png	86875	a12148d7365bd3a70c9880160bf49606b3b8d1b05471e2c6679acf23048081e5	binary
system/etc/res/images/ztecharger/douhcd_90_100_058.png	85045	9c3850c59ef269796d4f09fa17ef15decbfd81c498c35c23bd12a51e78f75051	binary
system/etc/res/images/ztecharger/douhcd_90_100_059.png	86980	b8e7305e823dac8be50380167aee3da10ccfec2d93d3e7ac22c5c776523bd95a	binary
system/etc/res/images/ztecharger/douhcd_90_100_060.png	86442	d2d8c532d34c341ad721ca3a3763cb8053b2d17ccb324636fa97f338b93d4471	binary
system/etc/res/images/ztecharger/douhcd_90_100_061.png	85140	946ad484e86dfb44d99ebb8b55b4c943117adc9d0aed345da7ab6964ebd36117	binary
system/etc/res/images/ztecharger/douhcd_90_100_062.png	81935	7efe539375ce4f931165c3ea7bd85eb7a494e35f9cd84ea7990504a8f3b5aeb4	binary
system/etc/res/images/ztecharger/douhcd_90_100_063.png	86873	26c3c5f2f47c0656c58969cad24772722313737b4fbbeb77f58b158004c6bf7e	binary
system/etc/res/images/ztecharger/douhcd_90_100_064.png	83516	9875013fe46afcdb3c91e91b7fd40a9620d2e05ddf05317c4b3783d22921e050	binary
system/etc/res/images/ztecharger/douhcd_90_100_065.png	85375	ffc8c561ae1ba5524ab59ae4cd9b93d293f30fc432e6e1290ec78a3cc900d4c4	binary
system/etc/res/images/ztecharger/douhcd_90_100_066.png	89676	0dfa20d6646e7b818b6b0684e6c17dba423aeeb1499571870f84810e7222f76a	binary
system/etc/res/images/ztecharger/douhcd_90_100_067.png	84084	d3f3c81cefc05dcb346a4f396540bca5470ecc8b9d398faf7ce5fa7c01cb966a	binary
system/etc/res/images/ztecharger/douhcd_90_100_068.png	83388	c21ec03e25eef27174a9671943e91c46d9b4994c23e591760338f867972e76da	binary
system/etc/res/images/ztecharger/douhcd_90_100_069.png	88309	a2c6323583e34623dd8805b187ddb57f7d28429a7aea249abb8bf532dfe4df58	binary
system/etc/res/images/ztecharger/douhcd_90_100_070.png	85727	fd7d2734239ec18d2e9c817daae7d50fc53824f735cfa2795b0b755d2984829e	binary
system/etc/res/images/ztecharger/douhcd_90_100_071.png	86527	d27075d3862207c14ddbdb6d461881a4c3f94a22db54e1b296daf46d5da4d045	binary
system/etc/res/images/ztecharger/douhcd_90_100_072.png	90025	97fe627a8b70fb68df4f275a227461fb4efc3b5a6721536a1e4f4c8bfc7e8817	binary
system/etc/res/images/ztecharger/douhcd_90_100_073.png	86504	0cd0f88af14cad5d10096e302cf0cab394ac2d2c755568eaa30676e8d8eb586a	binary
system/etc/res/images/ztecharger/douhcd_90_100_074.png	86908	a6bbff43bdc74a8354755b7323a6b7956691a586243216bbaf23c81f928eb87e	binary
system/etc/res/images/ztecharger/doupcd_0_89_000.png	97871	b827b6948c4b83787cdbaf6fb504edd6f9bdb28c6d059af1dc143e1f840eee5a	binary
system/etc/res/images/ztecharger/doupcd_0_89_001.png	95805	a286ccfa55a4e9ccacce35c21d25210e202b44bb255c863053c1384aeae579a2	binary
system/etc/res/images/ztecharger/doupcd_0_89_002.png	100734	a3a15fd146a9d4b7f3803ad2c23c3549b87a08e03ece8a9afd84d9999e82c540	binary
system/etc/res/images/ztecharger/doupcd_0_89_003.png	100340	5c29e2d170f982142c4cfefd84051a3a6beb6b2aaf9c5bcd6c42aad295c487c5	binary
system/etc/res/images/ztecharger/doupcd_0_89_004.png	101186	89925d944e43120c3ab8e88ccdebe62f06edd39f72b470ccbe646dade6e20d9e	binary
system/etc/res/images/ztecharger/doupcd_0_89_005.png	96312	255d08e05e0ac69d5b47024a3471c1bb0215fc87cb47b2987a8c08a143531048	binary
system/etc/res/images/ztecharger/doupcd_0_89_006.png	100188	65d6f2503c602456d23902be86679e0efc592d62a381225f7593511ed3464338	binary
system/etc/res/images/ztecharger/doupcd_0_89_007.png	93094	163adb50afe2382ea586385f12924196912221834de555ba01dd6138ade77dfb	binary
system/etc/res/images/ztecharger/doupcd_0_89_008.png	95053	f202b66b28318aa543cc4ad636ebc7c9a6daede90a5d59d5da4121fa6ad9f343	binary
system/etc/res/images/ztecharger/doupcd_0_89_009.png	97867	ae7f6ce5602152279f08556720fe4b66df6d6085d5cdacb1fc9bf43c00da7771	binary
system/etc/res/images/ztecharger/doupcd_0_89_010.png	96757	677ed01ad698b67fde8a99c9d55ec5ef6a5e80f827493024ac81a6dcc1918237	binary
system/etc/res/images/ztecharger/doupcd_0_89_011.png	98784	fbf6cce52e0aca226b7adc92009d26c5b7d6316d0fb115bfaca799377a79f2d8	binary
system/etc/res/images/ztecharger/doupcd_0_89_012.png	93879	6e3f196cafeb9f92b4c341ff8af267726aa02723ebc082f9162fb70675a27962	binary
system/etc/res/images/ztecharger/doupcd_0_89_013.png	97558	9b178429b302f2de4488cff4083ac1e9e9894a6121b19a355037e3fe6ce818cd	binary
system/etc/res/images/ztecharger/doupcd_0_89_014.png	100351	855ab98eaebdeb667d399d785a9c80bfbe6cd624e8c7cacfa4e6c4dc87653367	binary
system/etc/res/images/ztecharger/doupcd_0_89_015.png	101457	b4317f3e04814ec470f62c35ad5019c34362d27a651d642b450a1ee9df2a653f	binary
system/etc/res/images/ztecharger/doupcd_0_89_016.png	94867	c3e430b22de91084d9c9a2da8ec4ffcad885986833bb29a8138eab6b33136193	binary
system/etc/res/images/ztecharger/doupcd_0_89_017.png	95930	066f6e32e2fa8b6f92afb0078c05aa37868095f317753d696af775fb95a2cbbd	binary
system/etc/res/images/ztecharger/doupcd_0_89_018.png	98118	f6aeb2f94db5feb09533148081d6af219574aa65a12129ff9cf551935b39287b	binary
system/etc/res/images/ztecharger/doupcd_0_89_019.png	98347	8cef80831f4bd75bb6a4edfc53a400a09951e11f648bb09a96d554c8651f4b18	binary
system/etc/res/images/ztecharger/doupcd_0_89_020.png	95842	304d0e8051bafc3707d4e317f16a5e17a53bc125378979dd73740a1ca2e89b7c	binary
system/etc/res/images/ztecharger/doupcd_0_89_021.png	93877	447f6e7a6b65b10cb22bb62d6eb0c4710ccef76d8c95cba6b0bbe4a1c81bf7d0	binary
system/etc/res/images/ztecharger/doupcd_0_89_022.png	93524	43865937b9118a268bfae2eddc8525c649c182d01f4536e3cd010482a2761313	binary
system/etc/res/images/ztecharger/doupcd_0_89_023.png	94651	979626c9e79b25827419f3f3d96b65f00751a705c8f7643b3d910f04d0fd425f	binary
system/etc/res/images/ztecharger/doupcd_0_89_024.png	100728	9c2c0814cd641aeaf331416fb9f11da45f61f519929b54dbc06e58a4481cf65f	binary
system/etc/res/images/ztecharger/doupcd_0_89_025.png	97712	b5db96a0b8bf49716fd6ab970e27bba723c6959a61cac54721f0ff754a73c0c5	binary
system/etc/res/images/ztecharger/doupcd_0_89_026.png	100238	2dab551926d040527d4025c9bf365a17b80e45afe685c4880eca9e6bbdb9d303	binary
system/etc/res/images/ztecharger/doupcd_0_89_027.png	93438	7887c80607828f7ca592ee869b589b3fa2f56882617ca7ab72c031d8a8999768	binary
system/etc/res/images/ztecharger/doupcd_0_89_028.png	95188	a44ebbcac5baba40a630797629a9b31f5e0f083698a5564d6218ddc83ff3d8de	binary
system/etc/res/images/ztecharger/doupcd_0_89_029.png	92143	fbc4c8d7c3ac7b65b4ec009209e01d37362fbda50574bff065f53bced241e082	binary
system/etc/res/images/ztecharger/doupcd_0_89_030.png	93854	f03ea0615952d83a468bc4962622e57ef1968d0d3343bb583043f13af203275e	binary
system/etc/res/images/ztecharger/doupcd_0_89_031.png	100649	8ae42fff87a91173b008ef5b84f7136f2cca0bb5b95d7df57d300038e9bdf99c	binary
system/etc/res/images/ztecharger/doupcd_0_89_032.png	95192	3e43a722ac4b8cce6d771a7bb0b70637259e4f78d0dc3b5555c5436483cf8c1a	binary
system/etc/res/images/ztecharger/doupcd_0_89_033.png	96439	dad4e21ebbccb57bcced1bd5d23ccbc4ea7a808048b7accbf9cc43332056ae3c	binary
system/etc/res/images/ztecharger/doupcd_0_89_034.png	92072	5c21739eef4b44647f465a6d35eb8c106ffe3935c0f0d28a52bf3b525b461b0f	binary
system/etc/res/images/ztecharger/doupcd_0_89_035.png	91735	e91a83b1ab2fa2bc73cb080df19776880c9a93fbb5fd2e896515b02cc0ae4573	binary
system/etc/res/images/ztecharger/doupcd_0_89_036.png	89519	dedc772da3a09b3481181a4f9e5fa974d9a1c8aa604293fb2cdef7721c9b5853	binary
system/etc/res/images/ztecharger/doupcd_0_89_037.png	98813	a7431231c61a3ace8c89b681d04db3699c2dd3951e588c751f108d1e88a4365b	binary
system/etc/res/images/ztecharger/doupcd_0_89_038.png	92530	b4ec7c399ac04689032c9306d2aca98fc18ffe846ad179212f2841d5d88400e0	binary
system/etc/res/images/ztecharger/doupcd_0_89_039.png	100272	7bb7808a8a57af99b8a6871b4ec2c809ba26ca979ca5f881c65b77a402c9749b	binary
system/etc/res/images/ztecharger/doupcd_0_89_040.png	97226	4ab4623da1bf8bdac420414051627c4de5f95f429ed089c55ef2953d02386393	binary
system/etc/res/images/ztecharger/doupcd_0_89_041.png	98719	5e9d04c9fe3556fef9bda3039900bfad6bfaada4bd3a2b282748b5d7b31fc509	binary
system/etc/res/images/ztecharger/doupcd_0_89_042.png	100835	9e0630f873ed1f463e378f3fbc3bbed3684df3f06048e8963d137e6d68c52d67	binary
system/etc/res/images/ztecharger/doupcd_0_89_043.png	98920	2ff0109659e51cea0acc0ab3f3fe45605471342a1159e1ab5e83a68bb8351144	binary
system/etc/res/images/ztecharger/doupcd_0_89_044.png	94375	8ce02264a0f813494b43231a5c15315554404bd6997a276de06594e28bd4b38e	binary
system/etc/res/images/ztecharger/doupcd_0_89_045.png	99125	1fbd0327876c460ef5675f03b66564c13f10f11ff94f4084c679bb09b9b4137b	binary
system/etc/res/images/ztecharger/doupcd_0_89_046.png	97368	84a565367f64b7fc1cea7279d2660213129f700a89dd1c33dc660754d8379998	binary
system/etc/res/images/ztecharger/doupcd_0_89_047.png	93062	cd65d4296829bc4a1a89275d72450ac92a69e1e776ac84b5c2d75df1f5c0468f	binary
system/etc/res/images/ztecharger/doupcd_0_89_048.png	95167	57eb77cca886349206261dd366230eb1722fb95ae10245f0bb5d56f51d113902	binary
system/etc/res/images/ztecharger/doupcd_0_89_049.png	98394	11957a63d51becc502cbc03c3d1cedb39eba7f64edf60cd385138b4b2e2ea964	binary
system/etc/res/images/ztecharger/doupcd_0_89_050.png	99298	56ceb06b43b53957c78906efca6ad73287045396b2e7140d58e62139fb788048	binary
system/etc/res/images/ztecharger/doupcd_0_89_051.png	96665	30837ef761ecff5a2e97027cacccfeab53d528d5f469a200c45de25f85f4d0ee	binary
system/etc/res/images/ztecharger/doupcd_0_89_052.png	98322	c72003dd87f2d7ddc65b3d094776fa5b85f206c0d80f302eaeeebd5eff669234	binary
system/etc/res/images/ztecharger/doupcd_0_89_053.png	102458	7ff620539bd237702bca43e0b75d7862d7f055e1d86d98cf463f02660d248279	binary
system/etc/res/images/ztecharger/doupcd_0_89_054.png	97382	51bc79cd115ecf7c0d94504241aaffb95757117c261e36202cd32b889dd3e359	binary
system/etc/res/images/ztecharger/doupcd_0_89_055.png	106240	e62b28acdeabcb8eafdb76ce435b2e82a85b981bc40d12608c811e378a8c2a5c	binary
system/etc/res/images/ztecharger/doupcd_0_89_056.png	97181	51564d47c9a2e796ba7b158a419585e0b49342119a97a02b4e8aa15bb3cbfd23	binary
system/etc/res/images/ztecharger/doupcd_0_89_057.png	106378	8fe7ee3c62d7f5d30bec89517ead5a0984227cab03f8664055c26511314d8456	binary
system/etc/res/images/ztecharger/doupcd_0_89_058.png	101301	2b3bb7da0586a45ab1919a3c5bbe6e5e136119131d7ed66719a342b9eae26b7a	binary
system/etc/res/images/ztecharger/doupcd_0_89_059.png	94189	1358318b86fc4ef0f82387317394ad0e768995ab70c99b512391e314d5178b88	binary
system/etc/res/images/ztecharger/doupcd_0_89_060.png	96868	21355dac7c9a9fa0abb3fc98a428b9db64522a1a882e4f2d90d69e3001b141f3	binary
system/etc/res/images/ztecharger/doupcd_0_89_061.png	93813	49cef675174e9829ed53103d3e7e04589386a0134fa1d8ef998bb24baab0a1b2	binary
system/etc/res/images/ztecharger/doupcd_0_89_062.png	99154	5db9f0d088710aecf978a6e6cf4420acfd9e19f4ef8e2137dc721c0a59b188f7	binary
system/etc/res/images/ztecharger/doupcd_0_89_063.png	96812	3cde4a89baf8647b7badab0d86a30b74c74b079d65159ca012f8b2f64b677ab0	binary
system/etc/res/images/ztecharger/doupcd_0_89_064.png	98379	b75deac14cbe531aa8adf1ec8b329caa33da6b14d22dd93b33becda1f99d8e18	binary
system/etc/res/images/ztecharger/doupcd_0_89_065.png	99692	7095626f494a405c3c42f715f77c8982aa54af9e0f7c14bd9dff6bec83e2cb77	binary
system/etc/res/images/ztecharger/doupcd_0_89_066.png	104877	ee53eceb4af4faa7f189ffb88c053e197a7f18f8e35498248b7d7eb34ae5da7c	binary
system/etc/res/images/ztecharger/doupcd_0_89_067.png	101944	05023c0d2acaf73588b0c9aa2d92605f96f2f0cd75d2f3a0ad280d2fae0efdff	binary
system/etc/res/images/ztecharger/doupcd_0_89_068.png	94269	725616297565a22eefd7346cbebf93aecc478f30f59fe58c75bb6df2bf071da2	binary
system/etc/res/images/ztecharger/doupcd_0_89_069.png	97620	4d482f04b16ac3898eb39758ee86413c9aa4b4b613767200d36ef2b5ff4b7f93	binary
system/etc/res/images/ztecharger/doupcd_0_89_070.png	96158	c666aa96c6507a082d7ffa82d1d04e1bde97a218976d885a300a5467c8347e20	binary
system/etc/res/images/ztecharger/doupcd_0_89_071.png	97298	376894009465a5412b6f09419e95658477861f03f16e2aa0ff7f2463de4bdfee	binary
system/etc/res/images/ztecharger/doupcd_0_89_072.png	96493	768901c445001f0e45661eae0842ff330b87d69e5fe71d13bbe5b118f0fc905c	binary
system/etc/res/images/ztecharger/doupcd_0_89_073.png	100364	04526515d7db5bf9275561fc6ea34178bfe92fd0fb44fb1b1b61504981aa8b9f	binary
system/etc/res/images/ztecharger/doupcd_0_89_074.png	96853	968483f8c2e108f8e1172b43d3528a0014a98e22c32a05d34d2a9a8251a51256	binary
system/etc/res/images/ztecharger/doupcd_89_90_000.png	97941	3f2cd3af597b1822968e1af250b1398e27095acc4d3fa647b2b72f31a40b98dd	binary
system/etc/res/images/ztecharger/doupcd_89_90_001.png	101915	75c68cbbda3159cbe9e8ae688252fb7834340beca6e3052270fe52bc197a7c8b	binary
system/etc/res/images/ztecharger/doupcd_89_90_002.png	99629	e9aa4ade5ddd40f8b6731d0dffac879fd1c42339cb57d23299170af728301ecc	binary
system/etc/res/images/ztecharger/doupcd_89_90_003.png	95625	807070b5da73ee87429552ada67712c0b3a22bd65d036d39f690afbcaa22fb34	binary
system/etc/res/images/ztecharger/doupcd_89_90_004.png	98832	fcbc1c23be9101948963884adfcb1e6472966e2ae3016380a8b718c4a0c89dee	binary
system/etc/res/images/ztecharger/doupcd_89_90_005.png	101145	27a3755a2ec755e0126c8621c4a1423b5dfb30ec75388f25fe60a052352cafbb	binary
system/etc/res/images/ztecharger/doupcd_89_90_006.png	95565	0917118b6bf4dd7987688a04ff56c033fd46454140e23c92af026986d1991865	binary
system/etc/res/images/ztecharger/doupcd_89_90_007.png	98622	0b0100ff54eda0276e8731f4be5a89f554142f90511532cdc770161413458e52	binary
system/etc/res/images/ztecharger/doupcd_89_90_008.png	95827	2da8ae1635271ce6a0bde057bae18e7e628c103b0d319784152c800e2888c600	binary
system/etc/res/images/ztecharger/doupcd_89_90_009.png	94862	ca17c5e17a126e22804b73b156ce90b44ffa97f7f3cc66ad2f325c1424d70974	binary
system/etc/res/images/ztecharger/doupcd_89_90_010.png	93959	acc2d996a8d605439680ab986fa436e9ab2cb5e3bc7f5d3ad268d55d6c2da6cf	binary
system/etc/res/images/ztecharger/doupcd_89_90_011.png	93465	6a1c331ac91c7d8d7bc96ca33505c46c368691a918a3738d2a37093a23a57f4b	binary
system/etc/res/images/ztecharger/doupcd_89_90_012.png	95781	6cbf0bb06019251c215a82a9b315620ffdd016cef2f5c8131a61735b32677198	binary
system/etc/res/images/ztecharger/doupcd_89_90_013.png	91117	f78a65a817fb5a822f30936550db4eb27b503b6a69a960642af8449e38e8821d	binary
system/etc/res/images/ztecharger/doupcd_89_90_014.png	94792	3ec1154c305af0ad29a9246c0b8c806f9d01b88893e320f9b474e7d0095606b3	binary
system/etc/res/images/ztecharger/doupcd_89_90_015.png	98562	29740668294186a6ee77c0250b8feaea87f9f9747792ad84adca03866fb9bf11	binary
system/etc/res/images/ztecharger/doupcd_89_90_016.png	95135	52e29033a939505bdd2413fa4de0716d489de1b1d553e2cb3aebe15eecab65fb	binary
system/etc/res/images/ztecharger/doupcd_89_90_017.png	95547	8b025610dc8409fbeb79e676725ca0928f0a26a7be1c23b14466bdca57b34e56	binary
system/etc/res/images/ztecharger/doupcd_89_90_018.png	101641	e056dbac13eeff4944b574d4e3589be5b6266122d380b541de11cd31b4a80185	binary
system/etc/res/images/ztecharger/doupcd_89_90_019.png	93670	705bd1e97951f51c31761ccf2bd0f34a09c077fde584543e44ec250ecbae88fc	binary
system/etc/res/images/ztecharger/doupcd_89_90_020.png	98401	95ca7f1b79c63aa11196bd62663ea2b5eb0fe9b489343bee32dc810ad063c913	binary
system/etc/res/images/ztecharger/doupcd_89_90_021.png	94996	b559486f3c4794df419ee09627630754d8bac1ab53c9cb7e7d7d3f8d895dc6e3	binary
system/etc/res/images/ztecharger/doupcd_89_90_022.png	88515	36162a482c45218e7e0bed1f2eac83240174f5d11d83bbce24e4b51cf106df8f	binary
system/etc/res/images/ztecharger/doupcd_89_90_023.png	90230	5753040b49a97fce2c6589ea25b5de668610bf1fc09a970470ef256277d67a3e	binary
system/etc/res/images/ztecharger/doupcd_89_90_024.png	84490	32fdb17bf8fff28d3bd5734c17c2b46cf2b04ea29400ccdf31337cc72c037519	binary
system/etc/res/images/ztecharger/doupcd_90_100_000.png	90363	de04066167a4cad3aaf0b258836d2bdbc7e09b306ee603af4de7d6b47f3aaf5f	binary
system/etc/res/images/ztecharger/doupcd_90_100_001.png	88713	3a026d329d56624651572e9e391215fb164a9e190e45cdb661928b6493c2e913	binary
system/etc/res/images/ztecharger/doupcd_90_100_002.png	86258	4d098e2c5bb69bcb69430a3b976ff64cca42c992b2c2cbe8e36b7c89e4afc15a	binary
system/etc/res/images/ztecharger/doupcd_90_100_003.png	86154	f4db216fab95182e8f1b0413b7cc36c14c0a90dc28227b49e04cb57300888be0	binary
system/etc/res/images/ztecharger/doupcd_90_100_004.png	86732	5a937b5a60fadb3dafe487e7d8d1c2a7f57360c89aecf40fbab2400370eeb27b	binary
system/etc/res/images/ztecharger/doupcd_90_100_005.png	83259	70345e04b31241f1971dc90615faeb7e92820c598744767ca5d231a8475a6ac4	binary
system/etc/res/images/ztecharger/doupcd_90_100_006.png	83957	86f09060fd78608fdb545302b4c3323a3030a97e2994fd2ff83b50a7a5a08477	binary
system/etc/res/images/ztecharger/doupcd_90_100_007.png	84247	b56f7675adecc899c16c34c62bee29c42b5af5396e1c5dee12219a234fef700b	binary
system/etc/res/images/ztecharger/doupcd_90_100_008.png	85022	e7cceda9dcb4c3c3d0256608a335501ee42f56989cc8f3db3be4a4c315c776ec	binary
system/etc/res/images/ztecharger/doupcd_90_100_009.png	82738	68abec8aeb4339cfc9fb40efef5501156783a7ef4dccc8de6ac99f8ed05f16d1	binary
system/etc/res/images/ztecharger/doupcd_90_100_010.png	80368	448956ec8d783a7e184da32bc9024a989fc405e6c5a80b3ef8deb24d59b63473	binary
system/etc/res/images/ztecharger/doupcd_90_100_011.png	82894	502a0ac5e064b8ffb7157234c1cfb0dc4029e975d509560415e0e268116251ff	binary
system/etc/res/images/ztecharger/doupcd_90_100_012.png	82455	043f8f5fa6b4ce1aac1c0d04ba262846098a6657d8167125afe43ab86565aea2	binary
system/etc/res/images/ztecharger/doupcd_90_100_013.png	81958	de17a5d05054b7b22fe31bc560cd8fdffdc7293a5b62c6aa1bf1565e2409d465	binary
system/etc/res/images/ztecharger/doupcd_90_100_014.png	84403	2172001d502da81c5d1a25aaf42ca9caa330788e1dbb49fc9e8da1f5721eb28c	binary
system/etc/res/images/ztecharger/doupcd_90_100_015.png	83684	9271cad0ff329b6a10edf68e856b3c3a953f97ab3827d08d46d9337b05c13d0e	binary
system/etc/res/images/ztecharger/doupcd_90_100_016.png	84061	440d6fc2426e3727c40bc65952a970a334a11562da684077910d80703e4500a4	binary
system/etc/res/images/ztecharger/doupcd_90_100_017.png	85566	36458825b9c150769e39105aca77c961a4cd941b7e0e3deadb2ff1233ad38a62	binary
system/etc/res/images/ztecharger/doupcd_90_100_018.png	84583	4d384f5dfc8492e01475ae8c560607e1be7e84139cdc1fc34c93c9c2d8fede6e	binary
system/etc/res/images/ztecharger/doupcd_90_100_019.png	82664	f737e82d96b99fbde30e80a93fe05c4d62b81fb99f99c7e78f6bc539137eb10f	binary
system/etc/res/images/ztecharger/doupcd_90_100_020.png	82222	ec7677ff18f418bca38ec46e9041e03093d64ddca9e439843ae941162dc34978	binary
system/etc/res/images/ztecharger/doupcd_90_100_021.png	82342	056f488db1ef21f8bb878d069bef6adbff789dd4b03360f2f80a69d5b53b01cd	binary
system/etc/res/images/ztecharger/doupcd_90_100_022.png	82949	4eb5383996396e879780cb97a481b1a51d3ebb861030ddc95659d45d720cbf25	binary
system/etc/res/images/ztecharger/doupcd_90_100_023.png	83031	48f07c334dd26e47f4ac6519fc6856821a51ec1a1de7545827782b3a32867f65	binary
system/etc/res/images/ztecharger/doupcd_90_100_024.png	83292	f9558479a23d5b85cecd46cd2f3f0e3748aa34c5f144a1bc268414655f004db0	binary
system/etc/res/images/ztecharger/doupcd_90_100_025.png	81138	c51812fa198cf5eed0c1cf6c5d3b4aca5752cb8481658e208f278dc61a391942	binary
system/etc/res/images/ztecharger/doupcd_90_100_026.png	87195	2c5c50141ab261ee300ac76ed11339f9865ad86e69e7870914509c0036417014	binary
system/etc/res/images/ztecharger/doupcd_90_100_027.png	87935	6e3046a4b9c7768939805c9ff5f5ed0bb068fabe9300b135addac773b9b2dff0	binary
system/etc/res/images/ztecharger/doupcd_90_100_028.png	88734	b5a178ff73087d611b952e4e5edb6920c7af286bbdcccdd75605289b24ac51ad	binary
system/etc/res/images/ztecharger/doupcd_90_100_029.png	82832	2731cb2ad9ac110fa5ff865c1c25b54b3e21ccc981e1899218476f53a702d881	binary
system/etc/res/images/ztecharger/doupcd_90_100_030.png	89881	8d971da4f4c8147f75a5ec8486fbc5cfa7572b71fc1706108c143059cfea9383	binary
system/etc/res/images/ztecharger/doupcd_90_100_031.png	84634	642ee68bfeb6a0f680c92181f32bf498d66e68cbf56887fa88fad013f8486ea9	binary
system/etc/res/images/ztecharger/doupcd_90_100_032.png	83757	b626685ba70f59c308b3f8f9ad5800272b7ad7be1bfb405d9d6371f34c8af0b7	binary
system/etc/res/images/ztecharger/doupcd_90_100_033.png	85350	b28f977a477b1505cf27f364de31eeff7f2fd1d2c7200f41aad6463396170f97	binary
system/etc/res/images/ztecharger/doupcd_90_100_034.png	85153	44b89fd6396951a9d84df3bae5c65f0fa9c615803babb218126031240c56ce14	binary
system/etc/res/images/ztecharger/doupcd_90_100_035.png	79903	2aee064d38f6adae6f14eb66231738566b876b28a4a278b4db3f39a72c7aeecf	binary
system/etc/res/images/ztecharger/doupcd_90_100_036.png	86145	feb63b872f8dcc13d21d6344233436c93733ebf300f5f8a478210ded711b4083	binary
system/etc/res/images/ztecharger/doupcd_90_100_037.png	84778	21f21df11e16d6b120911cf1985444a0f87e825ff3c4f726ef0d745e8b9370ec	binary
system/etc/res/images/ztecharger/doupcd_90_100_038.png	84300	6ddaf14d5a1af03b466a8f867cc86889f7964d7c24fb5e5fba6cf3a7a7bf3a2e	binary
system/etc/res/images/ztecharger/doupcd_90_100_039.png	87660	86c97410511e96f300e5170fe78eb82adc85626195fb46d49667779cd6ed7640	binary
system/etc/res/images/ztecharger/doupcd_90_100_040.png	88502	dc20c33462d1b6840df408ff4325e046f254768aca71489fd8a5aa594a9f47f1	binary
system/etc/res/images/ztecharger/doupcd_90_100_041.png	87974	6ee84e564887eda4a9735c5c517eb334cb91f896826360014d8aba2ccbae41cd	binary
system/etc/res/images/ztecharger/doupcd_90_100_042.png	86762	a227aef9dd88896de17c8546069ef3f96e66d9798975c92b59e660545daaf579	binary
system/etc/res/images/ztecharger/doupcd_90_100_043.png	85676	684df129fb960da4845f4992b9dbd29979d691f503a69e74c8ac09f17c7c6da6	binary
system/etc/res/images/ztecharger/doupcd_90_100_044.png	82599	57770cd44557e544652f0bfb65974d2eb67ffa2b50e2b53d1e390363cf1890e1	binary
system/etc/res/images/ztecharger/doupcd_90_100_045.png	87005	b1a8b6688da088936a8a5a5e17e2775b604abf74665b1273f63490584f6a0cec	binary
system/etc/res/images/ztecharger/doupcd_90_100_046.png	87017	7758323e7e7bd7138e7caf29e87f82e8f870678e720e07b92c01ef40f6e305d5	binary
system/etc/res/images/ztecharger/doupcd_90_100_047.png	92844	3d7a3b50a378f2646f7672073254920c7d7a40adc463c8a2df488b4c4aabcfc1	binary
system/etc/res/images/ztecharger/doupcd_90_100_048.png	83916	b958a41440f3f557bbf5d1dca7e05a7a7e41d23d68978c461fefd9155243cc02	binary
system/etc/res/images/ztecharger/doupcd_90_100_049.png	87358	95d8775cec28cecb16f175a6e35fcd4eecea51f6bef4269c12dbe37e0963a2bf	binary
system/etc/res/images/ztecharger/doupcd_90_100_050.png	83359	5e351572dfa3955fb337b68e6d3a230cb275487937b83f3591f12f489eee37c7	binary
system/etc/res/images/ztecharger/doupcd_90_100_051.png	90667	1f798bf173e9b5f8ed93933d82cb1f81e96a3083b993694cc8045b2b7d8f8c12	binary
system/etc/res/images/ztecharger/doupcd_90_100_052.png	87629	0492c7dccf17553b19f748fcd4de721dca715806957cdaf542cfd35e5f456f0c	binary
system/etc/res/images/ztecharger/doupcd_90_100_053.png	88734	7e50b81d2c885aecea64ce15a9c928a007f62afafa5ba453c4e96f3f2cfbee6f	binary
system/etc/res/images/ztecharger/doupcd_90_100_054.png	89068	316d3859b099b038f8b006c29c2abfa6e52a8bf8759c2b2b6f5ffeb3e818d860	binary
system/etc/res/images/ztecharger/doupcd_90_100_055.png	86738	a908a4dd0f869eafb21624f11de4d3c0d27e920c2d55de2305f20d6171b6fb40	binary
system/etc/res/images/ztecharger/doupcd_90_100_056.png	90079	a3f197b454e77db9d332c6bddc3906d3403bf1701955fc7fb2c8a4bd97a0a8a4	binary
system/etc/res/images/ztecharger/doupcd_90_100_057.png	87617	f9d3871078274170a98d5f3cebd3525e493e797ffcb7acaca14a19de198aab6f	binary
system/etc/res/images/ztecharger/doupcd_90_100_058.png	87863	3c6d25f4d9414c049eac68d696176fb1365976255d3e1a63e1b7f8e3d4ef4a08	binary
system/etc/res/images/ztecharger/doupcd_90_100_059.png	82291	696b5d107d74ce46a456509802b6496ec965c7de8efcc18cedd6af42ba96b322	binary
system/etc/res/images/ztecharger/doupcd_90_100_060.png	86519	37a578dee34fac9d3814aa058fb16a49f170071bce84c907493decaf35d7c81b	binary
system/etc/res/images/ztecharger/doupcd_90_100_061.png	88508	76b60edb88840874c9131f7c62af0e1cff3e61bdca22c5f94820f1859fae5427	binary
system/etc/res/images/ztecharger/doupcd_90_100_062.png	86946	cebb9ceadef4bd1ed4dedd13ea845e1fce99f41de1b5ab32b27954235d18ebc0	binary
system/etc/res/images/ztecharger/doupcd_90_100_063.png	81615	3de0a65fdd4694204cca36f1155b1e65bd676b1c5005c158864c0064bd852fbc	binary
system/etc/res/images/ztecharger/doupcd_90_100_064.png	84869	f6ee6b8385dbd2cb66596db299b5566d1e733061142bec9464c2be11adb27205	binary
system/etc/res/images/ztecharger/doupcd_90_100_065.png	83892	09cf92f8960452f956c2a8127d6385065c8a5eee10e26fd15070f9645b8456cd	binary
system/etc/res/images/ztecharger/doupcd_90_100_066.png	85601	250294425a9650e3653174963cfa80b5635f3f0c9ef10e07f40963202c008ee5	binary
system/etc/res/images/ztecharger/doupcd_90_100_067.png	87378	34e5f15ebc9744aaed56b453f9394ea3e11b1109433c8978b954c30e83e6f752	binary
system/etc/res/images/ztecharger/doupcd_90_100_068.png	86851	45af7bc34a02c4b736f0219cc2ed2117d9cbd602d8f883d596df72997fcf9a3a	binary
system/etc/res/images/ztecharger/doupcd_90_100_069.png	88441	e5e9472e202c84a55d0462d3147a28f2692ee2ceebcce748263e378e90dc81a9	binary
system/etc/res/images/ztecharger/doupcd_90_100_070.png	89654	8479dab86e3c99362680e61d405a2e23186ec140700bf66bcf556d5878d035b5	binary
system/etc/res/images/ztecharger/doupcd_90_100_071.png	89299	548a8c9a375cd5f7b24e573a1e9ec0359d9e18244fb46ed8535100f75e1ead2d	binary
system/etc/res/images/ztecharger/doupcd_90_100_072.png	87466	ef5b3c34c6d5c7aff6b749b4aabba314484162b5eb27c1a3f3a420b285c39ed3	binary
system/etc/res/images/ztecharger/doupcd_90_100_073.png	87269	453ca025d9c4f4616e584819c14e0eb23ee91ba49e5c729813c81f2bd8beb3b2	binary
system/etc/res/images/ztecharger/doupcd_90_100_074.png	86989	12cf3d62a166a246013a92bba56b8feb6f1a5bd59ac5500edb07746b03091c0c	binary
system/etc/res/images/ztecharger/fast_charge.png	14161	b140b4520173e310d8695792957c9a5b7835611ea204b182c7925bb5c9995e35	binary
system/etc/res/images/ztecharger/fonts.ttf	4398156	4b3420a3c19c9c2142e8f70f547003892ce84c16c5e18fe687d563a1ff8c3cd4	binary
system/etc/res/images/ztecharger/mchcd_00000.png	275786	a067389a747960dab8ccaefa71daf658bef98dd3ace3f37d619c02907258dedc	binary
system/etc/res/images/ztecharger/mchcd_00001.png	267772	43add9f77496a2a497b544023153c84e86d94cc409a7ea054b8cdf4777134d4c	binary
system/etc/res/images/ztecharger/mchcd_00002.png	266351	a529b193eaa5fca5c7c80da5d762ad2eff1540a458251bd318c3454fcae2fca8	binary
system/etc/res/images/ztecharger/mchcd_00003.png	264480	d95ee5f5872f87189126a61c33a68b6554dfad3acb91ff813bb7e16f90ad7b17	binary
system/etc/res/images/ztecharger/mchcd_00004.png	262954	486fe6fd6872e11078db0e690d36d46b1e4df99febbe7529598e058793264cc7	binary
system/etc/res/images/ztecharger/mchcd_00005.png	260761	7883862e198f5c2ecde7d75ca2cc735e953a14db9238e6900c1a90361b640f43	binary
system/etc/res/images/ztecharger/mchcd_00006.png	259465	4b57e176361f133e2d8662ed9d861e496de99955651b457dcac66d17752504e2	binary
system/etc/res/images/ztecharger/mchcd_00007.png	257579	b6d8e2f63789bad516a90f64dc993d95222721b40828ea1a94a78625af4ced3d	binary
system/etc/res/images/ztecharger/mchcd_00008.png	257213	56958b5caf2e189f4a47247c9395c5db5e6b8b735bae36dac42655e0e1a34047	binary
system/etc/res/images/ztecharger/mchcd_00009.png	256219	61d3eaf5badd7f6ca688aacb180b235135b02c2e819531b8222b7e2ffc44a4a1	binary
system/etc/res/images/ztecharger/mchcd_00010.png	255355	8e9b428f2617d5ea9b2f362f11d7a48b2d56b85d5e79dd9f08785692f544df27	binary
system/etc/res/images/ztecharger/mchcd_00011.png	255381	523d7d8b6c495e47b9a744dd6ecfa7d095819d75240354090ea00f623e8ae8a7	binary
system/etc/res/images/ztecharger/mchcd_00012.png	256367	51bdd47828ea43a42ac3c8649a0b74bca1649e24754bedb0bf09e81bb100ad79	binary
system/etc/res/images/ztecharger/mchcd_00013.png	254541	9d91a5db319b80c2704e07588c09c77038b18bc685a72e5dc44b3b32e46493c5	binary
system/etc/res/images/ztecharger/mchcd_00014.png	254757	5dfe4ca10b8220e24932c4002216aeafa1f461323ffb9908489ac74e426b3115	binary
system/etc/res/images/ztecharger/mchcd_00015.png	256477	66adb380a2f4f028468fb1e799724ef8d3b7c807cacb9b583f73718dd6497864	binary
system/etc/res/images/ztecharger/mchcd_00016.png	258218	83eb5b50d7272246aab128c3e03f9bbb5c455a2b81fbfe2de30ba28a4524881e	binary
system/etc/res/images/ztecharger/mchcd_00017.png	258097	d07539b5b019ed2e7a7351d8d4a31418b80f4244e40a3057c2aeda1a773a9a92	binary
system/etc/res/images/ztecharger/mchcd_00018.png	259882	1c0b97cb5f723442d77c7912db3d29ebe5ab43e398f24f0c409149daa6a453ae	binary
system/etc/res/images/ztecharger/mchcd_00019.png	261199	e10d1372d762a4a15496b474af16ef4e5756d6e4b71250c645f2eae322f0f33c	binary
system/etc/res/images/ztecharger/mchcd_00020.png	263412	c8c74b2c799829e5f84df7d3ca1fa0822c35140f8c01e8b23325b1fd24334604	binary
system/etc/res/images/ztecharger/mchcd_00021.png	263701	746312589a6f4f96365739f8475cbd85b242a62995a7abe8f2d03a960c5b36df	binary
system/etc/res/images/ztecharger/mchcd_00022.png	263862	baf013e2d05d51af0cde12b0dd7dc2dd5678a6c531edc5d43cd73b556de0c8db	binary
system/etc/res/images/ztecharger/mchcd_00023.png	266002	5dd87ac2b5890018c15eaeae2ecda9cc18e9e787d85f6d6e185b2aa75ac81c42	binary
system/etc/res/images/ztecharger/mchcd_00024.png	266848	ccfe25c35a5fdc2ff8097e847247f5d5f148a43fca4673db8e99034dc2c8fbec	binary
system/etc/res/images/ztecharger/mchcd_00025.png	266587	611054277b7cddf3854ac630cea6706b8ac1887ea91ddaa5fb40427ff03f7878	binary
system/etc/res/images/ztecharger/mchcd_00026.png	268952	cb1eae9fe1a6054123810492a7ec992022bc06964d7d03c77ad15c0c166a296e	binary
system/etc/res/images/ztecharger/mchcd_00027.png	269824	2981bbe170a03e5d64a703bdb05bc316b154ba461b61e5891f2d638b59b1c1cc	binary
system/etc/res/images/ztecharger/mchcd_00028.png	271170	45d8193877fb5e61b648b2f72b6d90401e9b3717bcfedc1857a210431e8b6910	binary
system/etc/res/images/ztecharger/mchcd_00029.png	272917	185015e1c0adcb11ae52ee7c2e0fc278b686b8bfc828ba2a971d314faaab8ef0	binary
system/etc/res/images/ztecharger/mchcd_00030.png	273361	93d57e2e07fa21b5adb1f30cea9e1909d59def62ed40b7683e3391a0ac5c5795	binary
system/etc/res/images/ztecharger/mchcd_00031.png	275633	640737417103c33fd817430f3fad72b5e66966677291709da018e520325be35a	binary
system/etc/res/images/ztecharger/mchcd_00032.png	276217	8c1e8808fc2a9afcd92b09153a459f2c3f15a02a6221f2aae2deafcf93af9743	binary
system/etc/res/images/ztecharger/mchcd_00033.png	275927	4297165b9cfacb3e1c6ba24ebf40d9194383268979daec4ad236a16ac6f2ab0b	binary
system/etc/res/images/ztecharger/mchcd_00034.png	275981	7d51a466136aa818d92a5f4bdad6ba91e1be8555864dc579c44cd1b82ef33268	binary
system/etc/res/images/ztecharger/mchcd_00035.png	275475	064c073c473e782707e248dea5fe68799e2f37bf562fcf3e4df03ddbbf075807	binary
system/etc/res/images/ztecharger/mchcd_00036.png	274788	60e09322cfd9039e45594ea52925f25834159c427d7d0554e452e667797cbd22	binary
system/etc/res/images/ztecharger/mcpcd_00000.png	283882	c1468d6dc9cdd4b34be594cc20cc1913ede9549e4646d6881bbf4b752d46f3ca	binary
system/etc/res/images/ztecharger/mcpcd_00001.png	285046	8aa90651a4f1016e40c13d52d0c6f5152ff03e762ff489f907d7af503d3e69d8	binary
system/etc/res/images/ztecharger/mcpcd_00002.png	285471	fe5cca3cfe115779282e2e099dbbd7dc201b5be7113804c94dfbe5f4ec1ecf65	binary
system/etc/res/images/ztecharger/mcpcd_00003.png	285870	9330e04dacda76adb6fcc469b32bf91452c207c5489b6c5d9f5194a07113c026	binary
system/etc/res/images/ztecharger/mcpcd_00004.png	280023	841768cce5e3ec75e797efe845c417b48eee0f107fc2e079cb93113c20b9f695	binary
system/etc/res/images/ztecharger/mcpcd_00005.png	280599	13877f50ee10f17242aadf0d2fee6fb427568f4ba48ac68d451690adf9753fa6	binary
system/etc/res/images/ztecharger/mcpcd_00006.png	281735	47fdc9d5fd92bc1be447ecff4c43ea641924a6a5bbe1ed7ca96fa4b8fa128b7d	binary
system/etc/res/images/ztecharger/mcpcd_00007.png	279501	5313cb218a3a1b00cfbb846243352dbdb0e57ae70aa57846e6937462f82ab817	binary
system/etc/res/images/ztecharger/mcpcd_00008.png	279578	b2f4bc66c35c182cf1e375981de1327dd2d0268b7d35b359eb2045c80aa6c844	binary
system/etc/res/images/ztecharger/mcpcd_00009.png	278512	ac2db3c5fab66064978eae69e781f570a39071cc970ab44e42c15105bf1c40ca	binary
system/etc/res/images/ztecharger/mcpcd_00010.png	281176	c4cdee9077c2e12ec3949d635d986b511b4822bfc5d27664897f7d7153aaf12a	binary
system/etc/res/images/ztecharger/mcpcd_00011.png	279495	5914e13a674d5a38703fb6fea9fa1333c7edbf6dc0c4793f8f8e18fc06f48b2e	binary
system/etc/res/images/ztecharger/mcpcd_00012.png	279955	77d8ef625b8144178b774463e2d139d411597fcfecddbfb6d653798ff27fc193	binary
system/etc/res/images/ztecharger/mcpcd_00013.png	281136	08b9fc22ba76b79df2da60ad6c21189eb1d152a33ed425d39999e3083198612b	binary
system/etc/res/images/ztecharger/mcpcd_00014.png	280530	4aaa9fb0ce68df1a3b9fdde0c99a960e87929bdb04fc838cba1d855d7053266b	binary
system/etc/res/images/ztecharger/mcpcd_00015.png	283802	28ebcd43ef250b0bf69f2f3b36c49abec8a377fcf32c6bf641a9b7a8ad6b1400	binary
system/etc/res/images/ztecharger/mcpcd_00016.png	282972	6b28b95e905eb6bc50b5edba2bae484f76f91adf45e82a4f0cadeef50ca9acdb	binary
system/etc/res/images/ztecharger/mcpcd_00017.png	282606	bfdfd2c2ede07b2135633a622d1bee37cbd237b819abbc196d0f5005dcdc5a81	binary
system/etc/res/images/ztecharger/mcpcd_00018.png	282460	df1f4015f8b9b042d1217c0663a8124938ef7401628770151fc6103653b6efcc	binary
system/etc/res/images/ztecharger/mcpcd_00019.png	283002	d786b03a01201dc6770ec2b85e2cf4140c80c5fb9156f085e13ae423495bda44	binary
system/etc/res/images/ztecharger/mcpcd_00020.png	281219	3e31c2c294627a7ffe6bc8dbdbf7c8b5a7f2446f775e4e870c9cb75a29d1bcb5	binary
system/etc/res/images/ztecharger/mcpcd_00021.png	285792	89465a7fad3b2d99e325d5ff1cd2853e9dbc25867b315a54e6d52eff73c4e5df	binary
system/etc/res/images/ztecharger/mcpcd_00022.png	284739	892da8fe3d65f7c4e5e1268868a99be719c7733b604c6a84486aa1371279d979	binary
system/etc/res/images/ztecharger/mcpcd_00023.png	285377	18e2dd8ed9c7955c98ec9d53e1cd08b9a72de9c63e2c8289b7775405baab2bdc	binary
system/etc/res/images/ztecharger/mcpcd_00024.png	287433	bf269f723bc115aa904ab06cff49805a825f84b1d424999eb1e7a57918d54e89	binary
system/etc/res/images/ztecharger/mcpcd_00025.png	288127	dc5b2a1812a66af00948b515f641d4097d48b7211a923a048ab85cf1a142ee3d	binary
system/etc/res/images/ztecharger/mcpcd_00026.png	290336	642c0910614eb988670cae801dc103539efc8c1a7175637b1ae8f80804310d50	binary
system/etc/res/images/ztecharger/mcpcd_00027.png	293145	5c82d28ead889e934bceaaf4a544362df714db424128cd28a8e949e119b26d28	binary
system/etc/res/images/ztecharger/mcpcd_00028.png	294450	5c5ce531bd8ac0cba75cc83317bb3a1354ee1475abf2b1ed3a37cafefbeea33c	binary
system/etc/res/images/ztecharger/mcpcd_00029.png	296775	f688f9614ed4f11d0468e64bdbc819b5860b62fb5dc262fa1f760720cfec1ba4	binary
system/etc/res/images/ztecharger/mcpcd_00030.png	298071	b6149651fc628be265f4b0c7b683d4cc4243b156a1dc2d48e0bbdc9735bda468	binary
system/etc/res/images/ztecharger/mcpcd_00031.png	299902	7b35a43b2c5d2c3aef4df42af142ef73a8dbf013448a44b3c310dfe1f02fffc5	binary
system/etc/res/images/ztecharger/mcpcd_00032.png	300564	e80a9b3ec6dc626d7955bf4394dc09da364f45cff9e40c39cd3ce53423ca47fc	binary
system/etc/res/images/ztecharger/mcpcd_00033.png	303440	21b4fdd315fb2cf4a259b37b249fdc7037a9a15c939706a7cad490a205d53d7d	binary
system/etc/res/images/ztecharger/mcpcd_00034.png	305378	f67deb2e5dde45c4e2061dbea243e22c4339227a1ff045429dcb822afda552ad	binary
system/etc/res/images/ztecharger/mcpcd_00035.png	307192	84b60571b322b811afeff56d2c0df8378d688cb73a22b6041e56aaf8a8d3645c	binary
system/etc/res/images/ztecharger/mcpcd_00036.png	308255	c8687b7e913ebf6a8c14bffa400a5fdbc01bb1fc58f573182c0bb755cb1a4d84	binary
system/etc/res/images/ztecharger/mcpcd_00037.png	309384	0f1e07d154d0b218527b761095fbc1a1e99dc71e34e47106781bcc321d3d1218	binary
system/etc/res/images/ztecharger/mcpcd_00038.png	310002	b36a384aafb8d33a3ec6dfbf7a876ae174e251400a58a8dad9b0debfe27a3b8d	binary
system/etc/res/images/ztecharger/mcpcd_00039.png	311235	ac43339e0dc0d3e671ead6c03b836c82c3d2d7daa949c3c69b7a3a011d2241ab	binary
system/etc/res/images/ztecharger/mcpcd_00040.png	312380	bd4cfede943b0755f2f8bd33fe5ae5272fa1bf3a99bb4aeadfeef4a0c251d5b0	binary
system/etc/res/images/ztecharger/mcpcd_00041.png	312587	ef6e6fc5dade6c15265f468b10bfbdab945db3b1acfe250cd047fa1273e5a70d	binary
system/etc/res/images/ztecharger/mcpcd_00042.png	313656	ce43c8f0d6f1d67e4084835b723f46c9734dd113f0a3fba537d5f0480363bee1	binary
system/etc/res/images/ztecharger/mcpcd_00043.png	313878	3e6bde7773af0e3c163fe6b13ff507a592e1a9b315e5f06bcdebcb5c8686aa08	binary
system/etc/res/images/ztecharger/mcpcd_00044.png	313747	3d0209763e83c575fb222c3d6fc98e86231b97ccf8386e04a2b1b1e558ff0ec8	binary
system/etc/res/images/ztecharger/mcpcd_00045.png	313944	4f32cd5f460c8028caa748c400d05582f4c2cd7a010ffe7c682fb31ec54aeba0	binary
system/etc/res/images/ztecharger/mcpcd_00046.png	314025	8b7b010d1dd605e09fb47be5fbb4913029a7539bdafadd25f1578e249eda8afd	binary
system/etc/res/images/ztecharger/mcpcd_00047.png	313921	d8c454294bdb2abe63cfc064402b1d929004f2f49bd041b6fb0f10b005651d65	binary
system/etc/res/images/ztecharger/mcpcd_00048.png	314401	131b8e208b86af231faac19644ba86bbe34ed7d68d15839154943bb0a5f43151	binary
system/etc/res/images/ztecharger/mcpcd_00049.png	313531	87130d3f1f701bb6cf819bb4f3bb68edb8fafec6babda47b488563aede4264cf	binary
system/etc/res/images/ztecharger/mcpcd_00050.png	313525	96c535df9cf04c0738d4eb9592e58d4dcee7f9e2b5e5e8227d1e6256dcde967a	binary
system/etc/res/images/ztecharger/mcpcd_00051.png	312665	abe704edfeec953c79f9431b0854aa380ac0017485198695b493b873fc18144a	binary
system/etc/res/images/ztecharger/mcpcd_00052.png	311912	03a3f0d3517b464ae9c73a4bb6c860d4a2601a616416e422328e17194edd43f7	binary
system/etc/res/images/ztecharger/mcpcd_00053.png	310399	d37a51e53105a1077bf1a2ba3bc8c46bef035ada11d67075c72b53fad971a139	binary
system/etc/res/images/ztecharger/mcpcd_00054.png	308051	281c71c82427db6ecac786420d6c7291a15cfbed19a683ee7fefc49def4767a6	binary
system/etc/res/images/ztecharger/mcpcd_00055.png	307776	d8613e720982f1df4134333f76b70f4811447999405ad216caf60011715a5f7a	binary
system/etc/res/images/ztecharger/mcpcd_00056.png	307089	73763cfd7e8bce5d2e4d0e97920b8f1c3900cf8590830807e2f687c88a7165b9	binary
system/etc/res/images/ztecharger/mcpcd_00057.png	305115	6bb73867eace94d450d2c6874a25fa249d440322e86959a63f0fc86e6351904c	binary
system/etc/res/images/ztecharger/mcpcd_00058.png	304130	7e6c4ac8f7cc1985aa3dc0dd56244c2d78fd60457d2a0a5578c1c7878383cdd5	binary
system/etc/res/images/ztecharger/mcpcd_00059.png	299779	85cc5baf979596a589f4a85244b385644519d3abf95c2f16a98b4273fa231957	binary
system/etc/res/images/ztecharger/mcpcd_00060.png	296842	c518b814a3e2da1c5d188875418d3c1da23fb477ef1c233941b2e334fdf2b985	binary
system/etc/res/images/ztecharger/mcpcd_00061.png	295910	65137de01fab8753f05afec79e2e132e2c4cb8d289a65194c77ecd378f0df176	binary
system/etc/res/images/ztecharger/mcpcd_00062.png	294442	b5a4da19fa717fcd39619f28a68b655d682f982fe25e1ae553d6203ddf2155ec	binary
system/etc/res/images/ztecharger/mcpcd_00063.png	293124	ed516ae7a91c1689774df779a6b72fa3999044118c51f937a1f87b92b41d0943	binary
system/etc/res/images/ztecharger/mcpcd_00064.png	287843	285cc0daa7f561c1937af32548929e3beedbb729348fc82e03ad97136224063e	binary
system/etc/res/images/ztecharger/mcpcd_00065.png	286409	cf5f50ec24aaaf102d00fd33100b53c2f73688bcab1d2f054ff46f95182be564	binary
system/etc/res/images/ztecharger/mcpcd_00066.png	282394	eda005a32596e2a125f8992faae9b3e34ffec41d688baf9a87db7d33c90eeb29	binary
system/etc/res/images/ztecharger/mcpcd_00067.png	286802	89e586f3a928180fc7bb82490a42e193cbb3c2409b97eef2b2a58976f665ca54	binary
system/etc/res/images/ztecharger/mcpcd_00068.png	282391	575e47f126f0546b8a267b550ef2c3448f44e908cafb2fd77c2ceb865ac1e134	binary
system/etc/res/images/ztecharger/mcpcd_00069.png	282779	74a80de96f7d1002e74494ecdc1c68ac0e67f3d394352cb6171fac821de90a06	binary
system/etc/res/images/ztecharger/mcpcd_00070.png	283440	a3c0e7e1b5b3a14a9019a7b752b8252a2bdc638b6c944b0ab3563291aa67f6ac	binary
system/etc/res/images/ztecharger/mcpcd_00071.png	284286	78db5f56f07c3f69f24254c423089e703b84ab229cd2679f4fa4762a27554519	binary
system/etc/res/images/ztecharger/mcpcd_00072.png	284303	8d76685ae95e78584b275b5de507717a4a28082830ddfebb75fcfbcb6f5ca5af	binary
system/etc/res/images/ztecharger/mcpcd_00073.png	283056	e811442b8ebc63f792ce78f493ec1664b27bc40823668ed31e87902c4002d1bf	binary
system/etc/res/images/ztecharger/mcpcd_00074.png	282087	31403ba58cfb042450483d17cbf1e6d5a575d1902c2e346e5d58dece02c5bf64	binary
system/etc/res/images/ztecharger/neo_charge.png	3638	0b670be4ddd47c5eceb040c576b8e3d2814bcec268971ac4342a689ff2ad9dc2	binary
system/etc/res/images/ztecharger/normal_charge.png	948	072b7cf615dfdb70d403055d9d584b14b90c36aea74e378da8c1841727ec5c5c	binary
system/etc/res/images/ztecharger/number_0.png	2779	1402b2c78809fff984da4e9396fb2b97eb12f805ea9efc1e93741a03847f6078	binary
system/etc/res/images/ztecharger/number_1.png	1570	5c4d657db482326d436a67e590d2b9f372c1f7e08d483fb6ba620fad02762d8d	binary
system/etc/res/images/ztecharger/number_2.png	2322	b5555e9852ec167dfe0e413f0d0d4514e317298f04d333723fd94ac55f957490	binary
system/etc/res/images/ztecharger/number_3.png	2555	d3070aabfe5df5c27e8283dfa734dadb3f4321dca523081106cbcebf844ef69e	binary
system/etc/res/images/ztecharger/number_4.png	2057	54bed903187c1afcce3bfa3f32b135df0a1731aaf0253c976c4cbc5f860b3315	binary
system/etc/res/images/ztecharger/number_5.png	2426	9072e170e69a16a524ee38b8dee6da512920e2c97ba6830c7bc46bf279e64a30	binary
system/etc/res/images/ztecharger/number_6.png	3118	7c492b1c521e4bfb05e0255e984d443b10e4c509c36447d4cbcb4f0021460d3c	binary
system/etc/res/images/ztecharger/number_7.png	1944	ac62e49f17e72e7e63cf9237717ea396845974f80ebab137292e853102540196	binary
system/etc/res/images/ztecharger/number_8.png	3605	9758db250cff88534754b01647c45ae4acedc472ef18b338e63a194f1f2b8958	binary
system/etc/res/images/ztecharger/number_9.png	3016	09a55f289a437ef4d1ea4a81879b5a5bfd88dc4603ec33c0a944ca53a9c0ba72	binary
system/etc/res/images/ztecharger/number_point.png	225	8da7647296b18553783a89ab5a442d431080002a4e5316eacb80495fc00412d0	binary
system/etc/res/images/ztecharger/percentage.png	2954	f14c6f0d0ca136a8141aae32a870ecd9d68c4c08203d6e320f30ae1490b2403c	binary
system/etc/res/images/ztecharger/super_charge_wording.png	1963	a76a1f9eaa0ea23d86e2632435c112d79711f988d798dddb93b6e9eace7b77b8	binary
system/etc/res/images/ztecharger/super_fast_charge.png	11530	31f827be37aff9a28786a39dfef99ade1b3cedfecd3bffbab7f8236e45f30d6f	binary
system/etc/res/images/ztecharger/turbo_charge.png	2666	33cfec15db6bafc40897eb9091a6bbf7a703aa021bd34a4665ace32bcea44bee	binary
system/etc/sanitizer.libraries.txt	122	508c402cca42e92f23bf9e2adfbfd9124347fd55aa521aa2d5cd62c12cd723b4	text
system/etc/seccomp_policy/code_coverage.arm.policy	68	c3e34b9e1a3a616155145dce3382ea640162f8d3c333f513c0660e5b0a73da7e	text
system/etc/seccomp_policy/code_coverage.arm64.policy	70	a78bd4d8339b5096d6e5e2c912e45834f87010e84c70c9ddac5c2d1e6e7f94aa	text
system/etc/seccomp_policy/crash_dump.arm.policy	559	b711f36192666a54d3914a5fc6197b8053ac2f8fd822ebf536e4dfe5f0f998b4	text
system/etc/seccomp_policy/crash_dump.arm64.policy	600	0a356099c4378c4f9b6fde87d5d728dd6c6a637f338636a3615b9c815bc953da	text
system/etc/seccomp_policy/gppservice.policy	1605	7077438ac8c45cc9d7d980e09246b81274273e12032620aa106a6aefcdc08195	text
system/etc/seccomp_policy/mediacodec.policy	1281	3b9dc6fb79f00a9e0fd1382a21ea01a098cb9f44df201ac2ed574f24051dd4a2	text
system/etc/seccomp_policy/mediaextractor.policy	1280	6cbaa21237b8664cdec18cb7a13e7103abfbf5094e9ad10c877f31a2ce8b0398	text
system/etc/security/cacerts/01419da9.0	2795	cc3e78e8ab5489417c5839714f6742779c7ca6d0d9e07b538fc7bf5f3a71febf	text
system/etc/security/cacerts/04f60c28.0	2838	eece282427080b316fe3a781709d4dcef1e97088aa4bdec36e9d97993db01e62	text
system/etc/security/cacerts/068570d1.0	2911	9006e30d7cc226ace083cde4a0a692fe4394f4739babe7e27219fa6a4762a265	text
system/etc/security/cacerts/073bfcc5.0	2833	72f14256af20242d3cd75e9ae492b7f55d611d964403144a2be7c679dddae477	text
system/etc/security/cacerts/0d69c7e1.0	2263	b4312f5a6a875c97e3888c25aff094f068645662a7305c55b0238a6154b5689b	text
system/etc/security/cacerts/10531352.0	4614	94c9553fc82da55fcc5b5383208737cdb5b4bb080320509332add36d205619ab	text
system/etc/security/cacerts/128f4b91.0	7099	f9ec92882aff41327465982320852ab6ef46137732379701f5e29e2f1c459190	text
system/etc/security/cacerts/1ae85e5e.0	2522	96e78cc7a582c60bb95e37f4ff6eae615615cfd941b717cf78d809521d9bef95	text
system/etc/security/cacerts/1b0f7e5c.0	7077	bd8daf02f28b241bc9f1c9306b68015ae07ad49ce55477cf135185c3681e4f01	text
system/etc/security/cacerts/1df5a75f.0	4923	0b2583522b4b7f1bd0e93994281b544a8dfa7ae7bd76544cb2120b7cc8381c71	text
system/etc/security/cacerts/1e1eab7c.0	4527	d9a0822f8d80ee1dc45a675c6789fc94a6fd2af4d85c329fcdbe54ce64856b2a	text
system/etc/security/cacerts/1e8e7201.0	4332	5cbad7251a3973f3aa484726d94627f2fbc4ccf34da54fa94c107c226e846ad6	text
system/etc/security/cacerts/1ec40989.0	7237	41244373d9a5031f0e2764431848228224a5b30d674274d2b91887f03fbffc54	text
system/etc/security/cacerts/1f58a078.0	7076	f5386fe32b78a6d2ad15092a29513561afbdae07ac0811b5627b3d55aa6b09b2	text
system/etc/security/cacerts/219d9499.0	4711	01379d4edc2595a602cd30dacbd21cea011737c56e2d73735e0536256a16ec39	text
system/etc/security/cacerts/23f4c490.0	4746	eefc613eb3cd5e2a736433f3e94aedbe2a60451ab965413c5288175786cacff4	text
system/etc/security/cacerts/252252d2.0	2609	44a65b2f5d96284e7c9c8f4a58f77a537b2b1667c4213fd5158baf123685cf13	text
system/etc/security/cacerts/2add47b6.0	2603	b5fbc981298916af0a96698ec88e38016dc7a36d319cdc29e977775970f5161a	text
system/etc/security/cacerts/2c63f966.0	7281	861c80f86a262005b53a76cbb2dbd7ae5a539f1490d2675d6bc82a972a298c25	text
system/etc/security/cacerts/2d21b73c.0	2597	9e28f0c3a47f95c670800ec05ea6f3b06df03d7638b6886d0d137aec487cf30b	text
system/etc/security/cacerts/2d9dafe4.0	7016	e2986dbe2d0093e583d518e59f173ef37fe452e51ab9b8f327e5012fef803a17	text
system/etc/security/cacerts/302904dd.0	7934	13ff661fdc8ffebc17335e8e756477e44170b8f782164427c11d33dddae6e8ce	text
system/etc/security/cacerts/304d27c3.0	7010	dcd5e5586dc34206bdf20a1c961eae213318efd8f621e2f2b47a4fb09e9e18fe	text
system/etc/security/cacerts/31188b5e.0	4888	cfaf6bc523e4eb689fc7b6650c0766712d28fe515644fb1a8cdd5aee31734382	text
system/etc/security/cacerts/33ee480d.0	7442	c4691c23e708082283f65457b0c1be94f38d244ecbf5514c8ee2f121c5a715dc	text
system/etc/security/cacerts/34d996fb.0	2603	f46f78bd926226d020bdb4ff2f6d279920a55a92c3640cd9d36d6c241d774f87	text
system/etc/security/cacerts/35105088.0	7337	b012c2b85b2485b625c61664b82e60efb8694c4eb0fdafb6f2e20c1b0e259102	text
system/etc/security/cacerts/399e7759.0	4628	9890f7ec2ddfcc817fe17ea6c5c10f07e07dbc50874884913a5040fbc802a312	text
system/etc/security/cacerts/3ad48a91.0	4361	3a6489a0f5de39e20e7220c0fcfaddba21d2e7e8f8014dcfe07ba89ef4faecc6	text
system/etc/security/cacerts/3afde786.0	2684	37fd224524c3d1f681965189153fd35fb51d496211583e7dceb16fef41e90f43	text
system/etc/security/cacerts/3c860d51.0	7432	37cf51086b5a65503602274236cb0282b8f5a210c97be6b4cace4fe383829e78	text
system/etc/security/cacerts/3c899c73.0	2800	399fd6d39f57bef6aaaf70f01cc4d43eb17dd940a571f26f39bfcd2525facfe6	text
system/etc/security/cacerts/3c9a4d3b.0	8642	8185030a938257e9c7ff89e6bfc585f8344df8a5d1406157ce3cefd92a1e1e8b	text
system/etc/security/cacerts/3e7271e8.0	4778	c609a6e698467cb4178b8bc8b5113835b3b24060a58790f8479290de19403a59	text
system/etc/security/cacerts/41a3f684.0	2755	5826d99f319bde67845effe72e59824845fa48c6098e20eaddd4c61326a7bff5	text
system/etc/security/cacerts/455f1b52.0	4817	d4154239b61791d158fb584b9fecccf3406969a2c0dc0880fe6d84664f21904e	text
system/etc/security/cacerts/47b283f6.0	7258	4b2d2c5f8159cecf9e3a09ad75b0e8a92a9747c0f0f8b9c8a25df92e1d32ba76	text
system/etc/security/cacerts/48a195d8.0	7453	4f65a7c8509307e811ae93a821fe27d51dbaad0c30b1805ddb9df3db0c85e5be	text
system/etc/security/cacerts/4be590e0.0	7082	a1224ebe3f4bb048ca0e182b3f22908488882ea3ef5677dc46e23996b0764149	text
system/etc/security/cacerts/4c3982f2.0	2743	0c3b5f9e94d20620e471a01b3f293cd6a3cc5a10eee60ba2189f7891af49c7d8	text
system/etc/security/cacerts/5046c355.0	7439	cc0fa4cf5e93275df783a494a9a4eb1deec72172f14360bd838302bfc2b4aff7	text
system/etc/security/cacerts/52b525c7.0	7076	fcd539483bc27a0471a7a370a1009aa5ce2fe1fdab01d7776776ca96d6b396ca	text
system/etc/security/cacerts/53a1b57a.0	7113	8975e1ab3febda6da04b0679ca924a0779f347d22253b3e9ad32e0edc25e2c42	text
system/etc/security/cacerts/583d0756.0	7474	44254568c095e7c71956bc0e1cc35dac7a53308e7aa8a0ac418bb2f66f6c65d4	text
system/etc/security/cacerts/595e996b.0	2606	65453bbfe7f36bc988333ef367950c3d48a5f6de38c6fc013847785ccdb53dfa	text
system/etc/security/cacerts/5a3f0ff8.0	4834	f8f1e26dd278b8c2eda773042237aef9ec94bb25d92f09838e667f0274c0b4a8	text
system/etc/security/cacerts/5acf816d.0	2564	c97f3e2797ef3509bacb9fd4a1b7268fdf352ee889dbce5554457d6c04dc771f	text
system/etc/security/cacerts/5d139d02.0	4395	2cfd59ab18b5a6ae6262ea89fecfb455d984dc51793cd7ffe68a8a4a3109bb0e	text
system/etc/security/cacerts/5f47b495.0	7356	3d06a57499992e9a8fa85368e751babdc7a6747ea6b34fc57ffad16acdb00447	text
system/etc/security/cacerts/5f9a69fa.0	2777	0b48c43a449421e85436f0bf7a570e42adca0679e7c6a227fa2ad70ed08b3758	text
system/etc/security/cacerts/5fdd185d.0	2507	7743018b0578b3fc4908ce24a64ac8f2b6203c13677e39b77da82765699192de	text
system/etc/security/cacerts/60afe812.0	4826	46a841b557da90c3837852d1b0b8d628ce56aa2d7630e48c70cff47d09dbb380	text
system/etc/security/cacerts/6187b673.0	7094	8b4f7db170110ae526284e6f875940c2d731e760c59652744bc65d9ac1167eb1	text
system/etc/security/cacerts/63a2c897.0	6979	763bf81790df8359d4f698a0495b4fbcac39dbdbe83092aebb2c54e8d8232206	text
system/etc/security/cacerts/69105f4f.0	4648	99be339b37260de2f83b8892110a8cc40405af4bafd95c3c256ab6a6ce919274	text
system/etc/security/cacerts/6b03dec0.0	2564	8e9bb833110a1f644749d45cc52adaf43dd3504b808bb571a68167b2340f3149	text
system/etc/security/cacerts/6b483515.0	2682	4d3f24533a924daa4f2ca4d04b34c84b708b50633073e66bfa833a5b8913b50a	text
system/etc/security/cacerts/75680d2e.0	4891	45d9905adf5460d107c2a556c2fae60f9472556bc2e7c849221c94b05f243ef1	text
system/etc/security/cacerts/76579174.0	4979	ca453d30822453878e8098c4b99b861a4201b756f559bbd9daddfdea8073086a	text
system/etc/security/cacerts/7892ad52.0	2957	d4cb233d6f4687a18cdd7198212d83a9d7d20ea594e1bfc6e0b0b8c0461a10fa	text
system/etc/security/cacerts/7a7c655d.0	2191	2b9cf7e4431c5437975e778713c5f3f552dc5693f19325a464c2ee7e881e1124	text
system/etc/security/cacerts/7a819ef2.0	7345	477030d670fbdca986cbe9350c465fca816a76475cf50c44423bf03ea98d088c	text
system/etc/security/cacerts/7e067d03.0	2618	c739c18d9c7c774bb264451274958ea4f488a0669e950a9f81b219c65abc2436	text
system/etc/security/cacerts/81b9768f.0	4679	20e3a3883aa975c7e4a96532233ab0cd609e4c99a56c30241793a6838d16b902	text
system/etc/security/cacerts/82223c44.0	7016	e6ab986307a910c9d54459689586cdb96daf4f896cd8f07b4e29b5610052799a	text
system/etc/security/cacerts/83e9984f.0	2563	488bcef6760f8fb956c44d2f6bc9c6b1fd9f12c7a3bdbb37a860db9649b4ff85	text
system/etc/security/cacerts/85cde254.0	4571	cad78ac7859750b40a883b5e9f17d6ab665ad507ca70bafe2d9946293dae5a6e	text
system/etc/security/cacerts/86212b19.0	4281	529922b67efad40153b98f4ddf16a8bbdf32162d4ced2615e0d2e109586fece5	text
system/etc/security/cacerts/869fbf79.0	2608	8dd5746085cd99da1305daef85a78a71e2e93c7dc6cb1be7914f5c69b8950485	text
system/etc/security/cacerts/8761519c.0	7119	cf17c72a83b8649ce9cfe552885d6df79564f961cf708b8c95969d4b8d2bbe52	text
system/etc/security/cacerts/8794b4e3.0	2592	6fc6f2a610e0cad9bcbecee8a8da61326b8d1345d03cd0f01505de461d2adaa2	text
system/etc/security/cacerts/882de061.0	4262	a816c2ce1cccca82f61f8b3016e74fddddf16269ea68b7a3c72ea0b8a2513830	text
system/etc/security/cacerts/88950faa.0	2936	6053b72a0df9f5383006ec5aee487696f0f75b8515c19501f1636c5ee4fc5796	text
system/etc/security/cacerts/89c02a45.0	2824	873914a2eae447b6d85b4adea3c48b36ebc1eb8f92dc00b4c272d6441744496f	text
system/etc/security/cacerts/8d10a21f.0	7104	47a0f527a764d8c209b8ce9626e4effd5e705785541a046a80904f721f247508	text
system/etc/security/cacerts/8d6437c3.0	4479	b5ed1767db9e7a0e374b0d29974f733f2e62a3d1a2934a71d8eba354417e0b6f	text
system/etc/security/cacerts/8f6cd7bb.0	2620	8bbdc0e520a1cdc2e3fdb520ec8fa3e2d111bfdea51ce759412a370cbb96c010	text
system/etc/security/cacerts/9282e51c.0	7245	55264c16fc7e09ee78879f7cc64db45110a04b44d22c9ef3ff38ed5e21fd3d40	text
system/etc/security/cacerts/9339512a.0	8001	fd34e2d89a14de02d093fa84152ff05421cc3a8b49518652bd6145b08fc90993	text
system/etc/security/cacerts/93851c9e.0	7502	b5a455c3b16131b061fc3520b1467442626920d7a90565804fd800f1b2d93ab1	text
system/etc/security/cacerts/9479c8c3.0	2932	0a2d50f2c51b3bec03dbc2b2e802a9d3abe2f522df9d711b612518b9fe99f6d4	text
system/etc/security/cacerts/9576d26b.0	7064	71dc66d2735209c37e0173a5eecd907f6569a3729817490412631553fd42847b	text
system/etc/security/cacerts/9591a472.0	7294	21a3462824bb64bd68251a8d77432414c43cf09b5c8694d8cc952ab86579968b	text
system/etc/security/cacerts/95aff9e3.0	4511	658b070c3b6d5ef52ffc6a438a595095375e96e7e474866216ed12c6dbffb462	text
system/etc/security/cacerts/985c1f52.0	7246	fb645af0cebd45765372d441773b7cdc026322e0a53813902dd4800d37cdd725	text
system/etc/security/cacerts/98aaf404.0	7335	b3429eb3746a6d1a2a158386bcb64c7defc1549589e31c32fbc76a004925c961	text
system/etc/security/cacerts/99e1b953.0	7054	815b0686ec06903347c3196ce281427152ac757b019cd5202b142ff7df9ada28	text
system/etc/security/cacerts/9aef356c.0	2862	e626afc53c10bb5fa5b380e71b159b378adab959702f6302ee1acce04a446625	text
system/etc/security/cacerts/9d6523ce.0	7223	404c63fe9fb5ab42a6414c72d89970cbec7d34aed1e5d7768603bb07da70a12b	text
system/etc/security/cacerts/a2c66da8.0	7188	aef387543b58702a50dcd9eb0e96b09e1d1e35c780cc8f27674de32351874476	text
system/etc/security/cacerts/a716d4ed.0	3160	da5e383f7071cc4b3b48a7d99c991bd3ee70723ce9a838720e00a9f8cbcac0df	text
system/etc/security/cacerts/a81e292b.0	4395	053b458b0c0225ebc8a8d43969a10676ca56ef8836af66d697d5465278a919ef	text
system/etc/security/cacerts/a9d40e02.0	6997	74a21f6c83ad2a4d59cc27d6b67916521d94a1f6531a9393827f369b3501510e	text
system/etc/security/cacerts/ab59055e.0	7173	045008ac171b0f7d1617a7fb3550c61cbddff4c67418dd3115fa4994bed0a627	text
system/etc/security/cacerts/b0ed035a.0	6863	45ed7c6552abe47ffe908bb7fdd5747e849d1f44c9c5e22420a0a9851c7406f2	text
system/etc/security/cacerts/b0f3e76e.0	4368	7b90698c9c441cfe927e39073e71123b350a645cb44a21785706da4cd8bf4862	text
system/etc/security/cacerts/b30d5fda.0	3160	5934924fbc98b84bd079fde0150ecb5dc94d8e8cc23e20b63357c5e877a2f529	text
system/etc/security/cacerts/b3fb433b.0	3077	5fdf7c35fedca21f63485e41ac830c46b97d172cd811f312f21e7c2f25a31d37	text
system/etc/security/cacerts/b74d2bd5.0	2690	780b4313a0198dd600452627de43639e24f45f9a0d013e0b869aedfb3aa2d0d9	text
system/etc/security/cacerts/b7db1890.0	4355	b79ea4ac41022b68d83ca5443a320d705076878f7fa70672ce807c74254c1ef7	text
system/etc/security/cacerts/b872f2b4.0	4566	830543de384a302d1fa32b82403f738e8beff6a1e7b4abbe0cf219840181f122	text
system/etc/security/cacerts/b92fd57f.0	7249	6442376819576f2779ff4fce3847bf58635de2890e93a221e688de01b5ffd179	text
system/etc/security/cacerts/b936d1c6.0	7222	819a59d3a6fa987adcb63fe3303efba0f8897739b951d5c80a5f110603e5898d	text
system/etc/security/cacerts/bc3f2570.0	4515	8ae7c8ef73167e73a5fa58c924af9721abbf1115e7ee6e4c9cffc5fd756889e9	text
system/etc/security/cacerts/bd43e1dd.0	7408	e5c5e7b2c7b73475cd32ffa2db964762cd9d9999d440e2c28ee96899cfc40235	text
system/etc/security/cacerts/bdacca6f.0	4718	493308ec2f18486958f84ed6e86f455a5e2c395f983e352f9aba29be528c39aa	text
system/etc/security/cacerts/bf64f35b.0	5192	c395b76ec8a15456a84c5ed5df6268bbf5598a0f52055bc2b70dca9f1c8376f8	text
system/etc/security/cacerts/c44cc0c0.0	7101	e3c1ffbdbc2b01d311fe286587aa9e52700c80914ec4e343699cff921177b60d	text
system/etc/security/cacerts/c491639e.0	2701	049c9be5f460a817e72692063aa064c92c6e6147bc22fd8482afe2af7f3d6693	text
system/etc/security/cacerts/c559d742.0	7060	e121c1d6c0d3bf5253733101bc4dfa9c0798267aacc703680f276194f38812ed	text
system/etc/security/cacerts/c7f1359b.0	2650	18d75d58e3c9cfe0b3217be2783d446a3d1e534e0177f03941922b2d337ec727	text
system/etc/security/cacerts/c90bc37d.0	4459	786ac5ca580373d43931c8c26982009f8c53444c882d0b219fc1c80ad73fe8fc	text
system/etc/security/cacerts/cb1c3204.0	7319	86b1136c92a3796d2294691d715014311c4eae82cc3dc73aded8364a567b2988	text
system/etc/security/cacerts/cbb3f32b.0	2782	ceec2bc793f615e8a9550fbac3d6b6788bb2f8cad454c1b8ae8eb1c1b8ff67be	text
system/etc/security/cacerts/ccc52f49.0	2513	ca2c23b0711c8ea55bd0c0b0ab8472fdc755e701329175ab3c540f39f9caf3d2	text
system/etc/security/cacerts/cf701eeb.0	4710	6e63d51a09f1a6d4c98cbbf94e8fa9e10bf2478d2d35bf5ee7e7675291cbb108	text
system/etc/security/cacerts/d06393bb.0	4527	502d617cf8b062aa559478e79cbc02937d445fa233a6e5405e7e0c4dbabd9932	text
system/etc/security/cacerts/d16a5865.0	7543	ad2a0c63bb3ba312e33876f3beb1151d8c21a935bce21b81e421f8bd47c6a4ac	text
system/etc/security/cacerts/d18e9066.0	7068	7d595b78445c85dbef04cc031e6c92519d95ba0c19331346a72ecb6b5f12782a	text
system/etc/security/cacerts/d39b0a2c.0	7232	bd82195828ab8c9b127a5242afe0525d40a830cb502a412eaaf7fa8680f843e4	text
system/etc/security/cacerts/d41b5e2a.0	2523	f438d1797befa78fe6b6bb636f029b2b79da6d15fd842a99a125b71e085dbc28	text
system/etc/security/cacerts/d4c339cb.0	7323	68376fa7f0181e34aeabfa191a70b58b61a555b4ac38902b320321ecd1384dc1	text
system/etc/security/cacerts/d59297b8.0	4359	ff296992375c4512aa2727ef7d36331a60f77ec9cad734ce51c8b5731b264928	text
system/etc/security/cacerts/d7746a63.0	4957	e0429f7e31a5c19a5438bfa2203e8e0195fb7166704ce80092a446ccc9804ac5	text
system/etc/security/cacerts/d96b65e2.0	7010	34a96f7a3faf0df8aabe23946f50bfabd2f32eaa9fba02588d037126a5ee2df1	text
system/etc/security/cacerts/da7377f6.0	7073	cacfb923927188961b4f7762fa47c186686e709b6da88dcfd23a468dc1323eb8	text
system/etc/security/cacerts/dbc54cab.0	6999	a10dd57eeb02d0eea40c273cc1e9e64f3456d7407e8a5ac20a865a75867d90db	text
system/etc/security/cacerts/dbff3a01.0	4363	0fd83ae33042bd443a71817de7cf8b8bb9e787f02ded4297f834c3358e9aa140	text
system/etc/security/cacerts/dc99f41e.0	7418	c90588144b8ac49656b37d9a82715b83bca8f5d3984cdf280c83c2d965d280d8	text
system/etc/security/cacerts/dfc0fe80.0	4582	dfaf4ea3c17a1b73ba94942e155a180cf6bc9e49a16ffb3692ab3de9f80fa53b	text
system/etc/security/cacerts/e071171e.0	7186	1d3e83feec61f9bcf6eacbaf927b0f6d0efb9bd39695e125062c1a7691c4f20e	text
system/etc/security/cacerts/e13665f9.0	7369	11b54674cf2af6e0ebc860da642e793f395cf2f4756d388cde65992ca8e15734	text
system/etc/security/cacerts/e442e424.0	7076	5b1740dc0bbd32d994ec3139269b2a2cb9ca6465b2b1255cf2158be564e13f9e	text
system/etc/security/cacerts/e48193cf.0	4285	e42728bae0cb74753d0919f5bac8effa31065fb0d775fbde434807ff7d49e57a	text
system/etc/security/cacerts/e7c037b4.0	2578	cc9d3879c503fa98d126c4fd45040f2139b8cd2956ce49e21b11a0ce02fae3e0	text
system/etc/security/cacerts/e7dd1bc4.0	7104	6e3369cb2d79af75f5e32ebe47a682fc13f310f68159f29b202cfd2ae2fab804	text
system/etc/security/cacerts/e8651083.0	4860	31dc07e8e536ce7a65cd0483641509e9961063a8d2de4ec942fe8fdc0c34d50d	text
system/etc/security/cacerts/ed39abd0.0	2684	43dde799ca86588f68ccd31832d089fd865d5d399ea890ed35ecb3c9bccfa817	text
system/etc/security/cacerts/edcbddb5.0	7321	ce05fc30b0810f346ff0f1a18cc5d57996b6b3121e5f14803a61d010ee6d99f8	text
system/etc/security/cacerts/ee37c333.0	7361	13ef932b72ea9e146f4591f9ff4eebee3503a73fca0947829f159e6a6675c60d	text
system/etc/security/cacerts/ee532fd5.0	2572	7e609e8207d1cd741b1c346a36f2183bcd07c0d8b61d6f696438835d535f65e5	text
system/etc/security/cacerts/f013ecaf.0	7060	f18118de35653f4fcae71797b2dfc91131f1617cd8c225b08f9a536afe2bf3b6	text
system/etc/security/cacerts/f058632f.0	7211	0ca31896382ad13c3bab3c0753644bb583e758a3f8b0df441e2c90eef72b505e	text
system/etc/security/cacerts/f459871d.0	4442	9c27780237593a4d04bcec114041ca170dd4730cdc93a647bf455b2fcc0bea10	text
system/etc/security/cacerts/f8fc53da.0	7282	994dad1dc1c57b041d4a482f4697ac3aa1ffa0c32b4b1aad359c645417733a26	text
system/etc/security/cacerts/fb5fa911.0	7022	8e525fe4dc27e91d566b0ad334a9786b1902b413769d59119bc7af2b3c2c2293	text
system/etc/security/cacerts/fd08c599.0	4294	6c7a82cee152a548b41eb5969f462a26dcb6de03b0bc01107add64728367e112	text
system/etc/security/cacerts/fde84897.0	4687	08cda41e8c0df9cb3b65582279045548bf491dfb3e05ab3d7e674c0e3d0145c4	text
system/etc/security/cacerts/ffa7f1eb.0	7117	2c4253943d6f927c7a91557fb210377a14c8bad42f364dc29feb7e8156e8c3fa	text
system/etc/security/fsverity/BuildManifest.apk	20900	cd8c9c949dc9dc5023cabc8d83bbc022939ff834d8de5faaebe2448eb2fd8f34	zip/apk/jar
system/etc/security/fsverity/fsverity-release.x509.der	1484	9f97315da5ecffd95b78c1eeb21d3b3c271bc30dab61c0fa742c89e620beac7d	binary
system/etc/security/otacerts.zip	1199	6f2ffe71ca9373fc1d724be6bd54633801a6cc546821b587edcae1fe63c7cfd9	zip/apk/jar
system/etc/selinux/bug_map	1481	30cf3d6b915d8d1382246aac8e5554f2bd413e51f3f3e82745efe9508d095b19	text
system/etc/selinux/mapping/202404.cil	167299	43db2e1852dc8b2e15e8f1efabcfd73c963626814c8dd7bf111b41ecfb97a6a7	text
system/etc/selinux/mapping/202404.compat.cil	160	08183a9922da778f9a097e2ddb545e6d3ef386f201b0df198a9d0d9d8aa04beb	text
system/etc/selinux/mapping/202504.cil	229412	853156246e42ae9fe39ba83531ddbfc2c0b77383ceccfd79d368e9dc2d502eb7	text
system/etc/selinux/mapping/29.0.cil	112994	1ce42f28f66ef66bd0630996fc82f631b6aafaa0412daf1a91cf50acc4520d35	text
system/etc/selinux/mapping/29.0.compat.cil	2470	db46612f24c75bcd5ddf6d574fa62a7163bc4951620217973d1000a91371d38e	text
system/etc/selinux/mapping/30.0.cil	126242	cce8ac9873128c2138b38772e0ea5ce097f98d7e1efba3ecc5a6c1b52288aa74	text
system/etc/selinux/mapping/30.0.compat.cil	2526	2b40198379e1bb65ca2af156b25562381273144d94c5ae223b5ed9905d7437cc	text
system/etc/selinux/mapping/31.0.cil	142085	00302fa35d30571876193f10fe059875290badc49b29e33b6aeea664cb9a5d93	text
system/etc/selinux/mapping/31.0.compat.cil	156	adddc30714cef2ec2beb4eecdc24df86acb145e390a708bd2ae5ac41b6fd7630	text
system/etc/selinux/mapping/32.0.cil	142193	45765bb51769f948a0eddaea70f074530ef4a46ba822e16fd36962533fc668e5	text
system/etc/selinux/mapping/32.0.compat.cil	156	59648b120ec76f9e4540b9d656e58a353ead9ebac3c69be778532354f84d0c9d	text
system/etc/selinux/mapping/33.0.cil	150078	a55e059905dc57a9b4364ff1e91caf92e4fc10c1d0343f5c1538493d315422d2	text
system/etc/selinux/mapping/33.0.compat.cil	677	d0ee2e4d2d5f0171091425f40b89e1371cb890ccbf78487c717e2d66f460c247	text
system/etc/selinux/mapping/34.0.cil	156327	d9b465ce5cc85158517d5167ab8abc12acf8defdeddea4c8234a5d16bd6f2279	text
system/etc/selinux/mapping/34.0.compat.cil	905	869e218c107cd6a5e2acb3f8e1f608f9089574889689c7b50cf99c07f33a0e3a	text
system/etc/selinux/plat_file_contexts	48488	bad5e68113cdf6700fb6869fe56af1e65241a0d72adf8070e9295b340b49e822	text
system/etc/selinux/plat_hwservice_contexts	8865	e9f9f83ce1dfec4b036e09baa3b5cedeb27e8855b59164d42979ef5903f10668	text
system/etc/selinux/plat_keystore2_key_contexts	2184	ece08d255fca87084a49288aa059bad5106c9d24ec1af25ebb5487140bba8c97	text
system/etc/selinux/plat_mac_permissions.xml	12489	f1356e65608a7cd0515d298cc0469ff66218dc9c778a165246e92ca044811c2d	text
system/etc/selinux/plat_property_contexts	120687	228c1edefc4f0cf6140a5e8fcedf8420852632bb15262adecfecdeb3aa9fd9df	text
system/etc/selinux/plat_seapp_contexts	4241	ca3ce83955760caf4335166a2919bf9619ed98f45b1ad98763f663181d7cb301	text
system/etc/selinux/plat_sepolicy.cil	2339674	ed6096876281ba040760f4bdcce134bcdf9fd15cdae045e524712816aa7b2871	text
system/etc/selinux/plat_sepolicy_and_mapping.sha256	65	67fd6bba7975721b0d8177f7d60e135b8121e183f2a8c1053a03f4fc9aec8a87	text
system/etc/selinux/plat_sepolicy_genfs_202504.cil	142	480d503e7730236b659230d16b3946b628394d529dabfef67c679281fd98357b	text
system/etc/selinux/plat_sepolicy_genfs_202604.cil	142	480d503e7730236b659230d16b3946b628394d529dabfef67c679281fd98357b	text
system/etc/selinux/plat_service_contexts	42335	72bc3a437fe9b2e4f2f80c7774320a92f85ee38baa9efd158a365f016be63a67	text
system/etc/selinux/plat_tee_service_contexts	1469	dfdf3105d7d699fc6868b642172f224b47b37d139e63cb0012dcf1747e4e2554	text
system/etc/signal_strength_config.xml	19491	ef2309f49c6f57badd8c9131572a59dfb6756c757ea9ab08928ee161f60b25ad	text
system/etc/sysconfig/com.google.android.mainline.patchlevel.2.xml	943	9736774ae5d2f4a742349fe36f86c69b11684a969c5438ab7fa2518b7b5d8895	text
system/etc/sysconfig/enhanced-confirmation.xml	3438	9386ea02f5ddc68279438d2f2754eac3cb176bbfaf2b2107431710b75db1bab3	text
system/etc/sysconfig/framework-sysconfig.xml	3749	aa75953ea62c12600f642072f83bd69dd3ad96d7621d308ee9fd25c6a281a87a	text
system/etc/sysconfig/google-hiddenapi-package-allowlist.xml	4259	47612877a9484d9426a9964843016f0da34153f7f1446fbabcfba7e469790cd1	text
system/etc/sysconfig/hiddenapi-package-whitelist-mifavor.xml	387	f384cc2a320dbf451aacd2a5141a8d8f6e421d912c6ea93ed8324069bdec973d	text
system/etc/sysconfig/hiddenapi-package-whitelist-zte.xml	7334	7264af423627028bf3c4f58de8950c519976cb41c0f79107b72e6d8e7f6a8e97	text
system/etc/sysconfig/hiddenapi-package-whitelist.xml	3831	1dd3b5bb837e4c27db34f31c35d09ed7b49ecb0d291e99e5f59af59482653f78	text
system/etc/sysconfig/initial-package-stopped-states.xml	3244	6967699266f969dfd519d1969ddb5b17e9ab45c336c20586ccb06b46ce900187	text
system/etc/sysconfig/meta-hiddenapi-package-allowlist.xml	253	25563a73330274e97209ccc1444e4fc4a21ea2f5a5c737cd731fda92f446b953	text
system/etc/sysconfig/nextapp-hiddenapi-package-allowlist.xml	157	cff5c37202f8ee271e153b758dc76ba4b722f5abcc6ab3e89fa72ec6112a947f	text
system/etc/sysconfig/package-shareduid-allowlist-zte.xml	2772	3ba47be7c411646a4a08d81c3968f3eef07c470255d564c632e3c64906222eea	text
system/etc/sysconfig/package-shareduid-allowlist.xml	1663	5641a621d0940c1db1e5284fa334a2feb0adf5cb422a272ab123db6ebb5968a9	text
system/etc/sysconfig/preinstalled-packages-asl-files.xml	938	650164b60cbc310815347062304c7cc8458288c4681e8c0b5a0aa710eca8d560	text
system/etc/sysconfig/preinstalled-packages-com.google.android.providers.media.module.xml	323	e06f4ec5ff2eea087b7af3b7ea9eaa9cf5c6e5841dc1bea4b829c729d1cf75bf	text
system/etc/sysconfig/preinstalled-packages-platform-full-base.xml	994	6788db7b7ffce5774c89bc39d33dda250200eec9ce0f93d566dca1e0c8757b43	text
system/etc/sysconfig/preinstalled-packages-platform-handheld-system.xml	1546	dd8a853b0b7ef4bda76cce935315679e19098b9e51ade3770e8cb23ee7598480	text
system/etc/sysconfig/preinstalled-packages-platform.xml	6461	8c0d950608b50c8a478961158c0c0da790ebaf9b6608be937de3fe44344c6536	text
system/etc/sysconfig/preinstalled-packages-strict-signature.xml	1004	a9ae17219fa9c7446c2a67a7a389e7cb743ba021d0a1e8a8b874afc09e3efefe	text
system/etc/sysconfig/preinstalled-packages-zte-abroad.xml	525	67077a9ea63027759d56197380287126d4e5cdbe1bbe74b7f3b39be971a899dc	text
system/etc/sysconfig/qti_whitelist.xml	6213	a7e92d1ad10264a48bee0feb675104a3a762f03a41b859e2f0f54229f38e9f89	text
system/etc/task_profiles.json	16020	696c26172ddc8ef3c049984ec56827033fc905581a69e73c6f9cf78e3b211ac5	text
system/etc/tflite/gender.tflite	968616	f8e9ffb5fa1809676d2f142b51f363170192f2f3b212ff9f2320fe3ecfe17559	binary
system/etc/tflite/smile.tflite	968616	ef24d4e8689af69365bcfcdc2d36d1de7a880f8859f2695b426610d7fe8c3ac3	binary
system/etc/ueventd.rc	3330	c6321214397554f189197246a2c197136be90d9d193c9207cd3ada347a14fff7	text
system/etc/vintf/compatibility_matrix.202404.xml	98760	b9a30f43d35b1eb6486a685bd0fa6cf2b94f087b707b94296b2fb25cb4ce41af	text
system/etc/vintf/compatibility_matrix.202504.xml	60855	a21eba5d7ccf35458f3ca2e8205ea0be5105c4206537b4c95eb32ec4ca10d3c8	text
system/etc/vintf/compatibility_matrix.5.xml	123540	fc0b97b52ecb955c95e89a1c6bdfc2344bc758c4d9c1df14b2acd498d81de00f	text
system/etc/vintf/compatibility_matrix.6.xml	130173	a68eee57ce90fae0229568fdc1ffa75c68919f3a74e0c57497ec11ce9e52b90d	text
system/etc/vintf/compatibility_matrix.7.xml	102623	e0dab89c44306c6e990de0d6fd7833513031039aa2079482f65d210be41c77a0	text
system/etc/vintf/compatibility_matrix.8.xml	100473	e90aa87d823d0ea07a69baca9f7af06952a5e8f57e88cde15dbca6206cf860da	text
system/etc/vintf/compatibility_matrix.device.xml	55224	0a3422e9297048fce81edb833026bc660c719cafa38e24f76bd837b7984d4856	text
system/etc/vintf/manifest.xml	2498	0cac7c5627653a5e5ae386e9420a2d6102dd23a18e7126a672bb873b60a302a1	text
system/etc/vintf/manifest/android.frameworks.stats-service.xml	483	895ff115df7cd358c573335989a5c005874a4ec5eaa3ee4eb5b70cbe5b19b2e9	text
system/etc/vintf/manifest/android.system.keystore2-service.xml	305	d6721ece03ccc4924e7ba3b5f2679cb6453e2368f89b95a6243b84be15525a40	text
system/etc/vintf/manifest/android.system.net.netd-service.xml	256	341b514fec4eba4685925ac4e6734bae6061f2a4f9d0254b88ae39ee004f218f	text
system/etc/vintf/manifest/android.system.suspend-service.xml	478	1653a85ea1a7be52399855cd6f6dd19e56074799ff2f108bb6890ed5b138d723	text
system/etc/vintf/manifest/android.system.vold-service.xml	241	a211b21a679093c11afde045b54113268af6135edfa0d70ecb806a93e5fddd93	text
system/etc/vintf/manifest/manifest_android.frameworks.cameraservice.service.xml	549	997a729b5836499a0d4e6387a6019916070264fcf85645035e3b426b7a344d56	text
system/etc/vintf/manifest/manifest_media_c2_software.xml	469	8bc11b2f7f66def981ddb15909ade5015b4bff394d135c7c4e207da6073c1126	text
system/etc/vintf/manifest/manifest_services_android.frameworks.devicestate.xml	300	cc09de50d211dfc2e707ffc9148c85bb854f350c212b94ab8fb0972d254ad898	text
system/etc/vintf/manifest/manifest_services_android.frameworks.location.xml	329	fd47c69a3f5298243fcfc21ff33dbf6cc24a68cd28eb219ddf75c3123323ece9	text
system/etc/vintf/manifest/manifest_services_android.frameworks.vibrator.xml	298	7cb3d23f37270e284f3979bb8c39316e4b3d58518cfd337d3fe5dd4718fdae85	text
system/etc/weibo_channel.txt	13	228b081d6e03757a292eab0eecb8e75e624120a7f1f3537b82f44ac00873bd53	text
system/etc/wifi/wifi_config.xml	8992	58b2373e4f84e72365d2cccbd546700b4a3bad3c67aac16dd667911e44ada1df	text
system/etc/xtables.lock	0	e3b0c44298fc1c149afbf4c8996fb92427ae41e4649b934ca495991b7852b855	text
system/etc/zte_access_appops_mode_policy.xml	7043	40ac4c0cf3968ef71b39d2940b70284dcbed1f58a24db4d25f180b22bc0c92a9	text
system/etc/zte_power_policy.xml	4344	1f6f44d724eefad2c48f3e9083b36af45b68abb935c59e0306032acbf070920b	text
system/etc/zte_thermal_broadcast.xml	1224	e1e3f8096a84585d87252c733ec643786615b12634ead27dbfb027622861681d	text
system/etc/zte_windowReply_control.xml	6715	02e810aebd3857b17012bf1a3f678089dde1746df536606e45321235e61cc133	text
system/fonts/AndroidClock.ttf	4540	3f5d601c8dae846fabc9f0a9459429e6d7a1e16e1dd8462f39347f70573727f9	binary
system/fonts/Anton-Regular.ttf	161588	28beb8f6542f642ba4143bd4a1d1cfc7be7b1dedc951096efd8e0942502ea1bf	binary
system/fonts/CNZH_Light.ttf	15469564	075dbc94d23f067e7861bebf595448fb3e0ab9debf9e8b94c4ee2a27b40a14c8	binary
system/fonts/CNZI_ExtraLight.ttf	9255768	0568e2f1a5e66ed7ab56cb59e4f288703bbf0344f08dc0844bbdf10a5dcbba52	binary
system/fonts/CNZ_ExtraLight.ttf	11423396	e6e55da6b4503dc144f0964809d14a5d00330567c1c320f8976dacc8d7eb1802	binary
system/fonts/CNZ_SemiBold.ttf	11356508	4cdaf1a527421f9580fbffe22a28eb29b1ee8664c0783333496138016c0fa614	binary
system/fonts/CarroisGothicSC-Regular.ttf	40356	3dfc5fe797ab3e04327287d9dbae313847623670417e850d39e24662071f1c98	binary
system/fonts/ComingSoon.ttf	53256	cf81388f587ff6122de1a705d1070b8f00abccdba66108509908b5d10715068c	binary
system/fonts/CutiveMono.ttf	78984	543c74f6185531aebf6151fba7c618f5aeb43af8cb6b09d70e97e3611b351e6e	binary
system/fonts/DancingScript-Regular.ttf	133636	21808625578fe8d8cd10cb684be546dca077b27cd03a53a2f1ec11dc743c924c	binary
system/fonts/Days-aaa-Regular-02.ttf	72172	791b61102e67d2cadea7b1defe7670a312fe368893e40d037c7e88bd250dd9ae	binary
system/fonts/DroidSans-Bold.ttf	2371712	9ca9debb09459bf4e3e7f826f5cd0f35f253902b85684921fce2ba3f28dd0f50	binary
system/fonts/DroidSans.ttf	2371712	9ca9debb09459bf4e3e7f826f5cd0f35f253902b85684921fce2ba3f28dd0f50	binary
system/fonts/DroidSansMono.ttf	108128	db19a1fdaba41cc4a2fec0330e5c15e71c6dd68a3ef074f4f28268828b45c862	binary
system/fonts/NotoColorEmoji.ttf	2813064	292f799100f358811337bc3c68da31e6b0c422e9ce8db27d6d52b6acbc5633f3	binary
system/fonts/NotoColorEmojiFlags.ttf	913564	bccb829e97ca446771231993cf5bff3449974851201c497be6d6d52e906aae7b	binary
system/fonts/NotoNaskhArabic-Bold.ttf	115784	929b986ed48ea5f6579afc211f9d6058d6db2304611bc109a4b22fff39b98d76	binary
system/fonts/NotoNaskhArabic-Regular.ttf	116716	4a23dc5dea7f846fb274f7ebb256d25063bc432e2cb810fc9eeb964a3d7ae217	binary
system/fonts/NotoNaskhArabicUI-Bold.ttf	119356	1bdd62b362a2a26b19dbcbf34d8bdb95b58ed35522d516f50c601b5f60b2b642	binary
system/fonts/NotoNaskhArabicUI-Regular.ttf	120800	61e022fdf23df726b4fdf2e5022c166c97ec4b3846c5dbb76fc0922798a2083a	binary
system/fonts/NotoSansAdlam-VF.ttf	99448	88041ee8705c9704de3b5cfd71748fcfa1333174e680815329eef6e0561b32dd	binary
system/fonts/NotoSansAhom-Regular.otf	13852	3fcdd9d52b768ef016cf665c180d6cf154437750dd035eaa31d9a56c4fc6433d	binary
system/fonts/NotoSansAnatolianHieroglyphs-Regular.otf	134908	bd7a25d474482c34d53223969c89a63241e877c5782cb623e6f8ad0afdf0fbe3	binary
system/fonts/NotoSansArmenian-VF.ttf	33844	14ff2d8c91c842037e7c956e76dbe739f302bd1c7ba105c6611547c46ce660e2	binary
system/fonts/NotoSansAvestan-Regular.ttf	11852	3313d172bdd89ffc4f421750fe7c6aea34ba93b46d81659432043423acfb6697	binary
system/fonts/NotoSansBalinese-Regular.ttf	32084	409da69bdfe93e4bece9c4695b2b74498fbbc3a8dff76145baf7784dcb52a2c5	binary
system/fonts/NotoSansBamum-Regular.ttf	133732	28aef8dfc96b81afdb6385e8a23c47f01d1ad3111dd849c917c3693201aebb77	binary
system/fonts/NotoSansBassaVah-Regular.otf	6332	865f1ae251fbbfbc2e2fd6293bf35bfce60f703baeb95d341066d86bfc710cb8	binary
system/fonts/NotoSansBatak-Regular.ttf	12808	536462a433183ea120090ce8acae20c0f6ca6970c9b65444e053fa04f454e4b4	binary
system/fonts/NotoSansBengali-VF.ttf	249244	78ad923ecd8d10005d23632aad2299c001c049b5de9aeb04d739f5d689af7412	binary
system/fonts/NotoSansBengaliUI-VF.ttf	246772	2df70a74abd7c41da37684d212700bae874c2e10b0e432120c3fc6f7cdfdd621	binary
system/fonts/NotoSansBhaiksuki-Regular.otf	100344	3662195ecb82f2c4f8b1de77c7f85462d389798a02a589f1896b3788e9d396de	binary
system/fonts/NotoSansBrahmi-Regular.ttf	23652	5b9f93986fb382870090cf73724c48a788619aebdc6c0b4f138ef71ed6efcb11	binary
system/fonts/NotoSansBuginese-Regular.ttf	7844	50dfd5dd744f7c3059ca39408676e13634077beffb41d765bc7cdcd113d0ba62	binary
system/fonts/NotoSansBuhid-Regular.ttf	4896	d7c9275ab99c4947d7080f399318e33df66a6b1b08086fd49766b5acba0b037a	binary
system/fonts/NotoSansCJK-Black.ttc	19629516	3cffb10242b4b7e6edd439ebf3bd7e392345525e093ea08149e0a0158a1b5151	binary
system/fonts/NotoSansCJK-Bold.ttc	20050760	faa5f3656a78b2e2d450d27fe8382c778bc2b6bb5ea29c986664a6a435056ceb	binary
system/fonts/NotoSansCJK-DemiLight.ttc	18245584	73c01c7f28072016d44ca57893a7c3b2c4ca31d9662032c5b315164625f0dfe4	binary
system/fonts/NotoSansCJK-Light.ttc	18160344	872def437cf8b9c41bf1736da891e34a8c25b764c0c4a51418d3745570660f42	binary
system/fonts/NotoSansCJK-Medium.ttc	18354360	197d5e1e019faca33a4d55931c7d68b8056f3b97cb862049f5cb8de9efdfb8ce	binary
system/fonts/NotoSansCJK-Regular.ttc	32355424	3e7e5afaac2c6d872592d76abedac03a51c6f0fc42d11e311ff2816a6c368afe	binary
system/fonts/NotoSansCJK-Thin.ttc	16727128	6efb3dfee32c261d6be3c2b1f89928afc1d18328499cddda4b1833338e7054b7	binary
system/fonts/NotoSansCanadianAboriginal-Regular.ttf	62852	41004292e9bdd64c5847b17ad30a964961b27240705096a4beabccd6719cd1ba	binary
system/fonts/NotoSansCarian-Regular.ttf	6260	64c86646654dcfb0e09516843169386159b82b3be407eb2c470912af69742c89	binary
system/fonts/NotoSansChakma-Regular.otf	29512	ed60df782074cb1c1ae9988110dc7add27777e83ea1e8efa3015ff0382b6f500	binary
system/fonts/NotoSansCham-Bold.ttf	22272	8621575e81279b82bc0a42f11e8e257f1c9319419efdcbe671b8a596d29afae1	binary
system/fonts/NotoSansCham-Regular.ttf	22264	ab0fab673bc45667a15a351c34553f1a27b1a30f6b422933e5c2e775c2ba4cba	binary
system/fonts/NotoSansCherokee-Regular.ttf	65132	e87a28782a302c4a8dae2d47412d44a1dcfa76b602e86cb00150599d5620cc8f	binary
system/fonts/NotoSansCoptic-Regular.ttf	21984	7b4fb37ecfad8f340d027cff2eb25a2aab4dc5258495ffff2fa94a3ed05b5902	binary
system/fonts/NotoSansCuneiform-Regular.ttf	500380	5e6fc6c0d4ceee2dd772ef4256bff2efc00eae96fbc213f1508b3c91d2251a72	binary
system/fonts/NotoSansCypriot-Regular.ttf	7980	99c7369fd729dede1dbffe28a57a94f282efe8e96567ecbc39dba50b99ac5fef	binary
system/fonts/NotoSansDeseret-Regular.ttf	10512	70ceb878d8a96eb8784958d403c7098b71c5ac81aaf5a06070c1b545d3c30141	binary
system/fonts/NotoSansDevanagari-VF.ttf	253156	4d3dc977b444667bc8c5af0193d963f95ca86629a117f02e02bfb86495a928fe	binary
system/fonts/NotoSansDevanagariUI-VF.ttf	247460	bff82fa98d2a3d3b664f7d9df3265c3acb35848bafa61249f041df989bc230d7	binary
system/fonts/NotoSansEgyptianHieroglyphs-Regular.ttf	505436	924634bfc275e587283e0ea33655fc5aafa57655e9899ec9a747f3f7f780787b	binary
system/fonts/NotoSansElbasan-Regular.otf	8788	d69b41542eee4d59ed22e811111af1c06b432d5d00da8b97c462053ea83d65d7	binary
system/fonts/NotoSansEthiopic-VF.ttf	448888	adbddd7406fb266361ce193c507424574913bfdda191212cf590c04fba96de0e	binary
system/fonts/NotoSansGeorgian-VF.ttf	63180	d30b57d7d54a8bfd8796fc21bb421627112f326ba762eedf6dc2fdb86ce4c595	binary
system/fonts/NotoSansGlagolitic-Regular.ttf	15676	303f3cb7ce9fabc2c46f907d12dd1015b80e84b78fa7f0c3c587e3215f47a497	binary
system/fonts/NotoSansGothic-Regular.ttf	6032	0c903d797325af318b92d882c57914f0b837c40ffc18b4cb63c28c12a69c91a5	binary
system/fonts/NotoSansGrantha-Regular.ttf	399684	00d8e1156f3ddb8b9af1e3dda3d5669f6a19d93c52ff51b1ea96e1d69dae1092	binary
system/fonts/NotoSansGujarati-Bold.ttf	117020	0ef97965e6516d434db064968d2e36a729ca8a1cb4420fdf01eeb3477332af36	binary
system/fonts/NotoSansGujarati-Regular.ttf	120040	d56563ea8e43d107d2c591f8babdf53cc6b248cbbc0e0c47aeae678e5e990d6d	binary
system/fonts/NotoSansGujaratiUI-Bold.ttf	114312	3a4168fb5628bf9fcd71e5d9a571b02e5e5a2fa7ab0a6b4418cb003f83b416a2	binary
system/fonts/NotoSansGujaratiUI-Regular.ttf	117380	9bc3db073c526cc05548e9fc33367b6ed0b0dc49b6c5cf09bad620caeb622aaf	binary
system/fonts/NotoSansGunjalaGondi-Regular.otf	32336	c79cddeea8ded216bd1f4277526cd538dba82cb19dde159dbbd71a0e0694f52e	binary
system/fonts/NotoSansGurmukhi-VF.ttf	63884	7f7112a7145ea3201de1ddcda3e97175d0238d8c8f9eddde5216fb134e72e1b6	binary
system/fonts/NotoSansGurmukhiUI-VF.ttf	64008	d08a89597d2dc96497d995348248df5548676a698df86a2b4b0cfd7b47075c8a	binary
system/fonts/NotoSansHanifiRohingya-Regular.otf	13432	285f9970fdc6ffa036c0a8bef37c55ff43827d3482f8305dc8ccc110ce6e5b0f	binary
system/fonts/NotoSansHanunoo-Regular.ttf	6768	177c0d32f3e8e4b12f84a4c5ff6b11045cf828d2ab1e3b3ab35c8242ad565d0a	binary
system/fonts/NotoSansHatran-Regular.otf	4388	94ddef5730cb514fdd13a3a4ed0e0cac9ae2daac83a773f10cc8fd1eed252574	binary
system/fonts/NotoSansHebrew-Bold.ttf	17540	138a49ada08b30f301660e1da4d0004825297fc083aea344e613b90c172d5d59	binary
system/fonts/NotoSansHebrew-Regular.ttf	17352	ef877e0e136f7942900b7ec8c866c180562d45def425b8bfe2dc0a992e3c2fd7	binary
system/fonts/NotoSansImperialAramaic-Regular.ttf	5632	29b20cc724a54a9ad0def2c0bb99ab85ca9caccc66465752f799aab0f763bf2c	binary
system/fonts/NotoSansInscriptionalPahlavi-Regular.ttf	5668	d4935f9c0b2e43866bc050d1be319ecce8384fc3840049a1ee1b9900f59f7e1f	binary
system/fonts/NotoSansInscriptionalParthian-Regular.ttf	7508	c19104929fa2ef5bcf2bdace5697b3329d5b09541a8d2ce091ea447d3a242d17	binary
system/fonts/NotoSansJavanese-Regular.otf	86944	7726ee134bf91bb06a4636cf5220ea40284f2aab988a0eef77ca44306a838b65	binary
system/fonts/NotoSansKaithi-Regular.ttf	59452	a868a242e82c8fa502b609b82ee29f0c56631e2133263b55fa6a0ca3aa57334b	binary
system/fonts/NotoSansKannada-VF.ttf	211752	5f332f40630fb3b23390a40b2572cc2b830428a8c783d06b8b0286532fbe5f4a	binary
system/fonts/NotoSansKannadaUI-VF.ttf	212632	6fb9ad49eb09e6e2e26852c01077dd4d9d6b5c3f7107ebef65b8650992a6c51b	binary
system/fonts/NotoSansKayahLi-Regular.ttf	8024	34bf0532d7f36e0a93e35f97b40437ae6b95618b3ff11485b4f6e09ab0383b0a	binary
system/fonts/NotoSansKharoshthi-Regular.ttf	21860	8d4388f6499899d2f39fe6bde7fc75e45eb5f41150daf5b2757a796ec4afbfd5	binary
system/fonts/NotoSansKhmer-VF.ttf	359788	f37a8431a0c5d5ed2f81a767417546aca576a81fb7eff9c924d46aecf828f2ca	binary
system/fonts/NotoSansKhmerUI-Bold.ttf	36216	72cbfe46e5182d253f6cd5e72da97f751ec7ddcdc9b95d8beacd70587c027479	binary
system/fonts/NotoSansKhmerUI-Regular.ttf	37932	1a311c88696789bbf513f7e698292904c1af031a5ca89529ef5b60666b8d78d9	binary
system/fonts/NotoSansKhojki-Regular.otf	26928	51d840c90abf9bfb6a3333e1416946860bc827d232d5847ddcbeaaf9122e1292	binary
system/fonts/NotoSansLao-Bold.ttf	18848	6d80ede279d5c470b22873b4d80062ba81f4f916201606053682e1a7dba30c45	binary
system/fonts/NotoSansLao-Regular.ttf	18956	39d257f79b4dafb5d9cd03d366462841ae83f6c822bbf9622e536cd377203237	binary
system/fonts/NotoSansLaoUI-Bold.ttf	29228	20272f7387c0532501485cc439309f7ced0b4c7693104621e38b940e7dca265f	binary
system/fonts/NotoSansLaoUI-Regular.ttf	30568	5ca99ed9c26068c082e6c11d673030b16e3a4940b409a1c412e3da06f4ef653e	binary
system/fonts/NotoSansLepcha-Regular.ttf	102060	9adb88daecec85f6d2172b6358e55ba73e222cc6940820fa7c9c450af73f809c	binary
system/fonts/NotoSansLimbu-Regular.ttf	11100	49408ea319c9182b62f90ca2671f0244d59fb70bf7f26eef4d2fea32975822a1	binary
system/fonts/NotoSansLinearA-Regular.otf	33916	5e4be1fcbecf25e3387676af597bf7c967a202d6be8edd7dd68581b5b26f2b9f	binary
system/fonts/NotoSansLinearB-Regular.ttf	57936	ce85db1ab3beccdcfd4f3238949b9f5b99d69ae1e355395c330bc3b336906559	binary
system/fonts/NotoSansLisu-Regular.ttf	5676	384bc4a7e096210da21a2e1eaff0d814a79f5b5054372cfb442bdfedf6ef0d63	binary
system/fonts/NotoSansLycian-Regular.ttf	4308	611a9807ef816503070c147d67db12a7fd3b7e8c65231a6db6fb1d99b2b6bafa	binary
system/fonts/NotoSansLydian-Regular.ttf	4268	7e2cc09db954487bac4658813261b00abf2e1aa3c0a2c9b1bf64e69c7b963640	binary
system/fonts/NotoSansMalayalam-VF.ttf	137732	8595f1a3f82b9c7a4faf6242b802df2033f033845bc5dd7afba25c8d5a222c6c	binary
system/fonts/NotoSansMalayalamUI-VF.ttf	135660	4b855810a5f0fc0303969ee54a9e4836de27beaf126ce8f272708f52cab8120d	binary
system/fonts/NotoSansMandaic-Regular.ttf	15328	f2fb404c8c997168f1f474792590fe0111e2747cc3258fd966bcb66e00ecb1c5	binary
system/fonts/NotoSansManichaean-Regular.otf	16608	1e8b5697ca21587b51e13d6ba6b32191010faa497931b29e1d235e44070da118	binary
system/fonts/NotoSansMarchen-Regular.otf	63992	79a150005b111f748b5ba3ea26bd98a7be6e2c659a997a596c677b764678df13	binary
system/fonts/NotoSansMasaramGondi-Regular.otf	23016	86fa58f8fdd16dd21ffc24e94baf9c137b0aacf7aea57ac4babba2b7312b19f5	binary
system/fonts/NotoSansMedefaidrin-VF.ttf	55888	f941e4e0198d3758da7c540e6b6ebabb0ac3b65753fc251119d8fafae91e6e33	binary
system/fonts/NotoSansMeeteiMayek-Regular.ttf	13940	c7f2b1600fa33a569de0e7b81903e925a86640194662572c10b0d7f44719a889	binary
system/fonts/NotoSansMeroitic-Regular.otf	20064	60e26cccda2b060df06210a79cad521692feec73bdb269079516a0bb12a4afb3	binary
system/fonts/NotoSansMiao-Regular.otf	26768	9ab6f8e35add8ba7df0d69c1402a93713dcedf9575239c4851730120fabc6fee	binary
system/fonts/NotoSansModi-Regular.ttf	42688	980f27c1af84e04f1c8f575ce001edff6bcd13421fdeffb29f4a7c9de8ad9337	binary
system/fonts/NotoSansMongolian-Regular.ttf	113656	c85851bf399c809089cdbd7c04eb134a740ac1ae34fada5bd8332979e4d3ba87	binary
system/fonts/NotoSansMro-Regular.otf	5680	973f27d7d2f54bb857a3961d07d080e7298aeb95b6ecb397c7ed6321eee94155	binary
system/fonts/NotoSansMultani-Regular.otf	7808	8c991e4fb6ed7d7bdb316257a7790f9c8a12787dc85029c44301c963dc7d4bc4	binary
system/fonts/NotoSansMyanmar-Bold.otf	110508	5780905803daaa182c7bd0bc7c6a8db7611a4bea0ad028178d5b37ab9d3b4711	binary
system/fonts/NotoSansMyanmar-Medium.otf	115600	7dcbcde595d7d73a7c0fce7bb45a2805274e11d04f3a6d1e4b17be8902fd6136	binary
system/fonts/NotoSansMyanmar-Regular.otf	110380	7c853527f4a6d34b624eae84a76ecc2b9c477f731fc9c481b0316817537eae17	binary
system/fonts/NotoSansMyanmarUI-Bold.otf	112636	9731e1428bbfa51161ac015a95301dce771b37b5d37ebca54a14183ced8274b1	binary
system/fonts/NotoSansMyanmarUI-Medium.otf	117084	ba01be8dbdb7132ae6264da12d72638ea3f676d0d5eade4c3b67b2577f6b63d3	binary
system/fonts/NotoSansMyanmarUI-Regular.otf	112332	e02de9d0912a5df57f3172b4644e71b7b569585d82e3469f8429344a233abb23	binary
system/fonts/NotoSansNKo-Regular.ttf	18716	c8eb3d3dcda221063df51d779d6f3badd3dd47afa0f093f3be55e7dc2a8d2c5d	binary
system/fonts/NotoSansNabataean-Regular.otf	6624	869c85215e873298b95fae8df59efd871d97fdc535310f9b954d20fb21c157b4	binary
system/fonts/NotoSansNewTaiLue-Regular.ttf	14908	a168215bb0c8c0caf33716f623b359901cddb8c23f237ace3090c80ffced7d20	binary
system/fonts/NotoSansNewa-Regular.otf	66132	c7da6566c4b517461f8c6d6df01e2dd65608954e4775fadd13c2cfe9dcd20478	binary
system/fonts/NotoSansOgham-Regular.ttf	4464	465aea6ff51b3f0c4df07d19fe15b90ed59b952745945a1af8788646e68ecdf8	binary
system/fonts/NotoSansOlChiki-Regular.ttf	7628	489d623e07230435f1741dda015c5fdf973f8a698f3fb7f1b3f92510bba47f1c	binary
system/fonts/NotoSansOldItalic-Regular.ttf	5000	4190146b7af92173710eb2d3b8d79ff4bda585f6899818e8c921941dffa80ab9	binary
system/fonts/NotoSansOldNorthArabian-Regular.otf	6276	319ab8ab6ed92f768bc34a73b3f71354a2286f1be3995ed3537032160a725a02	binary
system/fonts/NotoSansOldPermic-Regular.otf	8628	a4d0fd72d883854463247468d4732ba3b7fd6f640edfbc019867a523dac022dd	binary
system/fonts/NotoSansOldPersian-Regular.ttf	12420	de38f5a8b9ccca527e66f38f7591e9a2d68851368ff70537b98f21bce76b0f5f	binary
system/fonts/NotoSansOldSouthArabian-Regular.ttf	4724	3891fe86e38b5219cde71d1e2a1780e7d70c2ca9b797744273fa464a9c7e26f2	binary
system/fonts/NotoSansOldTurkic-Regular.ttf	7856	d8db7c4918bd48209c240787f56d063a0cd3fd196b48a5bd918de7574b2701cd	binary
system/fonts/NotoSansOriya-Bold.ttf	84624	c33847f6a0c653089ba998a0a3dd4ac32b5a6f717778bf372add044ae5c4c33a	binary
system/fonts/NotoSansOriya-Regular.ttf	85224	4f3781f7ea2c59206504a2f62091b76fc5e4e28655abdd36417e5a5fa5f00b9f	binary
system/fonts/NotoSansOriyaUI-Bold.ttf	80180	6c5e04572e7c6262817a29daafde56ed7d84e84c18eb35d0befd9097d916fbf2	binary
system/fonts/NotoSansOriyaUI-Regular.ttf	80728	6a8ce0b7d097d63a9736f7f5083e31994e6626bd5d44db075c7f412a0233d328	binary
system/fonts/NotoSansOsage-Regular.ttf	10556	d836b97a34bb9fdd79dfa9d5eb86d0bdcfd632dc581ec16926fc469731eaffe5	binary
system/fonts/NotoSansOsmanya-Regular.ttf	7472	38e7d786b350a66cc8f58f3e4e49880f8d383086099734e7a04cf756f45c846f	binary
system/fonts/NotoSansPahawhHmong-Regular.otf	13228	6ea6d8bcadd3674598e43da51b87fd486b14f792c9a661a20658e2759da39199	binary
system/fonts/NotoSansPalmyrene-Regular.otf	8604	08f9d1cd814b7c911ab45e2d87e84e642622728dfe9cd54e6090102535f2ea73	binary
system/fonts/NotoSansPauCinHau-Regular.otf	8204	7799b776086b10a64de9b42db372181736c68d1870460d7d4658866247e47f8b	binary
system/fonts/NotoSansPhagsPa-Regular.ttf	28404	697dd78af6329451cc4c787a4a0f3a0164b23700dac38985f56e122bed7c46b3	binary
system/fonts/NotoSansPhoenician-Regular.ttf	5404	4b77c819ef06a594c7796e341704a27e78be90b1e712eb3e7ff66c273f622493	binary
system/fonts/NotoSansRejang-Regular.ttf	6476	5f804a055eca82f6aeb52e5ddcdbb2f1157f85bb57f27b2ba3d550f4159600c5	binary
system/fonts/NotoSansRunic-Regular.ttf	8528	fa02cddbf2d6f90e69160b171e78732cf082394f91fc90b13ccb6a9420ff9b41	binary
system/fonts/NotoSansSamaritan-Regular.ttf	9772	af7d09716d68e107948efe1e25b063a92d75f4a30968183d6a9bcb7730fd9226	binary
system/fonts/NotoSansSaurashtra-Regular.ttf	18720	606b9eb9e9c05af5b54c3c95f299e832d5cbf4b92dadadae8ca9b88a3f99174a	binary
system/fonts/NotoSansSharada-Regular.otf	27752	8d6d20f2ae7f99b7c8cbe63de390555ddeff7cbef4a45d9299adb47fa8717bcf	binary
system/fonts/NotoSansShavian-Regular.ttf	6020	844a7d9d35523b77d1268c0210d72ef4e85eb323df2d3a64375c8189487d97bc	binary
system/fonts/NotoSansSinhala-VF.ttf	358248	ad74d05e6bc80e103f3745281ae059ffea8a4ea84a0c8ce94ef80f7c83869db9	binary
system/fonts/NotoSansSinhalaUI-VF.ttf	358268	8bcae6deaaf18c47aa33ce2007432a83ebc59ac5b0dfa28055aa1273aa3e79a8	binary
system/fonts/NotoSansSoraSompeng-Regular.otf	6388	4f98eb562225229d63ce22026fdaf995605fad84799a4edaa575e2b4dfa01fc7	binary
system/fonts/NotoSansSoyombo-VF.ttf	72168	da5d905740ec05d0b16ff9cb1215ed108247a780b12313d9e46d6b6cb2e8274d	binary
system/fonts/NotoSansSundanese-Regular.ttf	10356	8be5e1edb34e530638017b989d29dc72fdd762d72ccfa7f7b37507ee9af8e2a6	binary
system/fonts/NotoSansSylotiNagri-Regular.ttf	14904	47c30dad7d5b60deac26ae5ad658453032d154c2a223c8fb5dfe0d1f226f69b7	binary
system/fonts/NotoSansSymbols-Regular-Subsetted.ttf	708968	e47300d639a32c08610384baf325f021859da84a7ca129599af5130212dfea43	binary
system/fonts/NotoSansSymbols-Regular-Subsetted2.ttf	32996	e178faa39809e969f59ab1eab9680fa8e03f07d728b5ed692f98809fcbed17a0	binary
system/fonts/NotoSansSyriacEastern-Regular.ttf	50164	846579f4a1e74ef965e88d7d03771b291148e137820add98cc5f1f5e3a493510	binary
system/fonts/NotoSansSyriacEstrangela-Regular.ttf	46396	a599db65d2c30e432f914f714ca60f1102faf6237246bd623d964e2eb2d37f9f	binary
system/fonts/NotoSansSyriacWestern-Regular.ttf	52380	3104217db0750c1be67785b68fee2d28deb19f102a87030a9acbf8b752a1f271	binary
system/fonts/NotoSansTagalog-Regular.ttf	5640	cc64aa4e476d96fbdc336173285df4143e5aee51d3dbd2264c53c1ef022e5430	binary
system/fonts/NotoSansTagbanwa-Regular.ttf	5596	23d60952c37225d9bc87d6b2cf9cde252b01060a78c8fdd2de52c11d284180a0	binary
system/fonts/NotoSansTaiLe-Regular.ttf	10012	ad829e43d12c6a190a0e760006a048accb2bf55675b47e95c0e3f2d023178659	binary
system/fonts/NotoSansTaiTham-Regular.ttf	48064	b4e0103d3cc5e91a1159c8af62cd1a0beb8587b38240f34029ced6416fe61cd7	binary
system/fonts/NotoSansTaiViet-Regular.ttf	15852	846d077bd93d7ba0025c18271b063cff3b7a2f759c710097767c18e65a804a04	binary
system/fonts/NotoSansTakri-VF.ttf	22172	ef6cbef5f87e46c1037c659ad3393ec08f45ae2b0fbde77a53e80bafb88e762b	binary
system/fonts/NotoSansTamil-VF.ttf	79724	5b7bcf3a932ec4c603d5686c2c5d2000c2056270019adc78925b47ad9b113ee8	binary
system/fonts/NotoSansTamilUI-VF.ttf	132512	42276e3f21443ac0deb2c505c4122374b87a4ceebb5ee0058c0c34d227475bcd	binary
system/fonts/NotoSansTelugu-VF.ttf	233580	5e6d07b1f74e7f3c650d195492b78213d6392f673823ade7c45c1f50eeaee027	binary
system/fonts/NotoSansTeluguUI-VF.ttf	220752	f98590ac355770b40065400baf821918203dec833e10273b896c6017b06d5d02	binary
system/fonts/NotoSansThaana-Bold.ttf	14504	420f1d666b2a04da1b96e6c6e518f57c9215f939cb6c2f253e86b4ab434e1217	binary
system/fonts/NotoSansThaana-Regular.ttf	14412	9fdec733de67f60aa1c1a5117c891c3943d66712cc17ab22955f7478ad4050f9	binary
system/fonts/NotoSansThai-Bold.ttf	18336	cb0c042aa09133898650ac487ce4866956b105bf1474ee82648832c500ff3c35	binary
system/fonts/NotoSansThai-Regular.ttf	21380	0dc4e81ac4fe236db1a1d8a9cdb28971b9c136de08f2e6328e365e11c76410de	binary
system/fonts/NotoSansThaiUI-Bold.ttf	19000	172960599004a03e6399ea0d73c4a00462063a495dd61a0d9e00c0bb44f33d70	binary
system/fonts/NotoSansThaiUI-Regular.ttf	22024	2d197a017cba9b2df168558bccd224e44da38d1abf95b0997eb92bd0a05fa196	binary
system/fonts/NotoSansTifinagh-Regular.otf	24924	c02541279a60888379a8d660757ae1f91aa667ddb8fe8cfedbf1da1bbec0e62c	binary
system/fonts/NotoSansUgaritic-Regular.ttf	6772	24d47b083a5ca86f8f71d5586e83e5d946e37f264157cf14e6bce7cab1babff2	binary
system/fonts/NotoSansVai-Regular.ttf	64292	0eb963a6f1f731a7bb440ce66a7e7602008f6bd78521c87dbb7ce146b703e069	binary
system/fonts/NotoSansWancho-Regular.otf	14216	56e194263f14734942dee4639867de4d73cd6ed4a5595fb56bb21ba17e6f8eee	binary
system/fonts/NotoSansWarangCiti-Regular.otf	23484	bda4427202ee1524cc4d51759a7f805bd2498c45e82484fe58fb266569477bc3	binary
system/fonts/NotoSansYi-Regular.ttf	122904	578b6b033f959350e3434df207eefd307a990f4907e317b228959de81194f066	binary
system/fonts/NotoSerif-Bold.ttf	247892	d245c6187216b7e2f943431525beb29a22c2141dd1c9e4a9de14f3899e6ab699	binary
system/fonts/NotoSerif-BoldItalic.ttf	263080	e9421c1ca461ff0e5c9c3149e05a9880f92378def342dd09a567ee104330eef5	binary
system/fonts/NotoSerif-Italic.ttf	249748	bb2ad30a8b95b367ed9576cea42bc085b7e69a6f81e6fe53ac3db6f10c7ff5f3	binary
system/fonts/NotoSerif-Regular.ttf	246740	1e65d9bbb6864fd4a32b96a8f0de3739b667c9eac793ec2d6d00bab7adb5a965	binary
system/fonts/NotoSerifArmenian-VF.ttf	33992	a4c98541044745101bd3c20ff5a68b3d001f7ca83ebbe87f29cdc1deda045306	binary
system/fonts/NotoSerifBengali-VF.ttf	292736	13df1cfa95ff9510a428974b7d3bf8ae6a50dae999fd94f54606835e56db9e87	binary
system/fonts/NotoSerifCJK-Regular.ttc	26273008	5dec6bbce13a3bbf1487a022392c23e571abd0696a102f3715697420dd94b47a	binary
system/fonts/NotoSerifDevanagari-VF.ttf	304140	2f2d48c7b26c58f87514000fab899555bcce4c09128beed8726bd1537fac3726	binary
system/fonts/NotoSerifDogra-Regular.ttf	27480	3a5a78cd5f2fa004729c670177f30c24792c4c5d52e53a8787721bca4afac30e	binary
system/fonts/NotoSerifEthiopic-VF.ttf	412896	8e3d15a69af101aa31f019e2662ec19f5ea16b486598ae8132d00ca60931f8c5	binary
system/fonts/NotoSerifGeorgian-VF.ttf	76856	06713712ecf2925c60fc786c569ec491ad669fa7a04e9bea1a9a36537977e8c2	binary
system/fonts/NotoSerifGujarati-VF.ttf	177380	0c040bf7305de3a2973ca2ceeeaf35468f22710ceb3836adc3716b9f29e17d84	binary
system/fonts/NotoSerifGurmukhi-VF.ttf	57172	9a409846a25350aeb6244bf4bab3a18835f65f17b5b9d9e243d9e9bdd78d2fcd	binary
system/fonts/NotoSerifHebrew-Bold.ttf	20232	1731dfd0d005032f5e3af0cc05f27f161040c065ad9462e8a2064939465a8b86	binary
system/fonts/NotoSerifHebrew-Regular.ttf	20312	f6589dbe258d02c2ba7fc6776a2fd903ad0e9def291482570a508086ab025f32	binary
system/fonts/NotoSerifHentaigana.ttf	454624	94d31f3669977a8464d7f4c6597a2c0bacab636e70548e1a3184ffc7e0a5abf1	binary
system/fonts/NotoSerifKannada-VF.ttf	249112	1cfbebd9a15c63ed9c34f321d943b8259380e0346da54213314bf7836ca3a47a	binary
system/fonts/NotoSerifKhmer-Bold.otf	48076	9d0a2897ff50355596cf04d4e0f693edadeba0eafe79bf1769ff8ae81923876c	binary
system/fonts/NotoSerifKhmer-Regular.otf	40688	6f42f96732a16acb80fd905c6a491d928f5268cfb71a9a0090202c38e7779d65	binary
system/fonts/NotoSerifLao-Bold.ttf	23376	13e9fadba7fc21d89a09070eaaec169b8316bdd1f7235089c3063c783b84f13f	binary
system/fonts/NotoSerifLao-Regular.ttf	23664	39c7cf20f52c37b928880d4aaf479124696f7a62469b884b090674cad181c823	binary
system/fonts/NotoSerifMalayalam-VF.ttf	124804	135dd1865f239aa246ca05b36d876d04396dcab614619644c4f5826b4714aaa7	binary
system/fonts/NotoSerifMyanmar-Bold.otf	136260	8d0cb2f74ddb7dc97f3935086b5b6b7dd99fed54c19df40429df584dc5a0f9ac	binary
system/fonts/NotoSerifMyanmar-Regular.otf	137544	d79096e7dd8c9d50700ce29db334e7d5fd14c8581c166d215698fde3ed21d3c4	binary
system/fonts/NotoSerifNyiakengPuachueHmong-VF.ttf	41084	b3ff4d8f0a592a484ffeb2066f4d9bf73a1506fa2b725852c10a2b8c747834a6	binary
system/fonts/NotoSerifSinhala-VF.ttf	352220	a79e6235b9adc565dd129887e7ca0e3404a03da416d54268ee9f903abdba7ed2	binary
system/fonts/NotoSerifTamil-VF.ttf	90464	cbe3b71c79020a143aaf950f14fe79182fe0b17429fc1ccfdd66c4fc01675fd1	binary
system/fonts/NotoSerifTelugu-VF.ttf	340420	7dd9fec04720de0b2a24289c70c9a7060c160b51be82a0983eff8d6fb53862f5	binary
system/fonts/NotoSerifThai-Bold.ttf	26856	d914b80813e97c544e40395e8028b8df60fc4dfbb98efb38081e4541a9d15b2c	binary
system/fonts/NotoSerifThai-Regular.ttf	26824	6b6bdf65405dc04b5106c2dc428ece57e135681c3d9c7f445a3809bab2fbad86	binary
system/fonts/NotoSerifTibetan-VF.ttf	1100000	e0eadd7af633580848e649373475d02b560025fbdf7927ff73d4d8aaf1f860a5	binary
system/fonts/NotoSerifYezidi-VF.ttf	23744	52cd5147c575949acbe57b1f191ee6dc7305488d17e0bbd91701d501f642b561	binary
system/fonts/Rbbb-SemiBold-9.ttf	127328	77c4776d825dfa7b36a8a24628a228d48f471841a286520fe90405c632f49feb	binary
system/fonts/RedMagicDigit-Regular.ttf	2968	10250bd801896e662f420c34c8c6f72e8266f79a8c09fc65fd5f3028ac89eb3c	binary
system/fonts/RedMagicDigit.ttf	2704	fdb2e43746e4548783c84a4c897d8f0e33c02e590df976ae529aa2eb0d4ea6ba	binary
system/fonts/Roboto-Regular.ttf	2371712	9ca9debb09459bf4e3e7f826f5cd0f35f253902b85684921fce2ba3f28dd0f50	binary
system/fonts/RobotoFlex-Regular.ttf	1775480	94a7ea95ccee28c54885a507e3cc0a534ce41ec61d413935df0e07261a7ffe63	binary
system/fonts/RobotoStatic-Regular.ttf	305656	06cba01eb71ea5cbd3a7df498910624db68953beead4be18fd91f8ec7dc72351	binary
system/fonts/SourceSansPro-Bold.ttf	290916	da4f442e66843990825ed4757e27ad3442cad83f9844cc503e8ece85e00f77f2	binary
system/fonts/SourceSansPro-BoldItalic.ttf	103200	4413cbf92a508e6a6eb0a089ee9bcf1b94f0b366ea755c5c64b6d4755f160c40	binary
system/fonts/SourceSansPro-Italic.ttf	103828	dac7846e443ec58c0802cd6fa55836060a62d8a7448c0bccff5242bac9e71d0e	binary
system/fonts/SourceSansPro-Regular.ttf	293516	71d10a86b4c54a5a9c0c8b467e53ac67d79edb96c956e4e9f65a7074dfb9992a	binary
system/fonts/SourceSansPro-SemiBold.ttf	291864	1abd7bd14daea0c793865e0df0e17b3f07ec1cbf22855676c4716726b930f17e	binary
system/fonts/SourceSansPro-SemiBoldItalic.ttf	103556	f819a0030a22a416cf14cda512e731643faf8d5615e833b57c6f2ac2e316643e	binary
system/fonts/SysFont.ttf	-1	ERROR:[Errno 2] No such file or directory: '.work/fs/system/system/fonts/SysFont.ttf'	error
system/fonts/YouSheBiaoTiHei.ttf	1414784	dab883d69fb713233ea5d9aff8d1f27ccc2b71e249143edf6ea08367784c5dba	binary
system/fonts/ZDigit-Bold.ttf	6628	daefa19484c738bac9c9df91e1fce736e594d29bd3aa4bba5f4e0cdaaf2781ce	binary
system/fonts/ZDigit-Light.ttf	6456	3e29ced15ee16d1fd7ad75f1c909ccecdff9d98bf501cb0e10b9d43cc9c368b7	binary
system/fonts/ZDigit-Medium.ttf	6576	fd6ab290c45c8fb34075452e717cab322b6876bc4174f931043db2c3add4d014	binary
system/fonts/ZDigit-Regular.ttf	6532	ea60568221024edfdfef4cea1b883881db50aec1c0457914f32bed5ab404dcb7	binary
system/fonts/ZDigit-Thin.ttf	6264	3b6933010508a9fc080c93fcb0aec6f91c298f86337fd1d190d26c8559844e52	binary
system/fonts/Zline-Regular.ttf	10492	9a9bff88f41ff47bc2793f988596c0214a782c99ffd0652c1b439d66db76178a	binary
system/fonts/Zoswald-Bold.ttf	9332	bb8dd2caae2754c41eed6ea737693d31de95d3252732eb40cc094009d75d3aa2	binary
system/fonts/Zoswald-Medium.ttf	9276	fb09900a394215cc83111b8ec2df7ad1a504e6123450cf62c5c260d04bb7cb8e	binary
system/fonts/ZrozhaOne.ttf	312736	33dfdf7e8f8bba49b02101c2cd933354f32d02e4c5fdf087975bce7092c89b16	binary
system/fonts/ZrozhaOnevt.ttf	6916	f223fefb188ece3ea3ea766bc78cbfabb923c8e214045c6c8d87ae1d694747c5	binary
system/fonts/Zrubik-SemiBold.ttf	7528	13c828045bf62c0bba3ce2101bdbd81c217d1eccfb6f4207fa2fd6ee7a1003c5	binary
system/fonts/Zrubikvt-SemiBold.ttf	7588	9c6493761b1e7b8d30ef2ce456034b73cb61f268b1cbfc2954b42d34d9638d21	binary
system/fonts/ZzenDots.ttf	38020	21191646115efb98a2f0d032bc05b489db8549188be9ab576c2cdfc3109bea9d	binary
system/fonts/ZzenDotsvt.ttf	7724	0310824b349fd7edf1d0d98c9b88cad268ffb266c2a0c52fef6b87b42fac7696	binary
system/fonts/custom/default_font_detail.jpg	231336	4f20396d930ee46a9cd598d27e74578d1ccff303b6f4dcfb622eca261a5fd583	binary
system/fonts/custom/default_font_detail_dark.jpg	236471	ded0bc578c94efe92e2abe89aaacbd894a18641e91caf82557e59ebbc07699cb	binary
system/fonts/custom/default_font_hyzhengyuan_detail.jpg	238997	d859774b15830b6690f16f30f17e136c1ba7c38d35fc88ff0b514725c90be054	binary
system/fonts/custom/default_font_hyzhengyuan_detail_dark.jpg	243652	beb2b6c9f7a1a4473538d65e721a2f59a9cc79f1d4ce323dc56651a800a2ef3b	binary
system/fonts/custom/default_font_hyzhengyuan_preview.jpg	614686	f739e77a2a48c9a1316e7d5297086531bdccdd48200e6a3f5929faa488e688be	binary
system/fonts/custom/default_font_preview.jpg	522944	d3f7e95d8cd35b35f9085f703b68c0b7b8e7d99d76a454aa5c1c7f57d6e63472	binary
system/framework/QPerformance.jar	31017	623c39ba35b7b906cb5689569ecfebb9323e82910d0350c887eec418e4688d02	zip/apk/jar
system/framework/QPerformance.jar.fsv_meta	8192	13c8eb52aa813835ec62ac250ab297bb430d2bb1ddb4b880905d3a0e08124307	binary
system/framework/QXPerformance.jar	5369	01b4b2544fc5f203ac55d2a8a3d40bc9f2822da3468167756039e69ea384c21d	zip/apk/jar
system/framework/QXPerformance.jar.fsv_meta	8192	c6c46fc2860908c6b4f4e88b0d3f8896216cb78bdc1bf4fc91afd34cd829888c	binary
system/framework/ToolsManager-aidl.jar	9893	b5dd0087741f611a566f8f736fc8262b5996bda86122146d668a8c30cf4eabf5	zip/apk/jar
system/framework/ToolsManager-aidl.jar.fsv_meta	8192	48fcd7821bb01b5a173f6dbdff46e7043fb88cdde05c165105ed0c05eb80b37f	binary
system/framework/UxPerformance.jar	14681	8e2b1e862138f20ea369ef50b3673fbcdc334b889b9617b48780d8ba7fa0fbbb	zip/apk/jar
system/framework/UxPerformance.jar.fsv_meta	8192	b7c3e8d559ae0fd017eae9bae099c08aae464640e2dc7c48aefec3692a185214	binary
system/framework/WfdCommon.jar	101345	3e7ae97647b26e4d7bf5937179ed4aef02be9b5aca2cda3c86f02c1e6da81783	zip/apk/jar
system/framework/WfdCommon.jar.fsv_meta	8192	653b400182d3a75724c754137cc1e91673541cf029dbeeb61cf9177df9269e77	binary
system/framework/abx.jar	4566	9a82ac833055b39a1bc1967e9bbefc3c5ff4265b413fdac511f8c772d00f0d09	zip/apk/jar
system/framework/abx.jar.fsv_meta	8192	793b7c520a748e2bec3a7db0f63482f2d47c570778f6abbdded95c23fc6dce1e	binary
system/framework/aimodel-framework.jar	165277	e997ed11afba89a2e35a0a974981f1e9b39436175eeea35c21b54c92683b4fa5	zip/apk/jar
system/framework/aimodel-framework.jar.fsv_meta	8192	a0d591d17e3eb6dce3b22931f9d98aaf38e4d2a092eda7ea2ae6eea82be99ed2	binary
system/framework/am.jar	574258	1d30f818d8cce356ca4395d039560c4c00080f02e1cf4bfac6360775aff0aa82	zip/apk/jar
system/framework/am.jar.fsv_meta	16384	da9348a393dd8ec623930203f4bff77096569a33382d4223ec2d377bb9e84624	binary
system/framework/android.hidl.base-V1.0-java.jar	12906	54f41b1fb1a45174c930cc503673ac633e740b7086ccce3d95b63b7f39015a99	zip/apk/jar
system/framework/android.hidl.base-V1.0-java.jar.fsv_meta	8192	012beda5c01813d195986b34909e6d70d44e7c4f2d012a9484e73c3d256f0000	binary
system/framework/android.hidl.manager-V1.0-java.jar	29982	769ba2928dd78f765ce4b5ded54f8d93652368ac458956010159d3e162e42d10	zip/apk/jar
system/framework/android.hidl.manager-V1.0-java.jar.fsv_meta	8192	200b4f72d600217e60f4000dde87d7982a26499d69eeb6969dbbb255edad9561	binary
system/framework/android.test.base.jar	33874	178e952ca5753345f0eb6b32e2727aa1ee7f7b35caa8cb89e08fdf08c45ee597	zip/apk/jar
system/framework/android.test.base.jar.fsv_meta	8192	b026b5d75193e1782e0661c0afb7d4325ad104d68b2e8c31d44ae585e0a90d4e	binary
system/framework/android.test.mock.jar	65134	73cb23d3539136ec62869bdc44306b0c95f32498315f11502ab887d8f1ff9530	zip/apk/jar
system/framework/android.test.mock.jar.fsv_meta	8192	3ba65bf0eaafe51585a685cab9a3fff348126dcaf6ac36e6facb884ba372d643	binary
system/framework/android.test.runner.jar	108162	b99c1ad8b79ab9aff340c207895b86b9f4e13849beaa311492c84b91a06e63c6	zip/apk/jar
system/framework/android.test.runner.jar.fsv_meta	8192	f349cea5dc0c758efcd859e24d9a8fb992f7c3e6805a48d43f72694e59b6b295	binary
system/framework/appwidget.jar	5802	983250741f4fae96619ad845c8023c96de403f201eac897706020f2aafb810ff	zip/apk/jar
system/framework/appwidget.jar.fsv_meta	8192	c4259378e48e56d0358f4f230fdcdb8c24d05e6264997951cd0f52f609662922	binary
system/framework/arm64/boot-QPerformance.art	16400	faa1760f432af173ad2b321ad9364ed9b0ad1f14a3da8534bb2213428fae89e9	binary
system/framework/arm64/boot-QPerformance.art.fsv_meta	8192	5dc017c3802915a75b19ebbd323ae72c8644ce20d93787629e3a3c5ec03e7dd4	binary
system/framework/arm64/boot-QPerformance.oat	20296	258285739a1d677569070c6210db6b2d89fe4704ca529b0d338d45a74d2e3f00	elf
system/framework/arm64/boot-QPerformance.oat.fsv_meta	8192	06391b172309ea1da0ae94f5a7efe841eaa06b0d91e2f539b3a8db4b8dfc5e81	binary
system/framework/arm64/boot-QPerformance.vdex	280	ff9d07a3c32030a6c201644efdc3cd565ccf79d34545e72f11416af392e1d645	vdex
system/framework/arm64/boot-QPerformance.vdex.fsv_meta	268	40866384fbead15a9e9dabeed8f2c564a601a46a1a5d6f141104526bea0a3a07	binary
system/framework/arm64/boot-ToolsManager-aidl.art	16400	e11effe1078b1a6a5e13d56754fafa0815ff0d3a87f522c260ecc707f665a80e	binary
system/framework/arm64/boot-ToolsManager-aidl.art.fsv_meta	8192	15604a00db8cd4e8b7ffa24672e9624308dcf1373be02f7ef4cacd26258a54a7	binary
system/framework/arm64/boot-ToolsManager-aidl.oat	17328	8699cf13adaf93f104deb8d5b7b6eee0d12743c686bd887c8e52f839bf216929	elf
system/framework/arm64/boot-ToolsManager-aidl.oat.fsv_meta	8192	2e460c94f6d886631bc2f683563343b8f75b187a799e15cafa6c1faf077db833	binary
system/framework/arm64/boot-ToolsManager-aidl.vdex	252	8884b80b637c919ad7368bdd78a093f64ca40106238a693f3e50dd90bc8e3a62	vdex
system/framework/arm64/boot-ToolsManager-aidl.vdex.fsv_meta	268	dbf3087d4572690e1490df666597d9d5e4b209f46ce62fc7975e97600a912d81	binary
system/framework/arm64/boot-UxPerformance.art	16400	130e7263243b7166d4f0e4929f93a0bd46c531f46c2c6c08b14d5aed801667e1	binary
system/framework/arm64/boot-UxPerformance.art.fsv_meta	8192	0a5b625459141523da912d6ac84f49c563a6d0c6958c401d1f38751b18a2b123	binary
system/framework/arm64/boot-UxPerformance.oat	17328	13f53310aaab8376fa08bda8f3a9537b74c4ad9c665bc99ba4debb6a0e5c766c	elf
system/framework/arm64/boot-UxPerformance.oat.fsv_meta	8192	db017d13e2427fb882bc05dbfd59b5376f066e2348ac90563b30cdb7d1750090	binary
system/framework/arm64/boot-UxPerformance.vdex	212	8dc1f925188490979b0e611586864de7a8b098f5b3487a960b3f544fe2cbcad5	vdex
system/framework/arm64/boot-UxPerformance.vdex.fsv_meta	268	cb40bb50a076271be3985efe531d8724894a333c054f637e46104d3e106103f9	binary
system/framework/arm64/boot-WfdCommon.art	16400	b049acc6919305ea2a8202ae4f47a1d9ec23dbbed0f17ac70c42b7aa59e7d620	binary
system/framework/arm64/boot-WfdCommon.art.fsv_meta	8192	b88d5bc3da15a5127fdcf115fc44be37b759c0e1dfc3be82548e5059a4db1920	binary
system/framework/arm64/boot-WfdCommon.oat	17328	e0615bf1b4d1c761d1cc26b2bb7c891a9af642b3abd9bb3c940c0d5ce74ec588	elf
system/framework/arm64/boot-WfdCommon.oat.fsv_meta	8192	78f88fe4bf95655a2ec19cd4a6e5690b77d7dd3bb83fd7e1bdb1523ea3ee0857	binary
system/framework/arm64/boot-WfdCommon.vdex	1072	6c60be75e3c4c1c3dbf84875b09ecec8560304304a255f525faed1f99ecac556	vdex
system/framework/arm64/boot-WfdCommon.vdex.fsv_meta	268	4d5e326f76f8693ba2848c126769f42bd92d9f292ec8d3ebbd01de5d35a33328	binary
system/framework/arm64/boot-aimodel-framework.art	16400	4878dc4442095140d5999747105babd3f22da1d766109a6270f625308ddfebe2	binary
system/framework/arm64/boot-aimodel-framework.art.fsv_meta	8192	2b7462abc80378312402fcb81a35a2afa33a07fed55c0d0467636aca720ac977	binary
system/framework/arm64/boot-aimodel-framework.oat	18496	58e96f108b2909563d8ed526f88313ca55dd437ebe1cc04aa676aa32162081aa	elf
system/framework/arm64/boot-aimodel-framework.oat.fsv_meta	8192	b3dd940acd5184ce89c7a4a90f29bac54c5da79cdbc8698630fe74613e90dc62	binary
system/framework/arm64/boot-aimodel-framework.vdex	3032	613f01fde2e832bbba04f35dadc619e8b4a8f0bd1cff7d25ffdcf945ddac0e2c	vdex
system/framework/arm64/boot-aimodel-framework.vdex.fsv_meta	268	22445a0cc89476c3ef8092095e5dc290c78883fdd8f6f474a160a1c9d85efb08	binary
system/framework/arm64/boot-apache-xml.art	16432	e17dcd1bf11c6c0ed2e32a1c0ca74c2dd765fa21fcd35f53726780d8cec508cb	binary
system/framework/arm64/boot-apache-xml.art.fsv_meta	8192	53f72cd33448ee6b74836bcd6b71c7635da5d2a078589f2c31fd0f44a0be6b54	binary
system/framework/arm64/boot-apache-xml.oat	17328	f0b3e29d94ed50beadb895a1ac199c812b10082c21e08053a61792ab94ddebf1	elf
system/framework/arm64/boot-apache-xml.oat.fsv_meta	8192	c41652127ee157744c7f8a6a4df3a357246e83f5c34e3c3ac8e49f5e63b9cf0c	binary
system/framework/arm64/boot-apache-xml.vdex	17684	70711a1618bf2b0a5feb73cad38964ec5dd82ad5c8e394317ed01f2343056b88	vdex
system/framework/arm64/boot-apache-xml.vdex.fsv_meta	8192	6e4b24ea8809748eeb710ed7d4d20b2334e0f590762a6309fe864320a96bd9e9	binary
system/framework/arm64/boot-bouncycastle.art	100976	6cc4b3583d537ac39b948fd2a71a0a7b17577e937192e37086a2e5f5845fd658	binary
system/framework/arm64/boot-bouncycastle.art.fsv_meta	8192	60fc837291417c2c3440e7453509913deec9e408a5e386071aa0de7dc0fe5d60	binary
system/framework/arm64/boot-bouncycastle.oat	94696	8e46ba9a96d0970d161883fe59f83d1b91678189fa5dccb612b956e474ff4fe3	elf
system/framework/arm64/boot-bouncycastle.oat.fsv_meta	8192	a114dd66da092de8ee134cea7b456055df6b4f9dfd23dcd761c7411810d9ac9f	binary
system/framework/arm64/boot-bouncycastle.vdex	21228	5ad4f7c219fa22b0987efb605fe633291fb3dd4bea480e38c9b792dcbaa7c4c3	vdex
system/framework/arm64/boot-bouncycastle.vdex.fsv_meta	8192	acd28d85e69cd7870d79ca5347e6442abeb6b369c01dae30f0ea8f3f8cc42da7	binary
system/framework/arm64/boot-com.st.android.nfc_extensions.art	16400	6256c650827215552bd779ce2b137ebdda1cfad8eeecea4a2992f2bb07f883fc	binary
system/framework/arm64/boot-com.st.android.nfc_extensions.art.fsv_meta	8192	a458345fb86772f6a79fccae42f069c81b477c7557c02323d720ac0fd49e3379	binary
system/framework/arm64/boot-com.st.android.nfc_extensions.oat	17328	9562a279e6ff8ec686649e7504a014aef7cc6479e4d9503cab2664c7ec2b7207	elf
system/framework/arm64/boot-com.st.android.nfc_extensions.oat.fsv_meta	8192	baf52d28a057d3f8dab27008602daf74a90a8e4081f142fa34a5cf4ad3679682	binary
system/framework/arm64/boot-com.st.android.nfc_extensions.vdex	1644	d87f6f4e72dcf76643869c19cf09bf2ff528e030f8fa6eb270065cbecdc9300a	vdex
system/framework/arm64/boot-com.st.android.nfc_extensions.vdex.fsv_meta	268	00faf6f7d66de6554a9c969639fb8f97c6e48ad2d87ea0b1152317454acc6d81	binary
system/framework/arm64/boot-core-icu4j.art	503696	9ec61c528bcaee575110ac1841485cc0a7de9f20275caa56ee70ceb0edbe515e	binary
system/framework/arm64/boot-core-icu4j.art.fsv_meta	8192	bf29966dcfa42d41b8ed8a3b4c7c1cce66de05481c171261f9eb189b2943ac18	binary
system/framework/arm64/boot-core-icu4j.oat	1032896	c20fac8bc0f050825e0ddebdbdad7aff9a49bb0d422b86b270acdf5e3b86b203	elf
system/framework/arm64/boot-core-icu4j.oat.fsv_meta	16384	b061aa1244598819b4bc8895004348840cde5b0b6c47a51b2cdec90889102abb	binary
system/framework/arm64/boot-core-icu4j.vdex	34388	a0fc21bc6fcc01a9364f1dc37e7953349921335a3d4f11b500e7ed9fd8b1f491	vdex
system/framework/arm64/boot-core-icu4j.vdex.fsv_meta	8192	463b1d2d23e05860f1b96e1347816717eef21c79766dfde39a260edf91aeafe1	binary
system/framework/arm64/boot-core-libart.art	100288	ccf4b24fb2211cbf4e6bfe20e7568741126c87fefba28fabafed21ab6fc356ab	binary
system/framework/arm64/boot-core-libart.art.fsv_meta	8192	5a488c4361f41ef54369c8f2cc0e557e1f4f2731e979da2d912e2315e234745c	binary
system/framework/arm64/boot-core-libart.oat	330488	687c1d196522a4e3671252709c31b87a0179b0c6838e93aae2d28334a5c07432	elf
system/framework/arm64/boot-core-libart.oat.fsv_meta	8192	b878373703775cceef61506bed9e2b1c50fa002fb63b81ef4d0389c947f3f830	binary
system/framework/arm64/boot-core-libart.vdex	12944	73a525a28a7327e975168d05c5c0e0dc43e9e261f3cd8d5cf7c3ea156196ac65	vdex
system/framework/arm64/boot-core-libart.vdex.fsv_meta	8192	7d1131a6e265194cc528ad36a7728a4d51f337d41a5f7d4cd4b8a3e874eb55f6	binary
system/framework/arm64/boot-ext.art	83648	15110c0c4b25904b8bcd88bee480a1de0085fc2d650899032b8315af969a95dc	binary
system/framework/arm64/boot-ext.art.fsv_meta	8192	923757b64e15f03fa6765b9ec4805d5e22e7806c62d0a111b055d10e46279e36	binary
system/framework/arm64/boot-ext.oat	128208	8ad740cae99d75a31f171656ee2f46cfcd0af6e3852fe3e0e2c0523c9f773863	elf
system/framework/arm64/boot-ext.oat.fsv_meta	8192	d8acdf3c42dfe63ea72cc9de236f62bbf4276df3eb3876dfcb0161c163254c8e	binary
system/framework/arm64/boot-ext.vdex	2172	203d15f6909c5b209c3a12e5d059d9d2d577daf53a0c27f2c8bdc4f4d222edcb	vdex
system/framework/arm64/boot-ext.vdex.fsv_meta	268	33e5df8533193053ca7a553f0e15234d10af535733a1cee8d0f4aeeeb31c2d6c	binary
system/framework/arm64/boot-framework-adservices.art	2428512	e322ab0189725728524e4ba9c7893b2bdc2ca5745c4007cb383c79ff9904439b	binary
system/framework/arm64/boot-framework-adservices.art.fsv_meta	28672	607c336deb2439edd148848a6c727f40715c1e53ab0ad5bdccd42ce3ba5bfb32	binary
system/framework/arm64/boot-framework-adservices.oat	115632	543268b3d62756d1f5013193122014db492b290ca6567774102c124fbbeae6a0	elf
system/framework/arm64/boot-framework-adservices.oat.fsv_meta	8192	09dca2cf677307ffdf4e98bb840a9ae1eb13a1ae1c2015b7b4ca85b269a014d2	binary
system/framework/arm64/boot-framework-adservices.vdex	212644	a638e3f1ee5450b549fd3f8323e4f785cd014c82c7431cca8b2b82097e92d9c6	vdex
system/framework/arm64/boot-framework-adservices.vdex.fsv_meta	8192	03bc3d2b625d9797908601e8b3a36896a4062897bdc2d1bc63cca598bba6b9a1	binary
system/framework/arm64/boot-framework-graphics.art	16400	47045182dddab8f4513907f7d3cca154caef697cb2700fa5e4a1e13fead8c5b7	binary
system/framework/arm64/boot-framework-graphics.art.fsv_meta	8192	52e80fb109f33e41f910b5122cae2a062d74744848b4ed7b13c39611dfc70c39	binary
system/framework/arm64/boot-framework-graphics.oat	17328	d0b1ede3a24063788685024a395fefffa71a23ae5f419071678fdba481f68c46	elf
system/framework/arm64/boot-framework-graphics.oat.fsv_meta	8192	57d92da071ec3e3635d292ac904ef9a40004c6e399793fcccc42d4dd1af69b5d	binary
system/framework/arm64/boot-framework-graphics.vdex	124	61b1c6b4042704dba4255f3192e167ee5233f894acc73a7f9a075c1df68abf9b	vdex
system/framework/arm64/boot-framework-graphics.vdex.fsv_meta	268	a4993cfd92f1572b6117c3587b1cca71d2938ff0efe3040b12b02950d058ac11	binary
system/framework/arm64/boot-framework-location.art	16496	85b2c0647392b0364bb3dd3606e48758c64df3ef451ef1a02e83860e679ada1e	binary
system/framework/arm64/boot-framework-location.art.fsv_meta	8192	cceeda8f84a57aac61844fc93199b158755d57b52bf1e2748b947573d67cd15b	binary
system/framework/arm64/boot-framework-location.oat	18656	3b779c2a4a1c058308e272f0c88259c867ac4be25e722ae50cd48ff483dab6be	elf
system/framework/arm64/boot-framework-location.oat.fsv_meta	8192	31dba63e6bbffb2e85de5f4eabdffc88b3c3d81e90e3cc059c455c850a1ab493	binary
system/framework/arm64/boot-framework-location.vdex	6796	628a5c0a51519453bf7db0fedd10ac53f80f605e80332d82f938c0f2f5ae5c68	vdex
system/framework/arm64/boot-framework-location.vdex.fsv_meta	8192	c1ce67bbd74e8c02d1561080335054f2fc56314b69320dfb0c9b829def2ca4e9	binary
system/framework/arm64/boot-framework-ondeviceintelligence-platform.art	16400	08adac72c51439fd6bf94b55e85eaaae7eb4ae33603869a1981d5a75e721b5f7	binary
system/framework/arm64/boot-framework-ondeviceintelligence-platform.art.fsv_meta	8192	56f7f371e15e0bb568d402aa2623463d5ae3f1c69a95347dfeb1dcb0bf007371	binary
system/framework/arm64/boot-framework-ondeviceintelligence-platform.oat	17328	d2d0db64b2b65bd7d369e7bcc19e6104553350689581b6312d5ff4099091e9b6	elf
system/framework/arm64/boot-framework-ondeviceintelligence-platform.oat.fsv_meta	8192	5d4b234b44c854907a19b8aedf0b01f8a3c1f1e8a466a1edfe23fc8dec915919	binary
system/framework/arm64/boot-framework-ondeviceintelligence-platform.vdex	3380	e7697519d62a1b6046a24a6ea013eb200f83a2abec34cb0cce749eda832df37c	vdex
system/framework/arm64/boot-framework-ondeviceintelligence-platform.vdex.fsv_meta	268	4934c93d2819e719702f9497edd120fab05e64de30d6e8b65c817382fc1fb033	binary
system/framework/arm64/boot-framework.art	4376480	99bd90e19f82225f366e3e731244e79d25b29fd28d757d37fec6c77e2aa34843	binary
system/framework/arm64/boot-framework.art.fsv_meta	45056	a958c22954540cf070024a0362ba523e6501d8f6f0cc77ab43d821da5abce1c5	binary
system/framework/arm64/boot-framework.oat	9306016	b9aeb98047424595f107b7af2372052ce23ecbcc8fee49ef51b9304e3d01cb50	elf
system/framework/arm64/boot-framework.oat.fsv_meta	81920	49c0ea76eb6f35b26bc918476f0e53e41301faaf39baaf87391a3b5faea73a64	binary
system/framework/arm64/boot-framework.vdex	679912	9e3db21e6a8f3e91625f36c3f1583edac3f76c96cb0ba8cf70f74f02b2ba89c5	vdex
system/framework/arm64/boot-framework.vdex.fsv_meta	16384	fbbf1157d9680e5982ddd4467f9af4d735cfd6d6470e5d4cdea4b607279831b1	binary
system/framework/arm64/boot-ifaa_aidl_framework_src_files.art	16400	ce8dce49e162ab91ac9db11d1e27500e03142131e5ea57dc5d5cde8fa2825e7d	binary
system/framework/arm64/boot-ifaa_aidl_framework_src_files.art.fsv_meta	8192	ee91a86f46f52f87d62a2a93473fed70c7ba2a1e45b304be681ac16282e0aa34	binary
system/framework/arm64/boot-ifaa_aidl_framework_src_files.oat	17328	12d42c2da5c7d31a3ebe764192b46738d05aeb376f7f7da169b1f1a017c6e93d	elf
system/framework/arm64/boot-ifaa_aidl_framework_src_files.oat.fsv_meta	8192	2ce9f6d979cc482eb06f66ec44ea60735300ec9e7ac90460bd06c204571e777a	binary
system/framework/arm64/boot-ifaa_aidl_framework_src_files.vdex	292	c98498bb41ff831baf07eadc7de243332661c8ae4b01e9a95cb25d98aa5729f0	vdex
system/framework/arm64/boot-ifaa_aidl_framework_src_files.vdex.fsv_meta	268	eb55e387b4d2e660dc7eeaf6116cba61316c39d0cc5c5a1d7f2fd9054f38a1bb	binary
system/framework/arm64/boot-ims-common.art	83552	30574545edb5bf4aaa2bac14177846fd77cee030ed427d10237b460210a2e44c	binary
system/framework/arm64/boot-ims-common.art.fsv_meta	8192	afd48cd30e107a10a70354105596e49b10dbd94294d914fe8fbc9ae6be68e77d	binary
system/framework/arm64/boot-ims-common.oat	17328	650b89946f3a9c8043ceb662b8c51c07d956b951265ecf2da56e2a773bf56b98	elf
system/framework/arm64/boot-ims-common.oat.fsv_meta	8192	32e0f22b8df24f346e618d9c2c0210cc01c919d4463b94b4aac4df2c6fb818f8	binary
system/framework/arm64/boot-ims-common.vdex	6664	47aa6196879497c530a68ccffb688b71e639ada3038c91532100e058e6a1eb77	vdex
system/framework/arm64/boot-ims-common.vdex.fsv_meta	8192	d034701b0d29b1366986d86ad6260953231cad8b8488c31c819b29a7a5f98127	binary
system/framework/arm64/boot-miframework.art	16400	566cc7e241c6f5b5e1c229bebd861cad93d95c45e777950d6c38b72049217f0d	binary
system/framework/arm64/boot-miframework.art.fsv_meta	8192	5967535692bfbe5d5b09e3ae56b5d908de66bbedd70265daf70eaaf67ce2f238	binary
system/framework/arm64/boot-miframework.oat	17328	40f972381f085ba1a998f0a82d9ed221b3b3aa57a9398632ba8cedbadec962d6	elf
system/framework/arm64/boot-miframework.oat.fsv_meta	8192	f3cf92d65474fa583762bee8313e660216caef1d6ddc3c1e4669d53f00082544	binary
system/framework/arm64/boot-miframework.vdex	508	30d511a1f90d40d2cb14cd29325759ade4e174e28ebf842d3d7ce7d28e233c70	vdex
system/framework/arm64/boot-miframework.vdex.fsv_meta	268	69636cf0ac51f97aa5b17de42ad49faad0fd0021bd2e186b5f5f5c48563cc340	binary
system/framework/arm64/boot-nook-modem-framework.art	16400	e94789feda9f00ed0693c8976c252389d02a09fd6a5c0f74509ef976e64d9bbd	binary
system/framework/arm64/boot-nook-modem-framework.art.fsv_meta	8192	1fc491fcffb2d3e9cfabb24613cdac302ea87fde101884056b10ea5f6a62cb3d	binary
system/framework/arm64/boot-nook-modem-framework.oat	17328	cb70de27564865d5811ee3164d8ecc000655e0632e84370a41845b8f8a368bd6	elf
system/framework/arm64/boot-nook-modem-framework.oat.fsv_meta	8192	42f793281be0f3fed71ecab6cc7d3331c731342e5be952deab40a9ff36708c5f	binary
system/framework/arm64/boot-nook-modem-framework.vdex	1596	eff12b21b7d92f5fe8278906ad4cb9edcdb63943db1ac4b1ec75749715d1f3bc	vdex
system/framework/arm64/boot-nook-modem-framework.vdex.fsv_meta	268	c30d9b6d07706cecda0e4fd45df3549e518c6f6510cdb821fef11909bbd319b1	binary
system/framework/arm64/boot-okhttp.art	66672	15351f4d77b9b326b706f4f0eb5f1693a2f6e87e558018a5eaf02ebadc3b698f	binary
system/framework/arm64/boot-okhttp.art.fsv_meta	8192	c212653c03a3d5c55bae90c5b5f4b6ab1e624ee6d40fe17167a42549f40ba489	binary
system/framework/arm64/boot-okhttp.oat	268824	73a8ee7f12e15d38423e03555828a8f9c73395fc52f268fb8337777d6ac0b081	elf
system/framework/arm64/boot-okhttp.oat.fsv_meta	8192	bdf853ddc5e4ab112cbef6b20d99e9c25dd48a114a139c49feb687eefc223cf2	binary
system/framework/arm64/boot-okhttp.vdex	4876	64c0760c7da34983d7d8cb426aa851264d9a7f870531d7b5b28460e8082a9b51	vdex
system/framework/arm64/boot-okhttp.vdex.fsv_meta	8192	c5ba8965b9ed23ac8d3be8e44996f3feb19065187572a80231a86f46c1309cb7	binary
system/framework/arm64/boot-qcom.fmradio.art	16400	79c0c7745360da82e80740bee4abf34680b60c48404fcfcb7d6c9dc169e3ec8e	binary
system/framework/arm64/boot-qcom.fmradio.art.fsv_meta	8192	92b72ea8527d6c88764f093b944e07e776259ebcac20d24ae73562cf50155da8	binary
system/framework/arm64/boot-qcom.fmradio.oat	19568	b03f9ee7d7935ba98642083a0f62a653cac239f82873ff2ca2370f0fb896ab9c	elf
system/framework/arm64/boot-qcom.fmradio.oat.fsv_meta	8192	9cca7a639aed5fb52b601a20c2fee7bc9720b17a286b856def18f8d8ba4a79e6	binary
system/framework/arm64/boot-qcom.fmradio.vdex	512	cd653386c02dc8cd1f64eaed8ae5948cc321d820f697c215ecd83a4c3241578c	vdex
system/framework/arm64/boot-qcom.fmradio.vdex.fsv_meta	268	28dbbf07554110ded8f226969fb50d3f21bdf5791e5c10218f3314fac1ad527b	binary
system/framework/arm64/boot-subsys-framework.art	16400	cb02ed2680d596d1b0fd51c7de2e537fe996a2a67e7d62653d4c458844e5285f	binary
system/framework/arm64/boot-subsys-framework.art.fsv_meta	8192	0073199b35dc92a077e0391ea95fa83c47c6bec7cde7518cca6fd3077525edc9	binary
system/framework/arm64/boot-subsys-framework.oat	17328	aa423cf8b111cccc93950944b2dba0c809d69ccf7af23595a37b9d0ce895953e	elf
system/framework/arm64/boot-subsys-framework.oat.fsv_meta	8192	66a43a2ff3a6ec4cb2b24d7003e23b0332bd0348795fd4a8fca8962a688a52c1	binary
system/framework/arm64/boot-subsys-framework.vdex	3516	cbfd4f81f10718a9c311cd3bad3d6bb5c08255e93269208da130e536a6ef337e	vdex
system/framework/arm64/boot-subsys-framework.vdex.fsv_meta	268	2ad57596b9e7302413293015e4eb1b115cf2ca462c6d5ae994174ab727094b8d	binary
system/framework/arm64/boot-tcmiface.art	16400	27982a9fc52340f36756a12c731cb6a7ea2967286b5ea7a557074b3d66bc283f	binary
system/framework/arm64/boot-tcmiface.art.fsv_meta	8192	9aed15ea08e5a2d8851b536d925384fbd3c92cdbde71a4ce866e257657c545a0	binary
system/framework/arm64/boot-tcmiface.oat	17328	3d41970253961f1e9edfc6e773f56a120c9d5d9ea5cf13b80ac8b1a7b3c258fc	elf
system/framework/arm64/boot-tcmiface.oat.fsv_meta	8192	ec1c7fb6d459977d6b86271bd8b3ca88a5d50ec8b3eb0d652217beb99478dc82	binary
system/framework/arm64/boot-tcmiface.vdex	92	e64fe60ef4a1bdafbaa0c67e76525b2e64ce6aa44b1259fb40e3da43691121a9	vdex
system/framework/arm64/boot-tcmiface.vdex.fsv_meta	268	f38aa60f784a795fc62d57e65978d8c05f03447f1a904d502a1a501bdeb20b43	binary
system/framework/arm64/boot-telephony-common.art	401888	1927a178d2bdccc9680163e241e0108ca64f61d8c615d861dcac7ccfbc850668	binary
system/framework/arm64/boot-telephony-common.art.fsv_meta	8192	e2f34b13f17e1118aed2f09b36a3f71a1bb259b31cb7a298724a7d5a498ae9c0	binary
system/framework/arm64/boot-telephony-common.oat	33712	ba259f5665ecc2e29f9bec17824a6ee4131da6a38eac3c88430e959421c130b6	elf
system/framework/arm64/boot-telephony-common.oat.fsv_meta	8192	ffaff958510261a3c68d6eeb73c4f3a28213953da61a60b7e668d5496f6ac227	binary
system/framework/arm64/boot-telephony-common.vdex	58200	ea3f1b7cc81db996aa8c784c336969d046f98a4b3195ccb4a353743bf2024811	vdex
system/framework/arm64/boot-telephony-common.vdex.fsv_meta	8192	fd5815a095ee2f631355a5f51cbc7313173d845c68c0a2a9bf03aae2f377fd5f	binary
system/framework/arm64/boot-telephony-ext.art	16400	b9a8db904b67eab039d1ad1334bb291979a828642c748e38b24717c051a210f3	binary
system/framework/arm64/boot-telephony-ext.art.fsv_meta	8192	bb22a4f49a88e5043b19d1f486577ad65d4a9fe98e3ce49ee1ee267ed5bfca80	binary
system/framework/arm64/boot-telephony-ext.oat	17328	497b8b481019266c3f8312f36238a4e143d5591b2372a474260875c940fe5e30	elf
system/framework/arm64/boot-telephony-ext.oat.fsv_meta	8192	53696007d7c171d7ca39a0c23e6dea68a9567db2d9318840d5d7d3b2fefcad41	binary
system/framework/arm64/boot-telephony-ext.vdex	736	5082546f311c178207336e2526cd5ede0f1c94632c724897957db33df6623621	vdex
system/framework/arm64/boot-telephony-ext.vdex.fsv_meta	268	a7cf482fdb882537db0004056f9126786be5c8c00bbb3e92b6172ec974740d9a	binary
system/framework/arm64/boot-vendor-telephony-framework.art	16400	021afac15d35fee7682f4dd7632fadab54eb7251756c5cca97749b2656fe04f2	binary
system/framework/arm64/boot-vendor-telephony-framework.art.fsv_meta	8192	bd5ebef3f661b3861224e35f1fa45d0d5fe633cce9041f6069a75b4bd8ce0bec	binary
system/framework/arm64/boot-vendor-telephony-framework.oat	17328	0e12024364789396ee86430420bdfab717dcfe69e028fd30179e37982cbe7756	elf
system/framework/arm64/boot-vendor-telephony-framework.oat.fsv_meta	8192	025f20b3b13794e100f6de4c1ed4e172aa38277c7b78cec22f19eed59783db78	binary
system/framework/arm64/boot-vendor-telephony-framework.vdex	1600	7f0b5a09cde6fe5232e4022a0a03804dd066005f1966b24cde2ebf8a16644922	vdex
system/framework/arm64/boot-vendor-telephony-framework.vdex.fsv_meta	268	f95882ffc940b954dc6a6ae8195b9ac13553a5956dc52455e67c5cd1d6f943a6	binary
system/framework/arm64/boot-voip-common.art	168176	5ba88eb0e9c168b672a66381fb8774c1e83f67b5b99b5906e6496c3612177ce1	binary
system/framework/arm64/boot-voip-common.art.fsv_meta	8192	9b0e4e070b96c4a1f706f42dc676c3ee196029287e0cc4bbb3ebfeebc953617f	binary
system/framework/arm64/boot-voip-common.oat	18552	c0d7f4239a56675728f73a7d6ce1039997362df5a02fb55a7d3a38d4d37e378a	elf
system/framework/arm64/boot-voip-common.oat.fsv_meta	8192	45eddcd85548cb782a15d5e64f467c704438f811cf14574917609c01ba3b6d2c	binary
system/framework/arm64/boot-voip-common.vdex	18072	cce33cc220cdaeb87dcb91ecfae94fac3b7be213806911f73d8ec2cb6ff05172	vdex
system/framework/arm64/boot-voip-common.vdex.fsv_meta	8192	721e893fc997f9e73d0001fc69f60b6c57176b5d0f51154c026af2ad1f8e8cc2	binary
system/framework/arm64/boot.art	922064	036d9c2ff50d8cf7a72cb9e43f174886b3a1044c1a84be7e1518b00851ce2bcb	binary
system/framework/arm64/boot.art.fsv_meta	16384	f8564a15d21590d95cddc9c56523f7221c033e60d7f6f54e75dbb336444e5317	binary
system/framework/arm64/boot.oat	3116296	a45492a6ef8a113871687f695d826088c2d2f917ae1329a5d55f742f24a093e4	elf
system/framework/arm64/boot.oat.fsv_meta	32768	bc4b8ccd4d6e30da1a8e69991404b9242016775773d615dc41999cde0c95ac8d	binary
system/framework/arm64/boot.vdex	111604	4e1ee9f5c4dcd2df77998e0c60c32e7566c6b1a0fbad9b3ff3920807280eb4d9	vdex
system/framework/arm64/boot.vdex.fsv_meta	8192	a80fb6d3cb00262f4929e0fba0808e1a494242fe68c7badb3ae4651b5566c4dd	binary
system/framework/bmgr.jar	35518	eb003125491ff99c63221b33db1010785204f7e50ff8cad38f61cc7a0df6c24b	zip/apk/jar
system/framework/bmgr.jar.fsv_meta	8192	2fd6b2ec7d6d0c112486cd8b58b206d3cac8b11d302423caa9ef897b005e5627	binary
system/framework/boot-QPerformance.vdex	280	ff9d07a3c32030a6c201644efdc3cd565ccf79d34545e72f11416af392e1d645	vdex
system/framework/boot-QPerformance.vdex.fsv_meta	268	40866384fbead15a9e9dabeed8f2c564a601a46a1a5d6f141104526bea0a3a07	binary
system/framework/boot-ToolsManager-aidl.vdex	252	8884b80b637c919ad7368bdd78a093f64ca40106238a693f3e50dd90bc8e3a62	vdex
system/framework/boot-ToolsManager-aidl.vdex.fsv_meta	268	dbf3087d4572690e1490df666597d9d5e4b209f46ce62fc7975e97600a912d81	binary
system/framework/boot-UxPerformance.vdex	212	8dc1f925188490979b0e611586864de7a8b098f5b3487a960b3f544fe2cbcad5	vdex
system/framework/boot-UxPerformance.vdex.fsv_meta	268	cb40bb50a076271be3985efe531d8724894a333c054f637e46104d3e106103f9	binary
system/framework/boot-WfdCommon.vdex	1072	6c60be75e3c4c1c3dbf84875b09ecec8560304304a255f525faed1f99ecac556	vdex
system/framework/boot-WfdCommon.vdex.fsv_meta	268	4d5e326f76f8693ba2848c126769f42bd92d9f292ec8d3ebbd01de5d35a33328	binary
system/framework/boot-aimodel-framework.vdex	3032	613f01fde2e832bbba04f35dadc619e8b4a8f0bd1cff7d25ffdcf945ddac0e2c	vdex
system/framework/boot-aimodel-framework.vdex.fsv_meta	268	22445a0cc89476c3ef8092095e5dc290c78883fdd8f6f474a160a1c9d85efb08	binary
system/framework/boot-apache-xml.vdex	17684	70711a1618bf2b0a5feb73cad38964ec5dd82ad5c8e394317ed01f2343056b88	vdex
system/framework/boot-apache-xml.vdex.fsv_meta	8192	6e4b24ea8809748eeb710ed7d4d20b2334e0f590762a6309fe864320a96bd9e9	binary
system/framework/boot-bouncycastle.vdex	21228	5ad4f7c219fa22b0987efb605fe633291fb3dd4bea480e38c9b792dcbaa7c4c3	vdex
system/framework/boot-bouncycastle.vdex.fsv_meta	8192	acd28d85e69cd7870d79ca5347e6442abeb6b369c01dae30f0ea8f3f8cc42da7	binary
system/framework/boot-com.st.android.nfc_extensions.vdex	1644	d87f6f4e72dcf76643869c19cf09bf2ff528e030f8fa6eb270065cbecdc9300a	vdex
system/framework/boot-com.st.android.nfc_extensions.vdex.fsv_meta	268	00faf6f7d66de6554a9c969639fb8f97c6e48ad2d87ea0b1152317454acc6d81	binary
system/framework/boot-core-icu4j.vdex	34388	a0fc21bc6fcc01a9364f1dc37e7953349921335a3d4f11b500e7ed9fd8b1f491	vdex
system/framework/boot-core-icu4j.vdex.fsv_meta	8192	463b1d2d23e05860f1b96e1347816717eef21c79766dfde39a260edf91aeafe1	binary
system/framework/boot-core-libart.vdex	12944	73a525a28a7327e975168d05c5c0e0dc43e9e261f3cd8d5cf7c3ea156196ac65	vdex
system/framework/boot-core-libart.vdex.fsv_meta	8192	7d1131a6e265194cc528ad36a7728a4d51f337d41a5f7d4cd4b8a3e874eb55f6	binary
system/framework/boot-ext.vdex	2172	203d15f6909c5b209c3a12e5d059d9d2d577daf53a0c27f2c8bdc4f4d222edcb	vdex
system/framework/boot-ext.vdex.fsv_meta	268	33e5df8533193053ca7a553f0e15234d10af535733a1cee8d0f4aeeeb31c2d6c	binary
system/framework/boot-framework-adservices.vdex	212644	a638e3f1ee5450b549fd3f8323e4f785cd014c82c7431cca8b2b82097e92d9c6	vdex
system/framework/boot-framework-adservices.vdex.fsv_meta	8192	03bc3d2b625d9797908601e8b3a36896a4062897bdc2d1bc63cca598bba6b9a1	binary
system/framework/boot-framework-graphics.vdex	124	61b1c6b4042704dba4255f3192e167ee5233f894acc73a7f9a075c1df68abf9b	vdex
system/framework/boot-framework-graphics.vdex.fsv_meta	268	a4993cfd92f1572b6117c3587b1cca71d2938ff0efe3040b12b02950d058ac11	binary
system/framework/boot-framework-location.vdex	6796	628a5c0a51519453bf7db0fedd10ac53f80f605e80332d82f938c0f2f5ae5c68	vdex
system/framework/boot-framework-location.vdex.fsv_meta	8192	c1ce67bbd74e8c02d1561080335054f2fc56314b69320dfb0c9b829def2ca4e9	binary
system/framework/boot-framework-ondeviceintelligence-platform.vdex	3380	e7697519d62a1b6046a24a6ea013eb200f83a2abec34cb0cce749eda832df37c	vdex
system/framework/boot-framework-ondeviceintelligence-platform.vdex.fsv_meta	268	4934c93d2819e719702f9497edd120fab05e64de30d6e8b65c817382fc1fb033	binary
system/framework/boot-framework.vdex	679912	9e3db21e6a8f3e91625f36c3f1583edac3f76c96cb0ba8cf70f74f02b2ba89c5	vdex
system/framework/boot-framework.vdex.fsv_meta	16384	fbbf1157d9680e5982ddd4467f9af4d735cfd6d6470e5d4cdea4b607279831b1	binary
system/framework/boot-ifaa_aidl_framework_src_files.vdex	292	c98498bb41ff831baf07eadc7de243332661c8ae4b01e9a95cb25d98aa5729f0	vdex
system/framework/boot-ifaa_aidl_framework_src_files.vdex.fsv_meta	268	eb55e387b4d2e660dc7eeaf6116cba61316c39d0cc5c5a1d7f2fd9054f38a1bb	binary
system/framework/boot-ims-common.vdex	6664	47aa6196879497c530a68ccffb688b71e639ada3038c91532100e058e6a1eb77	vdex
system/framework/boot-ims-common.vdex.fsv_meta	8192	d034701b0d29b1366986d86ad6260953231cad8b8488c31c819b29a7a5f98127	binary
system/framework/boot-miframework.vdex	508	30d511a1f90d40d2cb14cd29325759ade4e174e28ebf842d3d7ce7d28e233c70	vdex
system/framework/boot-miframework.vdex.fsv_meta	268	69636cf0ac51f97aa5b17de42ad49faad0fd0021bd2e186b5f5f5c48563cc340	binary
system/framework/boot-nook-modem-framework.vdex	1596	eff12b21b7d92f5fe8278906ad4cb9edcdb63943db1ac4b1ec75749715d1f3bc	vdex
system/framework/boot-nook-modem-framework.vdex.fsv_meta	268	c30d9b6d07706cecda0e4fd45df3549e518c6f6510cdb821fef11909bbd319b1	binary
system/framework/boot-okhttp.vdex	4876	64c0760c7da34983d7d8cb426aa851264d9a7f870531d7b5b28460e8082a9b51	vdex
system/framework/boot-okhttp.vdex.fsv_meta	8192	c5ba8965b9ed23ac8d3be8e44996f3feb19065187572a80231a86f46c1309cb7	binary
system/framework/boot-qcom.fmradio.vdex	512	cd653386c02dc8cd1f64eaed8ae5948cc321d820f697c215ecd83a4c3241578c	vdex
system/framework/boot-qcom.fmradio.vdex.fsv_meta	268	28dbbf07554110ded8f226969fb50d3f21bdf5791e5c10218f3314fac1ad527b	binary
system/framework/boot-subsys-framework.vdex	3516	cbfd4f81f10718a9c311cd3bad3d6bb5c08255e93269208da130e536a6ef337e	vdex
system/framework/boot-subsys-framework.vdex.fsv_meta	268	2ad57596b9e7302413293015e4eb1b115cf2ca462c6d5ae994174ab727094b8d	binary
system/framework/boot-tcmiface.vdex	92	e64fe60ef4a1bdafbaa0c67e76525b2e64ce6aa44b1259fb40e3da43691121a9	vdex
system/framework/boot-tcmiface.vdex.fsv_meta	268	f38aa60f784a795fc62d57e65978d8c05f03447f1a904d502a1a501bdeb20b43	binary
system/framework/boot-telephony-common.vdex	58200	ea3f1b7cc81db996aa8c784c336969d046f98a4b3195ccb4a353743bf2024811	vdex
system/framework/boot-telephony-common.vdex.fsv_meta	8192	fd5815a095ee2f631355a5f51cbc7313173d845c68c0a2a9bf03aae2f377fd5f	binary
system/framework/boot-telephony-ext.vdex	736	5082546f311c178207336e2526cd5ede0f1c94632c724897957db33df6623621	vdex
system/framework/boot-telephony-ext.vdex.fsv_meta	268	a7cf482fdb882537db0004056f9126786be5c8c00bbb3e92b6172ec974740d9a	binary
system/framework/boot-vendor-telephony-framework.vdex	1600	7f0b5a09cde6fe5232e4022a0a03804dd066005f1966b24cde2ebf8a16644922	vdex
system/framework/boot-vendor-telephony-framework.vdex.fsv_meta	268	f95882ffc940b954dc6a6ae8195b9ac13553a5956dc52455e67c5cd1d6f943a6	binary
system/framework/boot-voip-common.vdex	18072	cce33cc220cdaeb87dcb91ecfae94fac3b7be213806911f73d8ec2cb6ff05172	vdex
system/framework/boot-voip-common.vdex.fsv_meta	8192	721e893fc997f9e73d0001fc69f60b6c57176b5d0f51154c026af2ad1f8e8cc2	binary
system/framework/boot.vdex	111604	4e1ee9f5c4dcd2df77998e0c60c32e7566c6b1a0fbad9b3ff3920807280eb4d9	vdex
system/framework/boot.vdex.fsv_meta	8192	a80fb6d3cb00262f4929e0fba0808e1a494242fe68c7badb3ae4651b5566c4dd	binary
system/framework/bu.jar	7314	d5aecabc879f532aca9e1ba7b7fa574f9307465c894997bc30fbdea45d55ec13	zip/apk/jar
system/framework/bu.jar.fsv_meta	8192	2f8a1d112ee0b3df20a124898431b0a96ee449df2d823bb074ba3c24eaa79a58	binary
system/framework/com.android.future.usb.accessory.jar	5470	44619b6ca41aa3ed6f17fd2f3a75342f6d70a9cd29e05f07313961b7719687d6	zip/apk/jar
system/framework/com.android.future.usb.accessory.jar.fsv_meta	8192	cfc1a3f5e1c81a9c93ee04aa5d8068b5bb6be9f07dbbcb6e8bc82ef425ab3825	binary
system/framework/com.android.location.provider.jar	32282	f373528e52dde447fab2a03fda942a7d211673003947022e07e507b90b05ea4d	zip/apk/jar
system/framework/com.android.location.provider.jar.fsv_meta	8192	6ee64fccbd1489a1bfa622864cf141979b3e0ba52c4f9f8773a131feaedd3ba2	binary
system/framework/com.android.media.remotedisplay.jar	9758	52826823b79d5f8aa79378c5d002f53c584ffa523f50ec1762da5057e0107510	zip/apk/jar
system/framework/com.android.media.remotedisplay.jar.fsv_meta	8192	4f374c7bbe2d10d994e0ea69e3f88fb82810ca1a3b51c98a9dcc53c1630d334e	binary
system/framework/com.android.mediadrm.signer.jar	3030	f4d9c7cb94bacce65e12fc5d261cd5ce3fa33dcd9942f3a927dbd0f665bfa6e7	zip/apk/jar
system/framework/com.android.mediadrm.signer.jar.fsv_meta	268	a0a70819e7fe3b8b0ac5e733898838517ac675d44e37917ac3901f447a43fc53	binary
system/framework/com.android.nfc_extras.jar	9118	2666ec5ea5bf8a3fc8c4fad16d51102487af4f11c662f25e49c4bea52ec1a893	zip/apk/jar
system/framework/com.android.nfc_extras.jar.fsv_meta	8192	9bf6b85e34e8b6728302552bce1d948291d98243cadaf7637554fd452de8e353	binary
system/framework/com.st.android.nfc_extensions.jar	165093	549e28de0b411cd32c535fba0b086f26a9669b9103d7f68ef6e2debe0650c969	zip/apk/jar
system/framework/com.st.android.nfc_extensions.jar.fsv_meta	8192	7a4854f746b1d5cf40b18cb92327e12f0cb5ecfb745fd1da528df042b41f43a8	binary
system/framework/content.jar	20158	ebf877c16a91468906ceb1f93b97cc0b3a127d0476a43b829247c384d602f44d	zip/apk/jar
system/framework/content.jar.fsv_meta	8192	0cf911e6cafa4cb6a367e117ecbc876104699ac9ec8dec2581148f4ba8091f24	binary
system/framework/ext.jar	2293785	bc1e9384928039c28a8ea76cb070683518d51368c856f265bf310cdda736f8b2	zip/apk/jar
system/framework/ext.jar.fsv_meta	28672	b3c37aab5abf5ea757827b08177367922c6da79ecf7c2af16d6ccdad54f2a754	binary
system/framework/framework-graphics.jar	4073	9024e969f63ed12ff310e0d292daa659648cf969d9ca680ee3f8bc7ea11b3dce	zip/apk/jar
system/framework/framework-graphics.jar.fsv_meta	268	ca7f23de9b551e8be0360833e4df2e7a614b0c1d0d550e31561d2b16b12fab29	binary
system/framework/framework-location.jar	534409	24f4bfa22b021aed0bc95beebb6c233a45359d79e2ea6fba4f3d4a3d6ca9f5a2	zip/apk/jar
system/framework/framework-location.jar.fsv_meta	16384	9543e1f3323b2c4e327da2f8cedd3e7ef749c1958c8c05666ac965c5e80b5467	binary
system/framework/framework-ondeviceintelligence-platform.jar	131561	ce433a6fb6b66f25d3bbd4f2edb981aa308cae40d777c56bfb559759f6f5078e	zip/apk/jar
system/framework/framework-ondeviceintelligence-platform.jar.fsv_meta	8192	79e9fdbdf36420fd4ff4298a0336f626e2c9f46d5ab06125a70ff9ecba6ac44b	binary
system/framework/framework-res-zpub.apk	12369734	c965f55db41b1d0cbcca5c6a3b8ca2c9dc518301cff624a51f9ad6a18239b458	zip/apk/jar
system/framework/framework-res-zpub.apk.fsv_meta	106496	4551927ad2d8b9ca463ade203362eaf0665b263249a9f71f78c7aa883e774265	binary
system/framework/framework-res.apk	29819178	ce988d879196b655113b57db08c50548e02d16f15c20b6e34b0362196384d93e	zip/apk/jar
system/framework/framework-res.apk.fsv_meta	241664	d2551a0b1a47793cd186738d5c001b7a4910f1b53e4c14bd1ce6707f2b11ef84	binary
system/framework/framework-zte-res.apk	787045	0ebbe25361a4f04e6a332e95006930b29c1f83f128d7d553d430e1f1fe507bc6	zip/apk/jar
system/framework/framework-zte-res.apk.fsv_meta	16384	0a5fc3011dfe1f351f10ba5a70816855adeb6b0497c0d34a572736287c1b26fa	binary
system/framework/framework.jar	50508796	9d7fd541b6f13bb6844973e852b03d5e82bd26335e2a24eb9b27af36c7e49ed6	zip/apk/jar
system/framework/framework.jar.fsv_meta	405504	6bd06047eac1eeef9a13723199869df5ef6c2c60a5b4e8369e30e6108c17de1e	binary
system/framework/hid.jar	24638	eb8c8030313706ef473fd01c1ea0b25db4945da2b93ab2967c796fd4b61b7a0b	zip/apk/jar
system/framework/hid.jar.fsv_meta	8192	0aafb67e65e206154aa1805896079d8ef1950cce154362ae71e467a7e9226b08	binary
system/framework/ifaa_aidl_framework_src_files.jar	14401	cb02fb4fff86b8df6cf20980f9487d865566ac610c471bd08edff6ea59b705be	zip/apk/jar
system/framework/ifaa_aidl_framework_src_files.jar.fsv_meta	8192	818935fb97bbf7a4fb69f602a76f5c28b900b36732bd2c27b91ca56d74fe67fe	binary
system/framework/ims-common.jar	545265	02589b41746dbf8d851c4d4d2a22219d2bf33142bb4c0244700fdb5cc829c89e	zip/apk/jar
system/framework/ims-common.jar.fsv_meta	16384	6748f13b7d5fe8643980522552a6c8b8ed1c63a7b7d5db6953a6eac5ac24f3de	binary
system/framework/incident-helper-cmd.jar	15862	b73cf8f08dcc90859559e1bd15f4827909b128e36a45325ab5ccaab6cf839a57	zip/apk/jar
system/framework/incident-helper-cmd.jar.fsv_meta	8192	b975c6b1b460cbcd9a418e14781d37302d4c25f4a8f2942f15cf32e05e2ea6f5	binary
system/framework/javax.obex.jar	1750	e0a8c5f2f4a70cbaee8f0714999f21fd7f1fbd56aa45573bbb76782f37423a21	zip/apk/jar
system/framework/javax.obex.jar.fsv_meta	268	946aa7e34a2c5cc299b78ff0d1baf148feac7b23a94a915b5c3c523ab94bc902	binary
system/framework/miframework.jar	42877	3ba398d6d1f2d599f8f42af2bff4734a3da77fde1d6fc73e3f8595f88cba6204	zip/apk/jar
system/framework/miframework.jar.fsv_meta	8192	f065901a19371815f9c42c301ed5b6764a59b5e0889cd0eab6392ad29ab55139	binary
system/framework/monkey.jar	122850	56cc923481c469ab5b1f0d11dc2aca5f0a3854ec5b34b5922c06f97e8caed703	zip/apk/jar
system/framework/monkey.jar.fsv_meta	8192	83f028c49cad1422b3b6d2b4ccd6dd771d1139f7f7cfb6a11152e9c772f87c3e	binary
system/framework/nook-modem-framework.jar	119893	d8acad095cc6e6886359916bb56a22cfc64cf5e9b4d8c3aea6b0abe0dc9b07f4	zip/apk/jar
system/framework/nook-modem-framework.jar.fsv_meta	8192	182f131035f36c59d5ff152d778e12d4af67b8e599202c1d03b3e12580a1aed5	binary
system/framework/oat/arm64/abx.odex	17328	fe360106aa70a9bed82021ec419d2251fa077921cc30a48c8a14ab0015fad73a	elf
system/framework/oat/arm64/abx.odex.fsv_meta	8192	eec7c174bfb226fc0ca4b7dd898c1fa2d5df8fb80df1fe4f557e8ed199c268b2	binary
system/framework/oat/arm64/abx.vdex	108	c0be3f21fa94b96034123e87420f04b62dfd363cd0c396748e18621aff8cd171	vdex
system/framework/oat/arm64/abx.vdex.fsv_meta	268	6970f5207cafcf6dce2c8cf9a96341eda7cc75037e6bcd81134c2789555ecb1c	binary
system/framework/oat/arm64/am.odex	17328	f669d00525054a0deb6d7d07ee8822bb7876f3873a9d082d80aba9ddbc4e8ea5	elf
system/framework/oat/arm64/am.odex.fsv_meta	8192	1809df8ee9d20f47154908ddc254580e791b885ab8a2bfea3aaf48e0005fb963	binary
system/framework/oat/arm64/am.vdex	5564	c62af08466725e86bd70f5e552ff741f0b656be4694d2dffb819bcf560f63e6d	vdex
system/framework/oat/arm64/am.vdex.fsv_meta	8192	ff4754301126dc72763d3058a031d9aef9f18c2f35c882e2aa4c2715ba714b69	binary
system/framework/oat/arm64/android.hidl.base-V1.0-java.odex	17328	9064f485a8a1f285eeb1a83204a321dd4fe1a8ae00fb4344cb801399d48ed5c1	elf
system/framework/oat/arm64/android.hidl.base-V1.0-java.odex.fsv_meta	8192	9818b4fcb169a0956545caebb47df40bef892760ce9508cc1369b79c6e45994d	binary
system/framework/oat/arm64/android.hidl.base-V1.0-java.vdex	204	5074134b745c531c25c75fe8b76f635bfa4958646bba421a61ee1b6137b2a191	vdex
system/framework/oat/arm64/android.hidl.base-V1.0-java.vdex.fsv_meta	268	d26c856deba7fc232677c38d3ca1c8d999307782c34ba8768880dadbc5cbe6a4	binary
system/framework/oat/arm64/android.hidl.manager-V1.0-java.odex	17328	34f6915258aedcfa8e36cc77b9b418fe5692953d2b684c3ca24562004917fda3	elf
system/framework/oat/arm64/android.hidl.manager-V1.0-java.odex.fsv_meta	8192	9bc87f21dfafb745c37cb6a62752db2536708b977e59d651f8db4d02ee6f1ba6	binary
system/framework/oat/arm64/android.hidl.manager-V1.0-java.vdex	328	295b25ecf5de7ac8fb52c77bb6b92c9adfeebdface14106a0d798987e6912203	vdex
system/framework/oat/arm64/android.hidl.manager-V1.0-java.vdex.fsv_meta	268	f288ce47dccca87d78a2a7cd75240f50f00cf9a2bfecc7debf277a228e60c58d	binary
system/framework/oat/arm64/android.test.base.odex	17328	754f13010f69f4aa72928f1faf4d844e1508d257c08925e2329223cd65cfd623	elf
system/framework/oat/arm64/android.test.base.odex.fsv_meta	8192	c245b91a44d60e4437f6d63fb5df6987c4780a1f22a8e019a1284a5fa9e1176d	binary
system/framework/oat/arm64/android.test.base.vdex	740	ac2db0d00a2bb4ab463a85b85d18e5175f5550eed0bc615659197b38c148aa39	vdex
system/framework/oat/arm64/android.test.base.vdex.fsv_meta	268	d6adf02a6ff78ad3677003e813ea76d8f43d7c24c69f6c9e4e56a5ecbd76f42c	binary
system/framework/oat/arm64/android.test.mock.odex	17328	a6e583cfb777be0dfa6da17bbf7073fef8d441fd8078971f568635a555c3a69f	elf
system/framework/oat/arm64/android.test.mock.odex.fsv_meta	8192	767dc684b80f337253eedf2a00bb2d1d8ed65c9574454f75ce3653e69ef5d855	binary
system/framework/oat/arm64/android.test.mock.vdex	556	161d69212bc5e386cc55fcea90dd311e2213d1a22f452ec32810f7afd69520cb	vdex
system/framework/oat/arm64/android.test.mock.vdex.fsv_meta	268	858defebfd5ce2333b849f3e541304c4393ef8c27a7c79ff3cf61f6a691b0a80	binary
system/framework/oat/arm64/android.test.runner.odex	17328	24e0416f85a16a1bd2ba3d17df231450f22971fffc47afada1a9713f8f87f899	elf
system/framework/oat/arm64/android.test.runner.odex.fsv_meta	8192	598f37a5df1d50b9f3b860452dfd5fa454ebb4df2752fba699d357356dc91c61	binary
system/framework/oat/arm64/android.test.runner.vdex	2076	9cfa86cb1488032174334303aea68a586b0f4e6bf90213d895c3fc9286db73ac	vdex
system/framework/oat/arm64/android.test.runner.vdex.fsv_meta	268	fdca1e8291e570e4a4970794754b5c5c38dab1654c2370262a3bb148fbc50085	binary
system/framework/oat/arm64/apex@com.android.adservices@javalib@service-adservices.jar@classes.odex	258848	45742d6a003d4d6d156f35554903ca96f341c0c764d5dfb4e578d1445ad6d362	elf
system/framework/oat/arm64/apex@com.android.adservices@javalib@service-adservices.jar@classes.odex.fsv_meta	8192	ae0ca2051641f3b670be5eb466fc79f6bcf6e2c01b40d6dfca7139d42905ea80	binary
system/framework/oat/arm64/apex@com.android.adservices@javalib@service-adservices.jar@classes.vdex	1812	7ddd3eea57df57df459eb814cfabb912b144e6607e384df1f6e9a281561784a1	vdex
system/framework/oat/arm64/apex@com.android.adservices@javalib@service-adservices.jar@classes.vdex.fsv_meta	268	183d6bc6ca8698c8d975b10148113471fb8ce90eb3ea0986d0d56edb279380ff	binary
system/framework/oat/arm64/apex@com.android.adservices@javalib@service-sdksandbox.jar@classes.odex	599216	53ab46168f313b0a827d56c9f4fe5b94b4861fcf874b408ed8971a0a591f2e0b	elf
system/framework/oat/arm64/apex@com.android.adservices@javalib@service-sdksandbox.jar@classes.odex.fsv_meta	16384	b892d55bcf2d84a27569e0e90d46c576d5bc28233aac9d7367fba9f9e78b3f96	binary
system/framework/oat/arm64/apex@com.android.adservices@javalib@service-sdksandbox.jar@classes.vdex	4420	7aa76dfe101658c0232f46ec0f8aac0a5b960518f39ffe682b36799913926bbe	vdex
system/framework/oat/arm64/apex@com.android.adservices@javalib@service-sdksandbox.jar@classes.vdex.fsv_meta	8192	17e22e6369e4a761e8036484642b31722204afd5105e208bfbd000e0370475b2	binary
system/framework/oat/arm64/apex@com.android.appsearch@javalib@service-appsearch.jar@classes.odex	2670816	275231b90d2a0b6ca6ee88fba85c1772c6d16228b0a335b58ac5f9fcde5904ce	elf
system/framework/oat/arm64/apex@com.android.appsearch@javalib@service-appsearch.jar@classes.odex.fsv_meta	32768	317f0bf2f8ef08539b36471fc731d41d4ce8c98958ca2bbfdbd6f0c83042f584	binary
system/framework/oat/arm64/apex@com.android.appsearch@javalib@service-appsearch.jar@classes.vdex	17524	776209b65e425232c2fa73d9945d23dde5b1a1706a5546c5fe1fa879fc16488c	vdex
system/framework/oat/arm64/apex@com.android.appsearch@javalib@service-appsearch.jar@classes.vdex.fsv_meta	8192	4b0b48e2d76811e07186116496e9c0c4d95e13f8617ae60ea0766d310262fdeb	binary
system/framework/oat/arm64/apex@com.android.art@javalib@service-art.jar@classes.art	16416	15a5a35b1ff6b9a289a0b530c962555805b864f03d028d308e039ed4317b3528	binary
system/framework/oat/arm64/apex@com.android.art@javalib@service-art.jar@classes.art.fsv_meta	8192	1ecd2f218c192494ae273e963de410b39d45303f424c4e0a3b564f428a7815b1	binary
system/framework/oat/arm64/apex@com.android.art@javalib@service-art.jar@classes.odex	17328	99c8cb0502cdbce8ca4909afd8fe4d9c89dff406d1aaaaf8476059e579368594	elf
system/framework/oat/arm64/apex@com.android.art@javalib@service-art.jar@classes.odex.fsv_meta	8192	be06579f00acfdc49282fc8f4a469093856a29b04785eab0c0913532d7898c83	binary
system/framework/oat/arm64/apex@com.android.art@javalib@service-art.jar@classes.vdex	12928	9d885256ab32599ed5408382a00e7d4cb77b6b49d3f75e99c90fd2daa7ad6d8e	vdex
system/framework/oat/arm64/apex@com.android.art@javalib@service-art.jar@classes.vdex.fsv_meta	8192	cf437509dd596f941477db6d256dc6ebe2c5c412b7479caf1fb8b30c9b4eee7b	binary
system/framework/oat/arm64/apex@com.android.bt@javalib@service-bluetooth.jar@classes.odex	942336	e73495713d3a00dbb11f4f91aa6de249463155fd33f2053638541ce1f6800735	elf
system/framework/oat/arm64/apex@com.android.bt@javalib@service-bluetooth.jar@classes.odex.fsv_meta	16384	7626fd2a21608c0f7006302dd38826ee37b2ff53ad0053d5c007df1461fae39b	binary
system/framework/oat/arm64/apex@com.android.bt@javalib@service-bluetooth.jar@classes.vdex	12604	284be9a9d4f9a345c358e7e62c841fd9417467a8472409b7cce2af33f991d7d5	vdex
system/framework/oat/arm64/apex@com.android.bt@javalib@service-bluetooth.jar@classes.vdex.fsv_meta	8192	17896558acab90ab926b176404361c74bac6b74b91c20820c4157207b80af708	binary
system/framework/oat/arm64/apex@com.android.configinfrastructure@javalib@service-configinfrastructure.jar@classes.odex	639880	196d32802fe84238bf753af032e7088e811a6c016ac58142e2d3318acbcf851a	elf
system/framework/oat/arm64/apex@com.android.configinfrastructure@javalib@service-configinfrastructure.jar@classes.odex.fsv_meta	16384	4d5b8035641f737f0c6d8ceae6cb7280b26ee98069405ca4050ba8354d9e423a	binary
system/framework/oat/arm64/apex@com.android.configinfrastructure@javalib@service-configinfrastructure.jar@classes.vdex	7464	7be242de4b1dacddc6e50de5ff110dcc0a85e692c2ff3fa89bc2df69e90f5bde	vdex
system/framework/oat/arm64/apex@com.android.configinfrastructure@javalib@service-configinfrastructure.jar@classes.vdex.fsv_meta	8192	5bd5a367bfb59848f11d1458b1e70719f43de152317cd4e4b985fc348c792f4d	binary
system/framework/oat/arm64/apex@com.android.crashrecovery@javalib@service-crashrecovery.jar@classes.odex	381920	0e640824071390be323689169dc1945fd871a7b4b2c8c1a53b9ab7c584fb0733	elf
system/framework/oat/arm64/apex@com.android.crashrecovery@javalib@service-crashrecovery.jar@classes.odex.fsv_meta	8192	2606a235b15c67ddd0a0226d2b63c7e5245d5d4535cd314ebf682d873c20097c	binary
system/framework/oat/arm64/apex@com.android.crashrecovery@javalib@service-crashrecovery.jar@classes.vdex	3544	b13f4fa0067a2c8fcf32ef834c933b91857e2f4d1c764f601a72cbbb4f2111d5	vdex
system/framework/oat/arm64/apex@com.android.crashrecovery@javalib@service-crashrecovery.jar@classes.vdex.fsv_meta	268	01552fa9b7c82ca16a7797666dcf06a19876ea48a070ca4d631a875f1726cb4f	binary
system/framework/oat/arm64/apex@com.android.devicelock@javalib@service-devicelock.jar@classes.odex	189408	201aa2e94dfd440b051853a260582a1de7169bfc21be9e9b53e64a55945f3cfb	elf
system/framework/oat/arm64/apex@com.android.devicelock@javalib@service-devicelock.jar@classes.odex.fsv_meta	8192	bb73d74861b37c9426f5d669811c38eed56a6fc83bbc3edc64542097d4cdf5b9	binary
system/framework/oat/arm64/apex@com.android.devicelock@javalib@service-devicelock.jar@classes.vdex	1828	d857068cd5e0bdefc31f0da68fc7e4bd0a382babe909ccaf54daa3cc7bcf37f5	vdex
system/framework/oat/arm64/apex@com.android.devicelock@javalib@service-devicelock.jar@classes.vdex.fsv_meta	268	d40238710005370fb45f5631d4c0b27d1f35502c9275b3957ce51d6d17cbd471	binary
system/framework/oat/arm64/apex@com.android.healthfitness@javalib@service-healthfitness.jar@classes.odex	1943080	e049377359486f592c4f398104de47779d22bcad7d6adaace773cf186c99e3a2	elf
system/framework/oat/arm64/apex@com.android.healthfitness@javalib@service-healthfitness.jar@classes.odex.fsv_meta	24576	60aef7233017ba9dad7ed2a7f627a53d86cf0acb46220f5f868477c3079192a1	binary
system/framework/oat/arm64/apex@com.android.healthfitness@javalib@service-healthfitness.jar@classes.vdex	13408	4336cc72946fc9b744203c3baf4f4792d324ae88e32a98b73ff10e5ea4bd9ea4	vdex
system/framework/oat/arm64/apex@com.android.healthfitness@javalib@service-healthfitness.jar@classes.vdex.fsv_meta	8192	7f13c20491dcd894ccffd2bbe7ec1a0de892fc5d39bfcdf07d63bcd709aec45f	binary
system/framework/oat/arm64/apex@com.android.media@javalib@service-media-s.jar@classes.odex	69160	364dc650b50d93f09b3dd5a1c104f64f5d53891006e71d871110f8ebe282a8db	elf
system/framework/oat/arm64/apex@com.android.media@javalib@service-media-s.jar@classes.odex.fsv_meta	8192	2cec99712f2d166518dc580505e164941eccbcb87e7e6b34411702c3c1ec47a9	binary
system/framework/oat/arm64/apex@com.android.media@javalib@service-media-s.jar@classes.vdex	312	c020d76161678a078c089a74cb277a09791236840862a7b58f7e42c24f8b63b4	vdex
system/framework/oat/arm64/apex@com.android.media@javalib@service-media-s.jar@classes.vdex.fsv_meta	268	d697b199712ee1f6aa7edacc936b2bc43eb8afa853e8742cc762167bfe51cddf	binary
system/framework/oat/arm64/apex@com.android.ondevicepersonalization@javalib@service-ondevicepersonalization.jar@classes.odex	34408	388e0501d61c9048ffcc7d5a1263f21ecebbe708ebe42a00aa99888ed7393e1e	elf
system/framework/oat/arm64/apex@com.android.ondevicepersonalization@javalib@service-ondevicepersonalization.jar@classes.odex.fsv_meta	8192	12b9573a44bfaa8fb778f64be7043bffe3eb34afeda287ec1d586e9e4092c288	binary
system/framework/oat/arm64/apex@com.android.ondevicepersonalization@javalib@service-ondevicepersonalization.jar@classes.vdex	112	84d205b9b36f9628ef488aa29add0afe2008be0aee3587fed4a3f1cee34653f6	vdex
system/framework/oat/arm64/apex@com.android.ondevicepersonalization@javalib@service-ondevicepersonalization.jar@classes.vdex.fsv_meta	268	7bce4bd4f4599631df9594d45928851f73bbc123abc2357415836c158d88edb2	binary
system/framework/oat/arm64/apex@com.android.os.statsd@javalib@service-statsd.jar@classes.odex	103304	87c5c6f33a41d2d5b7e5bdab643558d07b9885582c991233770c30425f639af5	elf
system/framework/oat/arm64/apex@com.android.os.statsd@javalib@service-statsd.jar@classes.odex.fsv_meta	8192	0f663a83ac183990319cd8b8dbe18221b0e1da23a2fe5e737246d010d5e656ed	binary
system/framework/oat/arm64/apex@com.android.os.statsd@javalib@service-statsd.jar@classes.vdex	796	1202cf6a158e0d18525655b6e4ff74741cbc5cf4f73c524d6a6cedfbe1b36ccc	vdex
system/framework/oat/arm64/apex@com.android.os.statsd@javalib@service-statsd.jar@classes.vdex.fsv_meta	268	a207469a410cf3feb81027f6e0eca9495aae16287060ae3200ab54bdde97ef8b	binary
system/framework/oat/arm64/apex@com.android.permission@javalib@service-permission.jar@classes.odex	1843712	97516d9a1587986178e528e7e61558acacca08b1f6db9fe9a4d4723227d483a1	elf
system/framework/oat/arm64/apex@com.android.permission@javalib@service-permission.jar@classes.odex.fsv_meta	24576	2f1acdfc3e4d37fb282bc3e17e3bbdb5298e6eb5bbedc695784d969497d90f35	binary
system/framework/oat/arm64/apex@com.android.permission@javalib@service-permission.jar@classes.vdex	8040	e6fbe733fd8810a2760432f04d8ddbdaf2361b602a2d377746ca36e005e5d557	vdex
system/framework/oat/arm64/apex@com.android.permission@javalib@service-permission.jar@classes.vdex.fsv_meta	8192	540d93950f85bbfcc8b8d2df611c70b0384b72cfdafa646b8d8ec52be0206473	binary
system/framework/oat/arm64/apex@com.android.profiling@javalib@service-profiling.jar@classes.odex	1015808	9fc5c3a6a0073bae6445ba9da586b3c4b057e1381fb372b8e7bb2e64219e8d44	elf
system/framework/oat/arm64/apex@com.android.profiling@javalib@service-profiling.jar@classes.odex.fsv_meta	16384	4d3d50091594272d311b3a769b9855234cf7630e67885222259b7d75502986a6	binary
system/framework/oat/arm64/apex@com.android.profiling@javalib@service-profiling.jar@classes.vdex	13648	e83c6445a9ee952cff00cc91c3bbff419def5930622254969a668bd7a77e7953	vdex
system/framework/oat/arm64/apex@com.android.profiling@javalib@service-profiling.jar@classes.vdex.fsv_meta	8192	f8606ba20f95c6652a400d871c4c4247c124d3c530634597dd94ba52ace86a05	binary
system/framework/oat/arm64/apex@com.android.rkpd@javalib@service-rkp.jar@classes.odex	85728	d036d043eb8ddd1620606058d990f800ac9698c796c40cedcdde9a0c2efa7683	elf
system/framework/oat/arm64/apex@com.android.rkpd@javalib@service-rkp.jar@classes.odex.fsv_meta	8192	7ed1b2491b3cc34e22bd87a53c5c63bc3ddc04aabc92cc4d4f5365de01fc1832	binary
system/framework/oat/arm64/apex@com.android.rkpd@javalib@service-rkp.jar@classes.vdex	932	a8cd2712b839e7684a095418ca8083af379442d11c305e1f19cad88705231e71	vdex
system/framework/oat/arm64/apex@com.android.rkpd@javalib@service-rkp.jar@classes.vdex.fsv_meta	268	22cee4dff4e8912efc722deb5b94ff7a1cb2d57279846f9253abded09c67364c	binary
system/framework/oat/arm64/apex@com.android.scheduling@javalib@service-scheduling.jar@classes.odex	103464	9eda1b54cf9388d2377332c989925f5d18896a217bd2c561086c22d836d3af34	elf
system/framework/oat/arm64/apex@com.android.scheduling@javalib@service-scheduling.jar@classes.odex.fsv_meta	8192	bea7816fe2da209f57c16127cdebe4b995d9fb8916a9d4d7d381013149567996	binary
system/framework/oat/arm64/apex@com.android.scheduling@javalib@service-scheduling.jar@classes.vdex	544	d367f75a825f537eeec743e9b7052d299c885b3c3f00fe2a27260384875464ca	vdex
system/framework/oat/arm64/apex@com.android.scheduling@javalib@service-scheduling.jar@classes.vdex.fsv_meta	268	eb1e2bf67fd25a1a57d94fc28630e6970c231db92ff2fde1209f304109209d73	binary
system/framework/oat/arm64/apex@com.android.tethering@javalib@service-connectivity.jar@classes.odex	4453456	9b63cbbd9d4b99667de718f9152e4ef93589e4a8d969d1a216a70d72db0501c3	elf
system/framework/oat/arm64/apex@com.android.tethering@javalib@service-connectivity.jar@classes.odex.fsv_meta	45056	de5039eccaca4efae4e558f7972e03ef857c263dcc9cca387b9aeaaa6b153b44	binary
system/framework/oat/arm64/apex@com.android.tethering@javalib@service-connectivity.jar@classes.vdex	32040	7e546bf0cc189597f1d6100a35e4e2dd58ed8e6fb40d4589cf46757b147637e1	vdex
system/framework/oat/arm64/apex@com.android.tethering@javalib@service-connectivity.jar@classes.vdex.fsv_meta	8192	543a3e94bf481c1eb4daa66e1f80f242656c73265ae54e610efa50efafda8aab	binary
system/framework/oat/arm64/apex@com.android.uwb@javalib@service-ranging.jar@classes.odex	1240976	a8e6229dd6a77ac3096a2e71ed9b41b6ca7cccc51c299e2bea5c809c130cfef1	elf
system/framework/oat/arm64/apex@com.android.uwb@javalib@service-ranging.jar@classes.odex.fsv_meta	20480	c49993c1b233b276c2e6511c1f4718d4c51e72658dc2e254dff71423403ac661	binary
system/framework/oat/arm64/apex@com.android.uwb@javalib@service-ranging.jar@classes.vdex	15404	ae37a295c4e97aeaaa9326c8b5ae2b04ebcaa456d4a1dc544dcc5afc205dbbd5	vdex
system/framework/oat/arm64/apex@com.android.uwb@javalib@service-ranging.jar@classes.vdex.fsv_meta	8192	70ef719e578edb8d81832491733c8a0b5a8ff45decc154d22e026773046b37be	binary
system/framework/oat/arm64/apex@com.android.uwb@javalib@service-uwb.jar@classes.odex	2268472	9db41a2bcc8e4a295b3bec8c596c16f326b4d494956073ed4812380922369b9a	elf
system/framework/oat/arm64/apex@com.android.uwb@javalib@service-uwb.jar@classes.odex.fsv_meta	28672	a85143bebdca76c58cd40170c2b1564fb6f1d3e55d653ac7c57d97bf7bb309a4	binary
system/framework/oat/arm64/apex@com.android.uwb@javalib@service-uwb.jar@classes.vdex	16904	2b97de4de175cdc2e26082bc02e75a46fc544917188005624cf39905ac5807eb	vdex
system/framework/oat/arm64/apex@com.android.uwb@javalib@service-uwb.jar@classes.vdex.fsv_meta	8192	148316f29f2e48d2760cb95998347307d2c61bcb26ba5b650c22c35c904054f6	binary
system/framework/oat/arm64/apex@com.android.virt@javalib@service-virtualization.jar@classes.odex	69008	117f66997e214cf9517e2317457eb9a5315691e29c8e5200172309106733cd77	elf
system/framework/oat/arm64/apex@com.android.virt@javalib@service-virtualization.jar@classes.odex.fsv_meta	8192	06c2008b3c39752cabbe51d2572e8bb9895cf9da7653b0f3226c59ef00e0247a	binary
system/framework/oat/arm64/apex@com.android.virt@javalib@service-virtualization.jar@classes.vdex	512	7034aa4f61afb69b419a12e8b25adb060e206fe63b59c2ca208417fe3b64d303	vdex
system/framework/oat/arm64/apex@com.android.virt@javalib@service-virtualization.jar@classes.vdex.fsv_meta	268	e9290efaad5b5816ea2ae8e9dc149e204ee11c3055b362201c3476046eb08aa5	binary
system/framework/oat/arm64/apex@com.android.wifi@javalib@service-wifi.jar@classes.odex	12296608	2750caed4a6ffd8583a30330ada8b976a468ed98728e28c06e0864e93ee1795f	elf
system/framework/oat/arm64/apex@com.android.wifi@javalib@service-wifi.jar@classes.odex.fsv_meta	106496	6c9011d7175422fdb0992926a59fa8adc14206ce1ab422dae28d73da7d2ef2d1	binary
system/framework/oat/arm64/apex@com.android.wifi@javalib@service-wifi.jar@classes.vdex	63540	1fbd1beaa9c924fcaa2c3f7b8ef8e3de3c7e20c1ae7c72e5389c817352ef4567	vdex
system/framework/oat/arm64/apex@com.android.wifi@javalib@service-wifi.jar@classes.vdex.fsv_meta	8192	06d56adcdd1a5b7176e9a1b60520b78b77c5c8eac175367087c51912c9e1b8d7	binary
system/framework/oat/arm64/appwidget.odex	17328	d96cd825cfb19c0a8afe91b019e0ca90ea42ff18d9d8f36f4a389af8141c5395	elf
system/framework/oat/arm64/appwidget.odex.fsv_meta	8192	47d1af17d4e3d656df904f7741f55a278d64deea0ec8bb5003dc96d3134fa017	binary
system/framework/oat/arm64/appwidget.vdex	160	334970fbe3e40ffae928ba8e501991b7f89aec74e08eed8e88e66aa026367860	vdex
system/framework/oat/arm64/appwidget.vdex.fsv_meta	268	dbed2e9fe87f9aee369fe6deb654b6b4df948b0e9c2fa628d2d23aa16cee2215	binary
system/framework/oat/arm64/bmgr.odex	17328	51387bd692f710653754419615bc4217d1c21051f8f634edfee1a19f427f6c7e	elf
system/framework/oat/arm64/bmgr.odex.fsv_meta	8192	7c41380fdac84d709a538fdc3d154886846b458d3a6176519822cf32189b68e1	binary
system/framework/oat/arm64/bmgr.vdex	368	d9b4cd14c4f9506daa785a75fbb2644953491085aa4c7abb473808714fc4cae4	vdex
system/framework/oat/arm64/bmgr.vdex.fsv_meta	268	a33ac5b1766ad6dd0d5ccdc4adf9ec5a29bcd09e028085200e650d92e1e873f2	binary
system/framework/oat/arm64/bu.odex	17328	06f219db1b8d925f608c6819658d19d35d94572ff141178acace82248c8c3243	elf
system/framework/oat/arm64/bu.odex.fsv_meta	8192	2db920bbb8ffb583f52679b08bb3236e8e663f68d307c0180e612fd94e73784f	binary
system/framework/oat/arm64/bu.vdex	104	bccbbc233d3fe2b9a4b2ca01b2070839cd692253f599532b99922d252ec6ad3e	vdex
system/framework/oat/arm64/bu.vdex.fsv_meta	268	e9c9276d56a8e83f1c0066a9e0d1d0ac6adf669d11f30e1da89ae83457aa79be	binary
system/framework/oat/arm64/com.android.future.usb.accessory.odex	17328	1d731b3dd6a6c0b7303e811c9d58e7980a67321d382c6dce1ba6f1bf90e1ff8d	elf
system/framework/oat/arm64/com.android.future.usb.accessory.odex.fsv_meta	8192	582b3ece1bf306a615867d656ceecc31b4bd45597ee65d8688cc25f0d3a0d06c	binary
system/framework/oat/arm64/com.android.future.usb.accessory.vdex	108	f9fa9aadf9da87404efa847cb1b03451f79d272b5bfa175faf4c48b00960287c	vdex
system/framework/oat/arm64/com.android.future.usb.accessory.vdex.fsv_meta	268	9d0054c6d2d892ca8d761363da80afc4adbd9657662e6032d4c791fcd42e4014	binary
system/framework/oat/arm64/com.android.location.provider.odex	69432	d40b2dbf56d140c6dbc0b95437e9135cac2fcdd3efe3f3d6e3eeba3bcc8317b8	elf
system/framework/oat/arm64/com.android.location.provider.odex.fsv_meta	8192	bcd70a103055db8d89b9e21d418f4dd968ce5f906d76c19a9ba18d0e15c70d6c	binary
system/framework/oat/arm64/com.android.location.provider.vdex	584	69ab3390a9b18afed68781391ee742b0d0c650314e62fad0ded02d77507a8eb3	vdex
system/framework/oat/arm64/com.android.location.provider.vdex.fsv_meta	268	ca88d11352b18f425335c36f8c2e09db3672e1c7459d17639298f06f2744a40b	binary
system/framework/oat/arm64/com.android.media.remotedisplay.odex	17328	77b3b1a576c9217e609a67fd32a0b62d6451c398d549b3c46a1a93d5802cf6ab	elf
system/framework/oat/arm64/com.android.media.remotedisplay.odex.fsv_meta	8192	7181bbdab3b6209b929fee55b282e7a26e298e248319fe11162737a53759addb	binary
system/framework/oat/arm64/com.android.media.remotedisplay.vdex	172	a6f539868d92b828865994d129ebfae76071ceedbae6e0639e833c18e6d4ac77	vdex
system/framework/oat/arm64/com.android.media.remotedisplay.vdex.fsv_meta	268	ec8a21384185f70ddd8c722bd7beaa3d44a8ed46bf39dcf2b49dd776dc3841d6	binary
system/framework/oat/arm64/com.android.mediadrm.signer.odex	17328	2e1632a9bc99917234be5a3e5fd2a5eccf888ed87bcd5b558c5729143f23e2db	elf
system/framework/oat/arm64/com.android.mediadrm.signer.odex.fsv_meta	8192	bc15513484d50f624728a060ab9fc964c0b1bf50f3999339a4fa68652ffdb900	binary
system/framework/oat/arm64/com.android.mediadrm.signer.vdex	124	bb8f0f3f985c07e366abda87fabdad5d533145dd0ab8a0e22073fd6dc93868ba	vdex
system/framework/oat/arm64/com.android.mediadrm.signer.vdex.fsv_meta	268	561f3f6613f35c9ea21331f3d135a8388d6dfaadc7f4571a39c794e9348763cc	binary
system/framework/oat/arm64/com.android.nfc_extras.odex	17328	72e2c7725ee8a0cafef2583e248282612fbc03ebd8e39777a9fe9fe5912c22c8	elf
system/framework/oat/arm64/com.android.nfc_extras.odex.fsv_meta	8192	b6403a67550bfd723af1633b710329d864d72493fea7a00bce7842307e208298	binary
system/framework/oat/arm64/com.android.nfc_extras.vdex	384	32d48245f0ae3e5be8ad1f4d0655655c408431eb85fcd68f245fb911a7bf8bb7	vdex
system/framework/oat/arm64/com.android.nfc_extras.vdex.fsv_meta	268	9fa6d0825b9339bc8e279a6a3bd51bef3e7f448210984700747b9ef21d219faf	binary
system/framework/oat/arm64/content.odex	17328	7be77dbc95d3a1efbd04a476091524d3d40b3bec5ab436da247b230a90dc9f65	elf
system/framework/oat/arm64/content.odex.fsv_meta	8192	11bf8453abbe919b214865963364db6d3358149ecd05cc312d35d650ee0703b2	binary
system/framework/oat/arm64/content.vdex	332	9ff512bbf1d94fc7529499b6420e9b3960b5df7a6021c7db6576a6dc8be17ce4	vdex
system/framework/oat/arm64/content.vdex.fsv_meta	268	bf3a6aede15a49f5988181e90dae0e800f2b1ef55771684738f35e67af8072da	binary
system/framework/oat/arm64/hid.odex	17328	da45c7ad1ffaeff5114bc6f55d189e77e6afed22d5503ec54f525c7cc534bd6f	elf
system/framework/oat/arm64/hid.odex.fsv_meta	8192	81510ee97ef6b44f25529ba78c10fd2f59ca6c598af2d450b2cb20956fc7d971	binary
system/framework/oat/arm64/hid.vdex	372	8909b5c427ea6062d8c27529f17b32c765c92d9bae3fa73adfc305d788423b09	vdex
system/framework/oat/arm64/hid.vdex.fsv_meta	268	938e7ee4a37d5a77b1e59a5ab310c5f79df516329098d860bb428d537ef77258	binary
system/framework/oat/arm64/incident-helper-cmd.odex	17328	8c66424bcbd35718b83da09867bbc0056f48b66e0e687a9900cc6b7657325a47	elf
system/framework/oat/arm64/incident-helper-cmd.odex.fsv_meta	8192	88f1a348e73199b62a4ac1c8d06242bb81bffc1c10ad506dc718a3f33078d982	binary
system/framework/oat/arm64/incident-helper-cmd.vdex	336	fd560ab5e3c1da3bb1babf822ce0fc73d45ab719fbb698dbabd578305d8f0858	vdex
system/framework/oat/arm64/incident-helper-cmd.vdex.fsv_meta	268	3dba3eb6ecaa10584e69714d61254690861f4c7f8002cd391f50804667bb2d25	binary
system/framework/oat/arm64/javax.obex.odex	17328	6cc3fc99e84b27fff54c2f4ee06642c718ed064e283c390e2a99561f38ddefc5	elf
system/framework/oat/arm64/javax.obex.odex.fsv_meta	8192	f09cb7e0c0701fb19fa03812b65606e42844fc741cf479bcb3f2853347677d0a	binary
system/framework/oat/arm64/javax.obex.vdex	92	def45d92a35aef78642df2cd0957fa45797ca8f9f7c1fff0575244209d16487b	vdex
system/framework/oat/arm64/javax.obex.vdex.fsv_meta	268	e886b9d7ebbda7f6de240a7424813b56ba9c261693b1e29866cc5ab013715998	binary
system/framework/oat/arm64/monkey.odex	17328	6605dea362acaa1833296a3e54086711787864e95994a941949def74886c5009	elf
system/framework/oat/arm64/monkey.odex.fsv_meta	8192	db7604318a7f35a95412b4894e6be7ede06c5e3ccf49732bb4740d69d0719f7d	binary
system/framework/oat/arm64/monkey.vdex	2328	17794d1b580b76d1edb7c08b26159a79a8affac1c6e46c89d709fae8da76df6c	vdex
system/framework/oat/arm64/monkey.vdex.fsv_meta	268	c643b504c2d5ee933673e3445ed422cbdc6f80770efece0a7e688c3870efbbd2	binary
system/framework/oat/arm64/org.apache.http.legacy.odex	309096	938df82047553aa8871322326b81766a5156df14093731a2342cbbc1d83f18be	elf
system/framework/oat/arm64/org.apache.http.legacy.odex.fsv_meta	8192	75739e0b33f9b15998f73f14f1de74150ff9090abc678d2259ee8cae5f1be572	binary
system/framework/oat/arm64/org.apache.http.legacy.vdex	9324	215e2f24b1da7d15784317e51dc2397b8fa0f04c4c03a45dcb74ca98ed0c3693	vdex
system/framework/oat/arm64/org.apache.http.legacy.vdex.fsv_meta	8192	0207e829aeb448be3c4059beef31ac052a800005616b5b99b0d5a281e9ed1c86	binary
system/framework/oat/arm64/requestsync.odex	17328	627d48c7f8c53397cb6e2e0053b0eeebe240dd616f19f98c6be3220de209321a	elf
system/framework/oat/arm64/requestsync.odex.fsv_meta	8192	b2b62964a1ae6adb43f800faa9f3972d85a20d44dcba97ebc2ba2db506a69385	binary
system/framework/oat/arm64/requestsync.vdex	252	3f3690e7c3da569b1a5166b5a166cc453df929e55ab643fb537203960417a677	vdex
system/framework/oat/arm64/requestsync.vdex.fsv_meta	268	877c56638b130e6418a94bab81dbecabe49c31fe45a6b15ef2c865857db5c088	binary
system/framework/oat/arm64/services.art	282528	b199e25f5c0ae90b59e405efeb3957c1bdfd670460ae0e3cc6a33238e932b7c3	binary
system/framework/oat/arm64/services.art.fsv_meta	8192	88027598e9f0415be597cd8df4bb48af9e713485f40eb7aae285911c0fb593d2	binary
system/framework/oat/arm64/services.odex	6197264	b53af0767f0b33beacd21523fa638bd24d1343680c8d8a7fdaef5a74a1b5f431	elf
system/framework/oat/arm64/services.odex.fsv_meta	57344	90cbd79bb3ceff0c877581028b010d2c3c903189f8238e798b54126bdeae3a9b	binary
system/framework/oat/arm64/services.vdex	345276	6b6b391bba015bb0a8eb6fdf4a2d86defb75c1bf9f6e16fa820c9e8e535c0dce	vdex
system/framework/oat/arm64/services.vdex.fsv_meta	8192	98414534ba35ea53e6095392cd8d8b9c1a4fcdecf50e566b97f8c681d7d4cf08	binary
system/framework/oat/arm64/sm.odex	17328	c16392168b95f4672d606698a4f2d67c790d6d638adbb73121e604b042caa7b8	elf
system/framework/oat/arm64/sm.odex.fsv_meta	8192	893d046b6ac1f644036044bc679b98fb099664a61605f2c4c5ad38525b92ffe0	binary
system/framework/oat/arm64/sm.vdex	172	bf2eb0d3a4e7e320e7671764673ce8e357b84f43770a33a3b068a66217c93bd5	vdex
system/framework/oat/arm64/sm.vdex.fsv_meta	268	3aacaf35118828ad3ace1223655426733734e5645c269b43385062ce956a070b	binary
system/framework/oat/arm64/svc.odex	17328	46d03c51a6d17ae042c12080c40d38b1e924ed6fed76a243d7b2d4c1827a3280	elf
system/framework/oat/arm64/svc.odex.fsv_meta	8192	52803a2c488b2d2d814f83c7717044baab799f6504b330b12e1e563deb717724	binary
system/framework/oat/arm64/svc.vdex	240	c016c4745db2fd775927d0b35fea765c11666c9a4776eb5728d3dc699b40b0cc	vdex
system/framework/oat/arm64/svc.vdex.fsv_meta	268	047fd37372fd87cc0a7b94bede539f7d30def66076f77f3a7235e836d3ad0e7b	binary
system/framework/oat/arm64/system-services-platform.odex	17328	6fcf6323567ff0bba25d3a70251410d78c316b3a3e3f34efd4b4da8a08ae4578	elf
system/framework/oat/arm64/system-services-platform.odex.fsv_meta	8192	33187c19665f77ed05715bae87f117ee7b2304de51b7dd07d3a05d248e3eb2d7	binary
system/framework/oat/arm64/system-services-platform.vdex	2320	9884be0dbc32b0cb048850b6c01c0da569a42bca939ab9ca6c8f482cdd29d7ec	vdex
system/framework/oat/arm64/system-services-platform.vdex.fsv_meta	268	9c9e018c9fb2df518d0a9731d38c5d7909969945a11296c1e9ffba755f61466f	binary
system/framework/oat/arm64/system-services.odex	17328	7077a373fb05f19e269461f879f10ca5362d99b64f820405c7cf60eafdbcf910	elf
system/framework/oat/arm64/system-services.odex.fsv_meta	8192	77564c5ede7e731122cc54fa1f23356ac774678c7ce7f5b1032fd5d06461e9f0	binary
system/framework/oat/arm64/system-services.vdex	3832	b49719cb4380cdf36d7e573389e8ab2e15ee04995ddeeb78943e7a7d1b4b5455	vdex
system/framework/oat/arm64/system-services.vdex.fsv_meta	268	a2d0ee9bc268626c6f0ab253a2fef4742d41b4d447677d92863937a7b01cbb55	binary
system/framework/oat/arm64/telecom.odex	17328	cdce936694aeda447a1848789436ab9a3d1495ea3a302be98bb9b8237eea0926	elf
system/framework/oat/arm64/telecom.odex.fsv_meta	8192	963a61b4c49b0befec2a8e867c76ffcd06f80a94f93f0129966fcab8b139a9dc	binary
system/framework/oat/arm64/telecom.vdex	152	8748ce797ac97faf6439fcdbd4ab448e1b2f6e2739f4658f3faf638e22ee43c0	vdex
system/framework/oat/arm64/telecom.vdex.fsv_meta	268	ee2c240a8157ba276fb4426d8c39b4d69ae2cca9d6fdc2f9ab919ed3b9a511e2	binary
system/framework/oat/arm64/uiautomator.odex	17328	b15549079d1fae5e9162e182c0d0065e57425b9a659b02f019d7b140aad65aa3	elf
system/framework/oat/arm64/uiautomator.odex.fsv_meta	8192	c38d20d37df137597a8902135a22d2fa71927518276952d04756eca1ed4bd0a8	binary
system/framework/oat/arm64/uiautomator.vdex	8664	cea57b098ddb89b265249ae061d60d9f7e60cfa4ea8fb12468fd7f600ab49787	vdex
system/framework/oat/arm64/uiautomator.vdex.fsv_meta	8192	b7b8ecb93e4d88e42f15643f88e2c9925535afcaa699833ad5631ae93d072303	binary
system/framework/oat/arm64/uinput.odex	17328	b5af8d0324d6409ec70ac6a49979c9c24f5e87d2d9dcbc6d73457e1c7d4c1602	elf
system/framework/oat/arm64/uinput.odex.fsv_meta	8192	0572766de589651d691df518c12d4921c521c201c59db6b0d741c9c090a2b127	binary
system/framework/oat/arm64/uinput.vdex	956	c315884d78d21b5c7df4e8ff406152a326bed682b6e6079e2063fed42ffc9520	vdex
system/framework/oat/arm64/uinput.vdex.fsv_meta	268	4e31e8fdfb2cdbd7beb7f457e47d90b1e4e91635fe3bc048fc65a681f2097fdb	binary
system/framework/oat/arm64/vendor.qti.hardware.data.connectionaidl-V1-java.odex	17328	f9be87a3a7d7a143f210ab60b06aab08fb0fb0ce54a12f82757bed6fa8074612	elf
system/framework/oat/arm64/vendor.qti.hardware.data.connectionaidl-V1-java.odex.fsv_meta	8192	f1b06c117ce46bfb4e32af5a5f4cd084c01b75545f732b3180df160473ca018c	binary
system/framework/oat/arm64/vendor.qti.hardware.data.connectionaidl-V1-java.vdex	468	8d2ebba1f0962bae746a71cb7d6f4974a3fc63b960d610b5c913fe4d23aaa307	vdex
system/framework/oat/arm64/vendor.qti.hardware.data.connectionaidl-V1-java.vdex.fsv_meta	268	456962a6bba46f2c0f7357a7a3e5b17b0219dc69ecb5c7dbda575b21f5597a5f	binary
system/framework/oat/arm64/vendor.zte.fingerprint.ifaaaidl-V1-java.odex	17328	a01eb03184d50b60b1dd42106d4782c20fe06bef6073c2a3528e3073155de5f0	elf
system/framework/oat/arm64/vendor.zte.fingerprint.ifaaaidl-V1-java.odex.fsv_meta	8192	7b901e37e23a0434dea2e4e4a3d7e045a4942c0ffae1134b9a85dc4f9302df49	binary
system/framework/oat/arm64/vendor.zte.fingerprint.ifaaaidl-V1-java.vdex	208	1c2200c174d5c95d4b38387bddaa2415a927bdceafad9fad189030d0d2cc8c49	vdex
system/framework/oat/arm64/vendor.zte.fingerprint.ifaaaidl-V1-java.vdex.fsv_meta	268	f0fbca480a30325599174ab9deadc1cbb4bf6826c0e2ce1ca093960c088c8b5e	binary
system/framework/oat/arm64/vendor.zte.hardware.fingerprint-V1-java.odex	17328	790e8d6551536815de900cf2da7758d2c2d203e26e0caec34ddb1944ac84e4dd	elf
system/framework/oat/arm64/vendor.zte.hardware.fingerprint-V1-java.odex.fsv_meta	8192	a143bc3d8894d87a75c901d4f67cc7496d9e6a23a1cff9dfde5f3d77103d2b76	binary
system/framework/oat/arm64/vendor.zte.hardware.fingerprint-V1-java.vdex	216	83acd702f8cbdb856485a2f3007509fd476c3ec07d4ea49c097e3c3ec6f80db6	vdex
system/framework/oat/arm64/vendor.zte.hardware.fingerprint-V1-java.vdex.fsv_meta	268	c73e7a71a95ec33f2277e179478ec40d27bcfb72468366f7ad7bd662c9071991	binary
system/framework/oat/arm64/vr.odex	17328	ef8aaa9cb8a4f1f65833860231608780a272d64132678552d6c6d207796585ee	elf
system/framework/oat/arm64/vr.odex.fsv_meta	8192	6a2a8dda3485bb6d94bcf5d2167be75dd5775d5417c45614ddc28bd9758ba63a	binary
system/framework/oat/arm64/vr.vdex	128	99f5c1f5ba2b4eb6f08a32a92453227f459cca4ca5f93debbd0aa93becf7fbd6	vdex
system/framework/oat/arm64/vr.vdex.fsv_meta	268	2ebf05a24df405a11652ffb119adddfa0833867b2f1419f6e4a44b08dce2b0a0	binary
system/framework/org.apache.http.legacy.jar	493426	d7c0f94f642ac965642fde2c78ccdbee036073746d1b515013bece0ff06c24e9	zip/apk/jar
system/framework/org.apache.http.legacy.jar.fsv_meta	8192	cb6ef4037b925b4076df5c43462bc213a61373b4ee9aff067939aacb08dcfb69	binary
system/framework/org.apache.http.legacy.jar.prof	1415	a35dd96778015d1bf600ec819a1fa77d194ce08701aef43a8f0617646a622b3a	binary
system/framework/org.apache.http.legacy.jar.prof.fsv_meta	268	1c71d6a645731381e62c4689e837fd498f7fbeea32d4a2329860d3e838c77fa0	binary
system/framework/qcom.fmradio.jar	70381	65524081943c29d6c2a519d1a4cc17e7c9228b0af543998b1d109c801e987783	zip/apk/jar
system/framework/qcom.fmradio.jar.fsv_meta	8192	6eb9a9fa0aa66d02ad666afd18df82780ef438d42ae4ece674a8e8225b821daf	binary
system/framework/requestsync.jar	13138	5b1ba76e40376825e3afc23c47dda084654a21e38a5f4c39b47807c79524ca99	zip/apk/jar
system/framework/requestsync.jar.fsv_meta	8192	fae9575eafff1ccce81302308a4d0fffd830bb1bcc3839b833e43d041879befd	binary
system/framework/services.jar	26983179	3d22b0c240a2e67599f64e9e1b2398a69a1594cf86b6b84a570b18bc485f3be3	zip/apk/jar
system/framework/services.jar.fsv_meta	221184	cfb3b75ab2baa9b7b629c07436e814709511eaf9aed9700f56afb212157188f8	binary
system/framework/services.jar.prof	62691	2245c78218561e0cc65c8b5f6ed85d2cc9553b3fbe92649752edec495b7863e5	binary
system/framework/services.jar.prof.fsv_meta	8192	712dab42121927d2220dd2b25eb43a0d0751ee658e7371b6964e58e32f1f855c	binary
system/framework/sm.jar	11050	9950332eb6e0c2d7268fe697f779dbe4f0d2b61d61389bfd60bfd086dc82e870	zip/apk/jar
system/framework/sm.jar.fsv_meta	8192	3f22aaa9b4edb696f4af0666425324362a8f4218f8ea8dc777f566ab602b9ec0	binary
system/framework/subsys-framework.jar	305809	93356cdfed95301e2822ae182e450e1bec7960ad5467197eccae78aa22cc85da	zip/apk/jar
system/framework/subsys-framework.jar.fsv_meta	8192	5289957f9b806baa9db0fa4b00f000d0ade913306eac6f8dd657a4ed1c8ce75a	binary
system/framework/svc.jar	15566	ddee74f90eb0942d1f9bf2e82bf9a9f7c8d1f08fbc22a12e79f39d718c8840e2	zip/apk/jar
system/framework/svc.jar.fsv_meta	8192	1fc6cc30ac70b76504f08a16fd0cc383eb3c58691610169af38699611a23da85	binary
system/framework/system-services-platform.jar	259354	4af4f0e28a04f0bc8053e8c73786146b4922ba7a99b7367ac5f72fd77a69d08d	zip/apk/jar
system/framework/system-services-platform.jar.fsv_meta	8192	41433425fca0904554fc3b11b45ac2d82fd9d5ac70c3b2452e57d0557c526890	binary
system/framework/system-services.jar	351690	c5ae0f26bd8ad110e8c17d00d417b9a22c4cf4acdcfa8ce7ef614738d649323f	zip/apk/jar
system/framework/system-services.jar.fsv_meta	8192	da0a017ab37a1c75a4f97b01df2b9693fa281dbef135bdb7874c364df4acf43f	binary
system/framework/tcmclient.jar	8046	2a659bfa50b012469388d6cdf24ec025534d377014f0ae07f47d13e84f97dbd6	zip/apk/jar
system/framework/tcmclient.jar.fsv_meta	8192	2eac9ef1ae3fc2c9e2d3a9ad9ad3a189f699c96cd38bebfcf7809ea14f6d2217	binary
system/framework/tcmiface.jar	1029	45e8f0bd231e13674e4a3d14cd9a2a6c8567d39102ea5659ada06506eee1c32b	zip/apk/jar
system/framework/tcmiface.jar.fsv_meta	268	1b4130c35dbdd0cc6aea29e766317cc09eb6568856d2e0a63cf4511aafd08724	binary
system/framework/telecom.jar	20190	cc481e48d8f97cdf928ce2bf971c9d982361fcd1bd3f25b0226ab9005247e407	zip/apk/jar
system/framework/telecom.jar.fsv_meta	8192	04f26acd1f47014b93fa9531185ab92afd8bc006d62c7d5b7d395d89b9a5472d	binary
system/framework/telephony-common.jar	5009676	a641187df9efaad37396e319d23cbce03813cb6cdd343203218608f4d7f154c6	zip/apk/jar
system/framework/telephony-common.jar.fsv_meta	49152	eb812b577a9337cecc4dba33546210f5cbba4ebec1e215949db2b39b5459d3aa	binary
system/framework/telephony-ext.jar	31745	6124ca54f4a9411e4a9cf15560cbd182892fbb2169d6ff54b4f9435e01a00132	zip/apk/jar
system/framework/telephony-ext.jar.fsv_meta	8192	5d862a26abfbce22c47a5e0ec1b3638d4a00bfc3f813b407ca10a83619fd1063	binary
system/framework/tradeinmode.jar	740025	58c6abd078d44643ed9c491bd1b1cccf1a2347d9f5a9d303f2e89a377163c8bb	zip/apk/jar
system/framework/tradeinmode.jar.fsv_meta	16384	0a4cdae2e3a2d4219bf4990c8ffc616cfdcf5fca3486ed41096538b0774c3cae	binary
system/framework/uiautomator.jar	412874	a76f2710634810ea17a0f84f8195e8d2550aaffd5ef6d71e8ef7b663593d3f17	zip/apk/jar
system/framework/uiautomator.jar.fsv_meta	8192	f8382ed4cbefde0f98ec3e1215b4b7f41bca59423db1281e53acf11ef853e18f	binary
system/framework/uinput.jar	50334	d9bca39924c5eab01c7368ef2276bdcc44b15fccfbac612af38b4a1e46c23a36	zip/apk/jar
system/framework/uinput.jar.fsv_meta	8192	a6a0192fc7164dfe838e6b0274c6d7781b74d904b6b3207634911bfc41228251	binary
system/framework/vendor-telephony-framework.jar	114233	ebefc8d7ae711c0a73626d92a7f09b7607eee0087ab300ff883754460b232e50	zip/apk/jar
system/framework/vendor-telephony-framework.jar.fsv_meta	8192	52e9cbaa201b05b1779c4ba96a21f38a9909624f6a2094225281e614719fd8c5	binary
system/framework/vendor.qti.hardware.data.connectionaidl-V1-java.jar	18350	06596e6eb0f36b48ab5fd97a6d1e6800d240d88f12edbb4def52dbffb3b427b8	zip/apk/jar
system/framework/vendor.qti.hardware.data.connectionaidl-V1-java.jar.fsv_meta	8192	635ee6629d958dc847b1410ee00baa44d7637715fb022c50614ffc939641de3e	binary
system/framework/vendor.zte.fingerprint.ifaaaidl-V1-java.jar	8414	5376606d09e30ba1a452eb541aed982d2430e822a6146a7e2cc34e2f52ddbcbf	zip/apk/jar
system/framework/vendor.zte.fingerprint.ifaaaidl-V1-java.jar.fsv_meta	8192	6d362c431dfc5ce9379506c83d0eaa08e045f486ba3cb7d11a634ef2ed955f8b	binary
system/framework/vendor.zte.hardware.fingerprint-V1-java.jar	10970	5c8b780956e62411a973281f6e680d8e5c1403b992ce07f0de0053c44d7f97d4	zip/apk/jar
system/framework/vendor.zte.hardware.fingerprint-V1-java.jar.fsv_meta	8192	a51e63cdc2e7f1870c86039f32032dfdbde3d0acf9235c6d1223cdd5bb504ed5	binary
system/framework/voip-common.jar	826649	6a1ecdf4a4c0f7bf9cbae1118154552b1b7282622e27d765ae8770e3f5c9be7f	zip/apk/jar
system/framework/voip-common.jar.fsv_meta	16384	a37954277beeadc5ba0940b957d05c667c5b07ea6c13475bb3cbd1b4f596dfdb	binary
system/framework/vr.jar	4566	6ed61548978eca3a4f2a7ee40d8ef31514d6930959db85888c3313b9764e6ece	zip/apk/jar
system/framework/vr.jar.fsv_meta	8192	29db9709bd349132688efe4e82d17298955682140081d8c855c3ca1ffc4163f7	binary
system/lib/modules	-1	ERROR:[Errno 2] No such file or directory: '.work/fs/system/system/lib/modules'	error
system/lib64/aaudio-aidl-cpp.so	102016	f2ce09be38fbde22539006c6a931c7927692b72be5ade7c7a7c6593bfdc8b3be	elf
system/lib64/aconfig_mediacodec_flags_c_lib.so	51704	00aa860ee2a66fc67d95feb865aa8f7cb0fa0da6e62794414ff97bf27a7cc7eb	elf
system/lib64/aconfig_text_flags_c_lib.so	51656	8eab73490269e56c69bdab65a57b24b45edc117c0a4c7d703448b775926ec81a	elf
system/lib64/aconfig_view_accessibility_flags_c_lib.so	51656	15df50e2bf217e99a4bdf9638c98b4aa706044f3ea86d9a8747550cc6f3a0b24	elf
system/lib64/android.adpf.sessionmanager_aidl-ndk.so	52472	e3fa2e1321974de85ded1aa30bd23e6ef07d108a86fd52ecccc27573af246c27	elf
system/lib64/android.companion.virtual.virtualdevice_aidl-cpp.so	52048	45a8f6b78ca492ac3374b169349ee1ab63ff06602499029216389bbe905a7eb4	elf
system/lib64/android.companion.virtualdevice.flags-aconfig-cc.so	52728	33c3e90633cf19949556caa36481739e4c6c598609f645879763f8ea53dc3de7	elf
system/lib64/android.database.sqlite-aconfig-cc.so	51656	a391ac9e1cf74be4bb8fdf6783cb032c9d3a6a3cf62140eeb6eefe0a80692117	elf
system/lib64/android.frameworks.schedulerservice@1.0.so	102176	bea38c67d8789cb996436ccfd59a77c05b64eedc2e3ca19fdc709c019c22580b	elf
system/lib64/android.frameworks.sensorservice-V1-ndk.so	102152	2b5da98e63111eb6ec26b417dc78681b9464ecf0cbea931e8d485609c982d2fc	elf
system/lib64/android.frameworks.sensorservice@1.0.so	252608	566c4206c561f11366e211d5b985c206dbf71481509d82208b62d504c55f0393	elf
system/lib64/android.frameworks.stats-V2-ndk.so	86232	f79025b1a5030c9a71e3875d143543d10651cbca15893e2b71b7d486c3f1e6a1	elf
system/lib64/android.frameworks.stats@1.0.so	152104	db2f55d00859c7e1a16903fa5b4c44451d6ff21e382ec02e7de883f0f6ebe33a	elf
system/lib64/android.hardware.atrace@1.0.so	136144	43de88d9a5d2cd4c5a56d98b35dc0c5cefd75abf34934bdd1d359fb69d034d1a	elf
system/lib64/android.hardware.audio.common-V2-ndk.so	53016	76abb5bb7800e1ee029f5ca7de080a42a1d3658b531fced94b19e477591fbb1c	elf
system/lib64/android.hardware.audio.common-V4-ndk.so	53016	fc62ae772bf7c8609947bd125fab58d4001d16bbf320dd4b21c9176bfebb9511	elf
system/lib64/android.hardware.audio.common-util.so	52080	7e37c0d2461f431702ad0b648f9e36480502a653a1eee5854cad1c9e64b20ae0	elf
system/lib64/android.hardware.audio.common@2.0.so	51784	3b97df8c190c3b447929ad60177b6f7559e1d2bdf3eda03419d357e23864401f	elf
system/lib64/android.hardware.audio.common@4.0-util.so	52392	82d8a6c0099289bf45606f9c3b10da0a13e0efbb29ff32a1ddea9155ef7c9827	elf
system/lib64/android.hardware.audio.common@4.0.so	51784	0d1ccdefd94ece0592cecf017838a0b0e3f5388f426df428260d658f457729d2	elf
system/lib64/android.hardware.audio.common@5.0-util.so	52560	77429fcff03321ea45957dcaa48bf7ce9eaceefc6fd6983e4dae6a97a0af0a36	elf
system/lib64/android.hardware.audio.common@5.0.so	51936	716079a7bb80e5bf58048c63b71abda8f01ffabced3f397c93c7dfd570c98106	elf
system/lib64/android.hardware.audio.common@6.0-util.so	52552	969585dfe8e0096240a354fc12b08b6ea918e89c9e32b5b8a8f47642d99d423d	elf
system/lib64/android.hardware.audio.common@6.0.so	51936	086075448490afbab06e96082b375550a5953ef29b3ddae2ad43d5c0ad77c568	elf
system/lib64/android.hardware.audio.core-V3-ndk.so	436608	ed547943f136eb40f73837ec1ed88686d01ae8121e3f1fda309d4e2a816bc024	elf
system/lib64/android.hardware.audio.core.sounddose-V3-ndk.so	86120	7db145eef8a796eb5430d1a6a2b38fb786aaa3723abad9befacf79a119af84e7	elf
system/lib64/android.hardware.audio.effect-V3-ndk.so	459736	c872786fe97eb0f0f5033e592a12ab3e374eba7c7f7e6f3677550c2cbebef6fa	elf
system/lib64/android.hardware.audio.effect@4.0.so	1692248	a80cd38dee86a3e71f4686165b8cdac3ef8f44ccb5c255f0c7ef9d4118b73924	elf
system/lib64/android.hardware.audio.effect@5.0.so	1692288	d485c71d47746aa05939f3f904ab801fed2867d328b6ec4c728354b9e06378a1	elf
system/lib64/android.hardware.audio.effect@6.0-util.so	35640	143c9c1c79912eccd6f2b5267fde8ff3f4dcc7e15217c82867cee70959acf4e6	elf
system/lib64/android.hardware.audio.effect@6.0.so	1692264	4ef4aadeb25a4414b45d336d7e41811bb4689cb8c96a29a6f799e3f13f4a45aa	elf
system/lib64/android.hardware.audio.sounddose-V3-ndk.so	85504	b782a6bc42463c51135dae9660a373a89bedd401bdf19721ddbbf81521540f7e	elf
system/lib64/android.hardware.audio@4.0.so	924528	1b6b34aa57c395997b46fc01d3d601a9b1bf2211e7c0ab9f63d023c4d9e6af3c	elf
system/lib64/android.hardware.audio@5.0.so	924688	c8148f6b1fd21a1eef9da08b43ca35b1d9b52d47cf9fadb9ea625ad8aec90590	elf
system/lib64/android.hardware.audio@6.0-util.so	52472	6c57ef97f4965bd2802411cd909b121b5b862fd6fe29f5e5c66a6b992305d3be	elf
system/lib64/android.hardware.audio@6.0.so	1041776	08416f0e4ed518073138a0a0cf3196f971809fa7a4b57fb2f8dfea2631fd6573	elf
system/lib64/android.hardware.biometrics.fingerprint@2.1.so	220056	1ece661896d652e32385a36056fbe84f923612736fe73cffb95f765bce94646f	elf
system/lib64/android.hardware.bluetooth.audio-V3-ndk.so	222872	68fc2f9df05774704ae72ad8043a3ebbd5e699acf36ba6dd501146c4bbbd8c4f	elf
system/lib64/android.hardware.boot-V1-ndk.so	85576	dc294a1f761486c02ffd45168c64cbc75d94084c9f371f06c51e51a93ebf82e8	elf
system/lib64/android.hardware.boot@1.0.so	136616	6262698ed78a68bd7e6cea7e757bda8827b39503dc94ed5e922d597c6ba6ab99	elf
system/lib64/android.hardware.boot@1.1.so	136184	709be46c66e2f4f1b09d96c9230a7f0bc803e9028a589d6ad45dae20a93361c0	elf
system/lib64/android.hardware.boot@1.2.so	136176	64380aaacb13a864cdbb02d6d9897da691c2025bf464f56ba3854c7a7a7d5837	elf
system/lib64/android.hardware.broadcastradio@1.0.so	354160	29438d41bc344fc2d95ccbf3d785713431d0b2bf53ca935c4df482766654d8e0	elf
system/lib64/android.hardware.broadcastradio@1.1.so	404608	8060a9f02182853e785151c02cbf3a44cd12bb385d08a9c16c56e737608bada7	elf
system/lib64/android.hardware.camera.common@1.0.so	51848	bcba30418365b4fc274ab471f5578f7d6a66e462bc70bd5d9f5cddcb9fb1e17e	elf
system/lib64/android.hardware.camera.device@1.0.so	386400	94100287f1d53c74e078415989fa0b41ab1b74ca147fefbff65be288a7fc7c43	elf
system/lib64/android.hardware.camera.device@3.2.so	287432	a6f4eb0154d39fa55f2ba64d2cd48759d9dc0c437e4eb097be03af96629b98ca	elf
system/lib64/android.hardware.camera.device@3.3.so	136552	0ec0bfc8be6cd50f5c29c81d5709a53ee807ae7bf12229bb8b2f4019d98de006	elf
system/lib64/android.hardware.camera.device@3.4.so	203456	a02059bb3cb5cfaa177b7f3b06b7627f397fcf48ead5fc7616a06090bfad04ef	elf
system/lib64/android.hardware.camera.device@3.5.so	337128	8a8e9365008bf009ec3e36f9af5713d87d9c6725e11ba18d85ac621c5f4ba8e1	elf
system/lib64/android.hardware.camera.device@3.6.so	320496	7c8a5bfa3214f487af3c266c0b24808f273299c9255c5f7702ff1ff1d6980e30	elf
system/lib64/android.hardware.camera.device@3.7.so	370904	2c311266219cb631ce88c9be02b1423340fe44ef8481619cd2f9ab5fbb832fd0	elf
system/lib64/android.hardware.camera.metadata@3.2.so	35336	1340d1c008345a77418b6a4c101f713fbc5ca5dc02cb9f197c61bd8fb427a717	elf
system/lib64/android.hardware.camera.metadata@3.3.so	35352	b6df61341cde7fb819284e8838abf50513bac317c6d0c34f3ecaedcfa7a0d73a	elf
system/lib64/android.hardware.camera.metadata@3.4.so	35368	2fb853d347c66d85c77ce89a0a12f4115f20d9e6db0d3cbfa75edd6a893dbbfc	elf
system/lib64/android.hardware.camera.metadata@3.5.so	35384	62438308e5fd7639d3cffae24cb8f83260ba417e24c54ca9446679f850969194	elf
system/lib64/android.hardware.camera.metadata@3.6.so	35400	925e41330cf72262e471a1d3f3ab09e612c417b1d275702bf80e816cc87b7ea9	elf
system/lib64/android.hardware.cas.native@1.0.so	136368	1753bd787c728f826229cf5f18aef83bf36f85b56bc974c928c7fefab6d8546f	elf
system/lib64/android.hardware.cas@1.0.so	352544	9a54f8719d29bb54988f6ca255685f9a4bfec64473d45843549573a4abdc937a	elf
system/lib64/android.hardware.common-V2-cpp.so	52160	d071bd1968c30a38a9568594338d43b537bd7049dc01ac6b6d5b25bba15dbb54	elf
system/lib64/android.hardware.common-V2-ndk.so	52280	344a6313e43aae3903c8ebc5c042db558f5a6bd3c3b367802563afbc39e5d1bc	elf
system/lib64/android.hardware.common.fmq-V1-cpp.so	51768	1d9a9d9318c8b666b903330215f7878a6cb1d34716ed9accd17f81777418c7c6	elf
system/lib64/android.hardware.common.fmq-V1-ndk.so	51776	ad0423429289312d2ed6b095d0aade011ec1e76f438350351f1bda55d998e581	elf
system/lib64/android.hardware.configstore-utils.so	51968	286d754736d80af072e913297695a98ac04d848b144e44ab1a5a11d993f35b15	elf
system/lib64/android.hardware.configstore@1.0.so	170800	e4bd3a926dc815eac46289182762579b68541dd1cfb2adf721b288f236e40fba	elf
system/lib64/android.hardware.configstore@1.1.so	152984	9af2817a43ba078db71103d6769ad882a879c383dd99a530a11f93fc3ec67351	elf
system/lib64/android.hardware.confirmationui-V1-ndk.so	85992	695fa924f62eaad3ea718e6de04bd78b128803c7e503ee148232aaee01e40e06	elf
system/lib64/android.hardware.confirmationui@1.0.so	169568	8d4636ddd22e19c9228ff54289d8ef16644dbc5d02384ff837960c92736929b2	elf
system/lib64/android.hardware.contexthub@1.0.so	219440	546a92ccac62bfaa7222a4f8048c6ff0a5f3253048a63499bb2630b473785616	elf
system/lib64/android.hardware.drm-V1-ndk.so	269320	160c814be8cafa085e90409c853443c3d0e042c39d6127e120b141ef65b0bad9	elf
system/lib64/android.hardware.drm.common-V1-ndk.so	51776	f4eae0f8d98e4582aeef097aa682f0595fd31a70699d0aef46d1341c3c3d6e2d	elf
system/lib64/android.hardware.drm@1.0.so	505536	339a709e218a7a9135001fe21a4632e20d5618db2b9c9bf338d201bfbc332d18	elf
system/lib64/android.hardware.drm@1.1.so	354048	5898df4c103d752580ab4f1bd1082b4d27076b357c4c15370feb411d02732f8f	elf
system/lib64/android.hardware.drm@1.2.so	505128	02b8382bd6da98064f08b033943c5252742d0f12136bd093267c06d474815e7c	elf
system/lib64/android.hardware.drm@1.3.so	202704	2cae02c662c2dcebfd1e4f1092172f0975fb91996de39cf63dc612035eaca4fa	elf
system/lib64/android.hardware.drm@1.4.so	453272	2e4941a6298d3eeab46e0a8bb9e3b67b23458b21de55ec83af181fc095d65036	elf
system/lib64/android.hardware.dumpstate-V1-ndk.so	85904	2329711e7d3afdf58389debba94ca0c05b60b25812b966f28c6b33b5976c8cc2	elf
system/lib64/android.hardware.dumpstate@1.0.so	119480	3592e89ef4df4e837372685336c43a8118b1c1c31b9598ea34ab7d9027ee4d36	elf
system/lib64/android.hardware.dumpstate@1.1.so	136016	71434355dc7180c88c1283c9163e084177ba6f25d068a69ce90c693eb933baa3	elf
system/lib64/android.hardware.gatekeeper-V1-ndk.so	85808	7cbd43185ed4cb3916c5be27cbdcc1c655075a3197e774ff983b4d18223e4b2b	elf
system/lib64/android.hardware.gatekeeper@1.0.so	136496	0bc50149dea1fe65840d1b379ec3b1430cb39cdc2604394a93b2e30799107fe8	elf
system/lib64/android.hardware.gnss-V6-cpp.so	898632	0dc35a148e5ec938353ecc7488d7e8326463cd6008c47eca1e7fca85e756cd96	elf
system/lib64/android.hardware.gnss.measurement_corrections@1.0.so	169512	0d63615a72f06fdcc1d62feb0f66b212d12c75354710da77722e04cf0764c469	elf
system/lib64/android.hardware.gnss.measurement_corrections@1.1.so	119680	3829e2864f913d7d4d9c7a12c6734f6df8006bff43fb1bbff2389918bd968787	elf
system/lib64/android.hardware.gnss.visibility_control@1.0.so	169560	b942d2c1e099ee61e3c1c0d8deb8c1741c83a1f304c05b1c61431772224fa5a1	elf
system/lib64/android.hardware.gnss@1.0.so	1366160	ade82a23b9cde8e8b06ee9c66f92a1714561b9d859dca721e58c5a43b4ae308d	elf
system/lib64/android.hardware.gnss@1.1.so	451704	d2ae52af444a06a935d46e3f0d00eef8af4bbfc1c5afc4ef4d6d5d4d4166e15d	elf
system/lib64/android.hardware.gnss@2.0.so	916888	41e0b29a05e85efe63b859cf76c7587b53508edc461e36a90776238d3b5fb386	elf
system/lib64/android.hardware.gnss@2.1.so	700048	70946560606c8bf4ce284e169800c25572561d5821d17b215a4403b1176db389	elf
system/lib64/android.hardware.graphics.allocator-V2-ndk.so	86192	28502196664b57a1056aa381d33fc51f2e9c2fd44946b27764c9b549e360304a	elf
system/lib64/android.hardware.graphics.allocator@2.0.so	136280	21bfc64b38b3d48708ff7af5a00a4ee509b865ac3ff74fbc9a4f20376468f38a	elf
system/lib64/android.hardware.graphics.allocator@3.0.so	136280	d6eeefd6bfa1eb81f3de7b0042a8c6f697e173d95380a4ca7539f9c00c65e3b9	elf
system/lib64/android.hardware.graphics.allocator@4.0.so	119736	f2202808954d525878cb296cd54398670f52a6f2b3cc854b100fee9c06f95512	elf
system/lib64/android.hardware.graphics.bufferqueue@1.0.so	271344	63382b8000e4bd31201868ff87d7181aec9d88a15882549bf899cb4da63156eb	elf
system/lib64/android.hardware.graphics.bufferqueue@2.0.so	254224	77fd00b455492b0f80e8a34ca8f606f7ac3cb6a5f1909bd7e57582a1308d6b6e	elf
system/lib64/android.hardware.graphics.common-V6-ndk.so	52544	b9068201f68c2308d4c26dfba5738a7906552b268e17fdf9cff83e72d9669a6e	elf
system/lib64/android.hardware.graphics.common@1.0.so	35336	1bb3c1d2144a1de83d8083a15ccbca64a2981559fd8058870e82b69943edfc05	elf
system/lib64/android.hardware.graphics.common@1.1.so	35352	ad1fbfd69877742e139f0a5c181a7cb9a3497c5d8a2c2c829edf57f146fb73f1	elf
system/lib64/android.hardware.graphics.common@1.2.so	51784	4f9bb1b397968f05df2ceee85832032f6e6e1c52aeff74a9a0f87311003cc815	elf
system/lib64/android.hardware.graphics.composer3-V4-ndk.so	337768	265e7d1d6c09ee18cdbdcd9b89d06d8d55b435b1fea0a8079e764c816a68b5e3	elf
system/lib64/android.hardware.graphics.composer@2.1.so	355328	e9378940a79653486d3ed7fc69fdb4184b3ae769cd4db79435423faf82d4ef3f	elf
system/lib64/android.hardware.graphics.composer@2.2.so	304256	5ea2620b390f433013a85d3b5b1b7cf9f0b8e01d37c58df57f16d655297f7d44	elf
system/lib64/android.hardware.graphics.composer@2.3.so	355632	f822909036136f464af915f6dab4c35758e1fc9d8d47c2a1d24088ffff6dfe75	elf
system/lib64/android.hardware.graphics.composer@2.4.so	422608	e845870d91f7b5a66fc609bc8322ea1d2f9b896b3e5b360719a129cf8891580b	elf
system/lib64/android.hardware.graphics.mapper@2.0.so	136584	b0c8c9661b5f395e8c957a121ce797b21a38e1c77859e758c67e0f1049a8524c	elf
system/lib64/android.hardware.graphics.mapper@2.1.so	136576	40f1d6fe159d4e5f911bd630773b8a32200a8c47034e99829699b97b703cee65	elf
system/lib64/android.hardware.graphics.mapper@3.0.so	136928	9e940bd1b16c1d2733b548ecf087f21835df8c78c02549a19c3babf840904814	elf
system/lib64/android.hardware.graphics.mapper@4.0.so	170920	7b930464004386e43f7ed226e7ecfd094ee9d4ec9c2d33cd2ba3d4e059c9cf69	elf
system/lib64/android.hardware.health-V2-ndk.so	102656	d25ef324ea14e1e7fe8240ac88b7606347983afdd6bad17a8c882da0867b2d4a	elf
system/lib64/android.hardware.health-V4-ndk.so	135792	22c0dd662f6085f2b4d118335ff43ddc135d9246cbaf920c9359443437846f50	elf
system/lib64/android.hardware.health@1.0.so	51816	a48ee3987021a46f37dabcfd3a0f666d36ae77666cf7bad58d4c46802c4a10dd	elf
system/lib64/android.hardware.health@2.0.so	237312	c59c99fb4de2f277f93893da4763f4089180c1786456e43fb30bf75beae36cf5	elf
system/lib64/android.hardware.health@2.1.so	220344	8eca68d9e4f2da154771965ac0911eb9eca96a2e4d1306da3ca1fe281c4e6c10	elf
system/lib64/android.hardware.input.common-V1-ndk.so	52368	7fdf4535120117969c4b5c26c9edf5a8d981e9040931b1eeae3d97d4e994e38b	elf
system/lib64/android.hardware.input.processor-V1-ndk.so	85528	014a8ccc734fc090504b4209b058dcddcf1141dca0e5df51fa3e9f50f297b9b5	elf
system/lib64/android.hardware.ir@1.0.so	119736	d534f49c4d96014605a1557f5173cc277212d36f4109fc88d211b1c8f31f375f	elf
system/lib64/android.hardware.keymaster@3.0.so	188032	6d4b063544a37899609b0772e0bda3853b2f33d70e974a0662bb6933b4af0d60	elf
system/lib64/android.hardware.keymaster@4.0.so	221616	dbe9a31f928e01e2d5c5132dee3f7bc4cc6c419dd3f2d685b702623df63791a4	elf
system/lib64/android.hardware.keymaster@4.1.so	153456	f7fc88aaedae8275c3a2db07ad7353048dcc2cc928621a34cc61e285902e1ab8	elf
system/lib64/android.hardware.light@2.0.so	119664	e312bf3e7be0ee57cd31857156c5d49ad4642fb005d409bbd6ba312ffd3d8637	elf
system/lib64/android.hardware.media.bufferpool2-V2-ndk.so	136520	45a2978fe32571654b5d25743046e254ea45961ce7ab5747db4b74ff1cc9a615	elf
system/lib64/android.hardware.media.bufferpool@2.0.so	303448	c4078b1a4b0d08f975728b31d6f47408698d091734170e01a860d54f54712d6e	elf
system/lib64/android.hardware.media.c2-V1-ndk.so	370080	f4dd80b00ba6b8a7844b3992e5e7d782ebc6a804847a33b853c91c2ead5e01ec	elf
system/lib64/android.hardware.media.c2@1.0.so	738552	d7ffe4314636df59a74427ab2c69bde1ece0ef444b74a012d42b3e946d1835c9	elf
system/lib64/android.hardware.media.c2@1.1.so	237328	088e9e233e598cca439c835cf4f90a6c8f67bc0bc552ca49e252c24a1da872a5	elf
system/lib64/android.hardware.media.c2@1.2.so	286648	8337f7978557d4cc2e7ea18b628e484831779ff806e4ddd3f9e41b5989ed88e2	elf
system/lib64/android.hardware.media.omx@1.0.so	571656	8dcca8d5442c5a83fa532c470c791ebcbd44d6737bbb0dafb2150ce253a69587	elf
system/lib64/android.hardware.media@1.0.so	35480	e5377058c119eca1af4f30885cd6186da7f978138d90fed1ad18e910478b770f	elf
system/lib64/android.hardware.memtrack-V1-ndk.so	85888	ee8ae63f1987f9b963cd260254e0514e8c058389e1bca37a0338ddedb2f6a5ef	elf
system/lib64/android.hardware.memtrack@1.0.so	119680	f89037be4f800e280d6aea8c3dca20dab75c8dd57fba6ff64a3a1f8ed601b386	elf
system/lib64/android.hardware.power-V6-ndk.so	169344	c3437523c79e1222452e1282a84957f10a8ff994aad8e12b15f518d423f23f1f	elf
system/lib64/android.hardware.power.stats-V1-cpp.so	102248	f00a417048a162129c73a72a139a15576be1b150269c5b585b47f41aede12d9f	elf
system/lib64/android.hardware.power.stats-V1-ndk.so	103088	094e318a30296a5ab3f3b76dc7b74669147b72af2e58eb4bd3a8de1b245187c1	elf
system/lib64/android.hardware.power.stats@1.0.so	137232	eb5c1cac9df7552aea6322ae9d8e77022ab1f943aa28a45e92ce009018d98727	elf
system/lib64/android.hardware.power@1.0.so	136264	e16a8cf56c0a71f294fca967bbb1ea0c0c16214b7a3defc72da3dfadd235b781	elf
system/lib64/android.hardware.power@1.1.so	136392	0cd44183f625148e2f743275a69efef66b6c6fc6189274480c8e60ffbb7f21ca	elf
system/lib64/android.hardware.power@1.2.so	136256	8bb11bf6ec31b933840a59dcaf2c79778dcbced89f48e7317a985e77ede0ed3e	elf
system/lib64/android.hardware.power@1.3.so	136336	ba133268b7d8b3001bd07fc6dd9d9993a2b5b64e31beeae4bcfda89d1c5ea4bf	elf
system/lib64/android.hardware.radio-V2-ndk.so	51792	9e5baa4a4fa155664244c6fbbb54a3e04b624198be84bed95673db46dbbf1be3	elf
system/lib64/android.hardware.radio.config@1.0.so	236784	6c2e96a9c61d09c5e44548d51ea5e8a4ca8b1483d0c81cc562991c11d623304b	elf
system/lib64/android.hardware.radio.data-V2-ndk.so	219368	4b33859e372ba6aee4631d04de0856c9cefe9a8ff03152963743ea594ea1bff5	elf
system/lib64/android.hardware.radio.deprecated@1.0.so	236736	62b9c4a1333f440cbd02ddff23cf41341574b7958cdbdc68e3aee816e6a31d98	elf
system/lib64/android.hardware.radio.network-V2-ndk.so	352920	df6f1957481970bfc82ad8aa9adf5e9df186139b9992e560bada1a19da7b230f	elf
system/lib64/android.hardware.radio@1.0.so	1970616	6551b692af25a459f35fc2fef1fc0c6343f0652f2f926bf1be9a33c4856d54e0	elf
system/lib64/android.hardware.radio@1.1.so	1369648	05d61f4167905e44bbc311d406904151815208775290c1dfec1016ca3087caae	elf
system/lib64/android.hardware.radio@1.2.so	1504408	452e2519948f3d786141b1118663abd253c2406a397d4642f5fd05d5b049df18	elf
system/lib64/android.hardware.radio@1.3.so	1404648	47dd321b5d9a5cb2a7c495f12741bc9e2c56e941521ed0f21cf14afcd4ba704f	elf
system/lib64/android.hardware.radio@1.4.so	1638704	5db325c4ddd698cc08d2c830a0beb39c246ccc859662ed518b1bcc9cf7765364	elf
system/lib64/android.hardware.renderscript@1.0.so	436416	6f8949c1612ed34b77cc0b0a1a6f5a5c14195df397ff578a915ed667d9bc7809	elf
system/lib64/android.hardware.secure_element@1.0.so	186696	7624e2bd9fad27010d0e0ee1a15329ee1f293ad25a2732256c24b09c2e94a7a8	elf
system/lib64/android.hardware.security.keymint-V1-cpp.so	153376	d9f872743d90f7139bc7334f9e6956b260ca588811e82f515fdcaf4286a237d1	elf
system/lib64/android.hardware.security.keymint-V4-ndk.so	154184	d6697954f34b4947e432c6154e0661b7127d5835dbdc3b56f56a8b39c680fdf1	elf
system/lib64/android.hardware.security.rkp-V3-ndk.so	86112	c6c2819a2c6f07405b568867a05020ae864708aa3a1ebf30b62c2603ea12dab3	elf
system/lib64/android.hardware.security.secureclock-V1-cpp.so	68864	5338999ec20f312bf51f21b873d14724bd0d8c42a31dfb2aac742414b7073776	elf
system/lib64/android.hardware.security.secureclock-V1-ndk.so	85704	5335de9d6f341dbfb84d501eb03bace10c1b433b1762bb783c908cbdb34c6462	elf
system/lib64/android.hardware.security.sharedsecret-V1-ndk.so	85888	506229f77342b31143a0c8706cd073e21f504de89bf415126470b5745851ba9c	elf
system/lib64/android.hardware.sensors-V2-ndk.so	135976	c35ee8091ec3bcf9dc07c7cc5bf86cb418ca31aad5d6dd5e2a803b0d499b88c5	elf
system/lib64/android.hardware.sensors-V3-ndk.so	135976	1438450ca931cb41ca8ec39e74694fba6cd5fc7425a533a86da1b4c615e28fea	elf
system/lib64/android.hardware.sensors@1.0.so	153328	ea468cce68e427b87d3dcc7522cf6a58b5883c68cbc4d6b0c900201666fee670	elf
system/lib64/android.hardware.sensors@2.0-ScopedWakelock.so	51744	e31b5c813650abaac8f18cbff75af5f7366f9efb42ade3dd28fb822b02efef12	elf
system/lib64/android.hardware.sensors@2.0.so	219896	99259d2085db5a17091147d2298e4e62be4bbb4782d4cac90ae7e1517bc4e49c	elf
system/lib64/android.hardware.sensors@2.1.so	219888	1f32c350b7a6fe168069df29732aad1d1ff509192237c346309559b4d9f81e21	elf
system/lib64/android.hardware.thermal-V2-ndk.so	135752	3d517fe8d7e979e351b9c753221db97723c1f4619018b6d496afedcfc2fefed6	elf
system/lib64/android.hardware.thermal-V3-ndk.so	135768	2fafcde765319659363154252f424fa3891b11db8fd6a48c42d237b48db592ff	elf
system/lib64/android.hardware.thermal@1.0.so	136456	1d35e11988efa75cf4865608a052066bcd762a41b0e75205968be4b4714a32bd	elf
system/lib64/android.hardware.thermal@2.0.so	220064	903e3c0eef46c54afe20b2e28284e39b6256550115eb0b3d04c9c5ed5acafc70	elf
system/lib64/android.hardware.tv.input-V3-ndk.so	119528	f0faedea686af43f5ed82f25a51d5ae90a5bc74a013249038b6bbae8ebf5f8d1	elf
system/lib64/android.hardware.tv.input@1.0.so	186216	1c2361480effcee504f182c30d4a3703fbd4e4beeb51c1537dfbcaac132d5251	elf
system/lib64/android.hardware.tv.tuner-V3-ndk.so	582160	40ff5c3bd36d089db988a63b92fe606b85ff18fe7d8a68645ef55a81fe6e0805	elf
system/lib64/android.hardware.usb.gadget-V1-ndk.so	85800	5721efabacf8d46f59caa90f08a6386dffeeb776446bc2f8a6b45a73d1c61e08	elf
system/lib64/android.hardware.usb.gadget@1.0.so	186112	bf57c7c13bb702b61e2b2633823aa30139038ee8b26436c01bf97d6ab52effe7	elf
system/lib64/android.hardware.vibrator-V3-ndk.so	185392	95956641e3383f87606952124916c554860f8e19c2fba498989f9271df76031f	elf
system/lib64/android.hardware.vr@1.0.so	119472	4dbd6d61bac93ccd68e493600216aaa3a7769b97da297641cc61c9241da9d151	elf
system/lib64/android.hidl.allocator@1.0.so	102480	a6a60468d2faeecc0c19a0369e1d713008dbae06fc3bb9a15129b99fa82a5678	elf
system/lib64/android.hidl.memory.token@1.0.so	102288	ce4c415817884cf8e72298214f065280e3bff86176a931c6e7fed92c200fc491	elf
system/lib64/android.hidl.memory@1.0.so	152192	740111a97a7ce43e727b79fd90bf69eb1c70be022a6385e66a39908e226dbcef	elf
system/lib64/android.hidl.safe_union@1.0.so	35320	12c9432bd4725b1eaa8cb692b27f650f0e61bc781cfc9fac73c07be5d415c005	elf
system/lib64/android.hidl.token@1.0-utils.so	51976	699e7ca6c118cb50f2c6ee8ec364849944d228b1905e91cb2fadf8ae381fd615	elf
system/lib64/android.hidl.token@1.0.so	118832	09472dcf43c961d05b1e121afc3e3226e1dd0386cb70ef79ed289f9aa27c7b9f	elf
system/lib64/android.media.audio-aconfig-cc.so	52256	585b5ee450e9906b35d79a9720a2db547f9d51e1408c54ce76fc6050b572c075	elf
system/lib64/android.media.audio.common.types-V1-ndk.so	85672	a4f09b9c45ce16bbbef46efe09305219f49a0d6a072b398a451aac805a37a8f9	elf
system/lib64/android.media.audio.common.types-V2-cpp.so	122480	b8fe271778fc58c856993140ec4f32245813fdf746eb7a957f54581671900817	elf
system/lib64/android.media.audio.common.types-V2-ndk.so	119104	309290ba09e1e84e04e85369c205d2400922cf91b4f7990d2c6a1da3d109ab0e	elf
system/lib64/android.media.audio.common.types-V4-cpp.so	157352	0daaf22758712720aab054d4b45ac93d762e0b95ca3266967446f16571043e85	elf
system/lib64/android.media.audio.common.types-V4-ndk.so	169056	5a5411484e20154fee99523fa2ecc27184a13d455224202689bd50ca441a2870	elf
system/lib64/android.media.audio.eraser.types-V1-ndk.so	85624	668f186d54b94d61e307c4d3b21c72b9ca85ba4693f6a46398a12fd942545653	elf
system/lib64/android.media.audiopolicy-aconfig-cc.so	51808	a6a4effd4e6162b12222e3b9f75ddcd4087ab00c34cffebaf30ccbaad9bb8daf	elf
system/lib64/android.os.flags-aconfig-cc-host.so	51640	c5e37260906d829f45ab9c0975fba1b99ef405d644a73d5ce76c10a4da3403c6	elf
system/lib64/android.os.flags-aconfig-cc.so	51640	dbbb068e03df09e4a189458605b32dde2353edfd91c8894c1c57091ca4b11e57	elf
system/lib64/android.os.statsbootstrap_aidl-cpp.so	69072	d6701114409c81af5a3bce54ec3e7a0ec773e89b69cd64d4e1091857f079f149	elf
system/lib64/android.os.vibrator.flags-aconfig-cc.so	51648	62c4ac1399778d0db8deb9e91eb5e13d77ce280b27de03ab9217fa7ce83b4cec	elf
system/lib64/android.security.aaid_aidl-cpp.so	68752	8c4b6f729a741831d210cde65f362141459d1414f470e904e5873c96f9c6f2b3	elf
system/lib64/android.security.apc-ndk.so	85680	94caf9763382fd376363ac8261d6c9668322624c0cbdb8ec2bb4bddca2af2745	elf
system/lib64/android.security.authorization-ndk.so	85728	8c593947cf718d6bbb1a434a4843f6102ccc0ec7b651ca776f77a38342af182b	elf
system/lib64/android.security.compat-ndk.so	52568	0c227b715ced40ec480f8439fe77fbd49a0d217f0179549ad84d271c1b9c7f15	elf
system/lib64/android.system.keystore2-V1-cpp.so	119336	51b5e04576b905ca24b7df1bfcc855496799de08bbf9a9206ed4778e53cea4a1	elf
system/lib64/android.system.keystore2-V5-ndk.so	135896	c7aae8a64d7d944cab27c8e4739f614a6ec8f3a5dd5cba7170588940647eee00	elf
system/lib64/android.system.net.netd-V1-ndk.so	68928	45271ab4853387eb8a5113e6f63a9fefc8d7d23bf46a3436ffcbf96a27f0eb2c	elf
system/lib64/android.system.net.netd@1.0.so	102400	aa7d3753f6e64522b700a2b1f2d3512be0db99b58dd3e7933022e4e2a381977c	elf
system/lib64/android.system.net.netd@1.1.so	118744	c6b165f09e82e87d5f31de91881c558f9a252804c5271476e0f276af581328b1	elf
system/lib64/android.system.suspend-V1-ndk.so	68952	2325ef7916830a98abe803420587d2ec34b93a4570d39a389bc6cfb338b00517	elf
system/lib64/android.system.suspend.control-V1-cpp.so	85320	001fecc16e4e18a58bd93740c1c0e200f896f11138544247c08200bd0200f4d9	elf
system/lib64/android.system.suspend.control.internal-cpp.so	68800	1050e9555ac54e9e19acc4934b209277b9b8eaffa7a56a7ce585cec4cb3912a3	elf
system/lib64/android_location_flags_c_lib.so	51648	95c35ac8759529a07a9b1610835efdca2337d19f78c8307a41834ae30c7956c9	elf
system/lib64/apex_aidl_interface-cpp.so	85160	20e74aba4deea1f43604df992bb4b45ff00b8a77ed9864e5df5bb3eb47e06a64	elf
system/lib64/apexd_flags_c_lib.so	51648	996356944d2a3e3fe176baec88c25d06ce2f2fa153c299350491cd7cda941434	elf
system/lib64/audio-permission-aidl-cpp.so	68552	c72d769c993745c93ddcfa8d4eb08193f428ba5d4568791aa29cd09647d0bfb9	elf
system/lib64/audioclient-types-aidl-cpp.so	89336	246ac56d33d655c752c9ecd81e0484c69b9e90bb82b4b00a97e1139158fffe93	elf
system/lib64/audioflinger-aidl-cpp.so	383648	1bc034904e9aa0747e2b9ce03960b332bd51778b99a817d59c6884decf500bd3	elf
system/lib64/audiopolicy-aidl-cpp.so	317224	2aa4e5b8ddb3e9a3d6b4a63cdf65502e99873a3bf49dfb210fa6d33dd5c276ce	elf
system/lib64/audiopolicy-types-aidl-cpp.so	53912	64de8c508ed246cdf3e6d1e52859e25ad351b6094b3742652320eb23ea007b93	elf
system/lib64/av-audio-types-aidl-ndk.so	85584	a3a7150ac25c7b93fec7f046c2d818aff2c3f545b01e8bc658929fc8d08440b7	elf
system/lib64/av-types-aidl-cpp.so	68880	3e77d4354bda2dc5b5ead858c853a0143f5fff94876f198ffb26efd2dae5f001	elf
system/lib64/bootstrap/hwasan/libc.so	1589064	75601dd44be1763fb353d3ef8e761a74830c8cc191ca77be1dfe6bfc9822505d	elf
system/lib64/bootstrap/libc.so	1226152	9ba419b7e78c8e3912076a42ffebabb0f77d34d1f3d42f722b73ff4da1688c94	elf
system/lib64/bootstrap/libclang_rt.hwasan-aarch64-android.so	1251936	55d533c538c9b546247a3fcc11d53d3f70c9eb15b27469c7a9de8774d12484d4	elf
system/lib64/bootstrap/libdl.so	50840	03d80d466a9089872ba8de5949cbb1518ba82e8f946e734c3469a091fff482f0	elf
system/lib64/bootstrap/libdl_android.so	34776	3a09adfe7eac54eb8f2c3b73a60f4f7f4c57ffdae764ca44207541fd7d76374b	elf
system/lib64/bootstrap/libm.so	249080	bca3d8347d16b04042dcea5cd6056fc7ea9ba11f1979b07b75c8c7493279a904	elf
system/lib64/camera_platform_flags_c_lib.so	52312	6a84f6d00984fe95dd2ad1547f3a74beab6543dc0dedbc49002cc20479813414	elf
system/lib64/capture_state_listener-aidl-cpp.so	52072	fef049ead01f53f28c87975925974a28ffba56c51d67a88a1c6fa89ab545fdca	elf
system/lib64/com.android.media.aaudio-aconfig-cc.so	51728	87169a1a47fbf3f24628ace9f8104cb305570e1c630747791f5dee3b47b20107	elf
system/lib64/com.android.media.audio-aconfig-cc.so	52112	f7e6739e953e57011b31fc75de413a948742d399448b9e131fb06cc752b5103a	elf
system/lib64/com.android.media.audioclient-aconfig-cc.so	51696	e3be9f343673b94088a1f1121ab35b660b15dd85d98edf759b0e05dee2130ca3	elf
system/lib64/com.android.media.audioserver-aconfig-cc.so	51992	7dfb8b7ca168bd2c034cee4b7d9cb8736c556f569ef98bd66b8bf685a508bc43	elf
system/lib64/com.android.server.inputflinger-ndk.so	102024	cf20efd8bd8edc3674b2c91e8950cff8ae65fe6c3eb6d44725f25e87a96459d4	elf
system/lib64/com.android.window.flags.window-aconfig_flags_c_lib.so	84416	6b378922374cf4f1f4564880f3361e249263a213e0704fc5a37478996e78c3fa	elf
system/lib64/device_policy_aconfig_flags_c_lib.so	51656	6557eebcc9afcdbe3b57f5e5cec6435ce985a8baf3ddbdde3b989237ed0360e6	elf
system/lib64/dnsresolver_aidl_interface-V7-cpp.so	101832	97a5e06c1963ffa3e9e5dbb56f063e42a374efefde9182cd25d69d8428ff209f	elf
system/lib64/dynamic_instrumentation_manager_aidl-cpp.so	68752	66660cb915a8ca7b487182172eadb140ecf412d4eded4effc58a32dac2338d64	elf
system/lib64/effect-aidl-cpp.so	85120	a4c0511b00d392f5a70fb990a55a6e3fea2cb6d11c5c1b7d53828dd233ef224c	elf
system/lib64/framework-permission-aidl-cpp.so	68896	a540b06efe745fc4ff2050ce86687ca748946d14fd139babf4d16326a2f9d2f6	elf
system/lib64/gpuservice_multiuser_flags_c_lib.so	51656	c9e0d7744186029db9efe9f8be024ad039546a8f99f16637b3bad83024befc46	elf
system/lib64/graphicbuffersource-aidl-ndk.so	102368	6da443de53dbdd6ce806d8f0a0cc263add3dc33f546c4d1b13ecdcf9f0d587b8	elf
system/lib64/gsi_aidl_interface-cpp.so	118240	0b02d300b2bf2b029ae915aa80a10d0749049bc7d8f5d73e1ce52427bb824553	elf
system/lib64/heapprofd_client.so	51648	0e32f4dba5c451b6f7b0f7994624a4d35d2ec52026f4e31522c7c172b48247e9	elf
system/lib64/heapprofd_client_api.so	86128	8f20c09cd41a704122fdb820f39d00e99331789513e464b8a621c607eafd3584	elf
system/lib64/hwasan/libc.so	-1	ERROR:[Errno 2] No such file or directory: '.work/fs/system/system/lib64/hwasan/libc.so'	error
system/lib64/ld-android.so	34184	934daed462f3322d78c0f3d20c4e6abc61d101b265503acfcc6692f000aea581	elf
system/lib64/lib-platform-compat-native-api.so	52016	9d5f9b3119330134b738161f4b7aa5d5781fdf8f253aef995505abfbe4505f17	elf
system/lib64/libEGL.so	270680	0d7b2a460fdaa6a2e6907179c14801d38545073e1df0dbf4ff1f4929d87cc4e8	elf
system/lib64/libEGL_angle.so	713144	6d55a7c00d5bdd68e3bb53550a8ac89f567d888f6dce84e9a74331c4c28e3a64	elf
system/lib64/libETC1.so	35496	5ee80e1a369de76cb4b0dff2b73181d73792fa4a4fd321abf656b5dec74f0b59	elf
system/lib64/libFFTEm.so	379736	0513e46da78cb9bf123bd3e5c2cc3a09241c7d35a3d1b52e41cd03e927744982	elf
system/lib64/libGLESv1_CM.so	51864	b348b3f316f59a479066205eedff9ffadc42379802bf4965a27b5a71c1a2277c	elf
system/lib64/libGLESv1_CM_angle.so	52904	488f3db3d64b1419e3ec0d47aeb596f264e23a5136b510bb4b86f983aac2c8f3	elf
system/lib64/libGLESv2.so	117344	0aed497c59deccec85048690bd24ca89a72779905efc175ab7b85a9ecf5c579a	elf
system/lib64/libGLESv2_angle.so	6250984	743e6ce6c98df52686c1ebb89e6af8090d69dee2e22707d46c769f9f3ddc8e52	elf
system/lib64/libGLESv3.so	117344	5705ed34fff3f4681f04668445ac37e0b61f32ef49963e4e198583f7d3d8d771	elf
system/lib64/libLLVM_android.so	15812504	94ce42c9c90676b1c0cdd80b8d0d4872969da6cc931b12bae2fe2db71382716b	elf
system/lib64/libMotionEngine.so	555400	e13816605dc2ac313dc35aabf12d9b78eaa425628ad51e46a5b3180a7ca99ee0	elf
system/lib64/libMotionEngineVk.so	395304	523d116cc7fd4cef752beccc3fd01c47f958686d1bf935bcaeaa63bf4cf4ba95	elf
system/lib64/libOpenMAXAL.so	35896	035039ddf1c557d20d7312969c1532601d1696817425a4de7cc76481ff3e1f8e	elf
system/lib64/libOpenSLES.so	35992	8b2f7c81a1df2b30e420e27e51c9549c9bf8a1026111909b2d05b835bf354fda	elf
system/lib64/libPlatformProperties.so	135512	40df9e41540d5accdf9a45a537c74563c370a4e501ef504c0fb845aae5d39316	elf
system/lib64/libRS.so	86888	589bc429205ac301cce3470f2a5f272e4e53e919bd753e18b4ccab81d65c8907	elf
system/lib64/libRSCacheDir.so	51608	967eb771667c2c99a6434e970b13f433a4be184c7236ec016c560916c907992a	elf
system/lib64/libRSCpuRef.so	431248	18fdd5decfa5971d49eada7b16592d9b3f79286bf604f9dc17e1ad21eb402888	elf
system/lib64/libRSDriver.so	248720	ad76ab66b7a153e0aafa5c28862286af194e3c1c2eb6c8b8de0d07b2e52eb127	elf
system/lib64/libRS_internal.so	348392	ebd77a3d5dd553249c3b2e2c78ec47edf324801f7d88bb0119e60c99c3966867	elf
system/lib64/libSurfaceFlingerProp.so	118256	1dff48f4d96169b685bebf96d3913375d002ff6e3066b5756828c1cf8c8423ba	elf
system/lib64/libYouMeMagicVoice.so	2198456	8dad01d9a039a08ea5e2f2948a713e80b7d97ad526dcd3a10d881c224ed577d3	elf
system/lib64/lib_android_keymaster_keymint_utils.so	37472	bc4e021cde29ae6cca595a0646ca6e32aad7cef5dd61cfbdc9f538f6f2ea5f23	elf
system/lib64/libaarch64.dylib.so	161568	b31975707eb1ffbb2567897a8342f7860b84739771b75a3d9f5ceab0bdd96bcc	elf
system/lib64/libaaudio.so	86112	60ee5eaef25aeb4911220dcbfd1c9c66ed112c1332130d11b37b3fdecb5dffac	elf
system/lib64/libaaudio_internal.so	484320	1e1792c88bc56c1aa690e64b8fbab2acbbe86938e84cc04599b2ec8674b7ffd3	elf
system/lib64/libaconfig_device_paths.dylib.so	37168	507f79cbe5610343e3700ce115a8fe006efb2041854ab84e9a56ab22c663a3b1	elf
system/lib64/libaconfig_flags.dylib.so	35272	af8c6a3c4d9336cc46059fc7619e9235ade706ba43be157910c94a48aac38096	elf
system/lib64/libaconfig_flags_rust.dylib.so	35344	9e51993773f2332e9b919177b7060983fbf585cf5739d471eec90dd4600d5b24	elf
system/lib64/libaconfig_new_storage_flags_rust.dylib.so	35344	f97a73422ad4b6ad8926a48d057b8f9b9e3a5bf90d082ca8f7670e776b3b142d	elf
system/lib64/libaconfig_protos.dylib.so	93864	d8c1fab80e95d3d92a1486d416f32cbebd3646637a9483d91e161747225a5760	elf
system/lib64/libaconfig_rust_proto.dylib.so	225144	531e23eb45235954c0574b273216dfa19464d37f445d3a6e45074d97deba6202	elf
system/lib64/libaconfig_storage_file.dylib.so	160640	50c707747a52e362a529662d68b11938710bfc9b628d676c495af8821779ed56	elf
system/lib64/libaconfig_storage_protos.dylib.so	121584	cee4cb65fa53e0dbc36ef3df4bb138ea09639cb710b56d859955ce2e81e1b9c4	elf
system/lib64/libaconfig_storage_read_api.dylib.so	37904	ed55055914632e39d770f5d894988aab8b1bf55f55dd3621d76b8a35e446c5ba	elf
system/lib64/libaconfig_storage_read_api_cc.so	122152	1a7bdb594aa56e74b1113c2715a4ecc1b76e635fa5d205887aa6ad58b7c93ed6	elf
system/lib64/libaconfig_storage_write_api.dylib.so	37560	0bdf1cde98446a04cf73f8560ae2602fb97958ccb65ab134d0ca32f898050d7f	elf
system/lib64/libaconfig_test_rust_library.dylib.so	35344	a8307bb6f37d49f347430c1a5ca50a010d89070b16c9ec62df598a6233493ea0	elf
system/lib64/libaconfigd_protos_rust.dylib.so	35272	fed20a0343ac674206b5d2b612ab88b7c63d926143e03f6e8589f5b2966f2318	elf
system/lib64/libaconfigd_rust.dylib.so	193312	d5e4af34ca88d47aa9a04daa8b36f883ef8f3c56fbb460b4a65c0b3a2612032e	elf
system/lib64/libaconfigd_rust_proto.dylib.so	151968	7016b1afff2297abc1469e5e31e05928d4c3585124a9694dad295727ffbe1863	elf
system/lib64/libacpi_tables.dylib.so	70440	26139b2b56fdea20ed9c166cca6da99d41d7da53b95f87a902db87086ded0c68	elf
system/lib64/libactivitymanager_aidl.so	68800	3b779d37802c17e8e3515253ae5791099716d20deb4f180934a8c3fdb74423b2	elf
system/lib64/libadbd_auth.so	307232	25b5a7a352f5c02bebe15686173840c1f6833c36dd1205ff5c369c21db15eb2d	elf
system/lib64/libadbd_fs.so	52464	ab14f6ec17da000397794eae6b2f22fc6a9441b23108b9eb4d2d423220932fac	elf
system/lib64/libahash.dylib.so	51344	0cb910f62b2b532018ad6b653f50147708073ecc5ef08b19702beafdc5cc46a0	elf
system/lib64/libaho_corasick.dylib.so	90328	6df258157013cc244734045847f3c8e7e7db8b7c9ab75f05721bd9e529095502	elf
system/lib64/libalarm_jni.so	35912	0cd433609f3e9859e3458a9cb5155dadc61c505fc4320b94952c3bb3f19c88a1	elf
system/lib64/liballoctop.dylib.so	71672	8538dcd5a66280c41824734e872621c55245334d6a3a4071cd58a6ab1f3bbae4	elf
system/lib64/libamidi.so	52936	05b8c63d66125e00633342cb91cd5da23ea958d53bc23758d9ae77deaf16a422	elf
system/lib64/libandroid.so	319360	ba92b88d9f8c40ab8f60f13e0a27dc23f7dda72d1635b2a336070298eba28a9c	elf
system/lib64/libandroid_audio.dylib.so	38552	912e33f33f07ea482e29e11da8e08b83f1c78e2fa6ad68cf20bd1756ee5f215b	elf
system/lib64/libandroid_gui.dylib.so	629552	18545e6e20de4f0ce09005e50f7386c151cea886fd0af55e9ba5e7fbed67e7e1	elf
system/lib64/libandroid_ids.dylib.so	35272	77f8f9bae2cfeec6a0c6b193abf2ac519e2b11c560f02d26e093282a79d3e664	elf
system/lib64/libandroid_log_sys.dylib.so	35272	01346aad229183f78d63c24b1ed6adddfe9e7a85fb6035c61a03ab74ae353079	elf
system/lib64/libandroid_logger.dylib.so	52856	ae396a7a4e23ae4745896d896d2669700b686ddd87e77957c95d2d9778e5d184	elf
system/lib64/libandroid_net.so	35384	1ae3365b77bc3c2f3257fdfdd1958d0b5418bdbec853d327a3f7902a4485050e	elf
system/lib64/libandroid_runtime.so	3122640	81fa5b21a02ddc04178134f3a0142b2ebc7b449a786dd37dcd85f677cca1cba9	elf
system/lib64/libandroid_runtime_lazy.so	51400	d6805ff8b563cf3ee23766efed6fc83cb6971ca95f0c5bee5a0eb6cab7368726	elf
system/lib64/libandroid_servers.so	946712	4e6774b19b57c299925cc7a421bb11e66d2eb9fd0015a73d4275f94e5dc87d80	elf
system/lib64/libandroidfw.so	1223920	c9ae4e9a913748c17f72161807d4db49e1612b932987f29041fecf1f334b9705	elf
system/lib64/libanstyle.dylib.so	36184	0fc2ac222feb5a723a35065482de334da2df7ad091acf88e4bfde1f2984fd510	elf
system/lib64/libanyhow.dylib.so	38032	5185c502b9536c171ea980d43976a316946801d80a87b6b705412986df5f0456	elf
system/lib64/libapexsupport.so	186112	29d14a29bb4f2001735b842dc43eb5d9f3ed48c0df1fdba5eeab766e3cd3d2ec	elf
system/lib64/libappfuse.so	85376	2533081c65053ddd40150e0b17b48503b30d88e8b7b8f844cd612c9d58887aa7	elf
system/lib64/libarch.dylib.so	266320	1f0c7470d52c2f45bee99005c3bd4c4f532385fcdd95c98f8bc360a051811834	elf
system/lib64/libarcsoft_single_chart_calibration.so	292568	d7e3cf8e5b65a742c7d6eaf458dad40b7028627456ed7edfd78ad0013cfad681	elf
system/lib64/libargh.dylib.so	36176	bb2d7cecac636ddb6b71d0b8bca5607b8972fc8cecb3de0e61d987536dd42d48	elf
system/lib64/libargh_shared.dylib.so	36080	f01d3df77b24a9f1c52404e53727fb43087266c53779687345c6d1177a296dd3	elf
system/lib64/libartpalette-system.so	51888	4ad4cf93a4d0f4834c3d6ef013960a32609402eb42491cef41e893a4b522b3fd	elf
system/lib64/libasync_task.dylib.so	51456	8799c1e3307694d95a9ebc812ecabf0d969e1cdf0e296b3deeda7974db2981a6	elf
system/lib64/libasyncio.so	35264	962c9bca4e1d3676356ccfce41e0b0fb4fd9e05dd1a06025a1a10699865f27b3	elf
system/lib64/libatomic_rust.dylib.so	51264	4e36560b4d4229582775ff63a65e44cd61539902e4d35ecb837795d1a24e629f	elf
system/lib64/libaudio-resampler.so	51824	8c2ef2e56e0fda8bf4e56d9c07404d49cd9901b014d03b94e1749131ad35f993	elf
system/lib64/libaudio_aidl_conversion_common_cpp.so	293488	dba508c3f7447c9dc2b942cd90182203927b2fae406cbc9074af4fe18bce6996	elf
system/lib64/libaudio_aidl_conversion_common_ndk.so	310000	47a8702ee490885307f963bf29e6a7d6656a394b226644b82b00772991376070	elf
system/lib64/libaudio_aidl_conversion_common_ndk_cpp.so	139112	bcc6c68b06239a8d576718946d0a718611a53d7013792fcacc214842e86703cb	elf
system/lib64/libaudio_aidl_conversion_core_ndk.so	51712	41bb260908d2da2e021cd7c11d99f85d19645d71990e29c6798c83f08fc14554	elf
system/lib64/libaudio_aidl_conversion_effect_ndk.so	173256	fd2f2857f2587e8877e0088e45bc4c82bc05c59519d5a39977eac8443e93d096	elf
system/lib64/libaudio_streams.dylib.so	55240	a380205aa60d6b07b51a807cd981e8aeac05bed7a16d2b422ed199f71a57f1d5	elf
system/lib64/libaudio_util.dylib.so	38352	b35c9139fbc9401db7d0b0c6913670e8d207070e04be4b87c0d2086914a49e0b	elf
system/lib64/libaudioaidlcommon.so	52040	16b5abc8ddb9facc19e06c985f363f4a544d1e72520446100b55409fe6f1f609	elf
system/lib64/libaudioclient.so	1141808	f16c2d99ec8f3226a3a1dc33c08f8eace7dddf89886d85b02ed7f5dcd491bb0f	elf
system/lib64/libaudioclient_aidl_conversion.so	394920	0dfdb1f85f72482435ed0c3078f1e3e8acb54442bd348e20f1d674c2db493002	elf
system/lib64/libaudioeffect_jni.so	102376	5f5ed6fda385a30acfbcec84bac983d51ba79664deda75a57e550c5cdef99eab	elf
system/lib64/libaudioflinger_datapath.so	37024	2e650f811ebbccafa64278b5af4b532ae212c1bcd76f06052f6ded3fcc777f4c	elf
system/lib64/libaudioflinger_fastpath.so	102032	54cd87f966157b4cf7c9d40aa8a251673f1f236a22ee74017ee89e28e26d61cb	elf
system/lib64/libaudioflinger_mirror_conn.so	51896	0d902c4cbc9d3f7b6b23994d4bc8feb890a2eff982cb0784d3a71a85240a4428	elf
system/lib64/libaudioflinger_timing.so	35384	4812caf305151bbdff09ed3a51e7cca83ed16173d6ec11f724f99eae9bdaf7fb	elf
system/lib64/libaudioflinger_utils.so	69672	3a8d9a39f343da11dec51e26b913bc2ebbae08affac24de99442c1032ea1feb7	elf
system/lib64/libaudiofoundation.so	324944	bf7e3559e9da44319abcff676ae698fa98b420d83ff284903bd70d13599dbd58	elf
system/lib64/libaudiohal.so	52560	f9b07232f404abf5590dd56e31630b86ae25f118afcc8c299534c61a45d866c2	elf
system/lib64/libaudiohal@6.0.so	259328	cf7351c8a07656d19ee83ad639726c1071f32677dc89250128185a96130adcc7	elf
system/lib64/libaudiohal@7.0.so	1904048	39ce26fc17733abc32eeb10d1a0d65eae9a0397a46517d35d06c1540b40a8524	elf
system/lib64/libaudiohal@7.1.so	2356432	1f9fc4075adfc15e3122369d012c175618bbe8230f81cefe7284f2816194b5af	elf
system/lib64/libaudiohal@aidl.so	1680824	b6f48028ac3ab483b7f51cd38df5f2febc7fc94a6a58297bc116d8443dddd99c	elf
system/lib64/libaudiohal_deathhandler.so	52048	91bcdd913f1f6a2fad4f174f655f0f920a131a16f3abae96f0dece89a6a790c0	elf
system/lib64/libaudiomanager.so	52216	e77dcdd25ffe18b89f802b26da40d1d68165fcbdc2ee772f3836f5a3fb11da61	elf
system/lib64/libaudiopermission.so	136656	cd230f56a820a9fe21ba187a2fb7805f8bd37cf58387756f3d64d9d166fd8840	elf
system/lib64/libaudiopolicy.so	108352	f5b0f48497702eb4db4aa36f2ff96a26684d12f0bc5c22a0c0172d59fbc4bd9c	elf
system/lib64/libaudiopolicycomponents.so	706064	0f3f8cd9d7672157e2c82260149e1ee89dd5c984fecd6a11ecca9698c3e58178	elf
system/lib64/libaudiopolicyenginedefault.so	339256	1334b652e4f808d19a27899a50813b7fd96d5d421c91c98259ad9a111cf52d84	elf
system/lib64/libaudiopolicymanagerdefault.so	971792	e8f2cb7e73bc2d4d7b68f65f03ffd0bd1c1a5cecba092fcc114036a4a58c97db	elf
system/lib64/libaudioprocessing.so	765128	7bd4b02820a27ec8bb75ea72e0c08c4dfa5dcf09a99b87cbc97119571b22dac1	elf
system/lib64/libaudiospdif.so	51944	0f30e466f3e4b2d1589986aaad9f5b3389a232d68db5e9bc116881449e0ebe52	elf
system/lib64/libaudiousecasevalidation.so	36288	f8fce2aa677ab0c63aaa099c7bb12a8facaa96dd5f79f4e22f8ad81e5c92cdd7	elf
system/lib64/libaudioutils.so	365792	530f5a54f52cef8bc2075c4a60fa676defedb8b1dd58b756e4e4311a79793cbe	elf
system/lib64/libavservices_minijail.so	36432	fe5c83c8ee18487f2a7df36a56479b0036bb9412a03cb89d4f4ba787df89c4b3	elf
system/lib64/libballoon_control.dylib.so	35368	aaf7b07a91227fd6a67e69e207544bb02f9bcc4102819a900d636714816cce41	elf
system/lib64/libbase.so	218672	6d4a72e74b9dd812b103dc90d2782e32bf96d7af9abb1d61b903415672902687	elf
system/lib64/libbase_rust.dylib.so	235096	4a8104ae0250981931bdc859d5ba8f04ef62f5d95eb83587b07a7ab9426ed8b6	elf
system/lib64/libbattery.so	35872	2ed5969ffa7e559e7ca72871818eefc0d5aec09fb312b1111f93faf2588f514b	elf
system/lib64/libbatterystats_aidl.so	52168	c18d2bd71666530b3f9cf9689b15d6c945cdfd9101c2c138bf156ea75120d6a2	elf
system/lib64/libbcc.so	307952	43bf251cd5a0330cbd347575b4592b079ce58a5a17e39e36da44addb87131edd	elf
system/lib64/libbcinfo.so	1118952	449122a61f147fee03a825c82e3e28a6a21e7038f631396b6b001de40e8e8c0f	elf
system/lib64/libbinder.so	805648	ebc50f950fe379d55ae3542a2e1c2dd29c0c91f5338e5552c1d914e06697adde	elf
system/lib64/libbinder_ndk.so	168896	64a052167ee3293943ddb6ef0cd75a5a894a6b502b6a560e2524679d6916863a	elf
system/lib64/libbinder_ndk_sys.dylib.so	35520	9a69fb8e44d27cd746343fbb16eb2e491054f7fdedf886012ff6a55fc044b2d2	elf
system/lib64/libbinder_rpc_unstable.so	52200	fd7304e0ac072dd155161e1cb99a57cce92f72faca9fb709ef8bd785dd67e412	elf
system/lib64/libbinder_rs.dylib.so	134424	6fc47e0c9b88eac01815bd9b8538d390be6c75ee188bbae859e739adf020e589	elf
system/lib64/libbinderdebug.so	102848	015989281edd40a27f07227472d537760e902c73362e50aa5aa7029266dfa9c3	elf
system/lib64/libbinderwrapper.so	51912	18df515d9a8c80983aa729e25865703d973a86250b46bb540e7eb62f85a52dff	elf
system/lib64/libbit_field_crosvm.dylib.so	35688	88010880627678b421c8389e9121fc07c5053250d13e5a121787134e16b6fe0d	elf
system/lib64/libbitflags.dylib.so	35464	cff3473ee7e0698c7c60a1c58bd37154cb8881af93da84de67075d065f089d81	elf
system/lib64/libblas.so	1226640	71de778cf4fcb221d0756dfb04d20d254766c273a23d80600b098d9bca4afb20	elf
system/lib64/libboot_control_client.so	69288	44231c023ea8d76969c2e49d2197719e454b1eaf3d2cb439c94098f53436d50b	elf
system/lib64/libbootanimation.so	134776	88d1cc0ad60c064614ad10a2fb51ebec5e08260eaf1e5c55daded3d171e8816a	elf
system/lib64/libbootloader_message.so	152016	0de788dd2c86ba72bc2335a2a4622a0082323d0217929ebcb2cdd18837ec3cdc	elf
system/lib64/libbpf.so	974328	fb34fa856038ea83d0fcda475a278ad13a8791867b095a8ee276275923583494	elf
system/lib64/libbpf_android.so	85824	1b8ea3ed2e04088137de080d84b00bb16220c1bb4c19bf5fe151d41013deafc7	elf
system/lib64/libbpf_android_bindgen.dylib.so	35272	50fe32e0a4dda1ab2395e8e153df4ea8f715839cca4a3cb68a2783be82790d13	elf
system/lib64/libbpf_bcc.so	84800	2f3649ec33c20639eb33741565fb0a90afc8ea9226a7a3a380da168f28ef3523	elf
system/lib64/libbpf_minimal.so	68216	e37c98a65df8dd4a6a169688cb20a16be7f04e7ce887efe355fac65545eb509a	elf
system/lib64/libbrillo-binder.so	36032	54a1b85480d0d57228bbfeaefb516218d99a2f49aed6b480cbdcd7858a6825b4	elf
system/lib64/libbrillo-stream.so	152160	fb023540d9f7f7daefe84c075bf6711e6ed2cffe7c3ddfe4d9429fd692846ced	elf
system/lib64/libbrillo.so	353184	acc1c5609eb91de8b8b624576a1629a195dce186892a690ff7056377be99bada	elf
system/lib64/libbytemuck.dylib.so	35552	980d542174fa83d76bbef3301dd3de558c328852b9fd351bb37ae9b357aa2919	elf
system/lib64/libbyteorder.dylib.so	35448	924edec40a03c369175adbf8a5101b4fa71e49d1406c5feb193e818315b5e5b2	elf
system/lib64/libbytes.dylib.so	71408	91119d2fd6e3d5be7e801f305b797ecadb941b0d56ea0f18664376a6ec90afea	elf
system/lib64/libc++.so	1049704	2267f93b8b3c9d1967f1833d5f71c7312213c43bb291250cf772800763037fb9	elf
system/lib64/libc.so	-1	ERROR:[Errno 2] No such file or directory: '.work/fs/system/system/lib64/libc.so'	error
system/lib64/libcamera2ndk.so	356352	79b361097226ba0c6e0b6465885342800445ef66433b85aa226dc12f06bb7238	elf
system/lib64/libcamera_client.so	666800	81a1e0c9dc06ace225365b76f2546e1b37676263d41cc058443d27fbb58c1fa6	elf
system/lib64/libcamera_metadata.so	90536	88a521ccb8da716101c3d39091013e9df68b3edb700d90c446a2de6b66af7dbb	elf
system/lib64/libcap.so	68184	e11c25b6a4af834047aa9d81ed361c50cdedf11feb9810678c559ccce69df531	elf
system/lib64/libcdisk_spec_proto.dylib.so	121472	8371d020d2cf821e1744ea8f6fedc3b8eaa56638ca7f807e097e2dfafdce67d7	elf
system/lib64/libcfg_if.dylib.so	35272	c5e8deb213880c947a6b97aa26bc69295aafee881465f7a3e92c0ac6165320ea	elf
system/lib64/libcgrouprc.so	102888	928fb043a4c0054b87f1d9fe0b33325de956e7e539588a782038e14afe208e1b	elf
system/lib64/libchrome.so	1272944	718b23e9aab69e5df7493418b0b150e77497dc97cc752ebd13384d9c7ecaa1a8	elf
system/lib64/libchrono.dylib.so	158984	6949560d00c36abf33914c091eef327637d02432e5678fcbd6f9ac159c89ce08	elf
system/lib64/libclang_rt.asan-aarch64-android.so	2901472	351af5401e7dcc9ec2ed2a59907f054193347c70f2e8caa478afdd01f33e609d	elf
system/lib64/libclang_rt.hwasan-aarch64-android.so	-1	ERROR:[Errno 2] No such file or directory: '.work/fs/system/system/lib64/libclang_rt.hwasan-aarch64-android.so'	error
system/lib64/libclang_rt.ubsan_standalone-aarch64-android.so	926016	575f5cdc8523ff944ea99dcf4e0cefb4dbadbe58e513257d7d1b45b9ca9190d5	elf
system/lib64/libclap.dylib.so	35272	9941e3ea7b1ccf443414a4a21b9f2598d62b917bd4f52673fe09db311616afd7	elf
system/lib64/libclap_builder.dylib.so	398296	c90ebf2dce09402078d6773393102892deed2f8eb432745cdc4b302310cb2db9	elf
system/lib64/libclap_lex.dylib.so	36536	aa42e48b228d837960004d616ba912dc2bca3b189147eb477a148f2674a2765f	elf
system/lib64/libclcore.bc	330432	cf5e66e49c3ec8e0535da0676e1fe841d3624171451fe06362f446d1a52200b5	binary
system/lib64/libclcore_debug.bc	353076	29a78789cb2a859aede75390c4b4c23eb3ee86ca3c00d252f1cb7cda3c708d7e	binary
system/lib64/libclcore_debug_g.bc	1077160	cef914434e995ad93411486c2eb9c1f2904a7d587559062c1ad5ec6e5f39a8c6	binary
system/lib64/libclcore_g.bc	1124700	3c6a81d55a685e04e5fe9403f7b2be148266bc01b3a824c4a20da6702702cb9a	binary
system/lib64/libcodec2.so	35256	e45d12c09d2d4cb298d4085912a9197e624d1e5df244d8e4a16474e1a3998041	elf
system/lib64/libcodec2_aidl_client.so	172216	1ff0f6b0987a0e4ed8628288d90a74459ad96ffbe51c9676f2a53e7652da1880	elf
system/lib64/libcodec2_client.so	389768	34c2cc609669e1654b5c0e8d28f08f38d2b20a30d4e81e050de1ca0deda1fd32	elf
system/lib64/libcodec2_hal_common.so	119736	733c2d27130e2ece2a18af8163d6d507478230edbf22f34a0faf7335b9742131	elf
system/lib64/libcodec2_hidl_client@1.0.so	153472	814741065efe6fee859137ad6d96eca2ac15c44f8ade506392b6fbaf4f0a398b	elf
system/lib64/libcodec2_hidl_client@1.1.so	35496	88de3b7bd291e3ab8abea5d30230a32022c9ae82fdcce133ab6d244f5189b15a	elf
system/lib64/libcodec2_hidl_client@1.2.so	35528	cd95f2c03726afb00b66212644dd719dc03b51c01b27568b8396eab186bd701e	elf
system/lib64/libcodec2_vndk.so	839544	c9489033289d20c3118c6fb35262085fb07d95467dea946f67cb74552ded39be	elf
system/lib64/libcompiler_rt.so	68528	7b718e046926ba437d55be9b3dc2dcaf73f6ac2fb61155eca33ccd90a88c7df0	elf
system/lib64/libconfiginfra_framework_flags_rust.dylib.so	35344	32f3565122c572310c31b9a047d65380c020090619900e369f31f342c4b95e89	elf
system/lib64/libcppbor.so	103256	a2c1f775283c8512bdce4fa420013f428b389d1803ba93599c26b666150c0868	elf
system/lib64/libcppcose_rkp.so	119144	063fddfb9c6b319f4cd2fc1823777ad97a86f6a4d7de707db7558113d88a9e5b	elf
system/lib64/libcrc32fast.dylib.so	51864	4cd7a85319263062daaa0c9bc7ef65dc606a8efb56f4ec6edad3464d466d5c62	elf
system/lib64/libcros_async.dylib.so	203184	3b2464bcab736eafd8c79d9b403a324072dd49a95d735a4690a907b408d75a33	elf
system/lib64/libcros_fdt.dylib.so	141656	0553f1d5c56965d0f62e599f894acde587f173df77510abdae433035759df27c	elf
system/lib64/libcros_tracing.dylib.so	35272	209221f1251a6dbd3e0563d077234ddcf89286eac88e548919bee26b65012bd8	elf
system/lib64/libcros_tracing_types.dylib.so	52360	908b74bbc8f668ed86f83102668ea2f24afee83a447ab28f3a458a5bef3378c9	elf
system/lib64/libcrossbeam_utils.dylib.so	52296	6a6316de117a17d84adec7c11f0695bcb4e3516670ded251c7dc81dfd1427f40	elf
system/lib64/libcrosvm_cli.dylib.so	35272	6152c1e4a772b407f087a8f85b45e0c1e41c9ed72fd06fe3c3d12d9626de3ba6	elf
system/lib64/libcrypto.so	1569104	7b45aabc19d4c7bccbea9253b908dde1e4a2dd3b0384b3721127fa462869d557	elf
system/lib64/libcrypto_generic.dylib.so	35672	1cae1cfe40028e0cc1d41ed76b93142cbbcbba515ffa638d41845ff82279d287	elf
system/lib64/libcrypto_utils.so	35424	848cdcfd1bbcc774223f48d4cf8ff2e3c231a2ea5a6769403767c60664f5e706	elf
system/lib64/libcts_flags_tests_rust.dylib.so	35344	0f8b2462d024d7810f39d0b7335e7df01a10f097a00cc05c5d94ad2788b138e7	elf
system/lib64/libcups.so	396768	7a69be91f141d42c817f631000983f3f582e78ff4438499bd906cc8a52911dd5	elf
system/lib64/libcurl.so	639032	15cbee61cde8f57fa0f6c642e18490f24c89ac6aa85d05461cd48257ea6dfa91	elf
system/lib64/libcutils.so	118320	27edce6cd12bd3361ec3c6387ab98825161140e6b51a03aebb67bce1dc8c11b7	elf
system/lib64/libcutils_bindgen.dylib.so	35272	32867927b76df148b26c3a131535de3d24163645bea0afbb70cacc2275bda748	elf
system/lib64/libcxx.dylib.so	186424	eb900089b57954098fb3eed01f171fb2fefaf49058b8106a9ca33fed3dd6385e	elf
system/lib64/libdata_model.dylib.so	35272	b21f754cce658d6c4eeb1b25bbc2b7753de4b278ac664e77ebd217e8e5d12d74	elf
system/lib64/libdataloader.so	102344	69587a179fa977543d51155929d11f6b810afea1027a1d89792e2afbf4b02109	elf
system/lib64/libdatasource.so	168632	90992d4cef84461f829585c0bd9c73d9f517c9f2c55cfee0dbcb5484b3b8b067	elf
system/lib64/libdebuggerd_client.so	37032	b4b225e42257174b549c5915f2d621702f933c26e0994585d164d0f79ad4038e	elf
system/lib64/libdebugstore_cxx.so	218448	dce4503f5a0da8a5869e9730b59d790fd27fed44767be2a9eb993e885bb11fc5	elf
system/lib64/libdevices.dylib.so	4907688	06bdb2e87038dc803b7b846c632aacaf4dac8687bfde39c4781253e263c208c1	elf
system/lib64/libdisk.dylib.so	325376	b1d184737875b28e4fbb66314dd22179ca8f2a4cfb68ca790b19082622d17c26	elf
system/lib64/libdl.so	-1	ERROR:[Errno 2] No such file or directory: '.work/fs/system/system/lib64/libdl.so'	error
system/lib64/libdl_android.so	-1	ERROR:[Errno 2] No such file or directory: '.work/fs/system/system/lib64/libdl_android.so'	error
system/lib64/libdmabufheap.so	102400	baf37faf57be8c9047139fe603530f67a6238e798582fb17d89d5957c08adeff	elf
system/lib64/libdng_sdk.so	1288552	47bf92a851746e75b176e39dc69f76f4e70c79001aa6224993d8ae167386ac39	elf
system/lib64/libdowncast_rs.dylib.so	35272	f7f9642232e5289f19ea92059648f1cbdd555d90e1700887f0ebe8d463c0fcc4	elf
system/lib64/libdrm.so	133816	da101e38f2d94b1ac81af397384ec1a11f1dc01f908ff80be6d2fea08cd52f5c	elf
system/lib64/libdrmframework.so	68280	b4f11880718a597b990e15a610f86dea48274dcc7e0d3c12762a2f144ab9a7e0	elf
system/lib64/libdrmframework_jni.so	68984	6fc298c4800d990f1fab8a6f6ebfad85515d09b47fb109250e9635345af09f41	elf
system/lib64/libdrmframeworkcommon.so	134752	1e28ce1c1a986a75ef92c05a374ecf3fdd876cf4dbc899f9d36362593cf768f4	elf
system/lib64/libdual_system_faceid_date_save_jni.so	35328	829d20ea8e4c933c31cad62e05630c8d56524ec186942df3130d8e88b63cef19	elf
system/lib64/libdumpstateaidl.so	68672	8b33275672d0de40b0c9c7301a538fbfd66bef0c296540cb29e347f93d7994ac	elf
system/lib64/libdumpstateutil.so	52000	13085539e5cf423da8771da95bd342f0edd6f771541f0c76e40ae3bb0521b806	elf
system/lib64/libdumputils.so	52008	535ca962f703f660504a71e73cb3a32dd4b58842de983bcef1b4dde0b90d8b03	elf
system/lib64/libeffectsconfig.so	69224	2c8832c94a79e27e3f82c81c0abc700209b1a03b5ef34d99dbdc8ab2c2862c02	elf
system/lib64/libegl_flags.so	51648	bc07b0fe078f36badde5bb75fcc29666597c54ec203d78cdb7987f631183fe64	elf
system/lib64/libenv_filter.dylib.so	54808	c88f79ffc94a771d7a9b798d99925532d8403e62aae6bc3482e617aa99c81ee5	elf
system/lib64/libenv_logger.dylib.so	85872	d3c38aa8a08551a747ec1c361599971291a3a6e2937bc8eabb8308d846deae11	elf
system/lib64/liberrno.dylib.so	36080	0faae90e365dbbb05600b070b37b8292e7d16113ed694cc089de5e25a95d3161	elf
system/lib64/libevent.so	349144	d93ded2ec519ec3a9fc0cbcffbc8878994192c18cd305bb39acaa6ec6be8878d	elf
system/lib64/libexif.so	150288	7bd7bcd151383babe22066bea5372207cffeb9be722cabce4c7f14eef9ae831c	elf
system/lib64/libexpat.so	184952	820059a9f15cdf471ac11a1c7df8e41458b15a5e009e97e340d2b35c2db4b49b	elf
system/lib64/libexpresslog.so	36072	652d8f5287cef178d22a021c355d4139458c2983331fa40e20720a33bde71f96	elf
system/lib64/libext2_blkid.so	72496	1b018f428f46c4ac64408a42d45b71e3456576e3798416710a2908109da6cde4	elf
system/lib64/libext2_com_err.so	51576	9121cecfd2ccbe3913a1efe192aaa34a60749300a6ec3e34ce4432b5388bbd74	elf
system/lib64/libext2_e2p.so	51520	de5d02f0abfed2d4c27cd07ae0dde1c88c7efd9238dd87435cf3631c7906725a	elf
system/lib64/libext2_misc.so	36040	af6830af9e0dd88a2d8d3267cc059c8ac39bd189151cf3250bdf0fc1e87a1e0a	elf
system/lib64/libext2_quota.so	101376	f7a0c15fbe9c6aae00493cc1fa8056d81a5f162733c4d895acb1415da9de75a1	elf
system/lib64/libext2_uuid.so	51456	b6c59383709bbc03055142770705148e52d014f6d5c99676325fee2b4892727c	elf
system/lib64/libext2fs.so	399472	7b1817560ae58a2332757383854f051bf675d08aad1b8511025539b264129695	elf
system/lib64/libext4_utils.so	51456	0dbaa0f3a422d5af1dec2ef199b4845447a6b76f1272690537d0402cdc069016	elf
system/lib64/libf2fs_sparseblock.so	86808	5c3e833beb31c548f7b17449d7acd2be68735ea98d62afb9a64640698ba733c1	elf
system/lib64/libfaceid_data_save.so	27392	dcd22f529d309999db18ae97714a025606e35e02f6291f1172bf3cb751a305f5	elf
system/lib64/libfastrand.dylib.so	51832	866596cfd21760d5c938c1ef287a8001fb2011ba9d806858efda877363374a65	elf
system/lib64/libfdtrack.so	524584	a3dc67256604a215cf925f063d85b45274c07352b0800f9fe58af3d484643904	elf
system/lib64/libfec.so	102040	dfe9951108753954f1e88f4101dc6274c11033ee131191fe7f5dc4e07c6e87f6	elf
system/lib64/libfilterfw.so	200112	6c62475281cffcdd0a6b864471f4c02587587849cc022d01ae80acb57f7fea0a	elf
system/lib64/libfilterpack_imageproc.so	35416	3b66e4fdf6718f98388578138cfe062fd8f1e4f3f61ca6a052a68dd32ef09d85	elf
system/lib64/libfmq.so	51768	e588076f132eb77a991958b494832fefec8ddc21156cc933f7dfaded138ac2ee	elf
system/lib64/libfnv.dylib.so	35272	b7ea95abf8c7877aff9e379f93753208647b65d3acd9d69dd1d167fd5a1302a6	elf
system/lib64/libfs_mgr.so	647464	771b9850729259d9b8054370cdfbedce5d053914249501358585c3d7833727f2	elf
system/lib64/libfs_mgr_binder.so	763200	a5bd72d17b03bf2aec352b8167f7262fc3337b773d03a5338b6205f1a8ba303f	elf
system/lib64/libfsverity.so	51592	1f01cf0994f599dff72ed0781ec80e77eeaadba43b226dcac16b3f5790e8f9d0	elf
system/lib64/libft2.so	637856	5d914d2ebac9d390067616ea43ae1fc6480c36c9f1c2dc97d2ecb5300d2b10e5	elf
system/lib64/libfuse_rust.dylib.so	71480	3b12986e671fac6cf7e080c67e830b2a0ff38197b0d4f8eed8e1b734c9ea9e17	elf
system/lib64/libfutex_lock.so	68608	4adab919146561993f7247606c07199295faade1b9bec3723aebab9c65ce14d2	elf
system/lib64/libfutures.dylib.so	35272	42920a1a7d44e27523d85dff5622dafb30084fb69db3ecb78abd90aff4b1815b	elf
system/lib64/libfutures_channel.dylib.so	35384	9e640dd060107d273c5a4e6e68f7484839590cf7f1943596e5c1f5658ede39f4	elf
system/lib64/libfutures_core.dylib.so	35392	21c5045fe0b16064db67a51856a1176c91424dfe41dfbd56f40241e4b1fe3136	elf
system/lib64/libfutures_executor.dylib.so	102536	58678fea5c9c9e2d1e88b5c3b705a1eb4c0d50a706b0aa6a501865624d26c556	elf
system/lib64/libfutures_io.dylib.so	35888	b34382ceb2b53abab5ced201f42bebcb66d5d55fcbf2b7f6698d645c10f52a56	elf
system/lib64/libfutures_sink.dylib.so	35272	1ca01cc123b2bb02893166b9ac943668f536cf96b8b9a8c98fb18e0365631a46	elf
system/lib64/libfutures_task.dylib.so	35616	ef5d6778eb373d6686ce5f64b18d76af0498d275a5eb2660bd996fcf6ab56665	elf
system/lib64/libfutures_util.dylib.so	51936	00fcee11a68ed67a220c7b679baf90423b8e8c78f4b3e65402a71afc067c6d96	elf
system/lib64/libgatekeeper.so	36328	5b424b174de00d03c4b3b0f88748973f19d49a474e3775b92a3c3e46e698e901	elf
system/lib64/libgatekeeper_aidl.so	68576	0e893d8fe6a7103c9beda3330a71ebbfa3dd173318354fab31a04481c77c6b6f	elf
system/lib64/libgdbstub.dylib.so	52912	1fa0271ef9377efb31b7f26c1ef28ae28b5e65853854143a411a5f7afe5bc3eb	elf
system/lib64/libgdbstub_arch.dylib.so	100896	15bea931d470dffac766994fd6d78a1be0357f8dceecda7aad6a72d308a92f0a	elf
system/lib64/libgetrandom.dylib.so	51800	df080c66a5ca2ed32808b8732659421b5a913bb7534024ac853daceed29fa31b	elf
system/lib64/libgfxstream_backend.so	6030936	1f914536a8b82425f5222b153d8258701abf6941bf6c95cd44ae6c35a1041cbf	elf
system/lib64/libglnubia.so	134928	cab4b57b14df1eb0584044c480b7dbe3d1eab121f00dc2b114879ee80e3327ff	elf
system/lib64/libgppextension.so	52264	12c2f94482f2ceb00916b80806fb20f01c85ca9d488849f7ffd5ddcf2194abdd	elf
system/lib64/libgpphexlpsession.so	335688	05978e137d1e4545b28f0ead71ff66a17a3d531b8452e84e2e1fef38ee062d55	elf
system/lib64/libgpppreprocessing.so	85528	00c3e4642275731873af33bf06d239d8a7909bcbdb97812638de0f31895063c1	elf
system/lib64/libgpptxr.so	4986184	d1760fd1e2e555a2f567c80a92da8c4a09035f2943c2a8b15d1d870f7045c3d9	elf
system/lib64/libgppvppgfrcplussession.so	302576	3219d88c5a736e5cb4f9f8232c067f4ab595278a764d6c4491919c6dc09e739c	elf
system/lib64/libgpu_display.dylib.so	360008	8c8202fce0f3c270eb7a60287080df2a25633360f54b59f5f7c09684d648b06e	elf
system/lib64/libgpuwork.so	69464	2602760b7125f93b46efbe3e5f2b5b4ed8ee9f2470f11cc28e6c40d4d297e429	elf
system/lib64/libgralloctypes.so	101576	f8567b1f7f46afa1bddeb535bb99a9a3db438f46a48fd822256f6dcd1ffe4d83	elf
system/lib64/libgraphicsenv.so	85768	a74636637892021206ee044223673803d4ff3fd4f27c644e82df69bda8987cf5	elf
system/lib64/libgsi.so	35848	75121a8f59fca4930a23e110437f08d4d787b1382b4fc86bdb9f873fc8c43971	elf
system/lib64/libgui.so	1732872	5ba19847726a51db7bf8ca62129c2215d15594a329d083c6b18ced669a4c1e41	elf
system/lib64/libgui_aidl_types_rs.dylib.so	52144	82bafcd61cbf52dc3d4c082ea1aedfd25af12301e35f2f629342c066e7550dda	elf
system/lib64/libguiflags.so	51656	02d1ca3a68874d264c5a94a5f8f5b72007d3e416c28df2cec00c3aa66e780bd4	elf
system/lib64/libhardware.so	35600	5e1a200b7301a06c95f68f2e5cd726161e147bf12601a653a63c71040838deb0	elf
system/lib64/libhardware_legacy.so	52312	65113d8fbea36c73fec1ef9d7df8be8061271ab038f06f2d5adecbc89dd140b3	elf
system/lib64/libharfbuzz_ng.so	1071112	32e64065e03d28741d45baa7d189ecb8f769dddb68a81bda8b35998f84163e4b	elf
system/lib64/libharfbuzz_subset.so	1020320	1b7cff322eeb5a27f24859577c48ab4d352f2bd1689bc96bc0cc483a07e992ea	elf
system/lib64/libhashbrown-0.12.3.dylib.so	35272	37a409f70a8bb41979dbba8c92eb2e6920809e7a1fc231a4a54bc4a8bd1ecb31	elf
system/lib64/libheadtracking-binding.so	52592	88e74fa22fe770eaa871e0754aaede29ee756b138b010a4e1dc58a3aa9d6709d	elf
system/lib64/libheadtracking.so	102752	9c09ce04f5f2bdcb941098428bfbe9f94c1c5e6ddc06548cb32fb12c8926e697	elf
system/lib64/libheif.so	72328	f8efcd2c6ced68989c088ed0cd76d14b6b34a6e918f2f36eee360b5fd0b11cb0	elf
system/lib64/libhidcommand_jni.so	52216	86a166f2930f509ddaf043dea399268109e413eb2b602f01afd0837bfe2823c7	elf
system/lib64/libhidl-gen-hash.so	119352	2ab4f13410c761904aa05a14dfa338d31b0ff8fd7a53629d40053050c1e9bc37	elf
system/lib64/libhidl-gen-utils.so	69224	ebf62a61bdb8c28b6758fc11344b9731939c5767c43b5ca777ce3611d95f539e	elf
system/lib64/libhidlallocatorutils.so	35456	2c117298533b80f3f7f9b69339100da17c65a009f17a4806a20cb3fc4376c733	elf
system/lib64/libhidlbase.so	669960	2a70073366c7d020609ffb1c251d5d6ade82ec46bdb81addafed435c20554fcd	elf
system/lib64/libhidlmemory.so	52256	14e91a4b51f7dceab7aa3c5ea2a2f91de9fdda2f2bc51fd5737134dfd83e9d3f	elf
system/lib64/libhidltransport.so	35256	a2f9cb571ed0fa83037d3fe204184def6e93c335c555a31359a7389134c14a77	elf
system/lib64/libhwbinder.so	35256	64256db932dcfcc61a277de58fbaece26589564e9c7c594e23563194395ee4d4	elf
system/lib64/libhwui.so	12954328	7692d0db75f73e66dde8ed1508c0c12d1791e366d727096f95344e2943fa2814	elf
system/lib64/libhypervisor.dylib.so	232328	fead42bfbfdf087b09389bdb9a3fe36a3050cf0504eabc75640828ff606e22f2	elf
system/lib64/libidmap2.so	236208	a906c1298194061466ba348770bd89ec4c4ee7760db46f8892a6068527e57696	elf
system/lib64/libimage_io.so	251472	3633d7984aaedd43c6e431bde3025bd093b108308365ade3944ae758319ee84f	elf
system/lib64/libimg_utils.so	151064	f8d83da2661d28d4fa6593bb2eb232a6f12946d81d4f69fb98ba37156f935084	elf
system/lib64/libincfs.so	218496	0af597cc67706498dd6b0c53734ae277f5c743252b568ae1cfb2e272c0c62b76	elf
system/lib64/libincident.so	35688	f619b38b3e12ea21310cae95daafd0f7cceedcb8a4ff180ab26b703b470ce6d5	elf
system/lib64/libincidentpriv.so	151568	8312bbb03c75f7e6dba195cb3f6f7e9704014059065c7a643a181dc82a93c2b2	elf
system/lib64/libindexmap.dylib.so	35536	1301232a2061d83b6a72bfd7c8704ccbeb768ae55200c9e0e702b5400d90c03c	elf
system/lib64/libinput.so	2579336	593e656439cbf4f259498cd64d34823b6c12aa5b329900d7d207a8db8deb52fa	elf
system/lib64/libinputflinger.so	3452400	1353f5477833b36f8b38a341ba4f9d27b8c116c7ba49f59c30428520e655aa6f	elf
system/lib64/libinputflinger_base.so	102440	cbbe5cf0a5a4d69e2eeab15932489807763619c64253db425d87c95f00592fce	elf
system/lib64/libinputreader.so	1515664	203e202857b42e9b043466a8ddf793a5972278c3f1af71f244be790322a17d1a	elf
system/lib64/libinputreporter.so	35968	9e69342f39a0ace090a1efba73ca2da1dfc682a956545343f90bdd0343974e77	elf
system/lib64/libinputservice.so	151720	34916f0a0d8a21ed2212e89e72c6290b1bae7d3e200b138999d0ebb09dbe6c9f	elf
system/lib64/libintrusive_collections.dylib.so	35272	43f0485c04683c906e4564330c666bb8de8993dd59ae48c1d22876dddca52f48	elf
system/lib64/libio_uring.dylib.so	38424	796d1de78211231a9d5f78d866faf944fc003a852bbca7917e5a9eb92d4532c9	elf
system/lib64/libion.so	51312	4c44ce98c3f020ab24baab0f9d72bc2fbdb1c0041da2b3dfd7fadf8b00894e9e	elf
system/lib64/libiprouteutil.so	152408	6fa89f7880c9f3218a2b648fccf4e298c49b11dedc21aeb061d208a2b0259396	elf
system/lib64/libitoa.dylib.so	35272	421c0210e0d61f720706f175b37854997d450c24aa3c8c2187a8b83939926adc	elf
system/lib64/libjail.dylib.so	86352	b75e583c86c6c58c4aa46b772fb1182dd7bd69f90c1501a618b4c496bc939e4d	elf
system/lib64/libjni_deviceAsWebcam.so	813088	ffe66200582f24de7aacd11655fc7a3c3dac0737cb17e2d9bbc0089b976d700e	elf
system/lib64/libjni_swcalibration_as.so	51552	552b7b64b27c7ab8c9d96bb44cb3f45bbf8bd5d4e0252c06d4850b160d60aafc	elf
system/lib64/libjni_ztefaceunlock_api.so	22024	0b87e777fefbae4732632f101991c6b6c1ab81743d28faf059edd8009c183b31	elf
system/lib64/libjnigraphics.so	51928	955e127852611314b5061e0b6af187a37219d961434dbef6b9ed02498c0c52b6	elf
system/lib64/libjpeg.so	386544	396fe606b75e4a71896eb7a237856ab1bf7a19e18c7be7cee3913754a32e7aed	elf
system/lib64/libjpegdecoder.so	36096	c06a37b68b85ccd2b7f09aecd4d582862e13c5cf09e1d1d11ff8ea56876a1cbb	elf
system/lib64/libjpegencoder.so	52064	9d41e4f7b670b272eb02392e80ccebfb7215b4b66ca704102dda171c43c17189	elf
system/lib64/libjsoncpp.so	217000	1cda20902d7cbe36392ec2ab3968c5406d1c0812d762afb3c142e53e5eba65bc	elf
system/lib64/libkernel_cmdline.dylib.so	35904	82bbece44c19998c0717c9275599b717c160acd5b45a20e1d13efb4d0be1339a	elf
system/lib64/libkernel_loader.dylib.so	37544	156baaca5087479a3d19992d832dc64ed933395d38c1fa25218bd745f03ad39f	elf
system/lib64/libkeymaster4_1support.so	170952	33d5feb85197a7bdec9bd70c2757bd6249e014a3d80d3f028a8e8c08d628d1db	elf
system/lib64/libkeymaster4support.so	137544	ab520400385c0612789c34285b7e2d5b70429de9611a261cf7f4b58d7516f0b1	elf
system/lib64/libkeymaster_messages.so	151080	0a1244d63563cbce1b708c1e17d9a9cb24cb7176fdf66b077fee2f96db31c1f0	elf
system/lib64/libkeymaster_portable.so	585216	c832fd7ec809ee9a980bce75d5ee89a59fee482d205742e384466c7ccc89e6c7	elf
system/lib64/libkeymint.so	171328	9217e91bbb278f327c4b6249f230527cdd4dc525ff4587ca19d2757ef3af1b0e	elf
system/lib64/libkeymint_support.so	157664	bbd84c2112825bb584d3e6d98f40a481b9a8bcd871d21e631b7704e37bea5dc7	elf
system/lib64/libkeystore-attestation-application-id.so	52152	b88889d62194285b54d2ecfe603ba3569f4018d59b091916d5b4de9f499fd15e	elf
system/lib64/libkeystore2_aaid.so	35352	235d206070df271935cff3c3f736410db2d1d0d676cb0240090ecca2a9fd91c3	elf
system/lib64/libkeystore2_apc_compat.so	69472	5bd166b7ed888c15ca5b1223e0b8d7078bc47fba8d66c93e02025d66940be4af	elf
system/lib64/libkeystore2_crypto.so	38040	25a8967b06f454063fa5f7325bd2ce4ee623d68ffed8e90f11e67f43655a7c06	elf
system/lib64/libkeyutils.so	35248	2e8cfe40819919d00294652d4263ab267b0852a2c94f0a80e06eab41c083a88e	elf
system/lib64/libkll.so	102000	0eaf73b5f6fd4ca2b0a40f2310e2b02bf0fee49897efb63140f920ffdd1a1951	elf
system/lib64/libkm_compat.so	242088	41eaec25839771d7ae254fed6b4f84f02c8f49e8508e8c28438e882d23b4b836	elf
system/lib64/libkm_compat_service.so	52032	a1be5281fb3182d3f305412a2c4a50734511a77c18324a5fc5b908fb9e25abf4	elf
system/lib64/libkvm_sys.dylib.so	35280	978e18e9b4c097c4dc28cd525af6d80b8dc5d3e81db90bdfec68b7d4d63544e2	elf
system/lib64/liblazy_static.dylib.so	35272	c1d913ba583c8ea5a4dfa67f8c54c23f6d3d9b9f5d3f4ffd06702364f5482b5f	elf
system/lib64/liblibbpf_rs.dylib.so	168328	3d6e8353052b1c32e2b6ae86c5e09853159b83fe2f20345f452a624ca8a65a8e	elf
system/lib64/liblibbpf_sys.dylib.so	51664	59a8574de948ccd85b89e237e95ebce3cb5a26094021cbed3c8cb00e0a43ffc1	elf
system/lib64/liblibc.dylib.so	53984	01b3ca7db8a77419cd06edaa77b7b77f7ed6c46ee0e3bddd7fde391d2074be9c	elf
system/lib64/liblinux_input_sys.dylib.so	35632	a6823c61f92df951e5a1eb5a43d5ccc672b2978c757ddc4edfda8fc9667c728e	elf
system/lib64/liblog.so	101928	3ad3e11cb56f46584d637fa8b0ac689999b7555d7b339c0de86a94c78b8743d6	elf
system/lib64/liblog_rust.dylib.so	52624	d02282b06c4644b289eeed826e07f7c98ca4566faf0ef495ddc71a4501637249	elf
system/lib64/liblogger.dylib.so	52168	1ce5d900e2d01d0acbbdc14207a8aadb6b8da0093481530c0c42d55a4d6034c8	elf
system/lib64/liblogwrap.so	51584	328868b0f5715fd71ef9e9e7f6dfdb9b9ff6cec56907db25b180135632a84c3b	elf
system/lib64/liblp.so	201160	1c816d2e9338c9839a6addd8833d7cb6b0b3f77b85c702619266df322f264436	elf
system/lib64/liblpdump.so	169816	c1523618ec65f1c9710f82747bffc4845d0fd3c520d577ec530f2472498391d0	elf
system/lib64/liblpdump_interface-cpp.so	52296	d2e985070f4eccc70ead8ac199b8883746dbbe24f7b57d7aec53eb814c3d4dd7	elf
system/lib64/liblz4.so	167104	92b7a9d6e8c237c29629a372271c9161dd80f7501d7d2468171a38a5b71a44d9	elf
system/lib64/liblz4_flex.dylib.so	37264	2b084494bf9d1b408ee4c73ae9cd160fbdd1bf62953fe26757fd3b82060582b3	elf
system/lib64/liblzma.so	200264	623a8b2cdc952244ce90b610de24533cd233461d98f6c61913d84673e1a3fdf6	elf
system/lib64/libm.so	-1	ERROR:[Errno 2] No such file or directory: '.work/fs/system/system/lib64/libm.so'	error
system/lib64/libmanaged.dylib.so	35672	547ac99b1b78ddd0c2282c50a2075cc1ed310ae52c695a806138285409fce749	elf
system/lib64/libmdnssd.so	67936	596739667e60e978c1b0bbb3e0c0a316674ba74b0982f89e101360c6c04df9d9	elf
system/lib64/libmedia.so	736632	b55e780f6ab4790d1fb66633a4d05b0a9572dbfc2a4075115f279a9e288c567e	elf
system/lib64/libmedia_codeclist.so	102472	8a468a8b37960dd4642cce0be8760e488a31f19604aa26e8ffbc1d82624b3a7d	elf
system/lib64/libmedia_codeclist_capabilities.so	220128	88c5e84b182a47bfd97196e66b358b72e73c48394237095765344d56c6fad716	elf
system/lib64/libmedia_helper.so	138456	b84b618aa635368c36bc9d5fd066137c15782ff8bcb94bcc90aba274e9b3bfac	elf
system/lib64/libmedia_jni.so	620208	e427ce2a6a263706718677a23eae944ec3fdb1c24a9e146b398cbdd3e6aeaa76	elf
system/lib64/libmedia_jni_utils.so	35808	caf8e7072807986ae3b0a42245c62a93f26b3a1d1e8b0e76769f74fc51bafdf5	elf
system/lib64/libmedia_omx.so	219048	b66ad495a8348d0d2a37f9d8aae5305c983f21c975d2d1dd17dd49a542662a9f	elf
system/lib64/libmedia_omx_client.so	37000	c3b8b399ce70fc91eb2a0226a4ee6b75177acd5509fafd1d23ea553276158951	elf
system/lib64/libmedia_quality_include.so	168016	37e31190bc4e84d8177083bdb2fb3044b4532195d3d4342d78ef558812537089	elf
system/lib64/libmediadrm.so	600536	79f380d85d539c4825a6d6734bdd0095bf042ccdba1c5f8c62ec02e5da7e124b	elf
system/lib64/libmediadrmmetrics_consumer.so	37224	2dc554de90f43c8c4d042e05942d04c0d0e81b748e37ea36dd52273c3c2636ca	elf
system/lib64/libmediadrmmetrics_full.so	137496	f0b62414e665208e8e225b90d4bff21b34f20aaf400bec8d165f615173391816	elf
system/lib64/libmediadrmmetrics_lite.so	120096	f014edd2313fe02304836e84b0b7e1f34406b5e12d346b5ec72453c97d621715	elf
system/lib64/libmediaextractorservice.so	38288	fa08561f1462081fc09f1266b7e6c03a6c99ee1a1fdd45640469ad739b85aea2	elf
system/lib64/libmediametrics.so	104680	252d841b2604bcd8f2282f486ee2f815b9c75fef7f299bb8040b7971b01ad91a	elf
system/lib64/libmediametricsservice.so	623368	6c0246b3f5243191191bd57c51d33cc3129c41a317b52c4eb7398b344c19db85	elf
system/lib64/libmediandk.so	306424	0b4872a08b1c85e158ec4e5d805eef8ffc488a88305c25f28282f5063f5994da	elf
system/lib64/libmediandk_utils.so	35384	97cc096c1caa55828ed2d635b95f17416c79598d2682b2e09213cb64a661b4cc	elf
system/lib64/libmediaplayerservice.so	1524480	35db23c417353be798606df4823a2cde2baf81e927f8dc9117a304a8f2ae5457	elf
system/lib64/libmediautils.so	561352	b6b5759b3b4121aaeab6694f4b7d9cd83d5c2a093ae70fc23e8b3d49529dfbd3	elf
system/lib64/libmediautils_delayed.so	51504	e891bb7a9cbade1b1f86264d06a093743734a898af36c42b6f8df6874426a89f	elf
system/lib64/libmemchr.dylib.so	37904	5691881aa8747237c5e48de990660cdca73b947391036db986b05a71918026de	elf
system/lib64/libmemevents.so	68968	5d08d7407530db8207deb20a827173d85ec839ad1618be603c7d1028b1464fa1	elf
system/lib64/libmeminfo.so	119280	2e40fa1d6d1345a9bad466da36840aa7da1a047eb856091afcbeffd6a919a91d	elf
system/lib64/libmemmap2.dylib.so	51568	cdcb3fa539a1a8074d662480f0302f70019b703dc4a874a065b98443a1df013f	elf
system/lib64/libmemoffset.dylib.so	35272	45e411002edd9038c6fa6887b75460f01e6ca082c31dfcdecfb9dfe47110d018	elf
system/lib64/libmemtrack.so	51936	8a366036d39fc2fa5cbdd9c866d2a30250dff9d4c8c033dfd1404c561cdfa4be	elf
system/lib64/libmemtrackproxy.so	52168	34f8695c4aabc00b06ca38fc8af078bd2558352f70156554bd2cde557ad08fb4	elf
system/lib64/libmemunreachable.so	256584	fb1d77fc19dbd6bc80ab92e343eb6636cd600260c89ff7a648ea7b96558a1cea	elf
system/lib64/libmetrics.dylib.so	38024	990cabcf8db68d5839301cc19a012d6c16c06e3bcbab100f958fd183858276ea	elf
system/lib64/libmetrics_events.dylib.so	35368	9267e146fe5d764073fcd38812e8e4d0acc7b76e561145aba49360d8df470817	elf
system/lib64/libmetrics_events_generic.dylib.so	35368	bac3ce82185718e63312aeedb35040d8870dec40a9f48fa3d54527901d5b5aa9	elf
system/lib64/libmetrics_generic.dylib.so	35616	add0783fd621f1140d5bfba99a1d48222b0d29163f27b824f16e5f4d454e5063	elf
system/lib64/libminijail.so	199432	709901b9e13dfd40382369da6fd3069e3dfb781e1947807aa7cce2e322f8b247	elf
system/lib64/libminijail_rust.dylib.so	68336	7629c494166a4715080c0311b658284a27f99481e8a077e080eafa738cebdf12	elf
system/lib64/libminijail_sys.dylib.so	35272	8f5ad9017a91161a9d34dca25261ea1b97e05be42aaa52b6c68a5889d320140b	elf
system/lib64/libminikin.so	1449472	db912802650e4ebe629f13b7e331a4eaecd15bb5b7543f4b85c7bde8767b7ebb	elf
system/lib64/libminimal_lexical.dylib.so	35888	521c8668643362712fda536ddc4160abc84ca237d5449004f98c4ec8ec454093	elf
system/lib64/libminui.so	2130224	4a590abc9aeb1ca1945a065592d6e2b2e86ac57fada94b72a8b32affa19457b5	elf
system/lib64/libmio.dylib.so	86608	034713c4ee19af01c7048b77a8266e36731e3bc7e47d2e176e252f68d7266f99	elf
system/lib64/libmonkey_jni.so	51960	08957152c8c4fce2de5c0c84366f873aa7bc886f9e6ca0625da61de1972c4205	elf
system/lib64/libmpbase.so	5296	a1391e697699e2a87d9d46dc91589fe64521d08b4079f6643d6ed71ba5e01144	elf
system/lib64/libmtp.so	266576	3b5503ff0bd2ecde349473dd1a416c0da2c7482bf4c26fa4e404bf88aa512102	elf
system/lib64/libnativebridge_lazy.so	51504	5827009cd87c3347c89741661539544edd5cd0139a91631746211cc95f34b150	elf
system/lib64/libnativedisplay.so	101904	486eacfc1efed18dc6885f2bb016ed24dfc20dc3f0522d2b7e1ee171bf5b7ac9	elf
system/lib64/libnativeloader_lazy.so	51592	50991acbe0a7c8402ce2a701033f11f68f61ad8e60b92b6c251b97c74b0d8bb9	elf
system/lib64/libnativewindow.so	68328	c505781ead9c8be81b51fc0b6d3fd81c82421c9f63eff27d5b6a1abb7ee5d5a8	elf
system/lib64/libnbaio.so	84832	9ce7bf3f42fb73d640760056dd28fcd5c0ad473193d18c820c61f9920ef380a0	elf
system/lib64/libnblog.so	251728	69003cec5acff05b5d78aac3f03cf8ba4d8369972c53f4fb4350146db4bf85cc	elf
system/lib64/libnet_sys.dylib.so	35272	dfffa9f96980f5c2cb9eb8a810160bcf2a1c7b443fa10876861fc04a0df23eba	elf
system/lib64/libnet_util.dylib.so	53712	d9fd742966139e1aac8b2f92ad663ac8242d61ad4370799c3fed10d5e34636ca	elf
system/lib64/libnetd_client.so	68752	0f73780c7b548bd202b85b67154296445346393dfb358b66d264b5a15f9ed2a7	elf
system/lib64/libnetdutils.so	119848	dab466590518c10f1c93c695da602f5e3395fdb1a118bf6836592bec7353337d	elf
system/lib64/libnetlink.so	51608	89544a2bc065790376d2bc50d885f705c687dca317867f514226ef09289a0499	elf
system/lib64/libnetutils.so	68680	56244d52a7bb42660de1191a990037026d9547e4573d588efc5a95ae5648c70e	elf
system/lib64/libneuralnetworks_packageinfo.so	35928	40feba18b02d0df14e66b1a20af3160d46303182eab0bed42b23b0c6e9bbff40	elf
system/lib64/libnfc_vendor_extn_st.so	796256	d1865ac4c1ca637e714635f4d4996ad809012375fd34f71fbf5fd6000bbbddbd	elf
system/lib64/libnix.dylib.so	347336	e683116b60830f679dc875f64d7d0d49a19af5480d491be4ccfdfbac4d046516	elf
system/lib64/libnl.so	286360	aac9e24cdf3abef59d1d9b4beb066caf93461ffeeda180918e14abae2606029d	elf
system/lib64/libnom.dylib.so	69456	9089e48051a1a86cc9eacefbc55bc8560f0489368b895c4e8cf9d1883d8f2671	elf
system/lib64/libnubia_runtime.so	51688	9792238257438733d8b075f47a35896f1234b27b7d2c5fbf8239b694e81d368a	elf
system/lib64/libnubiahealthd_demo.so	235304	0d76494f66478e6ec3760d8828c425a3017cdd64c5799b1699cd596d4bb58eb2	elf
system/lib64/libnubiahealthd_fd.so	285592	89840468f0b29b6cfd402d75fa31e854042c7329be6850dbc99f923d10a41f1f	elf
system/lib64/libnubiahealthd_io.so	336272	bfb9c22c9622be36a669082d063d26263434e33c72b0393f75b6c2570ffb9b01	elf
system/lib64/libnubiahealthd_memory.so	285512	a5f0e86bbae3585bf279e0cd545281fb5b3d2870fe9abe778f337a2dd6397b25	elf
system/lib64/libnubiahealthd_writer.so	285496	8cc041bbd778f532302afc68847533b5a455dc60343bfa60f06d6cb1310e93cb	elf
system/lib64/libnum_cpus.dylib.so	35280	79ee40f14cbe4a9a809fafd9f03efae52391c803e672e152d91ad4d36be87444	elf
system/lib64/libnum_traits.dylib.so	86920	be5eb3e314ef639716430fd74e1dd2e74cf47a9c148c02aec3930dddf2f34878	elf
system/lib64/libonce_cell.dylib.so	35704	31f87544f3196293663817fa12aae1a8ecca05e82045e09528bbb041e286e243	elf
system/lib64/libopenssl.dylib.so	498376	2ec346448e06a37c5110dad4f354ddde0c477872d8a256203f32011036ced7a0	elf
system/lib64/libp9.dylib.so	90040	ddf9437486f90b6c8e0934430a801a917d1524c27563f6f188036b1c31a6ae57	elf
system/lib64/libpackagelistparser.so	51656	4a389849e4259aa369fbd1d5fcaa2f70bd3473a3964e600ebd578d4f5d74f5b0	elf
system/lib64/libpcap.so	332264	b5343c40c0a47be6debdbe13f0a6c793ec890e1e42a6ae29a9fc5dbec8223b69	elf
system/lib64/libpcre2.so	379720	3c3d76fd2e8d95e62b42d75a78b42b7b88009b0a49d89a9e1d92e6a93f1c8a6a	elf
system/lib64/libpdfium.so	5046520	62bf28c67e3ba1760ad52a8e72a539ef4c7de5821352736e55c97ad0c2484205	elf
system/lib64/libperfetto.so	1357696	53bb936be563c7d6372f1e8531965e7c6f2670977ea48cd699173c5fe37ad73e	elf
system/lib64/libperfetto_android_internal.so	69264	bb8b6a6a797b8cf503b8b4bb1ce7d385fe0293b33e555b34528e7cd586f58e76	elf
system/lib64/libperfetto_c.so	861576	7aef3a167d5fe33302397a770513371198e00b3a9590c9b803181e4a49194307	elf
system/lib64/libperfnative_runtime.so	51792	b96e4a1171b435267c98d79c364d0a9af4d7533a6ff11567993372b950ce1138	elf
system/lib64/libpermission.so	102128	85e13ea558204e2d41e3e95caca9814a2a520cbe921f470517de937fa66b89de	elf
system/lib64/libpiex.so	119384	37e082078cbd473a62b5debddca4bb1027b290d68f52e2661ea618fe15c836b2	elf
system/lib64/libpin_project_lite.dylib.so	35272	d0c177a9292a1676a2c55663a998cfb065d22f8dca688db36964699c5a141555	elf
system/lib64/libpin_utils.dylib.so	35272	8299ff668e1f9a03f9f3178d4eff716c1d0d66896336d8be4fc7f0638456f18d	elf
system/lib64/libpng.so	251328	a878f4aa8fb0bf547e12240994efa9d0df2f9c8cb74ae813281ca24249c6d3f7	elf
system/lib64/libpower.so	52312	388047c449acfe5718e1bdddacd4a14a1f5e071d8d0262e261c58fb738f3c61d	elf
system/lib64/libpower_monitor.dylib.so	35272	cf41cdd932062481615e6d2332f1466bb118366c350fb30c2c45d32a47fe019a	elf
system/lib64/libpowermanager.so	366984	e6a1c3d941a34553c968d6008aad6d220c04ace1430e883f63da5d54cada246b	elf
system/lib64/libppv_lite86.dylib.so	35272	393c9fd48733db65db6b69a8775509772b1b0b7846591aba9f682c7c39ff2906	elf
system/lib64/libprintspooler_jni.so	35736	25e48eea0c7dd4f5768d11258735f4f8a01414172dade7c08f4aea4a828d0aea	elf
system/lib64/libprocessgroup.so	383616	7701be8b7085bb8415d3cb4400886ea5b0b3a05f7341da1854f7fa1dffbaf457	elf
system/lib64/libprocessgroup_setup.so	53280	9b950e52e4d534e46cd93c2e1bcc380abbf69e4cd6e1c5e4a664927df7ade789	elf
system/lib64/libprocinfo.so	36040	5c5891ed487d4c3f34310ea983ab68399964d5095ee7b8122099d17600ee4483	elf
system/lib64/libprotobuf-cpp-full.so	2303104	d047317cdf519626897a1a9a747a251a98f87a2c545e679c243d3ffac352cd77	elf
system/lib64/libprotobuf-cpp-lite.so	595600	ff8642d2414fca876082fb168f18cbb8a767c29e0420779f3dadcfca4c5bcc0b	elf
system/lib64/libprotobuf.dylib.so	1633544	ca8339b2c113245c08e1b6a2b785ef1b338e8c2e2c001af84f1558fd928fadf4	elf
system/lib64/libprotobuf_support.dylib.so	70976	eb4d4fb663bf4064493e10d71ab142b51f47ab0580b3d07ad55806697a247f3f	elf
system/lib64/libprotos.dylib.so	35272	0befe5f2eee3408bb1e9ffc025a3ac1cc1986df23f4a9b42bcb437d26078228c	elf
system/lib64/libprotoutil.so	84448	262bcc7d7a6b2c42d4e6e3492436ad488a23054dac8a3e4313d56400be3d2bee	elf
system/lib64/libpsi.so	35520	9dc0c2c3e42f260b504dc4b45ce0f1ce5256eeaf3b9618575bf18bde40b84381	elf
system/lib64/libpuresoftkeymasterdevice.so	136024	116f16ea7404c079f8781effc2af8df8de85e3300c5c5591d063388730f5c54e	elf
system/lib64/libradio_metadata.so	35696	c74f4515cb9b47d618ceeff8df5612c8a9be06a11b9c779c580763ae6c80526b	elf
system/lib64/librand.dylib.so	52096	f7d5e513bd585d5fc95c485322cf4e2b13cde2ba00815774658b3e88d0ea99cb	elf
system/lib64/librand_chacha.dylib.so	35568	a916423338219a7aa4c6a55f1c1eb85da4eca0a68405e6797ddac181db1b1cca	elf
system/lib64/librand_core.dylib.so	36584	553d502442ee641715fafd16f458f889a82c824f5f2d6ca2811df99d16d2ebf0	elf
system/lib64/libregex.dylib.so	367056	053bb0eaab3a3f9d978673b9ada422013f4d9c54ae224dc068cac1ca0734fe93	elf
system/lib64/libregex_syntax.dylib.so	652104	edc7ad62577374cbd1fb6be9d340c1313b2c0aa45e7830a22ee2fb4372278c7c	elf
system/lib64/libregistered_events_proto.dylib.so	139208	aeac9d033f6bd084cdc883fdad9e4e5331b1be87ebd90b25c9c990b64f9424d9	elf
system/lib64/libresourcemanagerservice.so	302256	2dd4fd17c56c78e57f8b3a846b0901644471fd84d1723efdccd808699a4adbc4	elf
system/lib64/libresources.dylib.so	89792	4ad12752d56b37d06e4a7392d07e36e6f13ff02a67f385170a566cc2057baa99	elf
system/lib64/librs_jni.so	102568	f889d5cccbea6894a8cc03d2b9849818ebcca33bb437c272b4be51cc15852f23	elf
system/lib64/librtp_jni.so	249808	0c953420dc887c51ba87d89d3043e1a9bfbc1016dba750dbcfab43a6a9194d9a	elf
system/lib64/librustix.dylib.so	216112	62523340a8d98fbda45d1baac0e07e8c39a42200edbb23c56d49604f48fa2386	elf
system/lib64/librustutils.dylib.so	85968	3832e68f51fe0dde3dd794f01c86ebf39c232387523d618a54f7a72fb386dfa0	elf
system/lib64/librutabaga_gfx.dylib.so	1010960	5041176173c92e87e53e1b25e257a01e55faaed8c4587bb69b851d1f49356a80	elf
system/lib64/libryu.dylib.so	36272	82c776de8874a60c8e9722fc058160ba541fb599e378afdcb6cfeed36f17570b	elf
system/lib64/libschedulerservicehidl.so	36416	f1e2bae931112819c87c87c4c7789d5bbb4b2a7caf473ce64cdbd73029a199fe	elf
system/lib64/libselinux.so	135504	d717fb1089f60c705a2b9866d38b3ac161e702e613c64d6f20de7d46f8978d3f	elf
system/lib64/libsensor.so	118992	4948d9cbc13ecad150e953ca38150360c3a506e7dde24ecfd644edcb1a47fdb4	elf
system/lib64/libsensorprivacy.so	85320	961b3abedf848c8fe02fe780d1bee8537cad12a6a621219b700abc05df544f06	elf
system/lib64/libsensorservice.so	491040	2b705a3432672565550eef7045e78cd4b993c8eb2c333361bbf7fee9dd0bb531	elf
system/lib64/libsensorserviceaidl.so	85408	eff895f9e5f65340df04bdc609fac7d0e2ce72870d7dfd600de8a80ac1316e08	elf
system/lib64/libsensorservicehidl.so	56184	c5291b75029b6722740258b8f09a6e22400055334a53e89a7e16906ec359e64e	elf
system/lib64/libserde.dylib.so	53544	b986dabdd1819febe3b94a8ec51f726c23247c818472618d4df6cc03196e09a5	elf
system/lib64/libserde_json.dylib.so	140096	4907e3bb605d3b8c7448a6ac66d6e7f9d38d371fd522ca562d6bfc67dde48bdb	elf
system/lib64/libserde_keyvalue.dylib.so	36648	bdb3d81b39093bfcdca2ec2006fe94e2225ce2f86a0ff6b8cbb03a2356a84d4c	elf
system/lib64/libservices.core-gnss.so	481488	123006d76694bfceb10c2f95de2b2c5a9e2400b6a081a4090449dc8087db87bb	elf
system/lib64/libservices.so	85208	04fbe9a741c16855010e2438d8c7722af80f4b9d9176b3b28e3bd2731177ff20	elf
system/lib64/libsfplugin_ccodec.so	1011216	845a316cdfb10ab30958f6bb14193eb60dc2b976e96720090d7687ba68fbf1d9	elf
system/lib64/libsfplugin_ccodec_utils.so	587000	a9f77c94d9b8bc378f389784f92673f77592f4bbfd7c9cfedfb30941e7c9f59e	elf
system/lib64/libshmemcompat.so	36008	71fe605f12121f8225e8f816d3356b04c0a653c0706695cb526e0ca2381b0cf6	elf
system/lib64/libshmemutil.so	35352	82198416ee5b7ad2d14fabf008b6eda7b6227f2c7e7bc6ce51beb675edbe5a5f	elf
system/lib64/libsimplelog.dylib.so	89368	3314c1e0c85ed0fd1490c4722301cebc6afce086b67a3d01c0bfff26c7a3c5b2	elf
system/lib64/libslab.dylib.so	35272	1e2a48ad49f8ca14d29501a19f1d97fcb155bf103959f921983d8fa6ecd9ac30	elf
system/lib64/libsmallvec.dylib.so	35712	3e3e201847bd3ccdd9991a1a3745733370746a452cd4edaec8c923e12f247600	elf
system/lib64/libsmapinfo.so	152336	1dc0016abfab9207d0ebc001840a23f5b78a2552173d17a5daa82cbe514e57e3	elf
system/lib64/libsnapshot.so	2819280	b64e73c2048bacd5ba612ccc6febb0a70288ee68e28e3ecfe77a76d9492d11db	elf
system/lib64/libsnapshot_crosvm.dylib.so	56376	f16cb56039f7b50957537a7f3644bae85e53bc70f1d855ce01d86f30df5437bb	elf
system/lib64/libsocket2.dylib.so	102696	3a3873c8d36ae22451332ffcce7c02cd553aaa719d4c52cf3c02c34ad79860ca	elf
system/lib64/libsoft_attestation_cert.so	51664	ddd26ba79b657ebe2e0e23c52e7f014b0cd4a8018e8d08ef9f71cd0b5681ef76	elf
system/lib64/libsonic.so	35448	e87cc5f6e3ff54fdd3ac2fac693ef99cc4060a44d105f496b9105410be78f72c	elf
system/lib64/libsonivox.so	613040	6ed3ff78753415cb272c6a3d6b06bb0705fe6ff5bf8de6c98ddbcfeb17bce0b0	elf
system/lib64/libsounddose.so	135832	fef31d8c28e324d8ce58a706937838323407085e0ed4024eaf373f824db308ac	elf
system/lib64/libsoundpool.so	136352	2c59b314e67a7162661c4ea1b6fccd679a1c3ca7d295ea69258e6e473859e92b	elf
system/lib64/libsparse.so	52464	7cfe841b532d0fe2257439aa54fa5f72c94499249a9168df22eef62b53797334	elf
system/lib64/libspeexresampler.so	51816	e026b4f5326c0606f66755248cae7a645e3a43dd0b5accf5bc50fd26daf87446	elf
system/lib64/libsqlite.so	1385000	e96f809cf012824b9187d15fa500dcc744620041c0c497df896eedc8bf74262d	elf
system/lib64/libsquashfs_utils.so	35400	651090b2c03328522e4591a0dd7701ea58c0c2544b5ef489a4d516bb2ba67db2	elf
system/lib64/libssl.so	505880	ceeb946a1756b4f5cbdbaff458fb7f8fc6699dc78465fa101e07b84313f606b8	elf
system/lib64/libstagefright.so	2178920	a21c781d356f68836712007a94bd9c555ab2a9c8e7fd0aba2d8eaf2c0f0440c6	elf
system/lib64/libstagefright_aidl_bufferpool2.so	237560	f6dd84678113feb412243d60f2f1ed78ff580d75ade634df4b27d28623266f5e	elf
system/lib64/libstagefright_amrnb_common.so	86176	489a70e5f911ed0e60f6e89b717cfe5914ccbdb9de96f4303d5d22dabdd3ef98	elf
system/lib64/libstagefright_bufferpool@2.0.1.so	219384	922490b55b5dd159dae4e873027af59d5622171f18fd7d3a491efb122518b8bb	elf
system/lib64/libstagefright_bufferqueue_helper.so	119184	d8cb5b4ba7f7b27370edcdc583fbd395a6708b8a891aae04ae31fe26b2719959	elf
system/lib64/libstagefright_codecbase.so	85784	073439783a105cd8bc23ab23d027c9c53f287b1eb2fe24434d025736fd96ef54	elf
system/lib64/libstagefright_foundation.so	269328	db6d9e1e9d315a2aae0eb829782bacff64bbc0ef61186dc4a78a9a02c1742d0b	elf
system/lib64/libstagefright_framecapture_utils.so	204328	15d92de291a8b9a9f1b4d87cd9f88ad81ed814f18a2b7062d1adb478a928ee9a	elf
system/lib64/libstagefright_graphicbuffersource_aidl.so	52384	4bd5eeed4cda6dee1c5680d453177f2560f8d547b92b12a36c9578bfe3879221	elf
system/lib64/libstagefright_http_support.so	35616	9a48b46ffc5294fdb25cdbb2a7ce932e1a71be3d758e517a2b6538ea60881b54	elf
system/lib64/libstagefright_httplive.so	566160	282bf6497a12df1225dd777d8d38bc49a3a19a3ba25df48a829d5db326d8049e	elf
system/lib64/libstagefright_omx.so	368360	c2dfec63a20cf600373886781d6d01a62c0d3d66d90d3970047707da599b2a8f	elf
system/lib64/libstagefright_omx_utils.so	51680	af061fdf3a03c222216fe3b1770153b02b342515501f38697414bb4bd4944aea	elf
system/lib64/libstagefright_surface_utils.so	52024	d0ecc92430b4a169bf5662e83a9edba2f6df697f26c5bb6fcfd9fa8661d67f56	elf
system/lib64/libstagefright_xmlparser.so	152608	6fa6c22bb677864a9274de7b2790e8551ea2a7ac4ad4e3b3ecbefcc82768067c	elf
system/lib64/libstatic_assertions.dylib.so	35272	f2479177fe2e7a9336ef5a84a46fa11f856c5f0f4d9c1f8e13b9024463381e43	elf
system/lib64/libstats_media_metrics.so	52408	a93c431bbfdd33f3655b05b6018f6d67221ceb6f03062e4127a3cb5a91d95c21	elf
system/lib64/libstatsbootstrap.so	51592	2c6cbc50879dec14fee9dd6e7644e633f34487e16f5c6c266240f9e7821406b1	elf
system/lib64/libstatshidl.so	51928	bae50a6e71269e1a9dbfb8bfacaac8c1e98513499c2d455dcb9725dbeffcf6cc	elf
system/lib64/libstatslog.so	347136	d2fa5cea0d454399d77a00369c777a26d58e2640411dbbc7b5f731c271185105	elf
system/lib64/libstatslog_surfaceflinger.so	36488	3ec81863e52f6382f850ed49c05992143118897db8d31d1aa2ceab4283adad5e	elf
system/lib64/libstd.dylib.so	915488	316d609d6baab9abfb58b8411bac24a8b45d373635a27143ddae7f57d991201b	elf
system/lib64/libstdc++.so	51680	8d455bb5ac2012c6382f9c774e6936abcaf6f0445b58995766015768e9498195	elf
system/lib64/libstnfc-nci.so	1952192	d0c4feb55e6f08a1fb8e5514f65c9800cdbe8b78f24a029cb2537c3bc4211434	elf
system/lib64/libstrsim.dylib.so	55080	81c6d0b63c71a9afbc217c42d543277e2ff2e19ff5b012cb378eac61596e570e	elf
system/lib64/libswap.dylib.so	35368	4d9b05bd705bd96d1d362a5125dc60d56e46bbe0e1443809d0b678fbf158c334	elf
system/lib64/libsync.so	51312	de706e61cf60bd54dbf06e2a2058d52028c334a8989a3cb95173f1287f7d9c60	elf
system/lib64/libsync_rust.dylib.so	35720	f8180afb76fde95371f0904606abf47667f787654bebee2f0f7ae179851eb56e	elf
system/lib64/libsystem_properties_bindgen_sys.dylib.so	35272	f5920ba9461df98c70ef5c282c8beb7a963995969a3d6d6931bbb7b14df261c6	elf
system/lib64/libsystemservices.oem.so	51752	2d8454bd6bc0fd82d92e0e709bb4a902e89b2920c6146fb2ff60b3e7e8b5febd	elf
system/lib64/libsysutils.so	69808	c635ff62ff26bf5d599b32d96079800e5283868bc0f16f39703272febf325587	elf
system/lib64/libtempfile.dylib.so	85488	fb303dd77f8c6270d6006a4c5b005c31fea9cde4d0eeb68993598dc540071be0	elf
system/lib64/libtermcolor.dylib.so	36824	09f0bca447fcf5ee7e3974c5f871d9debdc97f3513980ca6439ada940cee5b85	elf
system/lib64/libtextclassifier.so	4025808	3fc084a785029c0c705afbdc9820983189d60b0fe3a37a1b91f50f31ba2516b3	elf
system/lib64/libtextclassifier_hash.so	35296	dfb33c35530b517c9f8c63daafdc744a3fcf91937079a2eb9bce4b26361d444f	elf
system/lib64/libtflite.so	3943480	25b4da73937da4427694fbce7a279a404d276dc463f2b0420d9e6a82b3b89e5d	elf
system/lib64/libthiserror.dylib.so	35272	7233572a4ace97d792e740f1e8d410fa1621cb16157378a213fcae07421f9a53	elf
system/lib64/libtimeinstate.so	68952	95fad295c8d23d2ce47fe23dc54e4e39dd7cfb3940ba3ed724530d24ef8b1e03	elf
system/lib64/libtimestats_atoms_proto.so	101776	285e136f409dcae3d3c6948fd816d5353e73741b97ca2937b80519da6e658f4c	elf
system/lib64/libtinyalsa.so	68600	3b3bcf7e67dc4141539b413835fac4b73b45de7a88543a8f7b92c05ac11cf69f	elf
system/lib64/libtinyxml2.so	150936	85d045fd7827d50fb7d8e57e6e426dd103f1a75d0f83c6cf320830385d57c611	elf
system/lib64/libtokio.dylib.so	502304	62023dd5b7890eb23eab28f9124bec9f6d2faf14d41882b913d69b00bdfa1670	elf
system/lib64/libtombstoned_client.so	36512	ba140d573888a4c316ea82084100addb05d613818c498d4af27cef437d45feba	elf
system/lib64/libtracing_perfetto.so	69952	b49e801c2813ea45ab5d3c4eec93956adeaf632dd4b520668fd68a64e94e18c7	elf
system/lib64/libtracingproxy.so	52032	227d51de9d211ed8997e343457ee250d49a06486e1ca2d036b5fb1bd01d875a3	elf
system/lib64/libtwox_hash.dylib.so	36328	dbdff22e90abfa093bac4072a121d82e0989816ec06b364ada127c0de289f983	elf
system/lib64/libui.so	419520	50c19568e2b29b954141743766ecd8ac4754f5762194d282f6d599af4f816bd5	elf
system/lib64/libuinputcommand_jni.so	52336	f345bd689687134bcd87920ee519514d9a01d4baaa1839308b7f38735bac6429	elf
system/lib64/libukey2_jni.so	322424	eca734c0578fd5d5e1e294d0477346e06e3a6017a4efbb5ada025111e67ec4fb	elf
system/lib64/libultrahdr.so	332808	5569e8044848198564da49a893ee3db78f4fc6a23249eb13d7d90d31f66aa01e	elf
system/lib64/libunwindstack.so	738232	da1ca49e286862cb939ac443e817391f2c5d17d3755f24c32bcc68dd9e02a5fc	elf
system/lib64/libupdate_engine_stable-V3-cpp.so	68824	35fe8708150086d2eff729fc0046f98b5e825ac633c2d7f0a7fce26087b56d60	elf
system/lib64/libusb_sys.dylib.so	35272	c0498513ed1e634632392fe39baf16b8e066c5f4d40956a1993c29c7221441e2	elf
system/lib64/libusb_util.dylib.so	54248	83df4ebbbac8ad361040d6ff9d843359831c6c4cf54dd60bda07ff9f4ccc55a8	elf
system/lib64/libusbhost.so	35888	864cb18ba37e730c0012ae70da178600143074efec264f8d424219877edcdf97	elf
system/lib64/libutils.so	151280	f365744390806f2184013ec988f3e973d2ca6cf0d366f5ce9bbe3a23ff4390f4	elf
system/lib64/libutilscallstack.so	52104	6347a6a6017f0cc936a5a19af12cec0481c4161537933f5a5d6a8b1e83aeae91	elf
system/lib64/libuuid.dylib.so	84792	c5fd75531ac7b223a1a63b8ec8d4c213e3470d22240ed3bffa03842384f8978e	elf
system/lib64/libv4l2r.dylib.so	243112	8fdb9f55ec09384bacc871f6e87a27416c29340a213111a816601a0e22cf41c6	elf
system/lib64/libvendorcfg.oem.so	51712	ef81e39f0ee5d4d0e858a5dd8f7871e7fb2b5d3e61ca0ec4f4b3f0d2b7fae0e3	elf
system/lib64/libvendorsupport.so	35392	26c36dc06a90300a5e4f8fed2bfb84a325dfb45996f168c9ea7659083952704f	elf
system/lib64/libvfio_sys.dylib.so	35272	a361ef8c42f2d393698cdc45267ed4c5f48de76602a8037acea0f36da54bf5d9	elf
system/lib64/libvhost.dylib.so	35680	6f4ec91fe71f623edf9bf9047f33cdee684b0c012a99b274b5eaeafd8274a74c	elf
system/lib64/libvibrator.so	68936	fd267bf4b80af4deb14b3e501e68ed876bb846395a9bf4c11ef9f3f537693611	elf
system/lib64/libvibratorservice.so	152808	b07895c62c1b3b3a692fe88468379a476edb5dba90d559a9a73de46c6945c817	elf
system/lib64/libvintf.so	671976	80a26186e96578325e0dc19555db482dacbb38bde1b3075085110c7ed2349af5	elf
system/lib64/libvintf_jni.so	69248	dc76735360464e575fc3e009303e2dd39170ccadeacac2485a42b4d815a5d16f	elf
system/lib64/libvirtio_media.dylib.so	36336	4197dd78c95517535d551efa484f95f607e5188375207e8e96c8840ff20e1809	elf
system/lib64/libvirtio_sys.dylib.so	35272	63cfbfd02e8e077d63e98fd0e0b397ee61f77b43e737266043447fa85be115b6	elf
system/lib64/libvknubia.so	118448	003fead6c46eb697a62b719175dfaf75c8db8ed616ccd09f10c28f0234e59958	elf
system/lib64/libvm_control.dylib.so	353184	6b3b6b2f752a52850988c26b9dee6eee3ed3a5f7d4ebc9e2a2502069ce9e839d	elf
system/lib64/libvm_control_product.dylib.so	35368	a8b72301f96bc59191ed23c6390061b47e10ee3f0bbe65b9a6488880f83c6b76	elf
system/lib64/libvm_memory.dylib.so	107360	4e58018fbb7c99a884170b3d6615a6bdcfd7aebdd919b467524dd93d89c5bbab	elf
system/lib64/libvmm_vhost.dylib.so	104360	fcc6c9fcedc5d9e8e846a3568262cf3ea3c5b0bb99495fbb070f019a1b146eee	elf
system/lib64/libvndksupport.so	51432	931b26b5215465b6a020d6108669ae60547021d6418e6fa7204087887cc1cfc6	elf
system/lib64/libvsprintf.dylib.so	35272	b2224f38e5a4dbc3c59587b38404ba33f30c57497b0c0e026dc1d19aede4299e	elf
system/lib64/libvsprintf_wrapper.so	35280	96f61486a4e12fe566da21c6796c87366eb26440324e4e5a019126a8208a2a27	elf
system/lib64/libvulkan.so	240112	2c6f896fb194b656acf18a5a4405a536b8acb467bbe8213f97acfac60289c296	elf
system/lib64/libwebviewchromium_loader.so	51464	522a6c621084f4886fd054c410b626ed8aa97fef6739e25329f7506a525a316b	elf
system/lib64/libwebviewchromium_plat_support.so	52240	cc4067ef28a64b761be3852d6deb58495309d1bf4a4fa4158060da825bdb80e6	elf
system/lib64/libwfds.so	465544	8f932c6773a1cb306feaa3545fb05fd0e4fa76442b03c0e10234c4fc08c41af9	elf
system/lib64/libwifi-system-iface.so	36104	5a70e413442ad44bd3fc06ca28506cf8dff1ba93e94a171ae999a5e722785453	elf
system/lib64/libwilhelm.so	307792	0de6b011be87a6f4ddcc94522b76097f221b8bdec838127d5403af7f767ee67f	elf
system/lib64/libwlanapi.so	35448	a8f535130ff4aeef76d8001e61ab3db213cc70ef5087923b876808c6f7dfc91b	elf
system/lib64/libxml2.so	1208808	efbd711664085eb5215452a6c204d9ce43309c447efb6fadba8b327396bdb533	elf
system/lib64/libyuv.so	560344	e5623f096692d953ffc3f60f0d9fe1c4c075c540c112ec25300f709fd26f2d3f	elf
system/lib64/libz.so	117896	53a0b2363159a5dce3c2d0dff5c1b18aa7b38b92ffb409d14667a88f65a09f1f	elf
system/lib64/libzerocopy-0.7.35.dylib.so	35536	1622179e629a5befa360ed4f05bd7bceee0a81daf4eb5979b6c05716fb4953d1	elf
system/lib64/libzerocopy.dylib.so	35272	98f37c40a19610f6fe3f94d9bb140f2c411331f4b7b2cbd7bcd747b9a46e445f	elf
system/lib64/libzeroize.dylib.so	35416	8cccc42e810a132332cabf6b1bdd23ec833a9430974d500eb0acd5df8414f73f	elf
system/lib64/libziparchive.so	119480	427a9b72b8782ee5f87f5ded36d8c236d16dd825359998c74518bec74129e610	elf
system/lib64/libzperfcube.so	185944	1c4ff2e06f642a3f89fdec40e44af0b8be8cb8fbd964628d277b3a77bbc57948	elf
system/lib64/libzperfcubenative_runtime.so	69264	fe1421fe54347e37f830ee62957ad1a6f87b288294b6df85517746ff5274b111	elf
system/lib64/libzteFaceRecognition.so	1075400	94ed017e34f397f05e53678069c7ff8b0df3862d26afb9760fb515e29b5c78a1	elf
system/lib64/libzteFaceRecognitionModels.so	116744984	3f157464c7dfbfcf94c3c955ed9d2a4c8900b62fb1f6789956fcbcc44481f01a	elf
system/lib64/libzteTie_Arm.so	862856	9ff247d3db31fe1396b5706dd330328e7cb08dcb671cd046cf5ed44f98386a03	elf
system/lib64/libzte_sensor_manager_native.so	36296	e7e6a45b9370ba9212342b641334ca2e9ccc8edf370916f326ede3e9c3967139	elf
system/lib64/libzteifasperfctl.so	51560	17fd17dc291ab64ee88221ce33cd5059dc086e0feb7d90e4d2a570bf3ac63777	elf
system/lib64/mdns_aidl_interface-V1-cpp.so	85328	e444581750630ea9f6b7d996bd9e729f8c1f075a5694c80a77318915b297a533	elf
system/lib64/media_permission-aidl-cpp.so	35704	9f91945c135ee9ddca6b17a55230654ba9225e5348179c719393eeffe63f2fa1	elf
system/lib64/media_quality_aidl_interface-cpp.so	168016	4bd5557f7ecf215d1bd91c6a1defd8b7fa3f024cf37c832eae2bf03a6f278ed3	elf
system/lib64/mediametricsservice-aidl-cpp.so	52064	e07526877bfddb3147ef37b2e85549a79d84118599ebe612480443ce468e96b7	elf
system/lib64/monkey_aidl-ndk.so	52272	585abdd3816eeb82e06d3a896ec2b3c2382bb226b32f3384c6cc09b7e9bf191b	elf
system/lib64/netd_aidl_interface-V17-cpp.so	381176	7b2c678d71ce55f6fcb5726bf8986bbcb113319d274a7b5d27ffcf8315bd4bf8	elf
system/lib64/netd_event_listener_interface-V1-cpp.so	68512	8535d4d3d0b2c4cdb2667641f93bee0b8787d6152ba3ed1daf1f68dc96429434	elf
system/lib64/oemnetd_aidl_interface-cpp.so	84984	3dd9bc06693f2446aec4d7abd4136cb1d35db8e4bbecf07423ccfb140fc9899f	elf
system/lib64/packagemanager_aidl-cpp.so	85384	ea1db4304c0081cc369f94832fe8882fb868a5fdfc39f654bbbef5e2cd80dad6	elf
system/lib64/server_configurable_flags.so	36256	1f22e00b2013a07d89bbe35bad3776113f9576de61b30752eb27e379effcc8f8	elf
system/lib64/service.incremental.so	1212264	ddbeed7c6e05d189223dcc6b06c256e977b789687bad915fb96028a8963365c8	elf
system/lib64/shared-file-region-aidl-cpp.so	35768	eef05d9f77b5a32ad2922a9d896211711fee3941719d7eea45780547cef7ddcf	elf
system/lib64/spatializer-aidl-cpp.so	118528	b394fc5f4d126986b1decaa15e98a64bf570e8527b43a985afb4dfe87bed07cc	elf
system/lib64/vendor.qti.MemHal-V1-ndk.so	85696	a50b659caa79c6780edcac5a9d6c3e367a3613795bcccce5d89c70b3a3c2847f	elf
system/lib64/vendor.qti.diaghal-V1-ndk.so	85816	861316035fc8bbcc3b7bf2129e426c39ce7f1a09257685bfc1dbd1f3e08ec457	elf
system/lib64/vendor.qti.hardware.bluetooth.audio-V1-ndk.so	52384	65f4000b6930fe04517506a60ac9e8055406ce723a572020d532d040a631d753	elf
system/lib64/vendor.qti.hardware.data.connectionaidl-V1-ndk.so	119256	7a9945eaae043f0ade5456136c07439932bca289a0b68970d2cbe019c94d9ee8	elf
system/lib64/vendor.qti.hardware.display.composer3-V1-ndk.so	87184	dc206164f78573672c272f8387961273e1570e94d9db024475c86ed09c08aeb6	elf
system/lib64/vendor.qti.hardware.fm-V1-ndk.so	85800	17b75b8e5d38864f5d56c8750430264aa9c28d50d7984158dc237640a77cec71	elf
system/lib64/vendor.qti.hardware.hexlp-V2-ndk.so	303464	05cf930ab70275c1d38462ed41ced4723e29fb2cafebe81aa26e094f14a7e39c	elf
system/lib64/vendor.qti.hardware.perf2-V1-ndk.so	102416	21df94d8035963fafee545b84efa982b54d2440261d39cd40846debca530dedc	elf
system/lib64/vendor.qti.hardware.secureprocessor.common-V1-ndk.so	35304	df0d22feb0430b686660266263c90b72e2a4b6abada8f7f2d64e0d152672ed4e	elf
system/lib64/vendor.qti.hardware.secureprocessor.common-helper.so	51784	40b264422ce5e9523440ebf8333ec4f12036e6be48b0812beb3db004ee2d2dc2	elf
system/lib64/vendor.qti.hardware.secureprocessor.common@1.0-helper.so	51856	e4a008b50462044c35525aeb85c5edbdbfeb9b1365852e5d8a447d66b08b5c92	elf
system/lib64/vendor.qti.hardware.secureprocessor.config-V1-ndk.so	35304	716a0cc447ffe9fa9bdc1c560e0a438bb6dbb77bb39d54848d70bfa0c75fd9c4	elf
system/lib64/vendor.qti.hardware.secureprocessor.device-V1-ndk.so	85880	fa1513a7aa40f5d3ea8e9f752c1c3b65740700d7007922e6437f1d781b6d63aa	elf
system/lib64/vendor.qti.hardware.systemhelperaidl-V1-ndk.so	102456	f723b073d7d061f6bd4244cd58b1d147373525f2b658adec395ac3e93bbb785d	elf
system/lib64/vendor.qti.qvirtvendor-V1-ndk.so	85584	ef8756a8483efbbd492e3484028263e32f95ef1f2331b7dcb255925f7f166400	elf
system/lib64/vendor.zte.fingerprint.ifaaaidl-V1-ndk.so	52544	d49d6e1a9a524380b2df25b9822f3f8cd6decc5b62bda23c869684b546730641	elf
system/lib64/vendor.zte.hardware.camera.device@3.2.so	118888	1a53879ad54329da5dfe1cf2da36e6b9cff343e151b4e819340c1e67b84982f8	elf
system/lib64/vendor.zte.hardware.camera.device_3_5@3.5.so	119032	3ba1964ede3ab10e61b9c55b49430336460efd6055e4cec500678741c26996a1	elf
system/lib64/volumegroupcallback-aidl-cpp.so	52104	d70e057e3ef8054201fce3e39ebbc2a98fd11cacd7845674c39ee37de7c607f1	elf
system/lib64/zaudioservice-aidl-cpp.so	134824	7c03fd6d0587ca07bfa1a193a9efa14ca312bae16524d88f9a308463a159c0f3	elf
system/media/accessibilityfiles/accessibility_0.mp3	15377	b43d820eb571e0aa81e6c55a1ad99ca11bd882bf201032fb92acf679bd912a72	binary
system/media/accessibilityfiles/accessibility_1.mp3	565	fe957335bb3376ebee2553fe2e5e3e87410b2eff5c07177a9bcf639fa9d47d8e	binary
system/media/accessibilityfiles/accessibility_10.mp3	167201	78a741cca5c3c1329e1e0c8c8d1f6ffa6eba69dfa4ae490c1121a7cdc4506da5	binary
system/media/accessibilityfiles/accessibility_100.mp3	52210	bacf6d943a7904bf342610c0b824c1579c7c23faa530ebedec0ea490b77060b3	binary
system/media/accessibilityfiles/accessibility_101.mp3	161611	90778b5c93b44d77f0d9e9b1765ca4ffac51181ead69d33bf2315837ed63e81f	binary
system/media/accessibilityfiles/accessibility_102.mp3	171590	d779dffcde45ac19ae595c5dd99bdb68996a5358e7b04ac64ff442e0a27330f4	binary
system/media/accessibilityfiles/accessibility_103.mp3	156438	e3904b79c365638f63c7c870ad6f106e947e57f7c89cfbdc99cbf875705a106b	binary
system/media/accessibilityfiles/accessibility_104.mp3	172948	de34dde99c58e3fe705730b4585072d5d3b236fffe3d20ef959400c5ad7e56b0	binary
system/media/accessibilityfiles/accessibility_105.mp3	130159	d45de580a52ad07a9d304db1e30c6489bfa1bdf24c1b98285580a93a661dace4	binary
system/media/accessibilityfiles/accessibility_106.mp3	149908	7447e12097e88367fa7a76748362480b42c68fda9017b12ef2e52069a74a165c	binary
system/media/accessibilityfiles/accessibility_107.mp3	175926	973195833e0c91554af53c51712583c06db8ff923d3e0c09484d73c5d4373879	binary
system/media/accessibilityfiles/accessibility_108.mp3	89983	91716369e074c51cab86c1b1cafb4061533931b6e2beb968df1b983760b20655	binary
system/media/accessibilityfiles/accessibility_109.mp3	119188	5cd0084bf70cc9db648c9488d4737e397389752576eee1530bf941736fb72816	binary
system/media/accessibilityfiles/accessibility_11.mp3	156909	e694852892d66097edbd310043e2581ac86b1e789972f9ed1c24f2ac0d817001	binary
system/media/accessibilityfiles/accessibility_110.mp3	84706	315bfd3af7f5ada0595b0ba0269f00c01a44cf83ddd9ace36e0ea4daae2f4f0d	binary
system/media/accessibilityfiles/accessibility_111.mp3	267511	25186bcafa01584c5f2bf009ffe7e2d7dcc80b735b4318fa88c0a1990b42a11e	binary
system/media/accessibilityfiles/accessibility_112.mp3	431926	52a48456016b69c5b4c2ce61e1d9a438795a74b5d170992d6f986df8cc7e40ad	binary
system/media/accessibilityfiles/accessibility_113.mp3	241598	94dd846eaff14d226936b50e960900ed77c6a5c4632cf84dd4ec6f1022c316dc	binary
system/media/accessibilityfiles/accessibility_114.mp3	128749	49406e05a83d6cfca21a8cb86e823cfc91aefcb89830faa11e31074e97febade	binary
system/media/accessibilityfiles/accessibility_115.mp3	146669	ff644e5b6840b997794467c31c19cb9cedd25e4684532db4dc77eb946ea22779	binary
system/media/accessibilityfiles/accessibility_116.mp3	176396	a7d73fcd328044dccf9ecf0a67c71185b730fb8fa16b96971c2a486077818aa9	binary
system/media/accessibilityfiles/accessibility_117.mp3	97193	b332775c81302b7289baf8396b4ba8b3963ef23d572e9558387a72b094b92098	binary
system/media/accessibilityfiles/accessibility_118.mp3	221954	ca88a251ade459275148b9ab0d370653718c57ba2f32db0d46d05b12e3d73548	binary
system/media/accessibilityfiles/accessibility_119.mp3	50381	3f2361504dba5b908a22c65d4505adadadb44421c7c51a715225e63011721ff2	binary
system/media/accessibilityfiles/accessibility_12.mp3	110358	1da97eba6f2b94e264ea21dde2999eb5dd57d0be610e57a72875d6fb51a609ee	binary
system/media/accessibilityfiles/accessibility_120.mp3	149490	745f1de6ca6ea34d6372b5680235a350480211be7d61580c2e9d06db54411823	binary
system/media/accessibilityfiles/accessibility_121.mp3	160357	fce41da5ed6d7109342dbaf942ddfa6231169115a2e6c16f04ab9e3de0b4cecc	binary
system/media/accessibilityfiles/accessibility_122.mp3	153670	2dff1edb4d4249ee94ea56ed03df38c2b313e7ce89febdb1e8837443941b627b	binary
system/media/accessibilityfiles/accessibility_123.mp3	167932	66e20402b22c9ab904a5db82725b082a2b4c36fa7638470840b63ca43c00497b	binary
system/media/accessibilityfiles/accessibility_124.mp3	119710	d8844f718e99edb67b41792fba60264727afbef3a5d17e8439e3f34b83fe5abe	binary
system/media/accessibilityfiles/accessibility_125.mp3	207325	0f65e796a26202f7b129dec5999b4c3aee1e6c7f75b148f4f9e45352596cb657	binary
system/media/accessibilityfiles/accessibility_126.mp3	207691	74124b0761bb47eee71c4d4e21f6b2a98370a2d82b6f9d4b8b97bf9ea06ec343	binary
system/media/accessibilityfiles/accessibility_127.mp3	115792	3f865e35acaa8925abe22f780993eea01cf8b712baa280f3614f39358ac0ad05	binary
system/media/accessibilityfiles/accessibility_128.mp3	78594	df6e55a16c87f6d6fdb81f34a926969fcf314d357c9bc48e041bb4f975b5e89e	binary
system/media/accessibilityfiles/accessibility_129.mp3	257637	1959654151d532d8b551d48f9bc704730cac84c3979273311df5462ed2c1583f	binary
system/media/accessibilityfiles/accessibility_13.mp3	80213	9188219482ff7db93dcf4544707bef3b558c91c46bf5db16160309c465e51b1f	binary
system/media/accessibilityfiles/accessibility_130.mp3	387831	12a36743937d1115883e479bc56d565361cb157835befbef076fa68a77e0b70e	binary
system/media/accessibilityfiles/accessibility_131.mp3	186427	2a79f97e071f6ca09cc67f92516f0e3612cd32296e62330398276d90f128cdfc	binary
system/media/accessibilityfiles/accessibility_132.mp3	122897	540025d8fe55ceff9680b28cf4c0746b05e3f7788a963f2c2e6be89b26203d7f	binary
system/media/accessibilityfiles/accessibility_133.mp3	157692	dc924f466f1ba03ab79163126b8a38ee085c3ce4bb22095a9dc1b96328123d3a	binary
system/media/accessibilityfiles/accessibility_134.mp3	157327	31e54d359746bd58781f617ccb92798f09cc5f7f8f3e303f5ca45daaee078d75	binary
system/media/accessibilityfiles/accessibility_135.mp3	112971	ea2e57bfd46e27ba952a2cc32c628ffe83f5d9cf4374d8464a1f6104703cd272	binary
system/media/accessibilityfiles/accessibility_136.mp3	259988	c7ff9d5585e5dbeaf1737416688d39dbe5091e6bffbe96db77acaaa6a32bc980	binary
system/media/accessibilityfiles/accessibility_137.mp3	54247	14041ad36d02f8a957feaa9333848095b97b51bd8d607f48a42265342d63e13c	binary
system/media/accessibilityfiles/accessibility_138.mp3	179270	0ca76f81d511229b4698f8a17271e92fbb6ddfcedaab7b2191f3e9eb265cb4b5	binary
system/media/accessibilityfiles/accessibility_139.mp3	167723	f670c935ee6d0ff6c113776e2c441ec6c392b6faf31b2afb7a23b338a30bf095	binary
system/media/accessibilityfiles/accessibility_14.mp3	226812	4897abe3e88f1548a01ad7efad9e8d5e077b7a9ff365012289dc3f8d7b404424	binary
system/media/accessibilityfiles/accessibility_140.mp3	169343	58dc42cf220e287f807af95149d66c27411b793076c97b542922fe24af22c602	binary
system/media/accessibilityfiles/accessibility_141.mp3	165007	d35c834074a7c1e3d0ca69c42a242f5ad1db5eba53f310f26a405bf64065fb4d	binary
system/media/accessibilityfiles/accessibility_142.mp3	115217	c594749463863f0ab7afe68c32f32b4ea01aec88c70160f30598d715f4ed2a39	binary
system/media/accessibilityfiles/accessibility_143.mp3	169656	0d06425e4b1c2455f0c4b1a141afa839288993655d62efbfc09281515e0e7ff6	binary
system/media/accessibilityfiles/accessibility_144.mp3	193271	83cd302a85c5899c28e7058f3fba9b2fde63f6e07af1ee222930ad7a4129df35	binary
system/media/accessibilityfiles/accessibility_145.mp3	101895	e7ada2892a332e632b640ea6a7affabd611409f7c92dd3c20a609656faefc5e1	binary
system/media/accessibilityfiles/accessibility_146.mp3	127808	369f88916d482d69002fee109c0d9e5120469c00fd11046192fd3e28429caa89	binary
system/media/accessibilityfiles/accessibility_147.mp3	106545	6e2823b2b458638b369e24b0dab88e0108ca089d91a1562d5e39321066d5205a	binary
system/media/accessibilityfiles/accessibility_148.mp3	289611	3e8764170ed711e4d9929ff82e06ed20f483394f056808823e4a9249be72850c	binary
system/media/accessibilityfiles/accessibility_149.mp3	481036	ada85c56ab43db242c3e793dc9577913392b81d8c13bfb417d9601900e66dacb	binary
system/media/accessibilityfiles/accessibility_15.mp3	426649	463a4a4462838af17c09761c96d085b99a14365056e48db257d569ca2ec083da	binary
system/media/accessibilityfiles/accessibility_150.mp3	239769	8a0095001379096a1c6c6a8835b5261baf0b9da289864ace834cc744d40fde66	binary
system/media/accessibilityfiles/accessibility_151.mp3	135070	33066d81bc9c0ee104448b52ec2390df9f543818efe9f2722cdc24d82ff4bfaf	binary
system/media/accessibilityfiles/accessibility_152.mp3	141131	aecc1684ddb422e7a1783beec844d52d63f69b910f2070a0a6d275e6925e4e68	binary
system/media/accessibilityfiles/accessibility_153.mp3	171067	ba2fce40cb078c4f5755254219832e57509a30c63c91ff90caca1979215e6cea	binary
system/media/accessibilityfiles/accessibility_154.mp3	109105	ed725aaba18b61db06f063ce632f06219414dc7fbfba289271e2021c9e744238	binary
system/media/accessibilityfiles/accessibility_155.mp3	246352	0e01e18c051383d93006c432a04cdb2e18c5b8c053a101ba9fd80033bd0696af	binary
system/media/accessibilityfiles/accessibility_156.mp3	51478	b202ba8fd1e2e8570c14f4084d436fc3302b0f0af8e1a930bd32fe399e8faa59	binary
system/media/accessibilityfiles/accessibility_157.mp3	180523	2f51d26dbef9778c3094687f3a1259aff8d7fa260338c733d98c5f28fd48df44	binary
system/media/accessibilityfiles/accessibility_158.mp3	166783	c3704d27d15e8e30cb3730974308fbd3cd65d7b443c8c16f1cae488624e425b5	binary
system/media/accessibilityfiles/accessibility_159.mp3	169030	4c710a274fb0fcde033db7f8963c55bc886f1cc106d3968e4569801f98a03562	binary
system/media/accessibilityfiles/accessibility_16.mp3	178225	816c20c54eeb48ecf3ee82209307f356902a9109010b3915a361362f02f68607	binary
system/media/accessibilityfiles/accessibility_160.mp3	184285	d4888f0bf1bc6b53dd0825e06135da6f4fc6f6eac3c65100279796f3cf1fdfc7	binary
system/media/accessibilityfiles/accessibility_161.mp3	134182	1863b02e9db5f7e3e64a9d58eef73e108a1e090588faaeffeeece910d5ac2074	binary
system/media/accessibilityfiles/accessibility_162.mp3	148654	9aa953bd502553fe100ff51e9be33ae53852f23503f06f8d7315d204512f6aa6	binary
system/media/accessibilityfiles/accessibility_163.mp3	183501	1c81c045b8bc38a6e541ac778ffcfcb07ee29ce444045d37794d3be239685fcf	binary
system/media/accessibilityfiles/accessibility_164.mp3	113284	eabaf14f77927e8747f685c1ca82fbb05e8b14ff6f63aea1b493c4fc8500ea11	binary
system/media/accessibilityfiles/accessibility_165.mp3	120546	e82d6a66267a1a74c4b014c29055351ff2261d28b9fdc321189538ebfd92b8ba	binary
system/media/accessibilityfiles/accessibility_166.mp3	89252	fddb684abd0bd37668f8a4e07e2a59576c2263336afbd2232b300d22c0339fa5	binary
system/media/accessibilityfiles/accessibility_167.mp3	269444	96a37aa52f600d603211bf941020e2aff30a41c35992ee758c93194df8326653	binary
system/media/accessibilityfiles/accessibility_168.mp3	484693	00ec9c0b54d74fba9ec032be908a6c99f392add946b923247e706b59b2142660	binary
system/media/accessibilityfiles/accessibility_169.mp3	240762	049ae6d8812329a2ffa8f147d42681a5e671f9ea2012bd2312bd4fc5e336b3cf	binary
system/media/accessibilityfiles/accessibility_17.mp3	104298	fcd9873c7e3ae2347f6a5745324ea82be77fb9a647c0451bc470c952e518186a	binary
system/media/accessibilityfiles/accessibility_170.mp3	137369	efcc0ecfd38f22565bbd827c924eeac26e7cc6ac59cc7d8d0789c7cabf406688	binary
system/media/accessibilityfiles/accessibility_171.mp3	132719	e431dfe67e2b4a0f9eb2097005be6a0e2c07cb7b16a654f1921ae2d10fd9371e	binary
system/media/accessibilityfiles/accessibility_172.mp3	210042	0785992b418f0f9c6b457aad70eaad471372b38f6d57dce5c98b060334959ce2	binary
system/media/accessibilityfiles/accessibility_173.mp3	102835	4c69cb5a8d2347f2784925d71359575d4d8419fb57c074224bbd5dbcee4843e7	binary
system/media/accessibilityfiles/accessibility_174.mp3	217878	beec336d2131acd6b572972f0800ca21103fc507e5a6d07e76825e883a99fe75	binary
system/media/accessibilityfiles/accessibility_175.mp3	50172	f673f9db52275e4afcc723a0142846871b5b0733826ccde433241739cf8b20db	binary
system/media/accessibilityfiles/accessibility_176.mp3	146198	e7737a62dd76145d8c4a9712da1dc0c69a12f6718de4b55fe9b15e84ad548f19	binary
system/media/accessibilityfiles/accessibility_177.mp3	144683	646d933511a71420f4b4cc5943c176a87396882ebb3e82dc2e048a90a7303039	binary
system/media/accessibilityfiles/accessibility_178.mp3	145415	77fb02d2ea05b177008ff0d4e385181c4af337dd125208085ee6a7f849a402c8	binary
system/media/accessibilityfiles/accessibility_179.mp3	166313	506258c781ac851f610aa6755c4232c55f84381314d91d992a4837b5988a3bcc	binary
system/media/accessibilityfiles/accessibility_18.mp3	138780	63ff45049098d8c5eee85b74d827babc116aeccd911c3cfc2e4d222532f9e541	binary
system/media/accessibilityfiles/accessibility_180.mp3	140608	903cb666f0dad86fbe7b3aba067f61bbad4ce8400ec134c4a8a4d9f71f93698e	binary
system/media/accessibilityfiles/accessibility_181.mp3	141392	11b2bd79293fc8b186855363943ce574795a378cc66e26ae49282c521034736a	binary
system/media/accessibilityfiles/accessibility_182.mp3	174881	e6a8da94992f6ec4b71a9b735bb44b7864b8ec3b32fb14b842c9ce9b20bd19f4	binary
system/media/accessibilityfiles/accessibility_183.mp3	100118	7491e1feb9524bc444df5df6b138081bbcbeb5874303214cb738aa663ffe77d2	binary
system/media/accessibilityfiles/accessibility_184.mp3	104925	be7f72f98e115af8a47256b16a6ef05265634184b65d4693feb264c889010ed0	binary
system/media/accessibilityfiles/accessibility_185.mp3	91916	34132fd6af7cd1171221b13e200d842ad64880bf9fa1b99d1a3422d1d250711a	binary
system/media/accessibilityfiles/accessibility_186.mp3	252778	f9e802c4212418824d627ba26935b5ba7eef336bd9d096644f4a11cd49fe37ca	binary
system/media/accessibilityfiles/accessibility_187.mp3	417088	4c9ad8ce133c48e5cdf93c71db01cd11b0a0990b10e159a54345b73520c8472b	binary
system/media/accessibilityfiles/accessibility_188.mp3	228380	83d36ab395445e464137f7b1f64a4fdcf55116a38a456f21ca6c7eeed391f491	binary
system/media/accessibilityfiles/accessibility_189.mp3	133921	ed1f4c3c6d837f194e1119a76e6ba0f2b7595b989f8e2c5c817a36f17a3da59c	binary
system/media/accessibilityfiles/accessibility_19.mp3	160879	5027c68af7897820dbffa740ec43679457d828ae7230d31b35d4bbb6a8e33f0c	binary
system/media/accessibilityfiles/accessibility_190.mp3	136794	c48755a94715dc01e153c3cd3b9291f301d27e6c473438bfa9cc5a4f38d8ed67	binary
system/media/accessibilityfiles/accessibility_191.mp3	167305	ffe241c9a5f1c5df6e17becd01c1cdb876df991a4b1754f2121f79560be991c3	binary
system/media/accessibilityfiles/accessibility_192.mp3	108216	89dfed0f19cd6500c1f3fe28664cfa4bd5ac34fb5bd558eaf67a2c92f2201217	binary
system/media/accessibilityfiles/accessibility_193.mp3	210564	87c474245b1b267e7d19c43dbb0a32123ace4b6285b0a88efd91fb6bba998b12	binary
system/media/accessibilityfiles/accessibility_194.mp3	47299	2254de1d63501486c14cd2251b65ee11d7b9b5c97f8c3f3bbfecc556cafb13a8	binary
system/media/accessibilityfiles/accessibility_195.mp3	144318	d45c0681862747c51801711bb0cb968e8094ca9ddaa4e9800b8ca509df7f034c	binary
system/media/accessibilityfiles/accessibility_196.mp3	164275	f2e345a3cd7aadfca325f60bbeba0d87a6eee211a6b3d95b286eeddd9b8a559d	binary
system/media/accessibilityfiles/accessibility_197.mp3	160775	d2e49fd35ec7fa84ec5c17815de6653c3efc340a3046680774d0ea2390a2456e	binary
system/media/accessibilityfiles/accessibility_198.mp3	173627	df03955637d88bd6909cf315dc6fc56ebbaf02b723f2dd9bec2d646d5793c470	binary
system/media/accessibilityfiles/accessibility_199.mp3	70391	7f09dae264dccbe92dea92f7057f6fa5100850d31bb5ee761cbbe2626e17c1a0	binary
system/media/accessibilityfiles/accessibility_2.mp3	95207	b69f90d104702fdfff6aad6d9efcb71863a5bc16d10dbf6dff9d3baa49bd7990	binary
system/media/accessibilityfiles/accessibility_20.mp3	165059	c208a50ebf122ea8a013aaf641223807424698011a9ed5d462f5fb901a3a553e	binary
system/media/accessibilityfiles/accessibility_200.mp3	143691	f46c24e92fd2b4ecc5ca415ee288d33faebb030fd2f94ed564a744b1270c8c90	binary
system/media/accessibilityfiles/accessibility_201.mp3	174985	bdc385b8798e86441edecc434828928b56aeb7f9669cdc666982dc4b8367d860	binary
system/media/accessibilityfiles/accessibility_202.mp3	94685	5d6a148ecf18d312a506a78db100c58afc5e2aa95e223fbd3d51330289090a16	binary
system/media/accessibilityfiles/accessibility_203.mp3	112762	6078b6aeb8edf049f61950d8cd9c63a34389f6b54fddb35de2431c0be6cebac1	binary
system/media/accessibilityfiles/accessibility_204.mp3	70809	612c986bbffd717b1585dcf6cebd15585a0fda2b2e5992a15732c1834d636a90	binary
system/media/accessibilityfiles/accessibility_205.mp3	251733	8a0cbefe3723869ad4e95065a0b5eb9fa7f7874439ce7f985df35d2cbc2b333c	binary
system/media/accessibilityfiles/accessibility_206.mp3	422156	60aceffc4b1bcf4de5a504761202a831c66df7171cd4a4a1baca9b09bcb233c9	binary
system/media/accessibilityfiles/accessibility_207.mp3	218767	4600a82014193be6a5e9c09e8e35ad213f85df653800e86ab367bf48e82c166b	binary
system/media/accessibilityfiles/accessibility_208.mp3	119345	cc3142ecaa16c93026313d6c48e98cbe31e37370b2bfad3ef3aa2d95acee25bb	binary
system/media/accessibilityfiles/accessibility_209.mp3	137003	15763836faa88260fa1660a37da2c63b8c9d5b76b96a123277110595b25eebaa	binary
system/media/accessibilityfiles/accessibility_21.mp3	74153	8eea8b929f79a08f6fcaea49215358b052b6736dc73aeb272331686b57629829	binary
system/media/accessibilityfiles/accessibility_210.mp3	160096	adf5a265443e0308dd703b3f09fa06a7a4c15d5afb50154b93096759e43e313d	binary
system/media/accessibilityfiles/accessibility_22.mp3	111247	6c403f06daf50b044c2f113400484d6002a0ff35a7e3453faa6d1bf18d6acd12	binary
system/media/accessibilityfiles/accessibility_23.mp3	263645	a7549af153e00b6671feae754d6791bf2f5deb4f27cc1a72c648ca3f35c206a3	binary
system/media/accessibilityfiles/accessibility_24.mp3	54770	79e24da9e214c43b5bb0b779b9d768dcc83fe4be3b36f7ea11c3e3c2658b499f	binary
system/media/accessibilityfiles/accessibility_25.mp3	170022	ea6e939e92bdb378c26c7d06a4fd8efd221d7ae3c64ec4a0c680babf7d554c61	binary
system/media/accessibilityfiles/accessibility_26.mp3	154505	fcb4623e46af3c49ec17cf8d0c2467e44ddd8b14589957d60a1f41f215991d01	binary
system/media/accessibilityfiles/accessibility_27.mp3	167671	52c04a4e0d20b03342bcf48fbd5aad247a8df736c9af202babbed87b1fb9b5ca	binary
system/media/accessibilityfiles/accessibility_28.mp3	170806	5d14810df4a8d75821a95c8dfe40bef6e9c0dd98c3ee79f3a14aa2f6e6724c06	binary
system/media/accessibilityfiles/accessibility_29.mp3	148288	dbb69468cd1c4bd804e062bb15648c090660dde3dde0997d35408b2ef2e91c81	binary
system/media/accessibilityfiles/accessibility_3.mp3	210460	5db30ac4e449bdf6af23c2d7a2ea585a8ea4367027b5ccba11a30817c52a912f	binary
system/media/accessibilityfiles/accessibility_30.mp3	174567	9d08361f76f5024292e77493a4dc88fec6e4300cbd35bf3cd7276b46fb8aca67	binary
system/media/accessibilityfiles/accessibility_31.mp3	170545	29d0533389d4508ee31ca7d9772be6bd60acc9a3189f58d6ae2bd6fdbe928998	binary
system/media/accessibilityfiles/accessibility_32.mp3	89670	c893ea4c223fbe15db9776b5db8b0a9672d118be312ac2847186132247ab3902	binary
system/media/accessibilityfiles/accessibility_33.mp3	114956	b293ef2999995caac9c9a71060228870f5a64da151b8bab2fbd742589b5de87c	binary
system/media/accessibilityfiles/accessibility_34.mp3	97767	375be398a674b9590a58d7799c63e0a50930d571c0d719bf9b0319136b0dd26d	binary
system/media/accessibilityfiles/accessibility_35.mp3	267198	61d2852a94b398b9191a28003fb5176c12ab8d8abc05b89ada3b36a5dc957b97	binary
system/media/accessibilityfiles/accessibility_36.mp3	429209	7c5dbd9051b76cc9edd0111ac43dd670cbe50af32ed70469c63e24f9f3f0f2cb	binary
system/media/accessibilityfiles/accessibility_37.mp3	247136	3469608a6bdf40d6a9978735a3241df11754a1c504218f6e55f5e14dcf7f52a5	binary
system/media/accessibilityfiles/accessibility_38.mp3	139981	36a9c9f81fa64f6f4245a81225419bb43ce20fe84507e84e9d09050b3692670c	binary
system/media/accessibilityfiles/accessibility_39.mp3	164118	80e77b83bbf4cd01445c7e660abb4ab202950861052bf68e82fd93d913024ecb	binary
system/media/accessibilityfiles/accessibility_4.mp3	44896	ef3428fd28b8c35c67134ab052e99575dada8b4b449bf3256d72b7e5f92fb9f5	binary
system/media/accessibilityfiles/accessibility_40.mp3	192122	dcea3ee0e021d026ca622a9793afe6e1ac7006ebd9e0bb9221b65b255a2d580b	binary
system/media/accessibilityfiles/accessibility_41.mp3	112814	927c4abe3478a30f95a611a6b68ea5c923b414c20eb6792cd21b24dc9ea8d2c2	binary
system/media/accessibilityfiles/accessibility_42.mp3	266048	ae5e932cf6f3c2566124972cc184fa1409f943b774666e851b92c9b2fa93acb6	binary
system/media/accessibilityfiles/accessibility_43.mp3	54456	83c5b2152fad2077c364289744884948f40ba390231e6936703966ecb2fd02b2	binary
system/media/accessibilityfiles/accessibility_44.mp3	175090	cc9df4c6fbfe3b2a03847725605d65fc4cba30c1e90046f79391161496441435	binary
system/media/accessibilityfiles/accessibility_45.mp3	168141	e32b717873d2e2b00f158f3af21a3cca187ebe377af77503e81d0f95565d1b37	binary
system/media/accessibilityfiles/accessibility_46.mp3	160305	ea28cce14234ed35b970a0441413044366b04003db0efea5d5cf895a04289e72	binary
system/media/accessibilityfiles/accessibility_47.mp3	178068	d9cfcf65c23795b961a002570db089e236f01ec9f84e3328e4b77faa5a9d99ff	binary
system/media/accessibilityfiles/accessibility_48.mp3	149594	6ba90e7c243c0103411af769bb64d43fc8536c31144013febfe2ac1bc712829b	binary
system/media/accessibilityfiles/accessibility_49.mp3	150587	ae3e5e0c41e4b9b5f0c9c9b83a209aa5b663cf3abade67d62342c2bb45c24e4f	binary
system/media/accessibilityfiles/accessibility_5.mp3	143638	cfe032465a5ad5fb5ee4e2fbb9dcd7d75306ff39e6de623486edca7285c00153	binary
system/media/accessibilityfiles/accessibility_50.mp3	182665	c5fa5cffd5720035da93e09dc75234553d2f4237ebb35165ac52e0a90f002656	binary
system/media/accessibilityfiles/accessibility_51.mp3	101320	a5b8391459ebe738d985a661b1e8902f930e85ae0203777a71aeb03429f04694	binary
system/media/accessibilityfiles/accessibility_52.mp3	120598	bb151330de48eb13330b98e7540fdd8b9ada8faf7a8e80c50713b2f020c54ee7	binary
system/media/accessibilityfiles/accessibility_53.mp3	92438	70aea5a12a5f970f641e500a3fee3be0e57394f80606bd3eebed764afdff9f9a	binary
system/media/accessibilityfiles/accessibility_54.mp3	283812	983ad8a7aa92ba3d819bb82d4cacf1f627e9f8f9d5517c665063d6a63227e98f	binary
system/media/accessibilityfiles/accessibility_55.mp3	453242	ac2750e318c87c500f74f54514900e787aec24aafbc5c013d16bd28a94cb6b1b	binary
system/media/accessibilityfiles/accessibility_56.mp3	221588	7f4829d7d315c1229662deeafccdad2cacda3b5b99a609264008bfc2840cd465	binary
system/media/accessibilityfiles/accessibility_57.mp3	130891	7c2f541514f5cbbbd45bdd8a3701f86b4b3b583789bf9470de5566fd5f29865d	binary
system/media/accessibilityfiles/accessibility_58.mp3	160984	7fb1b620bf64104f8a21820563ff36df919cde0379738a062873e0f02ba8ba0d	binary
system/media/accessibilityfiles/accessibility_59.mp3	188360	8e0a3e86a9f189b16cbaa871fc61ee88788caf8c72fa64654d8542e6912247a5	binary
system/media/accessibilityfiles/accessibility_6.mp3	151580	28c3a930012be3882ebf1128756343cfa20b2c6f616bc7abe44e899ead96f0f5	binary
system/media/accessibilityfiles/accessibility_60.mp3	101999	aeb7eacb96da2669a248838d9fffba69a51432b3ff8f9bc29c382ed04ad11509	binary
system/media/accessibilityfiles/accessibility_61.mp3	242747	1e491f6dbd5c9abca9f632e70595f49df53ac59cf67767fd0d65fae04268b133	binary
system/media/accessibilityfiles/accessibility_62.mp3	50538	22e546cbdf043a5a0d0224546f57e419d49c670d1549147d7c50a25afdf1eed3	binary
system/media/accessibilityfiles/accessibility_63.mp3	167567	9e4879530654515c8aa723c8bb4e3763cc41e751ba55827738c86489cd98996f	binary
system/media/accessibilityfiles/accessibility_64.mp3	155446	c470f81bb45b00184f22a8b9dead67a410dccad2a690970eeadc4bdebea60ec2	binary
system/media/accessibilityfiles/accessibility_65.mp3	152259	8c2dcd25140e8d479a660d0cb885214b970cac997f07f003283b757cdf96c4a7	binary
system/media/accessibilityfiles/accessibility_66.mp3	145885	0f88a1f1fb193b95caa09727da835c57dc10bc6fac6ccbb113ce441a6e083ae3	binary
system/media/accessibilityfiles/accessibility_67.mp3	173470	2b845bd794a9a4019d51ec1e2e2dfd81c8f40efd15170d1d4ad17ec173c3002f	binary
system/media/accessibilityfiles/accessibility_68.mp3	148967	0c47fb00906ff395d734c14d6fa02058d01620b4eec9732aec01c0a8cd3c46b1	binary
system/media/accessibilityfiles/accessibility_69.mp3	167096	60ac42d3c4a925ea668aaec7d23f618859c92d487d8af6d0afd8c4eb5db17112	binary
system/media/accessibilityfiles/accessibility_7.mp3	130630	2305ed017df97346eec6fe90dde78d71a8eb185492283340c545fd226f62b569	binary
system/media/accessibilityfiles/accessibility_70.mp3	105082	3fa6d68752a5f03fb7ac156c10b37a60ef3a080759190597862f9f7cef4f1cba	binary
system/media/accessibilityfiles/accessibility_71.mp3	112971	fa4172f9245d640351003b08f25a333abbcf5172035733f36156832d3d2613c6	binary
system/media/accessibilityfiles/accessibility_72.mp3	98081	a19a953ea17861ad76c6636f3e458e05978939013576319c360c216508957f00	binary
system/media/accessibilityfiles/accessibility_73.mp3	255808	b470fded306f9b7511880446a2f91381deb7b2555d9af8a3f9c8540e8cbf14c2	binary
system/media/accessibilityfiles/accessibility_74.mp3	430620	3a7d6cfede6844e5026cb26a50df522e010be2c38115b45973dd647e1df05ef9	binary
system/media/accessibilityfiles/accessibility_75.mp3	217356	1202b907dae74aba80e3542df76f66467b574046c7345240479c3c967dec5b0c	binary
system/media/accessibilityfiles/accessibility_76.mp3	119397	2e0dff4e474f598658f7732b7b2e1147914aa079e831de8a52cd93e0dd374658	binary
system/media/accessibilityfiles/accessibility_77.mp3	137474	ef24dc9e3742ac8b5f4aec391ee654e1cdfc9aed7038e05c39de96e19b74d0fb	binary
system/media/accessibilityfiles/accessibility_78.mp3	182195	8d52a2be97edc021ace172d623ebecdbe38ae7a02c6fe3aa0ea799096cb41f1c	binary
system/media/accessibilityfiles/accessibility_79.mp3	104925	f588de07af0914530898980b93ef9a1e88d71e2ed33b721970a6da94ee5cf270	binary
system/media/accessibilityfiles/accessibility_8.mp3	138727	7548a8ed31ed4ffe67001d2102d62cc210e5abf7d6e551b816d607543e83c229	binary
system/media/accessibilityfiles/accessibility_80.mp3	234597	9f6a7978c50e94605603184602264af7173ad50a8ce071dd58cad66a32dba22e	binary
system/media/accessibilityfiles/accessibility_81.mp3	45732	c6d09e41bd2e3897c0ee87e3621af150cc38972246f274d0878709bea8742f2e	binary
system/media/accessibilityfiles/accessibility_82.mp3	157901	4cfe3dafdb0bdbd8df918a40663db62cedc3849fe2e010d3fae9192a4fbfad3f	binary
system/media/accessibilityfiles/accessibility_83.mp3	162969	34aea898f24630764f9f348edccd1b954861f395da431f60381800caeca638f8	binary
system/media/accessibilityfiles/accessibility_84.mp3	152416	23f38c06d6b9c1df625fadcdd803decba2488ffdf8f4fe94a45fec683d9ba812	binary
system/media/accessibilityfiles/accessibility_85.mp3	168246	5f5961dc5db8d8d2db4a60791e2811d12b29197168ee4d032412cba92523593c	binary
system/media/accessibilityfiles/accessibility_86.mp3	149856	9e4ad23154fc32f94e8adb505108a231875827af616fb69d2d878fc2964cc860	binary
system/media/accessibilityfiles/accessibility_87.mp3	152677	ab70907b0371ff60d4e7890929caa2d590e0b56b3f948b0c684930ab442298a6	binary
system/media/accessibilityfiles/accessibility_88.mp3	169656	582c8f3bc3202f7ccfeb3a770abdb0e03f016156ac0db3530939a73670de9808	binary
system/media/accessibilityfiles/accessibility_89.mp3	92073	59f60191c5859ea8737d10ac527586db2ea3d4a9917308d36b79b129d4f21541	binary
system/media/accessibilityfiles/accessibility_9.mp3	64644	c29843588a006faa1c34411a4f7f06ffbc02be8e451e16992a405e14f17f6b9d	binary
system/media/accessibilityfiles/accessibility_90.mp3	113389	45ddb35dbdee6c3ce56e3277ca63efd4e39cedbd7171c9e609811e855c4d7e61	binary
system/media/accessibilityfiles/accessibility_91.mp3	92909	cc2a773ff0bcb3dae61f8ce84ae0799e61d000e8537a380797bfe609b8274c9d	binary
system/media/accessibilityfiles/accessibility_92.mp3	247606	4281f734f33e5c909ff93d7090309396c66d7b456eb7886e425daddfef91571a	binary
system/media/accessibilityfiles/accessibility_93.mp3	343893	1c9f728ea653c0a134422437429896d73b888e739010fc36fa25db16e5207a1d	binary
system/media/accessibilityfiles/accessibility_94.mp3	247554	a445c47f95361efd9e57ce07d5f7ab0fa12c9720fc64a1f8dd0ba0f89ef77695	binary
system/media/accessibilityfiles/accessibility_95.mp3	126920	b3fb7a8743c799f6ad9cebf01d5ffe40e7fdfb825dd3b43b61234b08a49e72ed	binary
system/media/accessibilityfiles/accessibility_96.mp3	159834	bed4d4de4faa7e64ae08393dc28ca40c249b3e9b5933117901f62d4b4ac4ccd9	binary
system/media/accessibilityfiles/accessibility_97.mp3	166417	39bf8fc9750a8efc5bfc71d80e76e1f7ef13c86a96684235c6543fd8cdde0831	binary
system/media/accessibilityfiles/accessibility_98.mp3	111351	fa671d69e1f5211052d5f3b54bd36b44d90c2dcd90e224a9b5967336f7b3c513	binary
system/media/accessibilityfiles/accessibility_99.mp3	263018	8b149ecd5e2c4b6f4de018be4b4f925dd017006b2aeebe89270ba3b6e2a6103a	binary
system/media/accessibilityfiles/accessibility_gen_eu.pdf	2941502	e5ea28629227aa41641a5cffe468c103d107bdb80f36f834c8040ed28c3c86e7	binary
system/media/aodfiles/aod_birthday.mp4	886270	e1201fb9f0998e8830c0812e6d2abea4df56953d62f257a1039293b1fbd7f17c	binary
system/media/aodfiles/aod_bumblebee_01.mp4	3267527	26834831d5afdde51f4a274eca89f599b8b10b795c34154ebfbdae4f49a6a9ed	binary
system/media/aodfiles/aod_eat.mp4	918796	e6ff4d3fd789e217bb44a730d6cc210caff1d1dea0c4326c5112e9bd814618ae	binary
system/media/aodfiles/aod_exam.mp4	1147303	f1bff7a962dbfc3cdb42a42a2d9824c64e25e910a096a7956fa7194a22f550fb	binary
system/media/aodfiles/aod_friday.mp4	244599	f273c48be65942d6bd7e4352b5059218afa4c5bdc7078f81c89644d150d819a0	binary
system/media/aodfiles/aod_light_num_0.mp4	333947	7002ae05a88f2aace55abce2dc5745af6d53682c7e823b1e5804186e21fb6445	binary
system/media/aodfiles/aod_light_num_1.mp4	259826	077857d8a4fe9f12c580f1e304f2ef7b1e320280d84f1b11ba3ae8ed6077a3e0	binary
system/media/aodfiles/aod_light_num_2.mp4	285768	a240515a7bbafe38c85bd4b75764aee29c1c84817757e4677a26dfb9ada533f2	binary
system/media/aodfiles/aod_light_num_3.mp4	236596	d621333c47aec75d23f1f5cf31f654fdef619a8447fbf0accae580ea8c4c5c4c	binary
system/media/aodfiles/aod_light_num_4.mp4	239784	d565df1d811c0890b3289dfacebd6c281db2399d7c37d2fd07f01e7b4f0eeca7	binary
system/media/aodfiles/aod_light_num_5.mp4	311871	5c36507422d5c33d49f06a641fc77f6d496dc75f4111334333127becedb1bd8e	binary
system/media/aodfiles/aod_light_num_6.mp4	230196	979ee4d5e54543fbaff373a6e3593cc5bb34a5644fefd66f8d10edf5738f40b7	binary
system/media/aodfiles/aod_light_num_7.mp4	228990	8234d664a5aaad6db19d1a9229302271b4a4387171b9a1d8ebff7877bcef90fc	binary
system/media/aodfiles/aod_light_num_8.mp4	324520	1c8d7374766fc1c62100645542d35da34962862bcfe9f68c0dc1cfe0ca65ae21	binary
system/media/aodfiles/aod_light_num_9.mp4	221648	baf9bc3e9809ecd1222078c9db293eebe994b0c8c034a2860935d2c16d142d4a	binary
system/media/aodfiles/aod_love.mp4	671857	cf7b2c47aaadc3953845e131643768ef277e6f7e2f34d19b81a22a480a9925a9	binary
system/media/aodfiles/aod_magic_1.mp4	343175	12e568b3cb497dc6dd3e1684ea48e6d6b46349daf22e583aed68136d882406dd	binary
system/media/aodfiles/aod_magic_2.mp4	613791	5bb2483efb6f5133aa6860f6bcba5ee522b0e4433b63d190c5414db6ee0784e2	binary
system/media/aodfiles/aod_magic_3.mp4	246336	ed86d486c29a4de10a8b81a92df487a5f1cc1f585cb4ef3a48ab64ebab9f1aef	binary
system/media/aodfiles/aod_magic_4.mp4	383586	ec6c470626721348e6da7540c2e341ac5efccf24f6c69ff6738f8707d03485ad	binary
system/media/aodfiles/aod_magic_5.mp4	910899	89cc78ce549c0db993bb9bac903feb7d936f84a51cf4e7e8b99735eafa3f6379	binary
system/media/aodfiles/aod_progress.mp4	652945	89cdfaae8b1390bed37e3acb9ab56f71657fe0ae3dcedc77e913b7e12489f230	binary
system/media/aodfiles/aod_weather_dawu.mp4	1057159	ae9a244024e0aff3ab4f86eacbafd230897c264091e40584994c45d4c4e4fd09	binary
system/media/aodfiles/aod_weather_duoyun.mp4	2635781	31d7c5e5b4b17a810b4494c62d42ce65c7c181f9c96afb19942a9d9f5c145eae	binary
system/media/aodfiles/aod_weather_qing.mp4	3010588	7b0c280dbaee557f5d5a61ba81bf74b501ff364b0e0eead02c51b10177c31f5b	binary
system/media/aodfiles/aod_weather_shachen_wumai.mp4	5955459	2dc4c90434d3f28eace85470aa07246d5555deb0811d8de0a0b0917d668c199e	binary
system/media/aodfiles/aod_weather_xue.mp4	2887849	6bf787796fe4ecbcb17afec49b04ae995f65faddbe96cd9e8ccba75c5139b351	binary
system/media/aodfiles/aod_weather_yin.mp4	1475015	e9178012cb1807f06b59ba65f40bc93d6e267f70c4826dcbe849e0384ad2ff3d	binary
system/media/aodfiles/aod_weather_yun.mp4	4774089	d069ca2d8734f905ce35644802db466cf23d0e0f8bc24f59d6f723d4895e0d75	binary
system/media/aodfiles/aod_work_off.mp4	717713	f72418b89b9c57811da7f5b55bc39243ffa9b02b7d835effcd91a8fe4c2d6c1d	binary
system/media/aodfiles/climber_1.mp4	3562923	b20f8718d14d5cb4cdeebd1f77f27f0a1e642346dc9479424c9ca26b889abf0e	binary
system/media/aodfiles/climber_2.mp4	3591690	c1dd803263a24753c9dfd9ec4ccc41ac19b756677a582c0bbce7786a27695f00	binary
system/media/aodfiles/climber_3.mp4	3619223	7641e7dd1a01ec744722dcae7239cd00d1dc7aa1a5e5dc9609c0d73ef6056607	binary
system/media/aodfiles/climber_final.mp4	3789813	503c98ea745b2e4c9d8bdbca4bc4cfa46ead7667b19a5db194b8af3b1c716c0e	binary
system/media/aodfiles/runner_finish.webm	7755503	49a7160107a83bfbb23856ce1d746f38536868c7a934e099c3ce736d7a754436	binary
system/media/aodfiles/video_beijing.mp4	5561775	de7b721fa8030e8b02ac918e08954a7dbb46d16123af3393e9faaec2e5ba5b35	binary
system/media/aodfiles/video_hangzhou.mp4	8297990	47d4f332d6468256a86bbff6b2fa6cf0d6e4c5e2c304596fb398dbaebe340f40	binary
system/media/aodfiles/video_love.mp4	462513	2f47867bcd19ec484d634310d73130395a08980f489c09a57471e8713a35ab3c	binary
system/media/aodfiles/video_metaball.mp4	2589718	dc8f77c35bfaed7fd47ab99d33236fbe69bb79d251316eedc686c5b04172dc0f	binary
system/media/aodfiles/video_moon.mp4	12845362	6bcb9ffa4ae539fc55ffda87543e803f8a8ead2c311e55aeaa83750f101b4b8a	binary
system/media/aodfiles/video_moon_first_half.mp4	13572711	4310d23345038fd59551f952217f0a2f9fe03a2dcf55ef7bc2d3c53761051a28	binary
system/media/aodfiles/video_moon_star.mp4	4741562	3c58c42024ca6aa38ec49dc8acce042d14620cb49793e00d5a527ccf78935477	binary
system/media/aodfiles/video_nopath.mp4	3245935	c4d13ff6af1ec049506979e6a08127a5aa096af604d5bef923ce6c12a74aee61	binary
system/media/aodfiles/video_owl.mp4	684941	afa3641cc25efcce9fd448c1e34c2f680ddb4fb6e1b2f34dde9a82a41d85f652	binary
system/media/aodfiles/video_petal.mp4	2711794	a044f0cc633d6eec3ab569e31f79774ade63db574791d32401ce64802e0aec49	binary
system/media/aodfiles/video_pot.mp4	2716185	edbbba6343392036129dfcf73ca75b23f5f9e8b22cef33e36fe8633bca6c7a39	binary
system/media/aodfiles/video_qinghai.mp4	7900826	a53752760646a6558127d95cc7e2dad5338478773de367fcc3c4835bcef8bb08	binary
system/media/aodfiles/video_rubik1.mp4	2582954	1c022b92c554077bbfc8216cf6b4df99304d291875dc53cd6dbb3d436e22e0de	binary
system/media/aodfiles/video_rubik2.mp4	2533986	fe8881a49d5729c440313e51235ebdbca9d6f6db54daa4a5909778ad04391416	binary
system/media/aodfiles/video_rubik3.mp4	1724796	0d7bf1a7b7cf301c9889620692a69f79ec9b7fa74bbe5cc32cc6b5f40b09320c	binary
system/media/aodfiles/video_sand1.mp4	761333	62e4c3d9274055aeee896dad940a799a1faa245bd3e2ab9bc78713a175a59f1b	binary
system/media/aodfiles/video_sand2.mp4	608445	3cc370158dbfb183133eb3cc01a5d5848776c33cd0a67ceaa3532bce6775ad90	binary
system/media/aodfiles/video_sand3.mp4	431661	36ba2450579a7fa0a437f7f13f94b7eaebcff2edfa7cb7cc90fc012c82d6e1b7	binary
system/media/aodfiles/video_sand4.mp4	337800	315660246be00c8e89cc989bd3866ba22a1d5d9737c233d3b6815019448b1eaa	binary
system/media/aodfiles/video_sand5.mp4	206472	cc6495c7340d5bedbb3e82381ffcde48013f6aeb95ad9e2cf3dd7bd2688cbe6b	binary
system/media/aodfiles/video_shanghai.mp4	6420250	10891f86553208481a7ecb693bc2e0b64bda2a7a9bbd74c2f869744fbbe2800d	binary
system/media/aodfiles/video_sharp.mp4	2651228	fedab16f57a5ba854e3ef9c1dd2c3dff830e48f3fa50c56061e3e0e1904e51e4	binary
system/media/aodfiles/video_traveller_world.mp4	18406168	bf302b821851d654202a726ba59ada9bf7b359458263f3addc2fe7d131418f44	binary
system/media/bootanimation.zip	4200333	da77cbaff30bbd703c94e5a1e23544f9a383e1994338e64a1993de06964f9d5d	zip/apk/jar
system/partner-app/Compass_MFV/Compass_MFV.apk	7624679	588f70cf33ec0592492deb3b3267bfc45f075c89157b0a122e8f72d1dc3dac5a	zip/apk/jar
system/partner-app/ExternDevice_RedMagic_Abroad/ExternDevice_RedMagic_Abroad.apk	52387644	c520567dd3377d10af7a95973a11d67ddf3930aa5359cbd245e99536ee4f30da	zip/apk/jar
system/partner-app/MoboReader/MoboReader.apk	40975207	6333a01ecd896ed2a7531d59d5219cc9ab7e1c4828a79dc511f8391c04b83e41	zip/apk/jar
system/partner-app/MoboReels/MoboReels.apk	54553973	bd47efcdfc68f8e11a2de398e6490e53753b5d9253e4e116a5d5cc7dd4176938	zip/apk/jar
system/partner-app/Moffice/Moffice.apk	162244241	8f73d2bc3233c3bba459c70c5fc1970fedd5625a2e6e92b79e8311e13f082880	zip/apk/jar
system/partner-app/NotePadAbroad/NotePadAbroad.apk	63586119	f4d14c18670e68520ec6a17b82165a001242d41c59d691b0110b9bd7bf3bdc2a	zip/apk/jar
system/partner-app/NubiaBooking/NubiaBooking.apk	86351883	2566d4dc81c49d3398838e8826a639e4f3361e3f25b0cdf7f2e119419c6b2c3b	zip/apk/jar
system/partner-app/TikTok/TikTok.apk	375567402	5413fb41a2b6f4e241884749234db8803c7f205f1aa0488e218d69bbace73ee1	zip/apk/jar
system/partner-app/facebook/facebook.apk	303143	29a95867b046015cf651df0af583f776920b3cf2c954cc20e2ea447fad66655b	zip/apk/jar
system/priv-app/AIEngine_ABORD_MFV/AIEngine_ABORD_MFV.apk	18531296	b247e14a5813ecddfa177635d119903e2dd8ba6fdd492ed0a8a62d51e9ba3ce9	zip/apk/jar
system/priv-app/Accessibility/Accessibility.apk	59459968	ef8b007e42c657dc53315bc73dc0c2beb068cf12ab13492772c86944e0e0b004	zip/apk/jar
system/priv-app/AlipayService/AlipayService.apk	20894	f1b00c80342f0dfe57364fc6ff5be7dff49aef783f28e1056b932035b9ea68fb	zip/apk/jar
system/priv-app/BackupRestoreConfirmation/BackupRestoreConfirmation.apk	392683	62d63b3d555f21b5f4cf36d53792c20ec9c77d8758cf09ea9dd4e81bae9251d7	zip/apk/jar
system/priv-app/BlockedNumberProvider/BlockedNumberProvider.apk	49566	f08da987809cbbd29ea9e518d3ae41d94ac496fbb9d38b511e834261c1b30001	zip/apk/jar
system/priv-app/BuiltInPrintService/BuiltInPrintService.apk	1741196	7621406ca60905d9a0449cbb3dfe850a92ed0809c067deffd122fc5863782836	zip/apk/jar
system/priv-app/BuiltInPrintService/lib/arm64/libcups.so	-1	ERROR:[Errno 2] No such file or directory: '.work/fs/system/system/priv-app/BuiltInPrintService/lib/arm64/libcups.so'	error
system/priv-app/BuiltInPrintService/lib/arm64/libwfds.so	-1	ERROR:[Errno 2] No such file or directory: '.work/fs/system/system/priv-app/BuiltInPrintService/lib/arm64/libwfds.so'	error
system/priv-app/CalendarProvider/CalendarProvider.apk	312431	40a4049e37ca15e4afba34c0df162ca3a7191884e27e14ec648d14e78d60fef8	zip/apk/jar
system/priv-app/CallLogBackup/CallLogBackup.apk	29441	9a7dc7f72d1b8bb9eb47bb93a752f73c2d56b96106789031259edc77eea882e2	zip/apk/jar
system/priv-app/CameraBurn/CameraBurn.apk	31439893	b891c0fcf40cdf082c75cbf17fd2a286b91dd19ef49c5de3fcd5873f544a44d9	zip/apk/jar
system/priv-app/CellBroadcastLegacyApp/CellBroadcastLegacyApp.apk	847548	ea65b2e9223853afce15ff9a8aa82835a96edd011d34ad7811105b08fc93c8e0	zip/apk/jar
system/priv-app/ChargeSeparation/ChargeSeparation.apk	20385118	995bfc4386fb3b222a8eb4536abba2e6d067c283b1e1c8ce3ca7f9ac07a42936	zip/apk/jar
system/priv-app/ContactsProvider_Abroad/ContactsProvider_Abroad.apk	4445171	b668d751a3111e9b2e76eb646a4137b17c59a78112f3e0c76b96033526bc008a	zip/apk/jar
system/priv-app/CredentialManager/CredentialManager.apk	5860274	1f974cd8a31ca8b83c8850eb2f7c38bdb6107be9d6370ec9923a87fe2a1941a3	zip/apk/jar
system/priv-app/CredentialManager/CredentialManager.apk.prof	30	17c10427264db61e43f37be47631972bc16d7dc33b319006904536487fc9acb3	text
system/priv-app/DailyWallpaper/DailyWallpaper.apk	11143174	cb4279b9c4ba5afe2e8da89f0a136a9b3ad2cfe8800c58f27dff25375a860556	zip/apk/jar
system/priv-app/DeviceAsWebcam/DeviceAsWebcam.apk	2106026	0ec1cac1a56d9555bbdca5adf7cd339e66e064b41191966fc10a2f5676394bdf	zip/apk/jar
system/priv-app/DeviceAsWebcam/lib/arm64/libjni_deviceAsWebcam.so	-1	ERROR:[Errno 2] No such file or directory: '.work/fs/system/system/priv-app/DeviceAsWebcam/lib/arm64/libjni_deviceAsWebcam.so'	error
system/priv-app/DeviceDiagnostics/DeviceDiagnostics.apk	13655610	2e316b6d441c21cd8f659bcdcb43ccdc5c2e790a709021d14b37d2dc2b9c023c	zip/apk/jar
system/priv-app/DocumentsUIGoogle/DocumentsUIGoogle-hdpi.apk	49623	202cf62278b1dd53e956207aeef5bba8b7b153e71ff5189c6dd4998a23686ce2	zip/apk/jar
system/priv-app/DocumentsUIGoogle/DocumentsUIGoogle-ldpi.apk	45501	73c01fe6590aacbd2a713d0d29b791f7651b51689a1c96d37851d997501e9773	zip/apk/jar
system/priv-app/DocumentsUIGoogle/DocumentsUIGoogle-mdpi.apk	45501	52e807b06de9d0495487ccf4e5a7f4c1315ebc9778177e9a1195ff85fd666e8e	zip/apk/jar
system/priv-app/DocumentsUIGoogle/DocumentsUIGoogle-tvdpi.apk	74227	d5eb8b6de4f74ec31e171d4564fec34fdcf1f278c47345cab29a8bc10eccadc8	zip/apk/jar
system/priv-app/DocumentsUIGoogle/DocumentsUIGoogle-xhdpi.apk	53754	aaa9f8ee781d832b4d9ce9ddc9ba534f4a8608124ea50a006a7243bb25a865c3	zip/apk/jar
system/priv-app/DocumentsUIGoogle/DocumentsUIGoogle-xxhdpi.apk	57878	009d193d65341143566c43dcbe6761958a4efac00248063eb5ac3d80bad146a8	zip/apk/jar
system/priv-app/DocumentsUIGoogle/DocumentsUIGoogle-xxxhdpi.apk	61972	581e98811b5bc2d7b12e9d50c975aac4fdb726c6a538e9361b093f3fe1d06bde	zip/apk/jar
system/priv-app/DocumentsUIGoogle/DocumentsUIGoogle.apk	7458778	3a6115218714d72d1031b79a17a4c735519849430af8f2f059057567035e1f7f	zip/apk/jar
system/priv-app/DownloadProvider_MFV/DownloadProvider_MFV.apk	2448166	6b64962e7ff63c9719b136225350c2ac316621d1b138d2bf3f3b93fc6963cf65	zip/apk/jar
system/priv-app/DownloadUI_MFV_abroad/DownloadUI_MFV_abroad.apk	19173956	cec92f333616bb044cc241dd11faef7ad98bf14377a01693d671fdccd0a78766	zip/apk/jar
system/priv-app/DynamicSystemInstallationService/DynamicSystemInstallationService.apk	131579	a2b3bffdc02e76d747396cad507392a2fdc3274802b688dcd0e4d11d5ba95f2c	zip/apk/jar
system/priv-app/E2eeContactKeysProvider/E2eeContactKeysProvider.apk	29497	b6d12871afea0713ed1ced89f6deddef540a868ac88af890fed0c8a35488be5e	zip/apk/jar
system/priv-app/ExternalStorageProvider/ExternalStorageProvider.apk	53662	0039e49c259b3ce1ea7f0fcdf330b0aabef1a06c4947fb373d1439301ac6c3ee	zip/apk/jar
system/priv-app/FaceVerify_ZTE/FaceVerify_ZTE.apk	37009119	a2c4236443c6cf6b596e683903f92a6feb4120f458e64a93205cbd6fb840686c	zip/apk/jar
system/priv-app/FaceVerify_ZTE/lib/arm64/libdual_system_faceid_date_save_jni.so	-1	ERROR:[Errno 2] No such file or directory: '.work/fs/system/system/priv-app/FaceVerify_ZTE/lib/arm64/libdual_system_faceid_date_save_jni.so'	error
system/priv-app/FaceVerify_ZTE/lib/arm64/libfaceid_data_save.so	-1	ERROR:[Errno 2] No such file or directory: '.work/fs/system/system/priv-app/FaceVerify_ZTE/lib/arm64/libfaceid_data_save.so'	error
system/priv-app/FaceVerify_ZTE/lib/arm64/libjni_ztefaceunlock_api.so	-1	ERROR:[Errno 2] No such file or directory: '.work/fs/system/system/priv-app/FaceVerify_ZTE/lib/arm64/libjni_ztefaceunlock_api.so'	error
system/priv-app/FaceVerify_ZTE/lib/arm64/libzteFaceRecognition.so	-1	ERROR:[Errno 2] No such file or directory: '.work/fs/system/system/priv-app/FaceVerify_ZTE/lib/arm64/libzteFaceRecognition.so'	error
system/priv-app/FaceVerify_ZTE/lib/arm64/libzteFaceRecognitionModels.so	-1	ERROR:[Errno 2] No such file or directory: '.work/fs/system/system/priv-app/FaceVerify_ZTE/lib/arm64/libzteFaceRecognitionModels.so'	error
system/priv-app/FaceVerify_ZTE/lib/arm64/libzteTie_Arm.so	-1	ERROR:[Errno 2] No such file or directory: '.work/fs/system/system/priv-app/FaceVerify_ZTE/lib/arm64/libzteTie_Arm.so'	error
system/priv-app/FileMgr_MFV_abroad/FileMgr_MFV_abroad.apk	16631313	09ece5568a35fa5ebfaf03c533500683a7971c4df9a5f5cb7cac1a0a3d22d26f	zip/apk/jar
system/priv-app/FingerFlashPay_ZTE/FingerFlashPay_ZTE.apk	2477427	aafea20ef47a234381edf78a6e628807b0fc9fb73630781714bf18dad6eddf72	zip/apk/jar
system/priv-app/FingerPrintSettings_ABROAD/FingerPrintSettings_ABROAD.apk	93657566	be8b5ebbf6572138f74ee4aff9a4c431a4d5ff38cd8ca1f3102ef2b75fdb7f76	zip/apk/jar
system/priv-app/FingerprintSensorUi_ZTE/FingerprintSensorUi_ZTE.apk	39547009	cd037663afeca85677f2188122414eae4edc2315b7a1d43469c4a39a1fac93b7	zip/apk/jar
system/priv-app/FingerprintService_ZTE/FingerprintService_ZTE.apk	185170	290576885adb7b39ca6a78274e24f9bb82b226a26cbf69797e87cce1b8690b58	zip/apk/jar
system/priv-app/FusedLocation/FusedLocation.apk	33182	bf232f13bbf66a0a05dd427652d4bff178e92809389a5bc23894a81fb67a55d1	zip/apk/jar
system/priv-app/GamePi/GamePi.apk	164442	3bb7eb763d63fa82ff5ac3df018952d2657e8cfdfc3aa945192b1870bd2bb609	zip/apk/jar
system/priv-app/GameSpace/GameSpace.apk	165068253	204592107357ae6006f6b0135f53c02cc95fe6eb2b8c693b5ff503c133b8e23d	zip/apk/jar
system/priv-app/Gesture_ZTE/Gesture_ZTE.apk	17867227	72d18b03238a3263dbb3ddc47ed18f0dd5ce0f1d5f4b435f8f37f8f5bdc00e05	zip/apk/jar
system/priv-app/GooglePackageInstaller/GooglePackageInstaller.apk	3547209	6ac2da7e807d5669a397d6851f37be23f7287a2a1f8b543a11a6cbad1e9a24bd	zip/apk/jar
system/priv-app/InputDevices/InputDevices.apk	271296	e3eccda33d3e2ffe2c010306d4a3a0b85bd43eb245fbde588788e1cdb5ec02df	zip/apk/jar
system/priv-app/InspiredWallpaper_RedMagic/InspiredWallpaper_RedMagic.apk	218650064	5afcbcd5c49868147f8cbe11cc0ac795384eb42a40d3696475af7e99c04c809f	zip/apk/jar
system/priv-app/IntentResolver/IntentResolver.apk	3527918	0b24ec28cae8b439805b205d5b321f0d9499901e2f19139e88992e58879c45d2	zip/apk/jar
system/priv-app/KeyMapCenter_magic/KeyMapCenter_magic.apk	12066485	0680942d602862c3783c72116385ad47e7a3fbb135cc83a550e38d0051eddf9b	zip/apk/jar
system/priv-app/LauncherAdapter_MFV/LauncherAdapter_MFV.apk	1261121	b80be9cde18a8ca3adb5f203c7fb579cc38253799480062e4233c3dcbbd0aac1	zip/apk/jar
system/priv-app/LauncherBeautifyAdapter/LauncherBeautifyAdapter.apk	362614	9239fb8c4a7ac4134def58b356d6a75c70c17b86d9fb5ef749380fdbb2efd8f3	zip/apk/jar
system/priv-app/LauncherBeautify_MFV_abroad/LauncherBeautify_MFV_abroad.apk	34124493	8cf0a41ea6b0ad0c2e08a91129124d220c7931e7e1d657a9c4b6e63d38a36c6c	zip/apk/jar
system/priv-app/LiveWallpapersPicker/LiveWallpapersPicker.apk	4002427	cface4ac425e04346ece46b75f1c58a9676a89c283a591e8d2cf8536385f0fd6	zip/apk/jar
system/priv-app/LocalTransport/LocalTransport.apk	33182	77f0c86533eaaa6f63ce8e337b55718eb799a3e7dd8befde6b5cc11a9b2a1f89	zip/apk/jar
system/priv-app/ManagedProvisioning/ManagedProvisioning.apk	5774517	ef297c3de52f6a3d05e07291d8e5d3c48eff46bdbd540fe84dcdbab8af440e16	zip/apk/jar
system/priv-app/MediaProviderLegacy/MediaProviderLegacy.apk	884412	5f01b6d79a79f6f675eb09d6651cc4be598a2a426bab111cc5a41a14c88d99ab	zip/apk/jar
system/priv-app/MmsService/MmsService.apk	300609	8bf72a4ae3f303f4d231e2607c06e1198e45e5a5b13d892674eb9b0afec87bce	zip/apk/jar
system/priv-app/MtpService/MtpService.apk	1110346	c533e4863a316c74b1bf61fb3694d140121d3696952f3c669db1cf5ef92cf810	zip/apk/jar
system/priv-app/MusicFX/MusicFX.apk	328184	039bdffe3971d10da86c9b93ba410af8eed543fec3da76629bff449eafdffeb5	zip/apk/jar
system/priv-app/NBFan/NBFan.apk	24717303	98e2bd8ce000d481eb91d5db487358fabc80d897152f0232d8f8d42f685f2d7c	zip/apk/jar
system/priv-app/NetworkStackGoogle/NetworkStackGoogle-arm64_v8a.apk	370389	a82cde7b54473ef26f5b1a91d7423611c36b8a29a40b86fb2718e55df485c7ac	zip/apk/jar
system/priv-app/NetworkStackGoogle/NetworkStackGoogle.apk	1206702	864df4fb79b3e85a069f6779fe86ffb461f8af112b55319134c96b1da1161415	zip/apk/jar
system/priv-app/NextAppCommon/NextAppCommon.apk	6353225	7aa0493f6d88a3c41aab7d2f6f9431150cfae78554fedc1c9c946135272c3991	zip/apk/jar
system/priv-app/Nfc_st/Nfc_st.apk	5705332	6faa28ce108c74dbd9e0ceadfc515d8d38e4ca25fd09327a8cb2eb3ebb772be4	zip/apk/jar
system/priv-app/Nfc_st/lib/arm64/libstnfc_nci_jni.so	-1	ERROR:[Errno 2] No such file or directory: '.work/fs/system/system/priv-app/Nfc_st/lib/arm64/libstnfc_nci_jni.so'	error
system/priv-app/NubiaCamera/NubiaCamera.apk	478576241	910d91ed7fd637b0a7063b182aa618a1288cb9a8843c688ac1e8ee32462bfc9c	zip/apk/jar
system/priv-app/NubiaGPUDrivers/NubiaGPUDrivers.apk	1955898	51e88d457fc8b198a25ab66cea015b934b0a01694dcd494f623585825c205935	zip/apk/jar
system/priv-app/NubiaProjectionScreen/NubiaProjectionScreen.apk	20472863	77c5bc26b22fa03bb6679d73b4a8abb61bb450bcc32072b2d656240e4f301e21	zip/apk/jar
system/priv-app/NubiaRedmagickyi_RedMagic/NubiaRedmagickyi_RedMagic.apk	577750159	dfa0d57eedec5e4eb32c77826abdea38927b3fbb4927cefe5faaa0e54078d90c	zip/apk/jar
system/priv-app/Nubia_PhotoEditor_PrivacySticker/Nubia_PhotoEditor_PrivacySticker.apk	62230399	f0274187aba4d7aa3a10e1bfa78401cccbfae7e9b34a82e518ed0f96fc744c24	zip/apk/jar
system/priv-app/ONS/ONS.apk	90633	cbd364cc538b925c6162de5dda0dd8ef55fdd6dd91848380709830937d60e83e	zip/apk/jar
system/priv-app/OTAP_stockplus/OTAP_stockplus.apk	426782	1b5a6207cba1b396d2821458262694f5708c724da90c3a06d115614a4a409c83	zip/apk/jar
system/priv-app/OffGridCommunity/OffGridCommunity.apk	15327509	fec24ebdca7c30ed30c6e178fc83e2dcb5b9b903fd2ad3c644947be628f5754f	zip/apk/jar
system/priv-app/PowerSaveMode_ZTE/PowerSaveMode_ZTE.apk	30398860	aa57691039436d95da29e3305afac7de57e75f40fe73fb648766c4aa973e0c4d	zip/apk/jar
system/priv-app/ProxyHandler/ProxyHandler.apk	20894	72941645e3c8da7b23bb727f4701272e88b48b618e4a863d4af327479a2c977b	zip/apk/jar
system/priv-app/RedMagicWallPaper_Abroad/RedMagicWallPaper_Abroad.apk	32545959	d80875498a2dc3587999229d93ab0df466c5ff77902fb947638bad9ceca6ab99	zip/apk/jar
system/priv-app/ServiceManager/ServiceManager.apk	7995498	7ed5f6dca46b4b4dfb05a93a118ed36fe6be474af6a59db33b6a79b2c85a6987	zip/apk/jar
system/priv-app/SettingsProvider_MFV/SettingsProvider_MFV.apk	2223049	87555658cfead0689e5d6d8d5bd68e08fe53d8858b8daaba1e4dc12f97cab113	zip/apk/jar
system/priv-app/SetupWizard_MFV/SetupWizard_MFV.apk	57197456	48885d6fd78063c76ac309fb44e1450f91576d6b1184ba4d6e24e6d615c0697f	zip/apk/jar
system/priv-app/SharedStorageBackup/SharedStorageBackup.apk	16798	362b355489a20e3c0cad65e94f83397e3ab14cb0d43dfdc643fdfe2b33cbf3d3	zip/apk/jar
system/priv-app/Shell/Shell.apk	504136	3c3892b62a0563de050363348efaa848ebba0be33b5222c813664c2213c6a4e1	zip/apk/jar
system/priv-app/SoterService/SoterService.apk	37278	0f350b572b94ac9325043e0fb860cf974947126b795c2a364e04ac4c9ba2b3a6	zip/apk/jar
system/priv-app/SoundPicker/SoundPicker.apk	5391193	397e03e58125c5198924b703f74933c403755315bc91d04093545a2fe951e1c0	zip/apk/jar
system/priv-app/TagGoogle/TagGoogle.apk	725100	de248639bdd7a12887420e8a03467e52b89cad5097afb380b55f450d5f05e8c7	zip/apk/jar
system/priv-app/TeleService/TeleService.apk	9012499	81e410cf23787df40d6c7312157e48cfa64e9e04bf775e79d7fa633f868a0d12	zip/apk/jar
system/priv-app/Telecom_MFV/Telecom_MFV.apk	22341942	b0121d6f90c60ab234eb58b77423f0c0f9267541d600bd3aa9d4c5134a39e19c	zip/apk/jar
system/priv-app/TelephonyProvider/TelephonyProvider.apk	558712	5160941708242d68d6ebfd0811678bf8bbdb33e75eff521b3cb53228c85db78c	zip/apk/jar
system/priv-app/ThermalBridge/ThermalBridge.apk	58559	02bb8662511e47c33360f0e1862590a12aafbdf778b48ba45b11d061dccc5ab9	zip/apk/jar
system/priv-app/UserDictionaryProvider/UserDictionaryProvider.apk	33182	2f1e0b6bc8b8d037c883cd5f6736a6453df83370fdf4e9861fb5b1d8c20713a7	zip/apk/jar
system/priv-app/VirtualGameHandle/VirtualGameHandle.apk	40559303	eab27cd21d8c20adf7ffdb33fe67a88e090fd372a99a30eb821a9de39c37bf8b	zip/apk/jar
system/priv-app/VpnDialogs/VpnDialogs.apk	148164	92a028ef9befd023f4e8fab68881eb38708024428cf2b82feea3813ffbb36b25	zip/apk/jar
system/priv-app/WlanSnifferTool/WlanSnifferTool.apk	1050940	605b9e2afcbeac650cd83511e230dffdab6a29e871469740d52bdf59948c4a6d	zip/apk/jar
system/priv-app/ZBoard_Global/ZBoard_Global.apk	29643080	d4b84514566edc8106e997e37474f38a53ef7da4f40d87a5bbc507b66a368694	zip/apk/jar
system/priv-app/ZSwitchPlatService/ZSwitchPlatService.apk	250626	393e950d0836939480d9ae20260a34b76a0aaa073bd8b34cec7ef136ebb62dc1	zip/apk/jar
system/priv-app/ZteAigc_abroad/ZteAigc_abroad.apk	37152911	6414a59e2137d0dfb823d51286952b79d4ee2dd50531f7f956d110daf43c424e	zip/apk/jar
system/priv-app/dm_mfv/dm_mfv.apk	20082142	6c645fedb1c0477e165189eba2176d44684f97ccff283e2170374a0acf18d169	zip/apk/jar
system/priv-app/facebook-installer/facebook-installer.apk	517408	7bd544430f84f464fce062ebe4882bbd116714d9115320176179ec3ee7ec85d4	zip/apk/jar
system/priv-app/facebook-services/facebook-services.apk	3869908	e8c75778f64998b2a5b3b6adbf997d4072d05855f349eede88079ad2829941d1	zip/apk/jar
system/priv-app/privatespace_stockplus/privatespace_stockplus.apk	22873165	c296b7b8dd52effcff082b935ce0dafc91fb12fc0687790adb073c7bcc6b2d88	zip/apk/jar
system/priv-app/zdmDaemon_common/zdmDaemon_common.apk	86864	ce8b2f3f8001aaa577b309d6377edfdf1d89caa22d1069490f745239e7b5bb7b	zip/apk/jar
system/priv-app/zdmDaemon_install/zdmDaemon_install.apk	58192	aa00ef4b26d1925d2510d3ae46b363c99eaa0976cdaceed845d21d5a841f2240	zip/apk/jar
system/priv-app/zswitch_stockplus/zswitch_stockplus.apk	12042196	4d73400e8bf011dc4f5e7c90d50c430a50775303329b833b6cab4d2825408f01	zip/apk/jar
system/product	-1	ERROR:[Errno 2] No such file or directory: '.work/fs/system/system/product'	error
system/system_dlkm/etc/build.prop	944	94165e4c08bceccde663e6dc9183ef9841a6e2510b6b1a865989fe1f4d2a295c	text
system/system_ext	-1	ERROR:[Errno 2] No such file or directory: '.work/fs/system/system/system_ext'	error
system/usr/hyphen-data/hyph-af.hyb	72640	5487ee44a4cd706d0086522e90c59c76cdf2ac68ce506fd3eae6054b9220c0cf	binary
system/usr/hyphen-data/hyph-af.lic.txt	2603	f031161adb7a1dba1cbcdb88db73daa583cf05fb7cf9e552c229db16d43287dc	text
system/usr/hyphen-data/hyph-as.hyb	703	c2784e33158a807135850f7125a7eaabe472b3cfc7afb82c74f02da69ea250fe	binary
system/usr/hyphen-data/hyph-as.lic.txt	1329	c946b8a8c6c6fcc5f25d1d3e1f115563b747107703c177506570b78dc3c3d738	text
system/usr/hyphen-data/hyph-be.hyb	6098	25b7cfa039f82ac92990e1789de40988d490db9b613852fb24036b38ff87893c	binary
system/usr/hyphen-data/hyph-be.lic.txt	2981	6779b2b4828059a306d0de69b5f2367fbe0baa4bb6a5b9833e4f3c9b1a1a2557	text
system/usr/hyphen-data/hyph-bg.hyb	3467	7593f0395081e3eeb2d8516d10746608afd826cffd4e7e37d53936993d200a13	binary
system/usr/hyphen-data/hyph-bg.lic.txt	2927	781902350f02770c663855708e464eb649b4fd1b8fb0f221b5888fab428ed9a3	text
system/usr/hyphen-data/hyph-bn.hyb	703	c2784e33158a807135850f7125a7eaabe472b3cfc7afb82c74f02da69ea250fe	binary
system/usr/hyphen-data/hyph-bn.lic.txt	1328	5c3fb47f4db03b1aed34334f10bde6225866c603ce6e0f5979084ac093f6d481	text
system/usr/hyphen-data/hyph-cs.hyb	64245	97a4755fe9e653a08969f1933e3db19c712078b227bd5aa6799093abc5a0edc3	binary
system/usr/hyphen-data/hyph-cs.lic.txt	957	cb55da5dd17b5a928b9b2d8ff06128fd0eada59ee7c8fd38b90300e1594c0075	text
system/usr/hyphen-data/hyph-cu.hyb	52842	2baee19d5024ff87dcf3a1b9d0da1b3ac5a1e506adeead3b96a4de5395d0290e	binary
system/usr/hyphen-data/hyph-cu.lic.txt	1538	740dd3aa5c47df088569694b7289a8510f534e7e1951f62fd52d5886238536c3	text
system/usr/hyphen-data/hyph-cy.hyb	35913	4d0569fe2f4b41b3164cf610310e1d996fd2c553cc39de6062e50f4e033cc207	binary
system/usr/hyphen-data/hyph-cy.lic.txt	1871	371f2798e2776351fd981df3a299e4bb9b6f354f7ff8983e723546f2de3dcb87	text
system/usr/hyphen-data/hyph-da.hyb	7097	5cd9445161232ea0e8161682f93b4d68e9eef27c40e856072756543d01caa010	binary
system/usr/hyphen-data/hyph-da.lic.txt	1728	cfb07fad88cc7fee2c787b696a0b768098b92c02a9bf97142ff459eb66686d5c	text
system/usr/hyphen-data/hyph-de-1901.hyb	121393	8c5fa4b29519d17593e923bc6a9a284df7a6d07fac42f897110b8fb2e0baeef5	binary
system/usr/hyphen-data/hyph-de-1901.lic.txt	2387	323588a32cd13c7b72e3f686cc33ae441e5d78374b3bf521dcf197ec849b18df	text
system/usr/hyphen-data/hyph-de-1996.hyb	120412	d673805547a0228d2f57a5ad551b8760cfcc521f38c49284ed3976e3515bca49	binary
system/usr/hyphen-data/hyph-de-1996.lic.txt	2396	aa8ff4cfd4ceb78aff48de40f9ba26115611e3d3df3c830a997b6dcf09153166	text
system/usr/hyphen-data/hyph-de-ch-1901.hyb	120218	8223a912160354e05735522fdb339dc59b353ad5d1e4f4cfa94898dc348e748f	binary
system/usr/hyphen-data/hyph-de-ch-1901.lic.txt	2421	cdad54c36e0437da5a9edd0b477f2c52ada7e08cacf35c909a9c9fd5c5a11aa2	text
system/usr/hyphen-data/hyph-el.hyb	4219	76ae3454fb0045adb83094832578aa4749ce4dc694c4edcf85b419c1e2d9bcd3	binary
system/usr/hyphen-data/hyph-el.lic.txt	1968	1520b84b3cc9886f4dd55557d0212ee2030cc7d58e23fccaf6a699f91ca6d665	text
system/usr/hyphen-data/hyph-en-gb.hyb	46607	ae4b78009d18e849d87458677151ee3aad1608ad72ec050dfd2421d22e7d031f	binary
system/usr/hyphen-data/hyph-en-gb.lic.txt	3948	1ca6ec4866cbcb3515afd059214963d01e9ba941d9ba46a361c070a8e356e20f	text
system/usr/hyphen-data/hyph-en-us.hyb	59802	03727cd6f4aa71b203c4c74ca6987ac7d87f13037337ac6f4b6996c2a0dc5f8c	binary
system/usr/hyphen-data/hyph-en-us.lic.txt	1772	72fb7725951322dd9a84e3623aa1a02b264c8a32e48410f3eec63a84708bbbb5	text
system/usr/hyphen-data/hyph-es.hyb	14995	137461792537a2e56a6475e81e2b9ad7a2bdabf1f4738fae186dca3022357349	binary
system/usr/hyphen-data/hyph-es.lic.txt	1855	b1772c2f0d315ee659a217a260e0f19a0cb2daa9ed548170751cef75c15ba45a	text
system/usr/hyphen-data/hyph-et.hyb	21421	10079c66014dd2e6abfef5a018e6553fd5a036afb96bd2a235440a188f88b15e	binary
system/usr/hyphen-data/hyph-et.lic.txt	1575	d27d363daffa6e9bba7f7146311b88d5db8e657bdc06ef04626ecfd7d2114069	text
system/usr/hyphen-data/hyph-eu.hyb	665	e2778a4fc7b8f064a32b6a44bc29f10e264d9d6214b8edb8ebd1f5f6d68e2eb2	binary
system/usr/hyphen-data/hyph-eu.lic.txt	2856	5e9cf0248f3a7d07f945db5db863d421967834ecdf1078b4dbd0bd0adb783066	text
system/usr/hyphen-data/hyph-fr.hyb	8165	00bd8b2d398d77575da2bfbbc5ec641aad7f2a87d4a31186ec169e85a27de5b7	binary
system/usr/hyphen-data/hyph-fr.lic.txt	2450	54c5093e1eca0ac9b479a4cae1b7c9e9bfca6d98a7d2456ed44e60bd8a567e2b	text
system/usr/hyphen-data/hyph-ga.hyb	35824	1e3043f395bfb2a4c43d0480ba2f168ed622881cc3482359ca6e99821e983be8	binary
system/usr/hyphen-data/hyph-ga.lic.txt	1804	719386d2e1290d116b1b9fbf7f3426e836fb53ef7c54eb2bb2fe85e39f3c76df	text
system/usr/hyphen-data/hyph-gl.hyb	9289	89d98eff14e2cf1c2314efdf392339e62d7e786f100202a7377bf7b22095a0c5	binary
system/usr/hyphen-data/hyph-gl.lic.txt	974	f547d635dc7de00786aadc3c0c88f2c45547169c822b4ac20d923f7b61ee031c	text
system/usr/hyphen-data/hyph-gu.hyb	655	af0edb67c2219b803c3eb6c1dee6f2d41a3fe00468a9da8be8ef5056d701abf3	binary
system/usr/hyphen-data/hyph-gu.lic.txt	1329	c5feab7307aaf4e5343046c7a972e6521b7d7ded096fff4b5f812f477e0abefa	text
system/usr/hyphen-data/hyph-hi.hyb	687	f4df224d459fd111698dd5a13613c5bbf0ed11f04278d60230d028010eac0c42	binary
system/usr/hyphen-data/hyph-hi.lic.txt	1326	7a3bfa38cafbd82e8f05409417f6d2553ae74b0ff7db7f67a2971c2dd947b873	text
system/usr/hyphen-data/hyph-hr.hyb	3031	d5f066a5657f1d7c39d053956df204b7926f40d2fe4f69573af09d909066e26c	binary
system/usr/hyphen-data/hyph-hr.lic.txt	2578	06408b1257255cfdfd57ab592f1c069ae40ee5e5f13428515ca73d0936459cdb	text
system/usr/hyphen-data/hyph-hu.hyb	317251	8b3a16268cc932b226c17ff405b3cfb6eb38a9511a2043d653dc03729efceac1	binary
system/usr/hyphen-data/hyph-hu.lic.txt	2022	a9093182536afb0ef09c172661b2e01e27739340e8f17c5baab5bbe66f4f8618	text
system/usr/hyphen-data/hyph-hy.hyb	605	9b34dfca85cb27546829f104f137757efb274934c1e9d4991f55ad564962a76a	binary
system/usr/hyphen-data/hyph-hy.lic.txt	754	b2e2d7d83afbfd0b14c57f8036e3670e49dc3744701dbc612658c157f714b69a	text
system/usr/hyphen-data/hyph-it.hyb	2512	f9c027d7fd44b01cd5e1cdf802e20c63560673098af18bea0930ba9af334e0f7	binary
system/usr/hyphen-data/hyph-it.lic.txt	3250	7a3508434c511ad06fbddbd9463ea81f64ef916c33c6cd672dbbcc99f6d1f800	text
system/usr/hyphen-data/hyph-ka.hyb	9996	2472271c7955c67e9fdb86d0cd3c5d88f5e598da4f44b6741284b2bbcb2e4d52	binary
system/usr/hyphen-data/hyph-ka.lic.txt	1097	097ebc0b6637546f2ac47dc16c45c08454d93fc10b7a02399a27972d4223228c	text
system/usr/hyphen-data/hyph-kn.hyb	711	2b999d0a152f804601aa8f38ff0d3a6e5949977bf1daa76fa888acae21526287	binary
system/usr/hyphen-data/hyph-kn.lic.txt	1328	8ab5ba54035cebfa4d101c963a049719006c3b9b2289285464a703c197e6ae21	text
system/usr/hyphen-data/hyph-la.hyb	1839	fd4b6f36135cd3b932e350ec2017dfd89d2e36ac226f54e4c8f2e4bc6db0593d	binary
system/usr/hyphen-data/hyph-la.lic.txt	6802	c7c9eeae77e35b3233256fe936039dbbeb04e179425daa250b855b47285f00c1	text
system/usr/hyphen-data/hyph-lt.hyb	7774	6fe2da26a96834fb9aecbe586d40f728df0ef676a4f235450054e66841b9e2ca	binary
system/usr/hyphen-data/hyph-lt.lic.txt	3169	6fab445f8eb29221b730d6f665154e5755008b67e3784a7458ce3743f45cf206	text
system/usr/hyphen-data/hyph-lv.hyb	38602	65962ccb5055e4c693e5ac493d6affdc810ec168eb2942f5705b7f4e464f9993	binary
system/usr/hyphen-data/hyph-lv.lic.txt	1051	058a09cc66aa9c74ce5efbea8fcf54b78d8b7cb84686d3ade8273da2b5b5a9ba	text
system/usr/hyphen-data/hyph-ml.hyb	776	90572db8f49b01ec6a102732cdf14fc3f07d363cbe0d261103e583043164e888	binary
system/usr/hyphen-data/hyph-ml.lic.txt	1330	03f4b345114b083dd447bc296157e9b6436d453febc5bf3d2a679d8a67a26761	text
system/usr/hyphen-data/hyph-mn-cyrl.hyb	5142	0d2731f16aa2c90faec8e63260358cbccede403faf95e3af8c66bc2db0729ca0	binary
system/usr/hyphen-data/hyph-mn-cyrl.lic.txt	2532	7f8f9073a1b15c1adfe019bbe9154cfd2351bb75efcca71e185a6c7582160691	text
system/usr/hyphen-data/hyph-mr.hyb	687	f4df224d459fd111698dd5a13613c5bbf0ed11f04278d60230d028010eac0c42	binary
system/usr/hyphen-data/hyph-mr.lic.txt	1328	0d9ebe2c19e84a4452a1b3163f19831c24d59914ad67ec6c8711700161d190b6	text
system/usr/hyphen-data/hyph-mul-ethi.hyb	3740	f2fac1bd069ffe5cd1112d94cc31137ed38a1b161093ecd74c9c1688428b688b	binary
system/usr/hyphen-data/hyph-mul-ethi.lic.txt	3119	375940cd43666631998c6c9d967bc06750a53144d23a9ec91a0b4f9d1dd4bed2	text
system/usr/hyphen-data/hyph-nb.hyb	145263	c2771fbb1bfff7db5e267dc7a4505a9675c6b98cfe7a8f7ae5686d7a5a2b3dd0	binary
system/usr/hyphen-data/hyph-nb.lic.txt	1114	3bfc02304475f9f9afb3a89c7a4e74268e9cc58a1e8670ae98ea16af012e5a0f	text
system/usr/hyphen-data/hyph-nl.hyb	77080	5ebde398944b461cf940f0520c5a49c0882b6f36f9ac5cda0538c8c8b44fb7ca	binary
system/usr/hyphen-data/hyph-nl.lic.txt	25819	d2158c11d0206865015bfa4e288a0af00b69518fb1cc73869d7a14b999d22dd3	text
system/usr/hyphen-data/hyph-nn.hyb	145263	5bcbb58eaf65f13f6d039244d942f37c127344e3a0a2e6c32d08236945132809	binary
system/usr/hyphen-data/hyph-nn.lic.txt	1117	fce21b90994a8b2c6dbb9a06ee82d4ab834cfc90a842d4fb7d125e64455fba5b	text
system/usr/hyphen-data/hyph-or.hyb	647	4e9cd302baffc4ea3e9652327ea24072ebf37b5c4fc0719292bdac10aaad665b	binary
system/usr/hyphen-data/hyph-or.lic.txt	1326	8f8f339105f22ee631aa25c73e6ec3bd99d5e0303d4ae5383bed421e195261c3	text
system/usr/hyphen-data/hyph-pa.hyb	607	470329d28faa484f945d78ffefb176dcb6f2032c753e25bc014106ad24b2c68a	binary
system/usr/hyphen-data/hyph-pa.lic.txt	1328	c84403c58326f18a47894bdc49ad5e6289a0f31fc960ca62c4679144b99fe25b	text
system/usr/hyphen-data/hyph-pl.hyb	18439	7b51984daaebec597c75df316f66e969fdc09c379897b5d10083f448265dd409	binary
system/usr/hyphen-data/hyph-pl.lic.txt	3546	85fc3ce7f8224844a3ecedc592ea9dbb5f70b263056b4ad9eede702fed33dd05	text
system/usr/hyphen-data/hyph-pt.hyb	1414	f6fbf1bcb260cc86256fc494f388f7b27d10865fbf8f61517dee25af4d58d6e8	binary
system/usr/hyphen-data/hyph-pt.lic.txt	5068	e50d7acbb47e905c9d2d8260a0019847f98d747f24380c38b4830cc71528bad8	text
system/usr/hyphen-data/hyph-ru.hyb	19886	336ce2048ffd31b7bcaf435e53badfaf0579e405042d49adbc0823f6be5f9614	binary
system/usr/hyphen-data/hyph-ru.lic.txt	26850	38e0a6513296b6740f5bc128aeae99f9002b1ef7c21718c87a0e6ffc8ef93da3	text
system/usr/hyphen-data/hyph-sk.hyb	64103	138c5990961da21993653f54a413ddacb8921d6d70b892b7ca154d6e8ad2028c	binary
system/usr/hyphen-data/hyph-sk.lic.txt	957	cb55da5dd17b5a928b9b2d8ff06128fd0eada59ee7c8fd38b90300e1594c0075	text
system/usr/hyphen-data/hyph-sl.hyb	6631	ad746c68562603ac3b15e89da03c76e081c08e7d9c8d4c9f64763e53d696c77c	binary
system/usr/hyphen-data/hyph-sl.lic.txt	2395	8f61ee6b3220818af1d10f3ef65d4d87a30f2cd511ea6e7171a2b965b6715b8f	text
system/usr/hyphen-data/hyph-sq.hyb	2013	bc29c9401ce952414cbaebc5c8ee1d27c1706c6f77807b5ff713e2124438b3ca	binary
system/usr/hyphen-data/hyph-sq.lic.txt	2242	d0310f9a5111faf4408e7949a35bced1dbbdde4a52c39155f79ad668424183d6	text
system/usr/hyphen-data/hyph-sv.hyb	72119	56642aa5a37625ff9d034761d16b034d4ba5be74090cbd825956bbce2775ecd1	binary
system/usr/hyphen-data/hyph-sv.lic.txt	649	ce75f9091dad0246d4951f053a523be5ab55a985e01e10e6fde50d9bb4b4c862	text
system/usr/hyphen-data/hyph-ta.hyb	554	40fda94856a86f065de8baa6184ea63dcdb011ee4ca498a7c1fee44c99314c67	binary
system/usr/hyphen-data/hyph-ta.lic.txt	1326	d1223209a9e7f0044cbacd49420a6f47ff3c07ba1eb8e2d6c97ca5cccf060e03	text
system/usr/hyphen-data/hyph-te.hyb	703	516fa9654fa3aeaab480d40eaf6ad78fc039086bd8edc144be3d59525edcac29	binary
system/usr/hyphen-data/hyph-te.lic.txt	1327	fbeb572e391e66e378d67844ea61194d9e934347cf9afaf4530a8f0b1dd94160	text
system/usr/hyphen-data/hyph-tk.hyb	2712	77fdaed29bd842aaa976ab7ef81b617a15c0a2d1ebd1161c1bf26b79a108b5cd	binary
system/usr/hyphen-data/hyph-tk.lic.txt	1540	787c0ffa10f7384dff1283ab206d76a933e1ec9742521447879a03c313bf865f	text
system/usr/hyphen-data/hyph-uk.hyb	19417	1c626abe40d43f6d56a01b5b40305d7c7d6481f616eac00a3f3aaaaca8388786	binary
system/usr/hyphen-data/hyph-uk.lic.txt	1495	011e909734950e77fad48b633a774a8515e035b93bdc7cb5d5cad26a1a9010b7	text
system/usr/hyphen-data/hyph-und-ethi.hyb	3484	1de83cb787dfaf53fb7e6e8db3aae5008ad24ebdd28be02031306ea9e9f3e285	binary
system/usr/hyphen-data/hyph-und-ethi.lic.txt	1082	1a7fe2743299b641b6f665c1c8abc12163e2d8e915299031d54a924aabd5b2c4	text
system/usr/icu	-1	ERROR:[Errno 2] No such file or directory: '.work/fs/system/system/usr/icu'	error
system/usr/idc/AVRCP.idc	634	826676ebde149b3f9031262ace297de3417b7e8a12b7683f2fce7431af526544	text
system/usr/idc/GoogleTV-Remote.idc	877	d4f5bf1fdcf184dff008c7f3bdd6f9dbb79c32d17970f297a8a1ccd726456cb2	text
system/usr/idc/Vendor_004c_Product_0265.idc	1253	f9a5370d0561578aee511ba94641d466999fc650246c7823216012ba106768e0	text
system/usr/idc/Vendor_03f6_Product_a001.idc	891	ef080a3729cb9924c29722116fb520bd04da9e450abfeae083d042e76a812caf	text
system/usr/idc/Vendor_046d_Product_4011.idc	1196	ce5ef660d0508951e555b7570260c6cd689c34663febc156391b91dfa3dd1597	text
system/usr/idc/Vendor_046d_Product_4101.idc	1147	bd6c5f26934a1fe343d25a3c6a6cdad463444d03d644cfd5d3be8090a1babb4b	text
system/usr/idc/Vendor_046d_Product_4102.idc	942	f9894a7f555dbd1db60a655eb3add1b839774c8cae36ff7bc17abe551d8e805f	text
system/usr/idc/Vendor_046d_Product_b00c.idc	1146	f1dcd02a954a178e53739b8ff7dd9297a31925ba61d8be74fd09b6a255116ec6	text
system/usr/idc/Vendor_054c_Product_05c4.idc	2977	6dc750f3af9905caf699ee32b90595223cb1063a415ce30ce3cdc0b253c31438	text
system/usr/idc/Vendor_054c_Product_09cc.idc	2977	6dc750f3af9905caf699ee32b90595223cb1063a415ce30ce3cdc0b253c31438	text
system/usr/idc/Vendor_054c_Product_0ce6.idc	1185	97bbe064f9050d40fa43907a89cb1c3662243fbb023bc9e131ff7a569ed5229d	text
system/usr/idc/Vendor_054c_Product_0df2.idc	1190	8f089ed05d37180d975f534342c78601ab1d9d073deaa8c5db08fb82a1b83667	text
system/usr/idc/Vendor_05ac_Product_0265.idc	1253	5182653349c068aa3eba6b949e141e2584a65f3e5c9fc01a1d5c3a40e6f0d577	text
system/usr/idc/Vendor_05ac_Product_030e.idc	1506	f51614a9a6cba6af2168ace377f85ad6754a9484857aeb8301c410c6a575815d	text
system/usr/idc/Vendor_0957_Product_0001.idc	782	86928015f8fb56418947a5ed0dcd23e337126cf5c41688a6860b846339506982	text
system/usr/idc/Vendor_0957_Product_0006.idc	866	b8fba0b8920fee31ddece0c3a1ee9397ff5806cc26a7d44c71bac7b31f355d0e	text
system/usr/idc/Vendor_0957_Product_0031.idc	762	2acdb4608acdf531f0f1277c9002f09dacc0bae39f58afb8f6cb0604d5a4990a	text
system/usr/idc/Vendor_0957_Product_0033.idc	912	366770f10793149c5d222eb0f62fc1ee32559dbfddef4a0a9e206d2c916a03a5	text
system/usr/idc/Vendor_0957_Product_0034.idc	902	72c7b85105edb5bc8c2c57071297ed5501f1e14745e9985802f1f7745580604c	text
system/usr/idc/Vendor_18d1_Product_4f60.idc	757	7f63083d0b65590d3ce8dfb54fb16850ba44651128b4cd1405bb4ce99f5af68a	text
system/usr/idc/Vendor_18d1_Product_9451.idc	746	7d8487e0a9c22b65a0ea907b009b4abad5bc9843d2d78288b6780387eaa2b795	text
system/usr/idc/Vendor_19d2_Product_00a0.idc	650	309d308489a2af7d61f8bc32d168e69bf46822fd1e671b2f26335c0a6d4872f6	text
system/usr/keychars/Generic.kcm	15940	4710a130708720a6eed7f1b56e895b2f0e42579de66e728bdb4e8a7580aea354	text
system/usr/keychars/Vendor_04e8_Product_7021.kcm	15949	4db05aba40ec1385c1da2d9b845b5db5d1c2913ac2d3c824d76b5d8613b4d04e	text
system/usr/keychars/Vendor_18d1_Product_0200.kcm	1234	e93853941ed94dc226a4af0ce84cf48761d7901bc4bf7caa544fe43a3f0924f5	text
system/usr/keychars/Vendor_18d1_Product_5018.kcm	8318	7f890b9ae244f22257e8431a78dd3e64c292a5cc3897c9978efd32c5f15c6f35	text
system/usr/keychars/Vendor_19d2_Product_00a0.kcm	15940	4710a130708720a6eed7f1b56e895b2f0e42579de66e728bdb4e8a7580aea354	text
system/usr/keychars/Virtual.kcm	15716	6356265ec24b7eb2bf835ea269247cf46de646bd0d40a5755cf75d5fa7c581f1	text
system/usr/keylayout/AVRCP.kl	811	bce0de89d54c072dedc3025dce55ab2e3009fcd23c01c22c189cdc74eed4ba2e	text
system/usr/keylayout/Generic.kl	11441	677d9471705cd4ec59cc11b691385c6d5661549c7697c323d8650bf57479d01b	text
system/usr/keylayout/Vendor_0079_Product_0011.kl	810	fbc04cb1038fb3ee439e7ff66c23292abebfbc9e669f29ceb404393e480e5c0b	text
system/usr/keylayout/Vendor_0079_Product_18d4.kl	1644	efc683e90693b5521f62e2b1d9f15fbcb252c7047ebb61791ea44bc8109559ab	text
system/usr/keylayout/Vendor_0171_Product_0419.kl	1424	faf753e1c941328463dd2448874446d226e3d5e19a4cdca9c30bb8b3c9923197	text
system/usr/keylayout/Vendor_0428_Product_4001.kl	449	e825c15e5187f04cade99e44fa33963ae1bd3db6eabfec3a08363e210a15f1b1	text
system/usr/keylayout/Vendor_044f_Product_b326.kl	1645	6a02af35fc963a81178580eae20320138c7e5ed1fe77b629f9705b3cce6b2504	text
system/usr/keylayout/Vendor_045e_Product_028e.kl	1543	4cc683a67fe23848e8267c9f79dcd5b47c72d7923f5349a244438c5ed487bec1	text
system/usr/keylayout/Vendor_045e_Product_028f.kl	1644	d1f88a204afc900069391cf238409078e594d296c7cd7fe42c1ecd372a3b215e	text
system/usr/keylayout/Vendor_045e_Product_02a1.kl	1548	77717962198c3502a4ea80d8abb6cf850d043b71c2637fbb8fd7349046694c50	text
system/usr/keylayout/Vendor_045e_Product_02d1.kl	1568	b57c05bd7c794f2c28a2d31d69401b7c808b4e3c9a2a491cf56b0d131dc292d9	text
system/usr/keylayout/Vendor_045e_Product_02dd.kl	1568	ef4733fb4ece60c6c821a05d1bd2a0e7e97abb55540ed7f2efe06e55edea9ef1	text
system/usr/keylayout/Vendor_045e_Product_02e0.kl	1402	1e5ed3fe7cd4a963f3780c4aebc645e94c1462b24b3c2b268f78963b64c6705b	text
system/usr/keylayout/Vendor_045e_Product_02e3.kl	1341	8923c01f7f4a59b47860467c1c359d724aebadfa437e7bc2402b723ba0fe2155	text
system/usr/keylayout/Vendor_045e_Product_02ea.kl	1568	d56ce5097aec6e155c62b16b4d6fea1d11a6f95620f7ecb35fc96f898bddf61c	text
system/usr/keylayout/Vendor_045e_Product_02fd.kl	1772	1c2fb9a8524b6c57be8a3c488d4f858b8529bc757707bb2907d3afb663ecf236	text
system/usr/keylayout/Vendor_045e_Product_0b12.kl	1567	971e8be8b681567230174579f781d36ade2ed324c389ed64dbf4e134c8281172	text
system/usr/keylayout/Vendor_046d_Product_b501.kl	1416	44f92cd2121beceb55fba4dcdeab16a2cac002dba7b9d167bece46aeac643851	text
system/usr/keylayout/Vendor_046d_Product_c216.kl	1018	7851977e760ef0bfee7c184f35e0da2076264a701f609a6c4fab2de1bea85312	text
system/usr/keylayout/Vendor_046d_Product_c219.kl	943	738ea5393578328f9a3bfe70b527e520d133b83f5b4e5d34da94930f1b471b63	text
system/usr/keylayout/Vendor_046d_Product_c21d.kl	925	eee743911e25fb58e8288b285c2dc2046f4ccb381eb881d1465e7ddfab5abf4e	text
system/usr/keylayout/Vendor_046d_Product_c21e.kl	1639	97bf9b5b32ee16d6283c54e8d936f5e19c3de2d69ea60e5159fd8062bc93128a	text
system/usr/keylayout/Vendor_046d_Product_c21f.kl	950	ff5da9a1d4944cdd5e7e6921867e54fac9747735fef196f16c83d696f3f3d10e	text
system/usr/keylayout/Vendor_046d_Product_c242.kl	1649	cbdd5c98d23c6f180b4493a490566be0c67fec70a09e2d6f0d7f6216eb348d36	text
system/usr/keylayout/Vendor_046d_Product_c294.kl	1325	bb37625cac3c96647932e715479d15bafc729a2a3c29eb8daf1e99860f746d1e	text
system/usr/keylayout/Vendor_046d_Product_c299.kl	1392	ff5ebb8ece58ab909af3538a8a89dc62959d3a5cb8d4cf6ec81521fb044e683c	text
system/usr/keylayout/Vendor_046d_Product_c532.kl	2793	adb12e9f67cecb798648e46e71c437000d69b76ee284188064e2b462fc2c16c7	text
system/usr/keylayout/Vendor_04e8_Product_7021.kl	9894	b07406857632e943e01024c1c75ad9fcd20c1d9451e88da71f72954764004b4b	text
system/usr/keylayout/Vendor_054c_Product_0268.kl	1727	f6822cb5260de37e318f5bc9f1dad5ad068ecf6d8263abe6fa66fe8b53139e9f	text
system/usr/keylayout/Vendor_054c_Product_0268_Version_8000.kl	1578	469bd4666efad0e0cc96be3b3d78b73c7b1210fba03d180f6a5af9816dd51c61	text
system/usr/keylayout/Vendor_054c_Product_0268_Version_8100.kl	1578	469bd4666efad0e0cc96be3b3d78b73c7b1210fba03d180f6a5af9816dd51c61	text
system/usr/keylayout/Vendor_054c_Product_0268_Version_8111.kl	1560	85619e7d8dd97e14c29ba8be399569a19d46acef974d2fec220d2ee1c89f3153	text
system/usr/keylayout/Vendor_054c_Product_05c4.kl	1912	5f4882ab69f17282f82546962b3a3d030ad681fb5f775e5723b08ca458435d58	text
system/usr/keylayout/Vendor_054c_Product_05c4_Version_8000.kl	1857	05d2fc180103962650c490b8e13bb32fae812c1e299a10e203280827e7ca8722	text
system/usr/keylayout/Vendor_054c_Product_05c4_Version_8100.kl	1857	05d2fc180103962650c490b8e13bb32fae812c1e299a10e203280827e7ca8722	text
system/usr/keylayout/Vendor_054c_Product_05c4_Version_8111.kl	1839	3b56f1a700dd31e0a3e18c6d543dc5b3e0c26acc83c9fbf5d60995c2999c1257	text
system/usr/keylayout/Vendor_054c_Product_09cc.kl	1912	5f4882ab69f17282f82546962b3a3d030ad681fb5f775e5723b08ca458435d58	text
system/usr/keylayout/Vendor_054c_Product_09cc_Version_8000.kl	1857	05d2fc180103962650c490b8e13bb32fae812c1e299a10e203280827e7ca8722	text
system/usr/keylayout/Vendor_054c_Product_09cc_Version_8100.kl	1857	05d2fc180103962650c490b8e13bb32fae812c1e299a10e203280827e7ca8722	text
system/usr/keylayout/Vendor_054c_Product_09cc_Version_8111.kl	1839	3b56f1a700dd31e0a3e18c6d543dc5b3e0c26acc83c9fbf5d60995c2999c1257	text
system/usr/keylayout/Vendor_054c_Product_0ba0.kl	1745	f1fbfded120338771725e5d0064a2dcf5137de512b32130ea3b1458b3d25f686	text
system/usr/keylayout/Vendor_054c_Product_0ba0_Version_8111.kl	1640	2d0f84eae513fb88bfc3de930463c8c4001c1643d1a65a025ad8271123142b68	text
system/usr/keylayout/Vendor_054c_Product_0ce6.kl	1712	7d706d5af7d55c0294712f86391c9b0c3ce79ab96dff7cc6f6ce27b6ecbbe9dc	text
system/usr/keylayout/Vendor_054c_Product_0ce6_fallback.kl	1705	5a6fafb278591bd574a40d7f9d3856af508e74ea8225b9f8bd2589c51673e10e	text
system/usr/keylayout/Vendor_054c_Product_0df2.kl	1755	347e3d2f00459c621a53758d13b2398588461084a87a1ec63e783a2107f8e522	text
system/usr/keylayout/Vendor_054c_Product_0df2_fallback.kl	1710	46193db7a2ee89adc915c259e9a8b8b15165372acb831b4a2c3a665cad7ffc46	text
system/usr/keylayout/Vendor_056e_Product_2004.kl	1634	eff57639bb51320d89d4633fb52e1f8381433d759d1e5438d9124bdf9e1b5976	text
system/usr/keylayout/Vendor_056e_Product_2010.kl	1168	22a64d217961878f5ce31f3b39963ea95b9175af4be778651c2b66877d0fdd14	text
system/usr/keylayout/Vendor_056e_Product_2013.kl	1029	6342165aa0b2f6a7256e242aefdd8b0f3238117f41d292bcda0d7b550b450365	text
system/usr/keylayout/Vendor_057e_Product_2009.kl	2316	8dedcb73a98a3c26e1227506ed625bd0a3a0d8c91ade46cfdca223754d35495c	text
system/usr/keylayout/Vendor_0583_Product_2060.kl	788	cf807d3df2a451ef1ba8c67942584b649cc72cf571c58a59763c4866ded46586	text
system/usr/keylayout/Vendor_05ac_Product_0239.kl	2399	6e31ce1f1b45147002a5b83f37ba1caf4242ea6db6a85dec40ad0c8af91b9276	text
system/usr/keylayout/Vendor_06a3_Product_f51a.kl	1630	01d7df425b7cfcac3a4cbc6496a06f9267dc3b1562b8b50bb00e0b2892cb7b04	text
system/usr/keylayout/Vendor_0738_Product_4716.kl	1652	87e2d21decdfdb85e75d19c52f9ae9e45354575cb01a509bf2ca50559c6e59c5	text
system/usr/keylayout/Vendor_0738_Product_4718.kl	1658	429f7bc588e4f14d4e2152fc5aa51fffdc74b5f18eeeb9debd2dc22ac81fde16	text
system/usr/keylayout/Vendor_0738_Product_4726.kl	1646	88e344c75231160ffe7da8c1e07d44cbbc1285122c58d110fb2a6a195f640dba	text
system/usr/keylayout/Vendor_0738_Product_4736.kl	1643	07998f21faa5d1bb32a1658e5f55799503244c8472b19c2dae3292c2b9030667	text
system/usr/keylayout/Vendor_0738_Product_4740.kl	1635	39be5133e3a373026cdfcd62d4c866bc25aaffd4e6b6efc9803699e5394d357b	text
system/usr/keylayout/Vendor_0738_Product_9871.kl	1640	402823191adda6f1eff192e300ce6837870ea3093afeafcda55ec44fb7f49fee	text
system/usr/keylayout/Vendor_0738_Product_b726.kl	1648	23c025d0065cb27a9c3cc0effd415bb19dcfadf7b4ec1b0fb579af4c9035398f	text
system/usr/keylayout/Vendor_0738_Product_beef.kl	1658	f7c62eea9ddfc3819d7f938f925d81a7719c7b2dd7217606b8ba891001ed7c34	text
system/usr/keylayout/Vendor_0738_Product_cb02.kl	1656	b13bc83fcd9fa26b6620bac3a60178a08b4d8b947c2a788e4ac6c7cf4fa736d9	text
system/usr/keylayout/Vendor_0738_Product_cb03.kl	1655	a4d6813fa02fdd924ae1907272af4ee27992b234b066577b3a1e09270ae76f4f	text
system/usr/keylayout/Vendor_0738_Product_cb29.kl	1645	8d9be63a47ca5cfd749886d627b1b8a00300505713d0e65b3e632362dd4fda1f	text
system/usr/keylayout/Vendor_0738_Product_f738.kl	1644	9e26c17f25c52972c6cbbffa8cc035ba6190b5a2b9813805ff928a16c890b209	text
system/usr/keylayout/Vendor_07ff_Product_ffff.kl	1634	16d492aec5ed562d9774b86f8a05abbc6a90f8b4d1cea7116f1b17f3f4d4a780	text
system/usr/keylayout/Vendor_0957_Product_0001.kl	2083	798b4b6b39618fee8801510eb47071f2a3ca451930eb2609d8fb44985123cfd5	text
system/usr/keylayout/Vendor_0957_Product_0031.kl	2130	43d5af553f84efdb917441d55717f378bf835c66dc8f9143d51d0608060281ca	text
system/usr/keylayout/Vendor_0b05_Product_4500.kl	1021	70272b1f948db26f53d2a6ca5f5f021244dfea93e96908860cd2290e4e78101e	text
system/usr/keylayout/Vendor_0e6f_Product_0113.kl	1653	60a856b170917118ae2956a12a59b1dce5feb401d306bf4bb176e610d8127dc6	text
system/usr/keylayout/Vendor_0e6f_Product_011f.kl	1653	a450acd1300dde833ba45fa8ae8beccb4f817fe1b73bca8ce858c3135f3f59ec	text
system/usr/keylayout/Vendor_0e6f_Product_0131.kl	1642	5579b0dc1c475b749a4776d6d2f624e0841614f5f1e9277805d3d5eceeb28b1b	text
system/usr/keylayout/Vendor_0e6f_Product_0133.kl	1643	25e9e39bc5127a17fc106edbc3dd3c4987e7705c50aae69ac82cf4043aa07253	text
system/usr/keylayout/Vendor_0e6f_Product_0139.kl	1654	7cbd420851d4f2368e0bcf3066ac741771035a4235575c8b0d71c09a16676170	text
system/usr/keylayout/Vendor_0e6f_Product_013a.kl	1641	f0d4f41bb5c6909d67598261297c2c33e06826b1fb172713bbcd6072ca31a58b	text
system/usr/keylayout/Vendor_0e6f_Product_0146.kl	1658	11d947341c508d197425fdc54ecac4c7860fbca84c1bca56083f5cc2ecaa237d	text
system/usr/keylayout/Vendor_0e6f_Product_0147.kl	1648	706fe8152749fbb343a0f10942579a7d2bd0a8adf2e9fb3cef7bdb9214ed7183	text
system/usr/keylayout/Vendor_0e6f_Product_0161.kl	1641	f0d4f41bb5c6909d67598261297c2c33e06826b1fb172713bbcd6072ca31a58b	text
system/usr/keylayout/Vendor_0e6f_Product_0162.kl	1641	f0d4f41bb5c6909d67598261297c2c33e06826b1fb172713bbcd6072ca31a58b	text
system/usr/keylayout/Vendor_0e6f_Product_0163.kl	1641	f0d4f41bb5c6909d67598261297c2c33e06826b1fb172713bbcd6072ca31a58b	text
system/usr/keylayout/Vendor_0e6f_Product_0164.kl	1637	e511b7cc28ede85e0f6f405fde9550534d036d1ec028012e8b0c2a30c7f4b3b6	text
system/usr/keylayout/Vendor_0e6f_Product_0165.kl	1633	194e8039e78a85fb20bc5b85dd89c4aef6530677d204686d42bca0a6abee0f3c	text
system/usr/keylayout/Vendor_0e6f_Product_0201.kl	1665	9ebca61f4dea014bec3bf40efe217d254f1a56e70ebef268c60fc3378c53d1af	text
system/usr/keylayout/Vendor_0e6f_Product_0213.kl	1648	cadeeb44bd1256e99d53365ec73c1b34d6b19cca58854f194c1db92e0cbc2730	text
system/usr/keylayout/Vendor_0e6f_Product_021f.kl	1649	42193460e8588594b12c0d2cb4294b48ca2cca2ec6a708bb65eccb15591464ed	text
system/usr/keylayout/Vendor_0e6f_Product_0246.kl	1654	d70cbf97708812153cd4b1267ed752dea4a2778260a879ac2aa106903272e64f	text
system/usr/keylayout/Vendor_0e6f_Product_02a4.kl	1320	0108921505c505a67ce693311211f236734f5f81a03f6d6cccfb58568d40c430	text
system/usr/keylayout/Vendor_0e6f_Product_02a6.kl	1665	1d0fe5d7af13bfba92cf21a85a9d4b5676c9400a6d217796f3382302142c8eed	text
system/usr/keylayout/Vendor_0e6f_Product_02ab.kl	1645	269a94386be4fb8cb056e6da95baa1b7e9466efb08a38d041c8db7bf21e0ebd0	text
system/usr/keylayout/Vendor_0e6f_Product_0301.kl	1635	13ddc9988ee8d8309ce8a275da35030f33b4aa5920c5e3da99606a47b6e32ef0	text
system/usr/keylayout/Vendor_0e6f_Product_0346.kl	1654	825bd82868b6bbc2e5fe6e5a66178ffc19a7d4927b3a8e4cd8606d268e0eefaa	text
system/usr/keylayout/Vendor_0e6f_Product_0401.kl	1635	13ddc9988ee8d8309ce8a275da35030f33b4aa5920c5e3da99606a47b6e32ef0	text
system/usr/keylayout/Vendor_0e6f_Product_0413.kl	1653	60a856b170917118ae2956a12a59b1dce5feb401d306bf4bb176e610d8127dc6	text
system/usr/keylayout/Vendor_0e6f_Product_0501.kl	1641	ab56e586803137e96fc726f15542a7a4da637cca8dca690581c616efc885f933	text
system/usr/keylayout/Vendor_0e6f_Product_f501.kl	1550	b574d505aafc5a658236c8b4a56844c71b5de7eda313112f9020e5a8956b133d	text
system/usr/keylayout/Vendor_0e6f_Product_f900.kl	1636	ab8df56b249fd75ffcbd42d81020af6eecbf38223ceda91dbdecd1b96bec8b67	text
system/usr/keylayout/Vendor_0f0d_Product_000a.kl	1642	439b623a601ec024b27f576da524fc9a63bad173c4264c934c4b67a20bb52c93	text
system/usr/keylayout/Vendor_0f0d_Product_000c.kl	1634	91a91e180986a93b6d4108bd086418d712a82abb935816d3322f8929741e890f	text
system/usr/keylayout/Vendor_0f0d_Product_0067.kl	1629	c0524897d1c170cdd37303d474710040b2505afb2d629ac9eddedfb7f45854ce	text
system/usr/keylayout/Vendor_0f0d_Product_00c1.kl	1468	58558b6c03a75c81abf5d197a99768870dc26a43444adf856d641022e1742bca	text
system/usr/keylayout/Vendor_1038_Product_1412.kl	850	b99b31b6baaa5733b84c832ab72e326ae58cbad926af82a592121bbee02c79ff	text
system/usr/keylayout/Vendor_1038_Product_1430.kl	1641	b0bf9c0ee78d5d4b9f2375f46f6dab44ea7c8465507f64ad5a4cd43a7420968d	text
system/usr/keylayout/Vendor_1038_Product_1431.kl	1641	b0bf9c0ee78d5d4b9f2375f46f6dab44ea7c8465507f64ad5a4cd43a7420968d	text
system/usr/keylayout/Vendor_1038_Product_1434.kl	1638	2edfca5e4552ba4e1dbd513e3f38eab67e76301e54f227998ab8a7c72fbfea5f	text
system/usr/keylayout/Vendor_11c9_Product_55f0.kl	1632	580aca70d26b3450a7851ed3263dd9bff7e1059d9b5c1e169cfe378fbeab312d	text
system/usr/keylayout/Vendor_12ab_Product_0301.kl	1636	fc30447b8937971d07f43fac703f379c4794711435cd3020e5ebe53899e3b1b1	text
system/usr/keylayout/Vendor_12bd_Product_d015.kl	805	2af703379a3c9f6c77b14c20b4ebc852f7b10e45e6eae9e6f68bf5743e862dbc	text
system/usr/keylayout/Vendor_1430_Product_4748.kl	1648	a282bdd73cb02e651540b12f853ab7e3e9924f1d7112c40f24c5eeb00ce08f0a	text
system/usr/keylayout/Vendor_1430_Product_f801.kl	1638	524d74da277d0fce8ea35a284d458e673b4a8e2ec647aa54f0b82b3736795595	text
system/usr/keylayout/Vendor_146b_Product_0601.kl	1656	d69009dc09b6757753ec83c477ea0a3989d5a700f81a3654a98c083243795eb3	text
system/usr/keylayout/Vendor_1532_Product_0037.kl	1634	58dce46cb76281c3c442336808f0f9b03966597ab7f8af9e22f1247805c223f5	text
system/usr/keylayout/Vendor_1532_Product_0705.kl	1511	91d1677bc91663763ae987e9698f3dd5533bb755dc374e50591656bf68375691	text
system/usr/keylayout/Vendor_1532_Product_0707.kl	1520	beebe0b2f5b537cda3fc41610f55cf7d787d961698df815b8d2b972ffcf17e61	text
system/usr/keylayout/Vendor_1532_Product_0709.kl	1350	4bda3c1cf1f43581b0585a9e3d6d38399cec549a46528156236709c10163c2aa	text
system/usr/keylayout/Vendor_1532_Product_0900.kl	1173	7ff33cb3da1e1a2d1fed903e1ce0b70ce5b480232cc8bcb17fdc81c5e3e0a0b9	text
system/usr/keylayout/Vendor_1532_Product_0a03.kl	1631	ddad08863f529362613be92eb23c73ddc673572da9da0de5fde4464d43580197	text
system/usr/keylayout/Vendor_1532_Product_1004.kl	1521	c98ca402b7cf3c61f377a8717535109018eadf0cdac24895a929a99ff73db5c5	text
system/usr/keylayout/Vendor_1532_Product_1007.kl	1523	3b5c7aa5493f514631d72d54b30279666409fd88a96c7f862a4586710a601b58	text
system/usr/keylayout/Vendor_1532_Product_1009.kl	1530	78e9413e4a6d0ab3359b9309c5a2e827d88ac4d79d4dc88b9a0ee27cdb7a479f	text
system/usr/keylayout/Vendor_1532_Product_100a.kl	1532	dae3b415fa60486c4f413597642ae55f640d8df612db0dbb8ec5c20886b14352	text
system/usr/keylayout/Vendor_15e4_Product_3f00.kl	1640	fcef715d64ddea9ede470402886ca1e5c002799eb5187360870042d0122a4c95	text
system/usr/keylayout/Vendor_15e4_Product_3f0a.kl	1646	c93ec9cdd292219bea8215a821f10362880b947238d9a5fba8a88e70209ceb5f	text
system/usr/keylayout/Vendor_15e4_Product_3f10.kl	1646	cdda4a00630de1c23c42cf29b498c1f8136bb2d7970093c4dddcf77886ff6ffc	text
system/usr/keylayout/Vendor_162e_Product_beef.kl	1638	a0be31cfd834afe3c49e0a26fe750fc4e8728c970adba7b2483be52c449b44ca	text
system/usr/keylayout/Vendor_1689_Product_fd00.kl	988	947e09d1c0f79e71a581c8861609eec2da8b084df0e34c20a27336aa4bb678f3	text
system/usr/keylayout/Vendor_1689_Product_fd01.kl	942	b1e954b43b52ad82290859c8d9737f24b927e3cec5cc6a04d7cd011c62963a7a	text
system/usr/keylayout/Vendor_1689_Product_fe00.kl	942	83d9e1841f261d174ae5b3a675fa2c71fdabf9bf770710b1be079cd1cb5b8ee7	text
system/usr/keylayout/Vendor_18d1_Product_0200.kl	1539	61b2626d7ea43a31e5971e39461ffeb7f518d6544e1bdfc0966805bee7d008a2	text
system/usr/keylayout/Vendor_18d1_Product_2c40.kl	1316	8472bad0e70434cb7d61313ffa6a6bf2e97b77131b8d56f483b4d1412f417ca6	text
system/usr/keylayout/Vendor_18d1_Product_4f80.kl	654	9360f65fc16d8635dfbc0cc99626751b7765f13134a5349e6ec02ee4591f9552	text
system/usr/keylayout/Vendor_18d1_Product_5018.kl	1544	81c355325515df84293b2746e0c9176f7d549b39d84be8c73723c7d7fef9a7f3	text
system/usr/keylayout/Vendor_18d1_Product_9451.kl	1096	eb97ba913b1ceb432f35552df7705ebd99e4c737cae8f949d8cd29dcfaa73a37	text
system/usr/keylayout/Vendor_1949_Product_0401.kl	831	6da139238a79463fadd4eafb133ef75f3b3208d7682018f1dceab03306867a5b	text
system/usr/keylayout/Vendor_19d2_Product_00a0.kl	10975	996619bca65f99ff08bda92da283563c53de5e250bcd0bde2e598fe41221193d	text
system/usr/keylayout/Vendor_1bad_Product_0002.kl	1643	12487c21390b2fd489de484ecaf026ea05aa3f318a1e009421d63e6a5ad233f6	text
system/usr/keylayout/Vendor_1bad_Product_f016.kl	935	2b67e16a321d66ffa26ee708cfd3602ec2abe2fbeab7a457cd347eeeb30393b8	text
system/usr/keylayout/Vendor_1bad_Product_f021.kl	1649	13768a9c3471f4e5a401aea17a112e06a2c9c88d9f3003be16e0cf76ed3ea5f6	text
system/usr/keylayout/Vendor_1bad_Product_f023.kl	940	129334073ee5ebd742f6ee72e5f3427ce937ea8e25b49711e7eb8d0fd9ffb06d	text
system/usr/keylayout/Vendor_1bad_Product_f025.kl	1639	3340f1ea12182690a1226e28aff292ab3b8247e710edc63dceb9c3061c628934	text
system/usr/keylayout/Vendor_1bad_Product_f027.kl	935	ea00e14c1f7972307f86ede2b31caf0ba1fe908fff9b8a1c5faf9fc1c410f583	text
system/usr/keylayout/Vendor_1bad_Product_f028.kl	1644	37160c849b0dfd9262af63f2c07dfda30d4b7df404d600d536149d49cc30d913	text
system/usr/keylayout/Vendor_1bad_Product_f036.kl	951	bdb74e2c1224bf33eda8a41b3ca9e77a48a2cea98a1903490889a643a7d2202d	text
system/usr/keylayout/Vendor_1bad_Product_f038.kl	1649	35e9a3c7d627890e702030565ccadaa9e13d0e0d85f2b67aa777ae1b69af3ea7	text
system/usr/keylayout/Vendor_1bad_Product_f501.kl	1635	816fceb17e43ae78b697853d39b40f0f1a2d10c18e77fe9f75389506295da7a1	text
system/usr/keylayout/Vendor_1bad_Product_f506.kl	1653	03325f531f2dac4b70aca8fd3b5814475110f727af5d2fd56974d073de363aff	text
system/usr/keylayout/Vendor_1bad_Product_f900.kl	1646	91422b76493bc996b2c3c4a9d8f2d64933cba9fbb73a1bba390a8a896e6c6789	text
system/usr/keylayout/Vendor_1bad_Product_f901.kl	1646	ee89d3050d45ceb19a272675e50e87653e0d204041b87402a1f7d7420b055f9b	text
system/usr/keylayout/Vendor_1bad_Product_f903.kl	1642	c7a00b8f2ee8728a3e13c99ed34abe916571e15a4081f41560701a2d8a18b287	text
system/usr/keylayout/Vendor_1bad_Product_f904.kl	1641	6f3c24cfd66de3af76f3f1be22aa909529bff1ac35682dac88ae0f7d60d549d4	text
system/usr/keylayout/Vendor_1bad_Product_fa01.kl	1633	a999f83bf072e6f694156d49428fbcbc523ecfd40535d6dea730cfd39736743e	text
system/usr/keylayout/Vendor_1bad_Product_fd00.kl	1631	edad47e76e62cb528cff6e86cdabceba395282ae754aac6491c32c4361d87ced	text
system/usr/keylayout/Vendor_1bad_Product_fd01.kl	1628	75a4b3805c28f189c1a27a76982f3027024742c1979b7e915cb7a0fc6784cf1a	text
system/usr/keylayout/Vendor_1d79_Product_0009.kl	1017	1723364da48d9a4d0a2d1e7e38dde3cc0e447f076f6ab5dd4203c70ecf5088b9	text
system/usr/keylayout/Vendor_22b8_Product_093d.kl	1994	7f0309c1de67a80778fc204fd615de9545680f786e5a3a7781ff73385dfa7714	text
system/usr/keylayout/Vendor_2378_Product_1008.kl	1082	b5b9d34d900b6ac494d05028df1326b158b061a36928587d1830302a5f870ea9	text
system/usr/keylayout/Vendor_2378_Product_100a.kl	1069	36d2e82908f427022e6860d417af1e2d0815f858e34753044149fa3633ab2188	text
system/usr/keylayout/Vendor_24c6_Product_5300.kl	1646	4e9a4a2c25403ff731a4d402f73b911ab30dd6f6bca11bc9fa507e35f1fa7184	text
system/usr/keylayout/Vendor_24c6_Product_5303.kl	1646	c93ec9cdd292219bea8215a821f10362880b947238d9a5fba8a88e70209ceb5f	text
system/usr/keylayout/Vendor_24c6_Product_530a.kl	1644	6bc481d5d32bc151ff50324e6649f0aee969907334695fc54d157d8ecce1c0e0	text
system/usr/keylayout/Vendor_24c6_Product_531a.kl	1631	3350b1461dc904a040d74a141ef731fc16ece48f911589f96b3bb28def0e2b53	text
system/usr/keylayout/Vendor_24c6_Product_5397.kl	1646	788432c4bc5818b6101b57e124179e038cf3b55d390021516575c69eba544ea7	text
system/usr/keylayout/Vendor_24c6_Product_541a.kl	1655	b94f0bba103db2f93bf2bbb302daed8b8eceafa1199215c47872b2f126dc6671	text
system/usr/keylayout/Vendor_24c6_Product_542a.kl	1634	6e272f47323a2402924a7a800f0195ed495f94adaef4090e626c18ef0d1c685b	text
system/usr/keylayout/Vendor_24c6_Product_543a.kl	1650	85629e1d2daf92a524faa46b8f8af8d5acbdc4c9ec807104623da9f0a159a818	text
system/usr/keylayout/Vendor_24c6_Product_5500.kl	1647	0a4c2fff61636ebcb8b345eca16b58d5b4487b7fcf8afd98f821576796a842d0	text
system/usr/keylayout/Vendor_24c6_Product_5501.kl	1644	fede5ef2528538a5b37dbdd1a92c48c054a2b6635c2e0c7b6776ddfc1b3ffbdd	text
system/usr/keylayout/Vendor_24c6_Product_5506.kl	1642	53c451fad68b1f803b36aacf9588641180a73b0bf6365ecd9e7ed4a28e3783ab	text
system/usr/keylayout/Vendor_24c6_Product_550d.kl	1642	014ec79723fed1c89499d7d5a2bbcee3d4d8acb16559b00bc3f53efb3e8b3cac	text
system/usr/keylayout/Vendor_24c6_Product_551a.kl	1646	384912d3e3cedd98f6471b342b270dbd0f0d4d460b369db6464e8258f3fb122e	text
system/usr/keylayout/Vendor_24c6_Product_561a.kl	1642	4467f1dd42ee5c54f9cdc6b5019cbe8dbcabc70c59f4c2e8db239d518f18b449	text
system/usr/keylayout/Vendor_24c6_Product_5b02.kl	1651	981e5b5516fb30bd35a9405852cc682bb59b8346fef08c3f7492b91f793c7935	text
system/usr/keylayout/Vendor_24c6_Product_5d04.kl	1634	58dce46cb76281c3c442336808f0f9b03966597ab7f8af9e22f1247805c223f5	text
system/usr/keylayout/Vendor_24c6_Product_fafe.kl	1649	42193460e8588594b12c0d2cb4294b48ca2cca2ec6a708bb65eccb15591464ed	text
system/usr/keylayout/Vendor_27f8_Product_0bbe.kl	1349	22339e9848d3d87ab0d79b5190a06878d77db4d37d4fdb958d2ac36d0da064ff	text
system/usr/keylayout/Vendor_27f8_Product_0bbf.kl	1346	7b3d7701718845cba5470a3deb6fe2fd6a7d3c33d158b72c43453ee8234863b7	text
system/usr/keylayout/Vendor_28de_Product_1102.kl	1773	3860298e64d7fbe46797c15f8cdb4b4f3df357d28d6a50c134d4a417361479a6	text
system/usr/keylayout/Vendor_2dc8_Product_6101.kl	1561	2cd6844d8889112d6bb77feeb06e84d2c91c593b5c4d27b078ec9bef730468a8	text
system/usr/keylayout/Vendor_2e95_Product_7725.kl	1480	0800e8172c1f858c1e0f1cd8344f0553280e0607d0e00861aa576ce16ce31a82	text
system/usr/keylayout/gpio-keys.kl	1764	078396ea7dd2617ef7dd7ce8afa154a3b6816279ac10cf379e0f469597a8da9a	text
system/usr/keylayout/idroid_con.kl	984	343b0e49e3069c59f35e892d50fba1dc66171480670c5466741c75f4fbdd430c	text
system/usr/share/bmd/RFFspeed_501.bmd	12862	761a100df2e9e2c0f71fc7a991781792e0ded38f72bab4670ff478f738357a1c	binary
system/usr/share/bmd/RFFstd_501.bmd	19586	966707fdd7e8502102fc4de3aab0d3fe56a8eee896cd741beb0b056a586b68ba	binary
system/usr/share/zoneinfo/tz_version	17	d23e2e7eef347e6ada675cd4c5ff1a1946d8e81d9a8777357b06212b1990b2fd	text
system/usr/share/zoneinfo/tzdata	407343	479e83ca4d289b2ae3d08eb222a5167a3c8bff185f2ccac932458e96bd6489ee	binary
system/vendor	-1	ERROR:[Errno 2] No such file or directory: '.work/fs/system/system/vendor'	error
vendor_dlkm/etc	-1	ERROR:[Errno 2] No such file or directory: '.work/fs/system/vendor_dlkm/etc'	error
