path	size_bytes	sha256	type
apex/com.android.compos.apex	3956736	36fb9648f2d4c26da808cc5f21fd74c3e8d5cbe4a18c78a9c2054ac4db5b90bc	zip/apk/jar
app/AccessibilityMenu/AccessibilityMenu.apk	2508345	b5e1427095e15a8093594bfe7135344c0b0442d5cd956687507a518887637d27	zip/apk/jar
app/AtFwd2/AtFwd2.apk	53662	d8852df4a9de3407487152ea13e24d639979627d777344c23c0fc22ebd99db8c	zip/apk/jar
app/DynamicDDSService/DynamicDDSService.apk	455070	07fe87d36eead82037d29a33b6d1025f8b20c0291a86c5a6b419c5b4eccdbf9e	zip/apk/jar
app/FloatAssist_CommonAbroad/FloatAssist_CommonAbroad.apk	34448343	eb31ab40a34a37a1ae040a9eff437366934c04255894bc527f4ab765c6194610	zip/apk/jar
app/FrameworksUtilsSysService/FrameworksUtilsSysService.apk	82334	6f20eb3386d327962bbfbf7a5de0037516bb82f9321efa354977e210225d44c9	zip/apk/jar
app/GmsEEAType4cIntegration/GmsEEAType4cIntegration.apk	64642	4eb730fd927adde8c3f57bac3157cf55204d9a3ebe541e2d55f510d0d3c48b2d	zip/apk/jar
app/ImsDataChannelService/ImsDataChannelService.apk	135582	d115e081ba1046d5d6b3e021ed77152c7509ddd3c44f5038e290be4cd0c48e19	zip/apk/jar
app/ImsRcsService/ImsRcsService.apk	430494	40bb8a32263e5c843e9f5dfca13fc58eca78f659ed7ea30e0f8feb39df4fc9d9	zip/apk/jar
app/MIPop_MFV/MIPop_MFV.apk	22172930	a4550cb3083c922a68ed5013da34497de04ecfabe315cc0d81bfbd679bd3686c	zip/apk/jar
app/NetworkStackGoogleOverlay/NetworkStackGoogleOverlay.apk	8542	4ffbb82a91a50919ef1a8dc9e1478d151f2f28fe4ef7b2ba87317e712dae15c0	zip/apk/jar
app/PowerOffAlarm/PowerOffAlarm.apk	45555	4559f09ba9e68f420b29d47ebd5507421519c07251b5e4fc6d5258e67954e8cf	zip/apk/jar
app/QCC/QCC.apk	1197633	22013cac2a8b5f66934c77104c4560b314433d01bb67568ac194f0c42f091184	zip/apk/jar
app/QdcmFF/QdcmFF.apk	16945	adf522458dd3392b6e962b30d6a7c6c38bf3010dbb7ef9a00a0fda65db813620	zip/apk/jar
app/QtiTelephonyService/QtiTelephonyService.apk	61854	81e0311cba1d8882e147be943fd1038ce4ca765a1ea37de3f5fb74f5751432a4	zip/apk/jar
app/RecommendZTE/RecommendZTE.apk	25223934	cd9f122e8168005967451e90ff831f74ddbab37dd28855766e740edafdae0f50	zip/apk/jar
app/SecureElement/SecureElement.apk	176542	7bc01995fabd013087697dd8df64e871b1e0b3b973c9db956dd9e4bc693133eb	zip/apk/jar
app/SimContact/SimContact.apk	2272796	b0a35c26360dc2edbceee75029dad5c33fba1619853b8f4ed771a8708b90aeca	zip/apk/jar
app/TetheringResGoogleOverlay/TetheringResGoogleOverlay.apk	8542	d0b9e3609e33575075e476b5ae951843f3be4078732ff0e3e26f7a2db1a106d5	zip/apk/jar
app/WAPPushManager/WAPPushManager.apk	16798	0c58b01cb007d73704f8793134b10d207dc779aeb3f15bfccdb7270522b4ee85	zip/apk/jar
app/WigigTetheringRRO/WigigTetheringRRO.apk	8542	737a0d405722f8c8baebe44a8163b655029eed700d159c2fc4b54ceffe760e1a	zip/apk/jar
app/aptxacu/aptxacu.apk	7017291	7411003d316c12a07c78c6b52ba51c860d45549c60e81b1646a764fea4e759c3	zip/apk/jar
app/atfwd/atfwd.apk	53662	852cd85dc9bcbf37fcd01f5527ef380a8ef17eebc9f0269da3ec6bbe22cf5e73	zip/apk/jar
app/colorservice/colorservice.apk	41367	963cd4e9878beac0fdf0ff9787622c565c876a7f2781fcb2813a02d532a0ec12	zip/apk/jar
app/imssettings/imssettings.apk	5221786	d164c7362172f04610b9fbc26144a099efe46967355f78b4096c85513fd4b8cf	zip/apk/jar
app/uceShimService/uceShimService.apk	463425	e0d4ffb3499f62d5bf9cdbe864e934ac48b1c2c1db47d167874302acc2f89839	zip/apk/jar
app/workloadclassifier/workloadclassifier.apk	78238	d34e39ad57923a6fef59ffad4da5e53f04195b4c86c946a28be93bcf5df63200	zip/apk/jar
bin/GetBTID	30	79fcaa691ad25702205cae0eeee91aa13dc89d5e1444aeb4b440201d41fa0533	text
bin/MemHalTest-system	51896	b46d4265d32c3e08f32403dbd683d26165466d0414435f3bf6c5aced1d93c705	elf
bin/aptxalsOverlayCreateProject.sh	2282	5bf9b37c58732cf0b9fa7699e3a42caa0aeb3c9ef1c459072975065d3b141ee7	text
bin/atrace2	85544	3f00be8cb27dbb9b713d4543e8ada100b6ea1599971c94cf4d6244af692e636b	elf
bin/boot_reason_stats_store.sh	1527	72de4f2614f2c2c8ce16f2fb5afa16e5f72f3dc1b136ea0c0b3f7cb7652004c4	text
bin/boot_rescue	51592	54555f5c99f0d0b8783e4c88d221a64e26d4c447791d67fa07baca654f13b5a9	elf
bin/bootservice	51776	fa37cbab3c779ca1ea023380f2005202631505d8e09c52357cd0f14f26f18edb	elf
bin/bt_ssp_debug_mode.sh	324	405f8536271cdef3b27d401b615ddd60434a2594c99ba105185c300589a7bd2d	text
bin/btsnoop	51840	433b08ac62329b6b2dac9b36742d29e7f84f664a2d74ef1806cdaa0ca5477368	elf
bin/collectusage.sh	1291	d1e995ae1ac44213774417a7fb8e29a49f34de051fafbea1012bcce2d3900a9c	text
bin/controlspeciallog.sh	474	90bee08343baeab85deb91b0e95dc7b1c1e82b4a5581b56f5e8ea5d47f27807c	text
bin/criticallog	4018	ff694e5a3cb94c028d752664f45a62b688851d071da01abc57fc7ddf4ac56bbd	text
bin/deletevendorlogs	142	f8aa3377d0164cb6f4680993d415df89ec9fdb579cbba39067e8e2123dba9cac	text
bin/diag_callback_sample_system	51592	0ccd5d0dac52e4e9ce0b95790a74f40d36a839c678d6ae1fa4295e0434371642	elf
bin/diag_dci_sample_system	52392	e625693cf460790729cad4ed1917f4325b293066b2afdd0438c828ea3acc0432	elf
bin/diag_mdlog_system	85824	507ace8dbaffade9678e9a81edb1b1f948daa6ddcd4634c215056022b3b58dc6	elf
bin/dpmd	84936	02aad7721d1274543bbdeb49bfd7e5609f115d95d48d8affce112ea93c3a2f7f	elf
bin/dump_mem_monitor.sh	475	358310c75ec3018c78b3a92f02e7293f6d9f917ebe0a5b72fe295f8ebd12f5a9	text
bin/dumpmem.sh	471	01235af7ee688f741eed64fd50a5e0d64399c0d8588bc23a85eb190848a6a40a	text
bin/dumptrace.sh	7179	30d870a0fee7c79ecc8fa991417ab7af247d9c8b90748a196641584b4ea24ff8	text
bin/fsck.exfat	290856	ea02118fe5efaf34099e1281b3b2744cd2d1e57b13cec5fe322849b1ccb90383	elf
bin/fsck.ntfs	51600	b837001d66050bd57d64a1e45b0ab75ef15e6d4c67e7bf5e425201721e0989de	elf
bin/getbatterystatus.sh	539	09aca93e1cd312c6ce3657405a4b3926958b29fa76e5ebff57c6029cd198f903	text
bin/getdumpsys.sh	9301	69849d51deb37efc4a6d24b7d4d21ebf4eeb7af5a246e443a5bc1e3e576c2d2c	text
bin/getearlylogtofile	9367	caccb7440680e051c8ae410561cde0adc0c403be750cd100860f9ec66354ddfc	text
bin/getjuphoonlog.sh	245	7f474f85416ea5cb17783d92304e3242534d25f845e41e6585b8ab7defb141e7	text
bin/getlitelogtofile	3869	34bd7a09a2ba55187fa09877f5bd6966d9b2f3a64b3429d0c835b5c5eb0482cb	text
bin/getlogtofile	68858	19de8b8e27316c55f87a5fb5234be31bf9c66c16b0a23d736558ae4c8c814dc7	text
bin/getsysteminfo	8275	45e7b76a6e8a249deb57f144346dfedfdcaa07dd7f58dfc80c6fcd8468301681	text
bin/gettinylogtofile	13038	9a7f27735e194036e4836d1e34677531f86a04111c3ba637da10755d6f8cbc35	text
bin/gsensor_test	31	4e6b79672eae1673a2c24d3ebb50114e9526ec4c4f8e7f4a92b326ed56f2a3fb	text
bin/gyrosensor_test	31	e8535d458af20a956785304a29a5d6377264be24db4fc1f03054ab6d220fc035	text
bin/h3sensor_test	51304	96aa88b3a5c912c0fd1a2078bbb02976c4bbb6fa69391d4ed54c3bab512ed3c6	elf
bin/hsensor_test	51304	6a2f691d8c19f81a543d2fc0ad1c29f86dd1d27f52605abff3a7c607b0291d5b	elf
bin/hsensor_test_second	51304	ba6050d9cf691b104f2cce3f8ab6298fed770529e4bcd7604261b96748faff0b	elf
bin/hw/android.hidl.allocator@1.0-service	51880	6013917513d57f93a93a2a7210b31921b5d5b572a645041d49dcc7b9b7126e99	elf
bin/hwservicemanager	136760	c9b8ced988965bdb53dbe2e98b3f3d6b30da09c5376606c9353377c820e5ba1f	elf
bin/init.btprop.sh	319	0b78ed9c0af6aa141bfb2f3acbb1723641c71835b2d4096072678381d1c4f607	text
bin/init.wlanprop.sh	60	5feba536e7e137d34cff007a1167889588a54265ee129acca298193302f0a4ae	text
bin/lgtsensor_test	31	a47096e1342110d4624e8340d35b18cb82aefa84e335df93b65af04103c87c96	text
bin/logcontrol	53392	494a300416ae801fa6f67db37137ddede04ab4f3805d786006f955bb088777fc	elf
bin/mkfs.exfat	290856	ea02118fe5efaf34099e1281b3b2744cd2d1e57b13cec5fe322849b1ccb90383	elf
bin/mkfs.ntfs	101128	12b76651d581ba016842cdcd98fddeb3cd1930cec9a70bb5d0fcddf1c434c089	elf
bin/mount.exfat	290856	ea02118fe5efaf34099e1281b3b2744cd2d1e57b13cec5fe322849b1ccb90383	elf
bin/mount.ntfs	267888	cffa76659f6456932f822c649e63ee750729439780b6251b7a8401d76553f942	elf
bin/msensor_test	31	9007f2cecd147e66ea2329ebf54a4f5f60ebb23efb688f5bdce436da04cc94af	text
bin/ntc_sensor_temperature	1981	da5a0c735ee9a13d87227371fd641eedf281f03f5cd1b03be4a708c0a9f12c6d	text
bin/ntc_sensor_temperaturebyname	2048	e704cf86e7b91fe2ae7e066c56aeddc17d3c00c22c4adc50787503db8a790d32	text
bin/ntc_sensor_test	1163	7f2e85b5631e782d4262646ae6469e6d73b017043f0e5f5aae67eb3a10fa1b57	text
bin/perfservice	69240	faf8fac93cf6d53fad4f539de5cb3abb8271b1e893770b1900404154f54d9e40	elf
bin/pm_ftm_lpm_test.sh	2037	9957bac7bc9b38af338d46cf2bc57fc0d15bbf05c73f3514a1449f971401c5f1	text
bin/pm_ftm_test.sh	519	fbd1bd83b5c752db985f4e4adfb40f5db6faabefa880b12149868082d93f6282	text
bin/pm_fullload_recovery.sh	6212	595ba3363c91024eb10560b8417600ed1a9c7c5a8d924cde7cee745db5fb4e20	text
bin/pm_fullload_test.sh	18623	b96fdc60bd6331e1498fbfd24004b217cb051bc1ccc3c1b5bb535623b6529c50	text
bin/presensor_test	31	1387fcc5b1e5b21d4a8643283090129c0ea26a54d8b443d297a6a4fe72909340	text
bin/qccsyshal@1.2-service	51608	21a14de74a5ce291e7a2a8572471004e044544dd25cf74e124e173c1d4b226ed	elf
bin/qccsyshal_aidl-service	52216	eeed6afc0eaa16be25d329937afec64b8a1ae22d0571487b7171fda5f0b1bbd0	elf
bin/qcrosvm	202584	c2c7bb48651e6e19eb1ed1ac20b8527bd3e7ad9452df856ac88995429d9eb43c	elf
bin/qsguard	102904	0b70b80bf4ba8ed96cbc12fb92fede9cc3b8f8475250daf4652b988904651616	elf
bin/qspmsvc	52568	8341e9aaf87e2fe7c8ac67266f7c461ba3e5e5aa416912e6e3f2b4de290dab8d	elf
bin/qxrsplitauxservice	69168	0f80dea3d73383d672c21b898bdf58a86a87f8ebaaf47894f9ec6b9f43c15cca	elf
bin/sar0_test	38	4380c639121e5a90c37d78a7a805d2c4e6b2d0dd94fb8422270ae73261cfd5a8	text
bin/sar1_test	38	d167d582dd175257bd03b524aeede9d7b09042a4e44eb6631901d2861183cd22	text
bin/sensor_test	52280	35807b5b32c72c72c2363dc8e41b8dd502c0d5b2b31691dd612b0cac46e91941	elf
bin/show_cpu.sh	258	88b1e9682930bbe9ac81e0fc8e5d4bb8a7e4ef53b1b5cf65494639ad3112388e	text
bin/sigma_miracasthalservice64	52000	fb1344e47e89effa6b49e17db517cf821e1ed983f5fdf7b7b3d3190a2d33f9ce	elf
bin/sigma_miracasthalservice_aidl	52136	d69f9fb9e6606cdcadb76cc98222627a2d79cde851de316238a3cc968be206d1	elf
bin/snapshotwhenpull.sh	1307	d9e5221305525998d12e1fc32c915b984481b819c287f02b9ec357084ab88e55	text
bin/ssdaemon	68920	2030ae4071c398f555de7f9d5fda55ced7530ed6f2d69f91c3efb0556dc5c853	elf
bin/start_ipclog.sh	5930	4b7807c1fe58694a8fca7dfd74759e6bd60ae3791048c110d7b46717ad3d3dc1	text
bin/start_qxdmbtlog.sh	629	0076065d0933fa975c3f3a0161daf033a49ec639e62052399bdb95a6a7fe1ee8	text
bin/start_tracer.sh	2396	ce1d508a788c6ac988d359f289eb988b4bc6a28ad3339b30aaf3b2e046b8bfb5	text
bin/startiotop.sh	717	355630373c276d62be4e48f82ada28c4bdc188e6122ac9b8db2329a1cd526aba	text
bin/startlogtimeout.sh	509	ec37675ea60820102992f78dc436ded0cf2f24b206b9eea0a50e9e72dc01e1c5	text
bin/stop_qxdmbtlog.sh	506	13fe4509dd056e9cacbbba914c1c76e83bce63f487eadc9c6de35f63835285a3	text
bin/stop_tracer.sh	329	1f91803bdb6a79ca284025a0268c6e50fb16aa4c105f7b9dd9af5b31c2311eb6	text
bin/tcmd	86536	77fdf7e295ed93209536ffb2996d6d17666b8eafab0cbbf6530d3ffc54ba7e25	elf
bin/tcpcat	51376	665d411abe5adb85a29945375c003b85df7b281626e6ea46aacfffb94946ccd6	elf
bin/test_diag_system	51888	e434e5c1840ed0761e4bd8e407ad8d2df5d295220633e9d239025380b005edd1	elf
bin/triggerlogtag.sh	2334	8f6caf2e5cb1b4a51a1f1a06d937395b079e603dfbcb6e34c2c8479168df7035	text
bin/usbudev	103568	5c3b316944d4e699fc34364276eabc710c83fce5cc13d17c682751b45e7914dc	elf
bin/vendorcfg	51664	20427ffb3258141a57a16b6ce25a77b5168073abcda6222e7e815e265ac37459	elf
bin/vendorcfgdeamon	52320	3072aea74c92a3c9de942a1985a80a2aea445c25a9fd3c96b335965f88fc409c	elf
bin/wfdservice64	51632	4139a6545d616327b008805d21e97fd0c1dd099ab41d3f4f00780b871941be01	elf
bin/xproject_log.sh	4607	df21c82a5ff40bd24d832faac5433a800b6ad0aa0bad9f1593d7f8958a7dc6d6	text
bin/zbugreport	51424	ed018d5a30a61ca28b47ec5239ddeab2b6f9a9076307fc9e02ce5e83d45fabac	elf
etc/NOTICE.xml.gz	179560	9375d8a17b773d65bc8ecaa83b9ac74bd9bc57564e875095b76dd83073b0b3ce	gzip
etc/aconfig/flag.info	142	2ba9f5f07d5bb0b64aa8fd13e1423bc2c4ce34862c920269deba16d0a1d2ee2b	axml?
etc/aconfig/flag.map	6808	e0edfa8898790026d709183218a6b35542f5245cca0c21c83c8693b994edd62e	axml?
etc/aconfig/flag.val	142	8ff9915cffb69b34ff0e0df07cce99d7e9b33733370b27774ede805d2d662825	axml?
etc/aconfig/package.map	234	0192c6435be9db2081e376e01dd9febe0f6d0acc4b823e72caad1d30cdcee7bf	axml?
etc/aconfig_flags.pb	51742	4e4f81440c6bc19a17342831c2379dd0aa0c191b33a40d2ebae8dcccb4e5cb7a	binary
etc/build.prop	1747	83cd060ee3cff8f3f6504028cf30879d5b37872bda3057bdbcb9cf0dc6d7ae97	text
etc/build_flags.json	77634	b25d80cc75c09455a354c68f3fe80ed8f409eedda484dbcd827b9a17daf37ed2	text
etc/compatconfig/settings-platform-compat-config.xml	141	e695ef17003b332aae1095de2aaf9d18ebbb6b7d432023ab95b70574bb4de214	text
etc/cube/SM8750/NX789J/cube	160	1d211048040633812e12a139c867139f70d69e1201ac452c52a61e3cf185b3df	binary
etc/cube/SM8750/app/001	44320	a6fe9d056e7312689abfa32c7a95f951babcd9fc08b543a3240238fda4f76cca	binary
etc/cube/SM8750/app/002	9888	b421aa35c1e3936c613faf8609b74e6377df8a07d1d6e220d34796867e4896be	binary
etc/cube/SM8750/app/003	43632	6b73f0e1a9624695c09814743771c11f5e6d4d495007cacad27bcdd8232b9c3e	binary
etc/cube/SM8750/app/004	61296	0f3c72298f939f99d1248a773e81798940c22453d91db1c044ebf70bac874999	binary
etc/cube/SM8750/app/005	2112	50f85f0bced133a0597a74c26c62ffd381fe93fe6e68b0598d502e86e9382725	binary
etc/cube/SM8750/app/006	11040	ef9144b84db57ab6179dc27e117606aea4ab0b7b1bdc2d4bafee0ffc643b4e6e	binary
etc/cube/SM8750/app/007	9312	3df57047e58c511110581928a700cb4bafb7c85de7851c5292419e3c3307ad7e	binary
etc/cube/SM8750/app/008	7808	ae7dd6d7e8be2a23d60906c80701408772500f9ed632e2cca3847281215653cd	binary
etc/cube/SM8750/app/009	15120	e8bb6e765ef4012a812bb376b8d1fcc3fab711dbb9ceede5c32c41f1be8e3d3c	binary
etc/cube/SM8750/app/010	8192	3079d2df1bc84221befe7f1d6c147294ab9ad80a4f2509205c7b380c3be14e0d	binary
etc/cube/SM8750/app/011	4000	a4fa6842ed3b51ede5137787c655d5beacd7dae28de177fc47c6116819356eb1	binary
etc/cube/SM8750/cube	222512	5c24fe2ef8f1610de6e5914052ce2b3521b8bb0cc4380f8d40d6cc6122418185	binary
etc/cube/SM8750/gp_default	3504	0bfbe7866b9fc7e4899e75a5de37d861d2658727efcf7cae76122f8c9e8ee9e2	binary
etc/cube/SM8750/gp_disp_name	4896	4e1f2c0e8e611edb384cb51ba0e65cdeba528de137076abacd1d5dacf61fcbf8	binary
etc/cube/SM8750/gp_disp_path	5760	e3607b565d6751a6b10d54637a7d80dfa822a8a4b10106b51a43ce5f6ff4225c	binary
etc/cube/app/aaa	672	a7c8a66be1ff7305b9ee79416796828b5477b214dc0158db2320163e99c0f33f	binary
etc/cube/app/aab	35680	674c2fe3aa5dd5bb3fa5b6404587d2017e9c4efd7437ad734517e53f21684cbc	binary
etc/cube/app/aac	11184	074b98e55c95fe13723e70b00cfd1ed0172d52938b04b64a5cbd7f79f687e443	binary
etc/cube/cube	56112	70aaedc2ce0325b6f340f62018154ead32f430bf7368dea6c318e3671d8ca6dd	binary
etc/cube/gp_default	2880	dc6ac74cd8ccf9af67995d0a32c5bbcdf8d9b8afb313b58414bfa346f2bb09e1	binary
etc/cube/gp_disp_name	5824	19cba7b37ad22152e1f897affa24504c36436ee82bc8a49388bb520d68277280	binary
etc/cube/gp_disp_path	6960	defe419d0c76a24c538f22071e0ba8e0edbedcd7436a06d6127184e834472992	binary
etc/cube/gp_pkg_config	496	f2e18f883949aaa61f077b63e8ab5eab7c6ea1a1e660ff3bd0a29cc9209de3e3	binary
etc/cube/pattern-list	13664	625079872e86726efed456e8bc979be3cc0b83795c69dfa2a68d8cda9d80b7af	binary
etc/default-permissions/default-permissions-com.quicinc.voice.activation.xml	542	e8be58baf10820b372f3d93ba82ccbe1aa1a46b6e0995c7f3ba61ad6ffa77922	text
etc/dpm/dpm.conf	2897	87f839379ce8f1882e2f287f83d4abc84b3b749873f7ffa6ae2303936352c7a7	text
etc/fs_config_dirs	0	e3b0c44298fc1c149afbf4c8996fb92427ae41e4649b934ca495991b7852b855	text
etc/fs_config_files	0	e3b0c44298fc1c149afbf4c8996fb92427ae41e4649b934ca495991b7852b855	text
etc/group	0	e3b0c44298fc1c149afbf4c8996fb92427ae41e4649b934ca495991b7852b855	text
etc/hdr_config/ans_off/ans_config.txt	754	4e0c4646c80b0a6790c2d3f5f4d1020ef140a99980c74d95713bd43d6ae21175	text
etc/hdr_config/ans_on/ans_config.txt	754	f7f9f4b9498ca1c635f61f94c76ca45736b4d11108852beab15379fa9b972de2	text
etc/hdr_config/main_inv_ls/RPP_BiquadHPF_config.txt	182	877437146e036c12a1130c3b5f24d7306ee0f71ea215f469f75ebccff875b994	text
etc/hdr_config/main_inv_ls/RPP_EQLeftTop_config.txt	50633	0d531b8fa1d6a67ee199d782fc484531e198184e5c6dcc66bd09c25b91429030	text
etc/hdr_config/main_inv_ls/RPP_EQRightBottom_config.txt	50185	683b24826fcc723d73e377539b54861469304eb1191570c6379772ec71811fe0	text
etc/hdr_config/main_inv_ls/RPP_HDR.txt	125	45f6087c1384d5434f17f6bd09613c493a1958f273de6b9e42e11bc5d4689c49	text
etc/hdr_config/main_inv_ls/RPP_InputAGC_config.txt	237	6c67fb25d931dd7f471f6b14fb668d7f9701a8529f528476042c471654d91d21	text
etc/hdr_config/main_inv_ls/RPP_InputCompressor_config.txt	250	b7b4473e290bc01701b569ec893c41546d1448544030f3969d770d390d29e2e9	text
etc/hdr_config/main_inv_ls/RPP_Limiter_config.txt	498	6b466d698abdd9823bcfc5ba7f8d7f858ccbc6d6512b36726bbf74c642307a53	text
etc/hdr_config/main_inv_ls/RPP_OutputCompressor_config.txt	249	811e8485d35c87ce4666c2474bbdd3700e108a4f175f5a5e4177ad7a16429731	text
etc/hdr_config/main_inv_pt/RPP_BiquadHPF_config.txt	182	877437146e036c12a1130c3b5f24d7306ee0f71ea215f469f75ebccff875b994	text
etc/hdr_config/main_inv_pt/RPP_EQLeftTop_config.txt	50633	0d531b8fa1d6a67ee199d782fc484531e198184e5c6dcc66bd09c25b91429030	text
etc/hdr_config/main_inv_pt/RPP_EQRightBottom_config.txt	50185	683b24826fcc723d73e377539b54861469304eb1191570c6379772ec71811fe0	text
etc/hdr_config/main_inv_pt/RPP_HDR.txt	125	45f6087c1384d5434f17f6bd09613c493a1958f273de6b9e42e11bc5d4689c49	text
etc/hdr_config/main_inv_pt/RPP_InputAGC_config.txt	237	6c67fb25d931dd7f471f6b14fb668d7f9701a8529f528476042c471654d91d21	text
etc/hdr_config/main_inv_pt/RPP_InputCompressor_config.txt	250	b7b4473e290bc01701b569ec893c41546d1448544030f3969d770d390d29e2e9	text
etc/hdr_config/main_inv_pt/RPP_Limiter_config.txt	498	6b466d698abdd9823bcfc5ba7f8d7f858ccbc6d6512b36726bbf74c642307a53	text
etc/hdr_config/main_inv_pt/RPP_OutputCompressor_config.txt	249	811e8485d35c87ce4666c2474bbdd3700e108a4f175f5a5e4177ad7a16429731	text
etc/hdr_config/main_ls/RPP_BiquadHPF_config.txt	182	877437146e036c12a1130c3b5f24d7306ee0f71ea215f469f75ebccff875b994	text
etc/hdr_config/main_ls/RPP_EQLeftTop_config.txt	50633	0d531b8fa1d6a67ee199d782fc484531e198184e5c6dcc66bd09c25b91429030	text
etc/hdr_config/main_ls/RPP_EQRightBottom_config.txt	50185	683b24826fcc723d73e377539b54861469304eb1191570c6379772ec71811fe0	text
etc/hdr_config/main_ls/RPP_HDR.txt	125	45f6087c1384d5434f17f6bd09613c493a1958f273de6b9e42e11bc5d4689c49	text
etc/hdr_config/main_ls/RPP_InputAGC_config.txt	237	6c67fb25d931dd7f471f6b14fb668d7f9701a8529f528476042c471654d91d21	text
etc/hdr_config/main_ls/RPP_InputCompressor_config.txt	250	b7b4473e290bc01701b569ec893c41546d1448544030f3969d770d390d29e2e9	text
etc/hdr_config/main_ls/RPP_Limiter_config.txt	498	6b466d698abdd9823bcfc5ba7f8d7f858ccbc6d6512b36726bbf74c642307a53	text
etc/hdr_config/main_ls/RPP_OutputCompressor_config.txt	249	811e8485d35c87ce4666c2474bbdd3700e108a4f175f5a5e4177ad7a16429731	text
etc/hdr_config/main_pt/RPP_BiquadHPF_config.txt	182	877437146e036c12a1130c3b5f24d7306ee0f71ea215f469f75ebccff875b994	text
etc/hdr_config/main_pt/RPP_EQLeftTop_config.txt	50633	0d531b8fa1d6a67ee199d782fc484531e198184e5c6dcc66bd09c25b91429030	text
etc/hdr_config/main_pt/RPP_EQRightBottom_config.txt	50185	683b24826fcc723d73e377539b54861469304eb1191570c6379772ec71811fe0	text
etc/hdr_config/main_pt/RPP_HDR.txt	125	45f6087c1384d5434f17f6bd09613c493a1958f273de6b9e42e11bc5d4689c49	text
etc/hdr_config/main_pt/RPP_InputAGC_config.txt	237	6c67fb25d931dd7f471f6b14fb668d7f9701a8529f528476042c471654d91d21	text
etc/hdr_config/main_pt/RPP_InputCompressor_config.txt	250	b7b4473e290bc01701b569ec893c41546d1448544030f3969d770d390d29e2e9	text
etc/hdr_config/main_pt/RPP_Limiter_config.txt	498	6b466d698abdd9823bcfc5ba7f8d7f858ccbc6d6512b36726bbf74c642307a53	text
etc/hdr_config/main_pt/RPP_OutputCompressor_config.txt	249	811e8485d35c87ce4666c2474bbdd3700e108a4f175f5a5e4177ad7a16429731	text
etc/hdr_config/none_inv_ls/RPP_BiquadHPF_config.txt	182	877437146e036c12a1130c3b5f24d7306ee0f71ea215f469f75ebccff875b994	text
etc/hdr_config/none_inv_ls/RPP_EQLeftTop_config.txt	50633	0d531b8fa1d6a67ee199d782fc484531e198184e5c6dcc66bd09c25b91429030	text
etc/hdr_config/none_inv_ls/RPP_EQRightBottom_config.txt	50185	683b24826fcc723d73e377539b54861469304eb1191570c6379772ec71811fe0	text
etc/hdr_config/none_inv_ls/RPP_HDR.txt	125	45f6087c1384d5434f17f6bd09613c493a1958f273de6b9e42e11bc5d4689c49	text
etc/hdr_config/none_inv_ls/RPP_InputAGC_config.txt	237	6c67fb25d931dd7f471f6b14fb668d7f9701a8529f528476042c471654d91d21	text
etc/hdr_config/none_inv_ls/RPP_InputCompressor_config.txt	250	b7b4473e290bc01701b569ec893c41546d1448544030f3969d770d390d29e2e9	text
etc/hdr_config/none_inv_ls/RPP_Limiter_config.txt	498	6b466d698abdd9823bcfc5ba7f8d7f858ccbc6d6512b36726bbf74c642307a53	text
etc/hdr_config/none_inv_ls/RPP_OutputCompressor_config.txt	249	811e8485d35c87ce4666c2474bbdd3700e108a4f175f5a5e4177ad7a16429731	text
etc/hdr_config/none_inv_pt/RPP_BiquadHPF_config.txt	182	877437146e036c12a1130c3b5f24d7306ee0f71ea215f469f75ebccff875b994	text
etc/hdr_config/none_inv_pt/RPP_EQLeftTop_config.txt	50633	0d531b8fa1d6a67ee199d782fc484531e198184e5c6dcc66bd09c25b91429030	text
etc/hdr_config/none_inv_pt/RPP_EQRightBottom_config.txt	50185	683b24826fcc723d73e377539b54861469304eb1191570c6379772ec71811fe0	text
etc/hdr_config/none_inv_pt/RPP_HDR.txt	125	45f6087c1384d5434f17f6bd09613c493a1958f273de6b9e42e11bc5d4689c49	text
etc/hdr_config/none_inv_pt/RPP_InputAGC_config.txt	237	6c67fb25d931dd7f471f6b14fb668d7f9701a8529f528476042c471654d91d21	text
etc/hdr_config/none_inv_pt/RPP_InputCompressor_config.txt	250	b7b4473e290bc01701b569ec893c41546d1448544030f3969d770d390d29e2e9	text
etc/hdr_config/none_inv_pt/RPP_Limiter_config.txt	498	6b466d698abdd9823bcfc5ba7f8d7f858ccbc6d6512b36726bbf74c642307a53	text
etc/hdr_config/none_inv_pt/RPP_OutputCompressor_config.txt	249	811e8485d35c87ce4666c2474bbdd3700e108a4f175f5a5e4177ad7a16429731	text
etc/hdr_config/none_ls/RPP_BiquadHPF_config.txt	182	877437146e036c12a1130c3b5f24d7306ee0f71ea215f469f75ebccff875b994	text
etc/hdr_config/none_ls/RPP_EQLeftTop_config.txt	50633	0d531b8fa1d6a67ee199d782fc484531e198184e5c6dcc66bd09c25b91429030	text
etc/hdr_config/none_ls/RPP_EQRightBottom_config.txt	50185	683b24826fcc723d73e377539b54861469304eb1191570c6379772ec71811fe0	text
etc/hdr_config/none_ls/RPP_HDR.txt	125	45f6087c1384d5434f17f6bd09613c493a1958f273de6b9e42e11bc5d4689c49	text
etc/hdr_config/none_ls/RPP_InputAGC_config.txt	237	6c67fb25d931dd7f471f6b14fb668d7f9701a8529f528476042c471654d91d21	text
etc/hdr_config/none_ls/RPP_InputCompressor_config.txt	250	b7b4473e290bc01701b569ec893c41546d1448544030f3969d770d390d29e2e9	text
etc/hdr_config/none_ls/RPP_Limiter_config.txt	498	6b466d698abdd9823bcfc5ba7f8d7f858ccbc6d6512b36726bbf74c642307a53	text
etc/hdr_config/none_ls/RPP_OutputCompressor_config.txt	249	811e8485d35c87ce4666c2474bbdd3700e108a4f175f5a5e4177ad7a16429731	text
etc/hdr_config/none_pt/RPP_BiquadHPF_config.txt	182	877437146e036c12a1130c3b5f24d7306ee0f71ea215f469f75ebccff875b994	text
etc/hdr_config/none_pt/RPP_EQLeftTop_config.txt	50633	0d531b8fa1d6a67ee199d782fc484531e198184e5c6dcc66bd09c25b91429030	text
etc/hdr_config/none_pt/RPP_EQRightBottom_config.txt	50185	683b24826fcc723d73e377539b54861469304eb1191570c6379772ec71811fe0	text
etc/hdr_config/none_pt/RPP_HDR.txt	125	45f6087c1384d5434f17f6bd09613c493a1958f273de6b9e42e11bc5d4689c49	text
etc/hdr_config/none_pt/RPP_InputAGC_config.txt	237	6c67fb25d931dd7f471f6b14fb668d7f9701a8529f528476042c471654d91d21	text
etc/hdr_config/none_pt/RPP_InputCompressor_config.txt	250	b7b4473e290bc01701b569ec893c41546d1448544030f3969d770d390d29e2e9	text
etc/hdr_config/none_pt/RPP_Limiter_config.txt	498	6b466d698abdd9823bcfc5ba7f8d7f858ccbc6d6512b36726bbf74c642307a53	text
etc/hdr_config/none_pt/RPP_OutputCompressor_config.txt	249	811e8485d35c87ce4666c2474bbdd3700e108a4f175f5a5e4177ad7a16429731	text
etc/hdr_config/selfie_inv_ls/RPP_BiquadHPF_config.txt	182	877437146e036c12a1130c3b5f24d7306ee0f71ea215f469f75ebccff875b994	text
etc/hdr_config/selfie_inv_ls/RPP_EQLeftTop_config.txt	50633	0d531b8fa1d6a67ee199d782fc484531e198184e5c6dcc66bd09c25b91429030	text
etc/hdr_config/selfie_inv_ls/RPP_EQRightBottom_config.txt	50185	683b24826fcc723d73e377539b54861469304eb1191570c6379772ec71811fe0	text
etc/hdr_config/selfie_inv_ls/RPP_HDR.txt	125	45f6087c1384d5434f17f6bd09613c493a1958f273de6b9e42e11bc5d4689c49	text
etc/hdr_config/selfie_inv_ls/RPP_InputAGC_config.txt	237	6c67fb25d931dd7f471f6b14fb668d7f9701a8529f528476042c471654d91d21	text
etc/hdr_config/selfie_inv_ls/RPP_InputCompressor_config.txt	250	b7b4473e290bc01701b569ec893c41546d1448544030f3969d770d390d29e2e9	text
etc/hdr_config/selfie_inv_ls/RPP_Limiter_config.txt	498	6b466d698abdd9823bcfc5ba7f8d7f858ccbc6d6512b36726bbf74c642307a53	text
etc/hdr_config/selfie_inv_ls/RPP_OutputCompressor_config.txt	249	811e8485d35c87ce4666c2474bbdd3700e108a4f175f5a5e4177ad7a16429731	text
etc/hdr_config/selfie_inv_pt/RPP_BiquadHPF_config.txt	182	877437146e036c12a1130c3b5f24d7306ee0f71ea215f469f75ebccff875b994	text
etc/hdr_config/selfie_inv_pt/RPP_EQLeftTop_config.txt	50633	0d531b8fa1d6a67ee199d782fc484531e198184e5c6dcc66bd09c25b91429030	text
etc/hdr_config/selfie_inv_pt/RPP_EQRightBottom_config.txt	50185	683b24826fcc723d73e377539b54861469304eb1191570c6379772ec71811fe0	text
etc/hdr_config/selfie_inv_pt/RPP_HDR.txt	125	45f6087c1384d5434f17f6bd09613c493a1958f273de6b9e42e11bc5d4689c49	text
etc/hdr_config/selfie_inv_pt/RPP_InputAGC_config.txt	237	6c67fb25d931dd7f471f6b14fb668d7f9701a8529f528476042c471654d91d21	text
etc/hdr_config/selfie_inv_pt/RPP_InputCompressor_config.txt	250	b7b4473e290bc01701b569ec893c41546d1448544030f3969d770d390d29e2e9	text
etc/hdr_config/selfie_inv_pt/RPP_Limiter_config.txt	498	6b466d698abdd9823bcfc5ba7f8d7f858ccbc6d6512b36726bbf74c642307a53	text
etc/hdr_config/selfie_inv_pt/RPP_OutputCompressor_config.txt	249	811e8485d35c87ce4666c2474bbdd3700e108a4f175f5a5e4177ad7a16429731	text
etc/hdr_config/selfie_ls/RPP_BiquadHPF_config.txt	182	877437146e036c12a1130c3b5f24d7306ee0f71ea215f469f75ebccff875b994	text
etc/hdr_config/selfie_ls/RPP_EQLeftTop_config.txt	50633	0d531b8fa1d6a67ee199d782fc484531e198184e5c6dcc66bd09c25b91429030	text
etc/hdr_config/selfie_ls/RPP_EQRightBottom_config.txt	50185	683b24826fcc723d73e377539b54861469304eb1191570c6379772ec71811fe0	text
etc/hdr_config/selfie_ls/RPP_HDR.txt	125	45f6087c1384d5434f17f6bd09613c493a1958f273de6b9e42e11bc5d4689c49	text
etc/hdr_config/selfie_ls/RPP_InputAGC_config.txt	237	6c67fb25d931dd7f471f6b14fb668d7f9701a8529f528476042c471654d91d21	text
etc/hdr_config/selfie_ls/RPP_InputCompressor_config.txt	250	b7b4473e290bc01701b569ec893c41546d1448544030f3969d770d390d29e2e9	text
etc/hdr_config/selfie_ls/RPP_Limiter_config.txt	498	6b466d698abdd9823bcfc5ba7f8d7f858ccbc6d6512b36726bbf74c642307a53	text
etc/hdr_config/selfie_ls/RPP_OutputCompressor_config.txt	249	811e8485d35c87ce4666c2474bbdd3700e108a4f175f5a5e4177ad7a16429731	text
etc/hdr_config/selfie_pt/RPP_BiquadHPF_config.txt	182	877437146e036c12a1130c3b5f24d7306ee0f71ea215f469f75ebccff875b994	text
etc/hdr_config/selfie_pt/RPP_EQLeftTop_config.txt	50633	0d531b8fa1d6a67ee199d782fc484531e198184e5c6dcc66bd09c25b91429030	text
etc/hdr_config/selfie_pt/RPP_EQRightBottom_config.txt	50185	683b24826fcc723d73e377539b54861469304eb1191570c6379772ec71811fe0	text
etc/hdr_config/selfie_pt/RPP_HDR.txt	125	45f6087c1384d5434f17f6bd09613c493a1958f273de6b9e42e11bc5d4689c49	text
etc/hdr_config/selfie_pt/RPP_InputAGC_config.txt	237	6c67fb25d931dd7f471f6b14fb668d7f9701a8529f528476042c471654d91d21	text
etc/hdr_config/selfie_pt/RPP_InputCompressor_config.txt	250	b7b4473e290bc01701b569ec893c41546d1448544030f3969d770d390d29e2e9	text
etc/hdr_config/selfie_pt/RPP_Limiter_config.txt	498	6b466d698abdd9823bcfc5ba7f8d7f858ccbc6d6512b36726bbf74c642307a53	text
etc/hdr_config/selfie_pt/RPP_OutputCompressor_config.txt	249	811e8485d35c87ce4666c2474bbdd3700e108a4f175f5a5e4177ad7a16429731	text
etc/hdr_config/wnr_off/wnr_config.txt	2741	9a4d3cd01e5864ceaccf16fa65c7667b4d7c6bcb8626214c39eff2aab1a438df	text
etc/hdr_config/wnr_off/wnr_params.txt	597	7e2151f739cc012523145fef04304988c4f6cd0e629b54d42db665029bb1c782	text
etc/hdr_config/wnr_on/wnr_config.txt	2741	9a4d3cd01e5864ceaccf16fa65c7667b4d7c6bcb8626214c39eff2aab1a438df	text
etc/hdr_config/wnr_on/wnr_params.txt	597	72bc51996c827bdb213c7fd2d83fa498bf407b52c287acbc924cd8cb76990938	text
etc/init/android.hidl.allocator@1.0-service.rc	187	2daefa28c9013feb1d6b17e366bcb2dfbd5b904e239b644d93a16df01b15c29d	text
etc/init/atrace	85544	3f00be8cb27dbb9b713d4543e8ada100b6ea1599971c94cf4d6244af692e636b	elf
etc/init/boot_rescue.rc	230	accb572dd18701a103a989b3c08dbfdabe95d2fff1b64e5dc22e16d4a60936fa	text
etc/init/bootservice.rc	271	353e878a64eeb50a50569c6f2c14c01f5ce4cea5ad0e8cb28d659469d49d8cda	text
etc/init/com.qualcomm.qti.sigma_miracast@1.0-service.rc	401	4facb8d31d4bf4ca95d1f506673a8b0259e218181413906cbb4ebcf172a6f72d	text
etc/init/com.qualcomm.qti.sigma_miracast_aidl-service.rc	130	9041e9381a632286aaf553108acb66e166f7916e4ba4c8a7caad12c84b33ca86	text
etc/init/connectivity.rc	1772	a9feec7e76125c0a50654e0eb77a203694c6b8d3ec496742d5c54348dabbb18c	text
etc/init/dpmd.rc	683	f2b68252ae6086ebeb67ef5885f83c63cdd4faf2fe6f00024beb678bd0ae6261	text
etc/init/getearlylog.rc	654	0fb3d3e1accc1feedab2e5cb430c1b99e5ee492c503b1608833303c2ff50dd25	text
etc/init/getlog.rc	13898	130de90948406cb47bc20fcfcc5bebbb1758b33419b3f3b00679c4da4da61942	text
etc/init/hwservicemanager.rc	497	fec3f3312b7cb0f5c22438b62cca189964878874f8aabd47396ae1f4faf8c4f9	text
etc/init/init.nubia.perf.rc	7176	d9774d14c8859094f959a95282361e92348cc1c1f095b13e516f241432694aab	text
etc/init/logcontrol.rc	93	08cc9db5d5e52fd9ed4436d9cb59965cd3fd394985db57e8fae7458b4a6e0249	text
etc/init/perfservice.rc	377	ef8fbaebcd0827084623d3589f5af453c1f3c760db59f7bb1529813bf8e06043	text
etc/init/qsguard.rc	259	e311262e32531cf5a795f2506690ad81cfdf75a3a44115a4a7e94db9f35b80fc	text
etc/init/qspa_system.rc	190	a1231b13364f2334e96da7343cca4f13fa814bf804919f704e8786de86a5595c	text
etc/init/qspmsvc.rc	485	3db57f00c534742ac9f5516ee9d14a4e7e8d6d9feb0b082f06ed599846afb2a9	text
etc/init/ssdaemon.rc	164	7403b279d062d186aad30c0fbc9cf47d197ae2ac687981cac9d2535b5202b03d	text
etc/init/sxrauxd_ext.rc	675	16548c6448c0e0dc14f3867ccaa6796bc56cebe06639e141a61a024d954e5062	text
etc/init/tcmd.rc	445	d52fc9bb4b57ef51a67e8b0732fe75c905c4ee1c84f981b4aad4f5106e30e437	text
etc/init/usbudev.rc	236	0290dd411ae66cd45703e845fc50d3c79c26177f8dcdb3e692ffacda6fccd451	text
etc/init/vendor.qti.hardware.qccsyshal@1.2-service.rc	1824	3daa56322240ee649dded8f60baaa908b706af9cd5080dae420be4f413847414	text
etc/init/vendor.qti.qccsyshal_aidl-service.rc	1839	9347a3dedc604e7e8bbcd7579e0a19fc37cdd13ef009575da1106c6f84e49663	text
etc/init/vendorcfgd.rc	128	dcccec37bd0eafaeda113dc751977943b6219387ada1557021548c106bdb0768	text
etc/init/wfdservice.rc	595	cfd2a1aaf71fbe26d00faa0943827e14adaa197d860d498e8d40285de5a05fe1	text
etc/passwd	0	e3b0c44298fc1c149afbf4c8996fb92427ae41e4649b934ca495991b7852b855	text
etc/perf/wlc_model.tflite	92060	6dd48a8a3660d49589f7d2f928d30fec7a80198e62bc170e5cde3f252a91a366	binary
etc/perfetto_cfg_bugreport_user.cfg	2586	85cb70cd04a372f07695c351cdaeaa1d92a23342b3eae01ff7a83430a7b9ca06	text
etc/permission_config.xml	493	d2a584498e45e6285c4e77e6c4b819b2365301927d1c499e463dc784a254c136	text
etc/permissions/android.hardware.telephony.gsm.xml	1224	eb4e03a14d2004e88bc55072780b9996bce93c96db8ce2465e755f3749c4a145	text
etc/permissions/android.hardware.telephony.ims.xml	821	6f0d8f1e1dc0657e39ff63129b1633fdd9971417dcc9982271f089024666dadd	text
etc/permissions/android.software.verified_boot.xml	753	a9d903b0239520d91fc9a525361944d8022ec9b4cd39361a821ba63390d7890f	text
etc/permissions/androidx.window.extensions.xml	830	e649efa502e3b67e894c5aded59b1b2de4dad4e1303f0d3e7fae29fe4a43b9ac	text
etc/permissions/androidx.window.sidecar.xml	824	2ff1b4ad3a4f54659bc6a30a7026fe8b6a90b09e6723988ca0aff261944a8e89	text
etc/permissions/appfunctions.extension.xml	847	984a00c22113937e4a5a5f23d04100b4bf95f3353ff2a07885f52dc06598ef0a	text
etc/permissions/audiosphere.xml	352	29da8a24c50a0087f3fec99a7f7fddc6377b02c049dcca044b8fd04e94efab47	text
etc/permissions/com.android.carrierconfig.xml	869	248978a11956f56667e3b4708603c811defa4eea2e069a7459d03473fbb2ea95	text
etc/permissions/com.android.emergency.xml	742	91d49c4eb3ea3833b34290888dc8fd7d32f042478fc709ef08dec07d17814205	text
etc/permissions/com.android.extensions.appfunctions.xml	837	765622459ec7c8718eb1277944f2b678cc6ee75d626dc9d4e9bf25836e43827c	text
etc/permissions/com.android.settings.xml	4519	4895215f7c76affd4ab02fcf79b39f35a58fa544a38ab1d7b5cf4f18cc71b820	text
etc/permissions/com.android.storagemanager.xml	1265	4258f90f65190a6cded85ba2d4f06234084f7c85c9b8563289dc5af66e05add0	text
etc/permissions/com.android.systemui.xml	4768	79ea628cada01d7eb90c6f0003551731f262bc992cc146de08efd4ca16282c9b	text
etc/permissions/com.qti.dpmframework.xml	559	f0f06e0ffbe31064be2639ca338f0f944df96835e934ba60778a62d6ef9142c9	text
etc/permissions/com.qti.location.sdk.xml	682	101ed3492b33b1682092fcc64bdad11e870a0e426eecb46cbd0d9adf0d1ff209	text
etc/permissions/com.qti.media.secureprocessor.xml	335	92b03ae9add44669ba69767cf88fbe986203d7692257e85b203854154d92e543	text
etc/permissions/com.qti.qcc.vendor_qcc.xml	337	e53f1f4a505c44741dd6e9cc588c4401c82c6f868c0c1ba0f8b3f870c2ef21a5	text
etc/permissions/com.qualcomm.location.xml	744	5b45afda6071348e0fb7b5d60f702fc00431f7197c42485966ec90924f854eae	text
etc/permissions/com.qualcomm.qmapbridge.xml	913	819aeee076112b8a5dd14aa39dc234cf4be3ad54341ee79e25ec52dc020029b1	text
etc/permissions/com.qualcomm.qti.VENDORSSGTZD.xml	539	26cc7d53487e2cfb84bba07621ec6623fb379a7ee20c4e525a7794b86e46ce8c	text
etc/permissions/com.qualcomm.qti.imscmservice-V2.0-java.xml	376	9a9fba139afa1c8f2fe4dd8b9defe1e9802264a37f0a02aebd5291f2e3d7674e	text
etc/permissions/com.qualcomm.qti.imscmservice-V2.1-java.xml	366	f5953f5561d123bfe30b5b2f3e8bb81decc263e1f8b05c21606bd24e3f36b2b4	text
etc/permissions/com.qualcomm.qti.imscmservice-V2.2-java.xml	366	73cc3466c2d4e9558674ade3d8f703c86fb3764a2e4a4f7481bd1514f27f282e	text
etc/permissions/com.qualcomm.qti.izattools.xml	542	e26061e61623860588a9388108ae67f55eb422d87e6c27fe327ac9c6f403a84d	text
etc/permissions/com.zte.mifavor.launcher.adapter.xml	311	803da236d79354c3e94829e121ac857dee720cadfc9f19345da17eab63d7ea72	text
etc/permissions/com.zte.mifavor.launcher.xml	1727	2e90882c8b3e104000308cf78dbb80cecb6a369ac06e19633bb1bdcf0752fde1	text
etc/permissions/datachannellib.xml	302	f0eb9775d265473c53fb6e6a6cb86219c22bfef5f3c146c4a952e6d82645665b	text
etc/permissions/dpmapi.xml	305	0bf8828848835c7dc65a3566ecfa65177c9ec61fcaaec0a03e964bcb435225dc	text
etc/permissions/embms-noship_product_privapp_permissions_qti.xml	1381	048828dee843fd53cd5432aca6012ee8ecac07b3a35f850c4d45b69465c7f52c	text
etc/permissions/extphonelib.xml	1695	378892e6d1dccb6228c81229ec424867f10b29c695d220a42a9565b015ce6308	text
etc/permissions/google_contacts_feature.xml	233	fa002cf28c08f2f84fbcc0504b483ee851e94f7f17f73272c6c03110f9cd1381	text
etc/permissions/ldd-cmd-framework.xml	192	f11aa236158187ea3d2e008b305bf83778e0fbbfaea8ec1f9ab06269b6ab1dd6	text
etc/permissions/privapp-permissions-aptxals.xml	880	7df7519c9e37b614d3f99db0ba86a5ce1fe06508b649948d3e098ba49abd16a3	text
etc/permissions/privapp-permissions-aptxui.xml	556	60235dc80c0ac7dd79ca1ce79c3690c2f38fb07ae310736bffe2b7056d0f96cd	text
etc/permissions/privapp-permissions-com.android.subsys.xml	1122	71d9e398d16a78c8f16d59aec2dfea5d40ce5638f6f3ba54eeecc2f533e131c6	text
etc/permissions/privapp-permissions-com.qualcomm.location.xml	1147	3c2a1ece2fbeeeac4e075c7b6e823d5da59fcc7fb3133739328b0f5420ae1e3f	text
etc/permissions/privapp-permissions-com.qualcomm.qti.voiceai.speech.xml	413	4e55dc295370422028486d4040bffbe62044b3c477a0f75b89d6a799280d8d68	text
etc/permissions/privapp-permissions-com.qualcomm.qti.voiceai.usecase.xml	683	ae76b3f6430c248d263efaf131f88aad58c2c21bc3af97f0190c6a0b7c38d352	text
etc/permissions/privapp-permissions-com.quicinc.voice.activation.xml	1039	d45443fd2f1fa541cd074f422ee2e20917f88625221b95546ee5995f0879a7d4	text
etc/permissions/privapp-permissions-device.xml	3957	88e7762ddcf08aa32a1ab32ffdabf88ac29100e88ead49c24d96c3acc922de50	text
etc/permissions/privapp-permissions-google-system_ext.xml	4575	a40a67e3fca771c2bab4e54faa1c19c7c68b56f927bf0f9cd9460a8ae797c80d	text
etc/permissions/privapp-permissions-mms.xml	1955	350241e719322581ddc6ed2cf09dd303ebd3f7257367c94f35449c06fd07e82c	text
etc/permissions/privapp-permissions-qti-system-ext.xml	1722	c8ca2bc33c017940df09ad755f3602a8ada4693c1db518901285a9c2d0a99bac	text
etc/permissions/qcrilhook.xml	234	30f2d18283025a215e823cd286a89673280077791d22ce5ccabcbb5a6e71bf5f	text
etc/permissions/qti_libpermissions.xml	341	78b94d836339b46d88b6aec68f49fa009dc4be3b9836d82b1417c1437e7169a0	text
etc/permissions/qti_permissions.xml	400	888a73574ad91867ad2b0f6b48fddf0a98d2b9aebaa3fa6f0760c1d3970836c8	text
etc/permissions/qti_telephony_hidl_wrapper.xml	1704	9c77a1f474bec0104854e92fcbeef3b03640cb2491bd5bb3355c937a41e0c0ce	text
etc/permissions/qti_telephony_utils.xml	1688	e7d6f08e08a293c14c5f810ae3cd3c36ab1ef798605de663617476bb90b424ac	text
etc/permissions/subsys-platform.xml	206	283f5cdc08022f704d806c13d5c71632e831fbc39ab166039b7f3483ba734667	text
etc/permissions/subsys-plugin.xml	163	e9feb0e9265d1852c377c93bbe94f3cc11e5497a4665fc9a599c82be2fe1a480	text
etc/permissions/subsys-service.xml	204	31f5d52e4beb0b0574778c3a2f01e993ef1cb8ce1c1f4c5421b22120317545c7	text
etc/permissions/system_ext_privapp-permissions-platform-zte.xml	594	8ac4741e11d872ba79320b35ff03d814eba65bba975ab40f13d39ce80f3fdc0d	text
etc/permissions/telephony_system-ext_privapp-permissions-qti.xml	3460	7f5f554b4115201eb47d08fd313eac1b449ec1c4481ab71a549263c9ae98547e	text
etc/permissions/vendor-voicemail-conf.xml	17064	b61c220b611ae8efdae901609c85e5d6be2e4ce46f057c8cffd9c637cd322daf	text
etc/permissions/vendor.qti.hardware.c2pa-V1-java.xml	364	a9f7ade5b4f426ad5dc76dfd63768cb04976b9f7c00c4daa6d6a11b48e9967d3	text
etc/permissions/vendor.qti.ims.rcsservice.xml	2192	5872de69f4ca9fde586564af5b5c22dd85e8655f3e0ece22a1c28bb5f2245c92	text
etc/permissions/vendor.qti.imsdatachannel.xml	324	c1b1fb89626a7caef272aeaa5d87421d76119e8f2e0a3bd3e7fbc891713be9bf	text
etc/permissions/vendor.qti.imsdcservice.xml	460	0bd10a66e96a41297ed717fc73cc0790d60432e1f6bb40fca5287c99bd7e1a65	text
etc/permissions/vendor.zte.hardware.camera.transferclient.xml	849	020d546ca7a82c21a1293f18c8b54c399fd9c3bd3ee3af6e80130a841b5bfb4f	text
etc/permissions/wfd-system-ext-privapp-permissions-qti.xml	559	fe7e731cf496fa66233d7bae11db1ff3d08beba11150dbe726cb9048aad5aa28	text
etc/public.libraries-qti.txt	131	21fd86a6668a00cdc3428064e2cf508ac5a9ec5e44d05995a27a350f0513a3da	text
etc/qspa/qspa_default.rc	224	27ec1131197bef1f70eeeb424d659420dd0bb13928329347749c105112f49acf	text
etc/radarconfig.xml	33806	6de47dc8df81aaf7fe663ffd2b6547a6e3881655d2d3546f5bf0507608b1175a	text
etc/sarconfig.xml	7219	184359f0adb779a8bd1f83805a846e129456562806f08a18a6e926a915eb7fb5	text
etc/seccomp_policy/perfservice.policy	1457	8dd8bdf53f160c8ded7e577b9e1545ef2b93f2f79baf0a375155a1004380d699	text
etc/seccomp_policy/qcrosvm.policy	910	8916a61e8fcdfbf41892bb9f33eaf80bc62f75a166d29dd285cdd931ebe394e6	text
etc/seccomp_policy/sxraux-arm.policy	758	3f61e83791a4740933a705a9352cf11ee70fd379c39bda160026234f4a05a374	text
etc/seccomp_policy/tcmd.policy	1557	7e26f0e5d93aa77bc4b1433e718169b6b9e8409715182d3cff3cc1cdf490198b	text
etc/seccomp_policy/wfdservice64.policy	1809	70ca95f006f6b0ef16403b9a226db554a5e0597abee7bd9c1a7a0f60eaf43e12	text
etc/security/fsverity/BuildManifestSystemExt.apk	20900	f112d2fc92dac89b6acf9aa4a605f194ed77600bb0e7c4a2ac4c7697992860c1	zip/apk/jar
etc/selinux/bug_map	0	e3b0c44298fc1c149afbf4c8996fb92427ae41e4649b934ca495991b7852b855	text
etc/selinux/mapping/202404.cil	8403	6cc1c2bd77a21660a5ac1a008a0107c9928f4cfb8a5a5f67e5c26dbdb3ae0549	text
etc/selinux/mapping/202404.compat.cil	0	e3b0c44298fc1c149afbf4c8996fb92427ae41e4649b934ca495991b7852b855	text
etc/selinux/mapping/202504.cil	8571	0f39b27401468cc7d5095c639dd70b8fb40169ba9ca00c0e84f387e6d3d32963	text
etc/selinux/mapping/29.0.cil	9291	11307253dd072d480d97977bfbbec3af7d5334956d4660b2c70745a425cacfcf	text
etc/selinux/mapping/29.0.compat.cil	28	28fa5e866b6535b90dda0c2940d04198cd6070c43e85c94503f7cbfe63f72937	text
etc/selinux/mapping/30.0.cil	12834	942fdc251849354d2b238c64c2e1a894220de5a650fa621c39d451641a3c57b0	text
etc/selinux/mapping/30.0.compat.cil	28	28fa5e866b6535b90dda0c2940d04198cd6070c43e85c94503f7cbfe63f72937	text
etc/selinux/mapping/31.0.cil	14139	fb79195387b1136019691801aee99279a1052332c76fd0b812eb35d82d224305	text
etc/selinux/mapping/31.0.compat.cil	28	28fa5e866b6535b90dda0c2940d04198cd6070c43e85c94503f7cbfe63f72937	text
etc/selinux/mapping/32.0.cil	12612	a1a2189b28dca0a9e46f376bece77dee443a031469091fab689fc28666733e39	text
etc/selinux/mapping/32.0.compat.cil	28	28fa5e866b6535b90dda0c2940d04198cd6070c43e85c94503f7cbfe63f72937	text
etc/selinux/mapping/33.0.cil	11163	0185fb6cf9b7758442efd93978baf9e8a2d581ee4ce2d0a10b2e5bc74d237c6f	text
etc/selinux/mapping/33.0.compat.cil	28	28fa5e866b6535b90dda0c2940d04198cd6070c43e85c94503f7cbfe63f72937	text
etc/selinux/mapping/34.0.cil	9865	0ba93c576046cf28940ecbf03e5db5e2f9c4613a119b5c5c75cc39ccc2b5bd6e	text
etc/selinux/mapping/34.0.compat.cil	28	28fa5e866b6535b90dda0c2940d04198cd6070c43e85c94503f7cbfe63f72937	text
etc/selinux/system_ext_file_contexts	14443	d58df24cb69c1dbd3d89d725fcdc93de691339a10e79e3c70bb2c6908e3be79f	text
etc/selinux/system_ext_hwservice_contexts	433	05151cf8e83257565e5c434aea1bdf369109455f11e1fe346bfb613999f4dad9	text
etc/selinux/system_ext_keystore2_key_contexts	932	1b9b72d591e0f6fc0ec700852207733635685012763b8593716acfe4f69eea86	text
etc/selinux/system_ext_mac_permissions.xml	101	9fc6e3bc49b67055ec3e2059f5fce7c7e5b72069697d82f963aec4dd2d61fcf0	text
etc/selinux/system_ext_property_contexts	17414	4e0b427f621c21388662a36034142b737e4aa1bf9ee3438a91da7d74801d325d	text
etc/selinux/system_ext_seapp_contexts	3383	b45211020681fb2f9f5a55466ef56ce963641108329456c3c038dd23fcd5b739	text
etc/selinux/system_ext_sepolicy.cil	312140	bc8f231762bd029605e83a7ca87987f92b03223ce31c337895c8768a91edeefc	text
etc/selinux/system_ext_sepolicy_and_mapping.sha256	65	51116535acd5cb8f9129a928bd1c5c3479f6cc4edd174b328115eac9ce2979a8	text
etc/selinux/system_ext_service_contexts	9375	229f97f0e8a0502e820f6779fa1b338362cd619203e05b62ec3e0b240b5189d9	text
etc/selinux/system_ext_tee_service_contexts	930	a1373d3ad2b34f20e86335bec21f0cb698a1f8ed0f6328c41c6432521a9e43d0	text
etc/sysconfig/android.telephony.satellite.xml	141	5207711b38b9daef012eec3609210669916afc94d0a1af951e2afd98cfad875a	text
etc/sysconfig/qti-initial-package-stopped-states.xml	2106	eae4516b0d373a2de334783b267449e9027d44d49d2e576fc172f21f18c3d15b	text
etc/sysconfig/qti_broadcast_whitelist.xml	1500	ee41f95c872d9f24b0115c08b3650f7b199025557934141480ad8d07d99707d1	text
etc/sysconfig/qti_telephony_system_packages_config.xml	5551	d7036a3d7c62d850b8768647ac5fdeb98f13abd044e4250d41debec0ef9259b9	text
etc/sysconfig/qti_whitelist_system_ext.xml	2192	e09565792825a8bdee14ddcc34729987b0cf2e969318361300d60dc8a9d25336	text
etc/sysconfig/whitelist_com.qualcomm.qti.uceShimService.xml	420	29d715875b35a23ac38d35e4ad90aefa87f4ee791c67e5fdc3cfb4bc572d21ca	text
etc/vendorlogconfig.xml	12174	c0eaea259a30a8cc4748c78ba58779ef5f8171d89933d284d04404068dcdd6c5	text
etc/vintf/manifest.xml	560	f220a35e7874cd2d2103cc0b30fc12e56ecbd33e5b4708f576341e75d6b6dad6	text
etc/vintf/manifest/android.hidl.allocator@1.0-service.xml	350	b0444198fcfedc428719034c6fcb926a66fa00e866ce5b857c1e2a0de47751f4	text
etc/vintf/manifest/atcmdfwd-saidl.xml	295	dd0a3b224f4b3ae206219dcf002250032fbf1f7e45599f77e603fe3e84fac017	text
etc/vintf/manifest/vendor.qti.hardware.sigma_miracast.xml	468	77cfd4787e87a394fa178cb343b47954b42289a23bc7aa2bf5591cc94f64260d	text
etc/vintf/manifest/vendor.qti.hardware.sigma_miracast_aidl.xml	347	2753999b5d500f0362544ee07021cb7ac2b44901a9528cf71507dd9bbfe07873	text
etc/vintf/manifest/vendor.qti.hardware.systemhelperaidl.xml	392	27b7a7476ebae078eb77d04ed280d651e13f03d4200bc160a854cbbb2c961d0f	text
etc/vintf/manifest/vendor.qti.qccsyshal_aidl-service.xml	308	05251536915bb7727df26541eda2a75b6a5c3e147c373afad622e1b3024a81de	text
etc/vintf/manifest/vendor.qti.qesdsys.service.xml	298	f85d88ae972197fae6796a899baaf2572bc899e179d628d6ffac9cb5675e6127	text
etc/wfdconfigsink.xml	28314	9de35b67a1e6a3372433f0742423028ef4914075446cf9252221976660306c19	text
framework/ActivityExt.jar	11241	4023afe8bd6348628149e5342422200690ea583d2be7d06bf07170ca6e490001	zip/apk/jar
framework/ActivityExt.jar.fsv_meta	8192	6f43f427aab5fe6706798c679135eb342e2e051ec8a776ca40984dc77227d10e	binary
framework/SatelliteClient.jar	111118	ea85fe160d0c7afbd0cc3c9573416023ac8947e373059d206b6f34e1adef2a83	zip/apk/jar
framework/SatelliteClient.jar.fsv_meta	8192	89092ebad45073a9efac63d48f4e550409347b41075c5e789ca4d513174549ba	binary
framework/androidx.window.extensions.jar	274494	691ce6161ab6e0604d2e067b074341dc48ead03b787ff348f4348ee25c080108	zip/apk/jar
framework/androidx.window.extensions.jar.fsv_meta	8192	c29dcdcb32488f7f96f6f3bc0c63cf6c387e6e55261274e43ac08c061b55c4e2	binary
framework/androidx.window.sidecar.jar	34064	51c084d4573757ff699cd3486f65346818382d0209697b3114c60bffb73691bf	zip/apk/jar
framework/androidx.window.sidecar.jar.fsv_meta	8192	b7455decf8950db92f5b6e9351765b4d4c8bf07bc6bf9de744ff9e48e0d20d6e	binary
framework/audiosphere.jar	4722	56b49950576d9cc64a47072514fac175c9ec4e73c83dfdfded45f02c7652bdc5	zip/apk/jar
framework/audiosphere.jar.fsv_meta	8192	0ff0bc7f0d6b99f85c915a58f8ea1900844ec4ecad6e7fe96514ff2274bb08d5	binary
framework/com.android.extensions.appfunctions.jar	5531	579a37b0c61f4ccca4a5228cff089127fe9473790fbfa22d817c64f56754d85a	zip/apk/jar
framework/com.android.extensions.appfunctions.jar.fsv_meta	8192	bcd66b56593dda9c2a42ebeaa1e26c30bca96c12c562e3b86fc55c55b0d9da84	binary
framework/com.qti.dpmframework.jar	559358	6815539ba5955b1072e8f2480531d7ec4643fd13d709a1c6b3d352f3169c906a	zip/apk/jar
framework/com.qti.dpmframework.jar.fsv_meta	16384	1d1bcbfc30c89c6f98d52fbdf016e5c3f467ea216a552b7dac1ae3b71ff05eb1	binary
framework/com.qti.location.sdk.jar	290054	5cd850d0f3c6e101251f840eb0c4a1816c126f1aef826f5565de5db2fe437a5c	zip/apk/jar
framework/com.qti.location.sdk.jar.fsv_meta	8192	f40fc579c379b0b25a7f58e3e30862f9fadf47aad9e6f5314993af72b7846051	binary
framework/com.qti.media.secureprocessor.jar	6866	8b3b222df28381662bdb29b61130c97ed79b473ce9c4c536351ac3a87f2f78c8	zip/apk/jar
framework/com.qti.media.secureprocessor.jar.fsv_meta	8192	cb47224b18f961bbf33e552a00708577fa585fbc64fac0e98bc3bfcd90dfd7c1	binary
framework/com.qualcomm.qti.imscmservice-V2.0-java.jar	71342	b3d0adbfbd86c90ddc3ec0256dfe8711b2fff3fcb4d06f30fbc9fc8fb81af23c	zip/apk/jar
framework/com.qualcomm.qti.imscmservice-V2.0-java.jar.fsv_meta	8192	997651fbfe2672845c37035bccb94227660c62e55f31f511c3a28403a83809b8	binary
framework/com.qualcomm.qti.imscmservice-V2.1-java.jar	105706	04ca3154813f6af9f72377cd44dc12db32373caaac358c21e6687e9d63f9405e	zip/apk/jar
framework/com.qualcomm.qti.imscmservice-V2.1-java.jar.fsv_meta	8192	75cab729f3ef24570e85629c8555371cae4a7674562445093624504a8214ebfc	binary
framework/com.qualcomm.qti.imscmservice-V2.2-java.jar	128170	c188570327c6dfb2e08f2ae80ccb31347ab2954357c2685241f391a145e186aa	zip/apk/jar
framework/com.qualcomm.qti.imscmservice-V2.2-java.jar.fsv_meta	8192	bf0b6f30721904ba01d61e5196461d8836c859929ceb9f7e9d32f2bbcd381c0f	binary
framework/com.qualcomm.qti.uceservice-V2.0-java.jar	91494	bbb3c66930060393bd3a8e9a174ff396cfb96ce969566c32a12a2aad9b3b977b	zip/apk/jar
framework/com.qualcomm.qti.uceservice-V2.0-java.jar.fsv_meta	8192	2ad059e5624da92191d8871e8d40c7dac5d97bf1ab3c0f4edefe53336b773259	binary
framework/com.qualcomm.qti.uceservice-V2.1-java.jar	141670	c8027db0ace7d8290d674c40f4c398e8de2330c07f9472266d0c8781c8b81325	zip/apk/jar
framework/com.qualcomm.qti.uceservice-V2.1-java.jar.fsv_meta	8192	9731da1fd17912fa61672dd8b09a4f4245c41f7888a521f95c3a6edd38f30768	binary
framework/com.qualcomm.qti.uceservice-V2.2-java.jar	185850	ffc9b1f04f34be2326b040a014a8ab193fcf110785e6ed6742d86780060adfde	zip/apk/jar
framework/com.qualcomm.qti.uceservice-V2.2-java.jar.fsv_meta	8192	5b36766c42893f377cc1e2c5edc6735761adbf5d8cec014a803b4f376ab1430d	binary
framework/com.qualcomm.qti.uceservice-V2.3-java.jar	255118	da4971c7be262ef3d0424528de2b1ef96a52020bc158dae6184b7646e57bd062	zip/apk/jar
framework/com.qualcomm.qti.uceservice-V2.3-java.jar.fsv_meta	8192	f923a40e5c4182fbf59624aa7ea215ec5c746e966d46154d8b30e5ea3aab774f	binary
framework/com.quicinc.cne.api-V1.0-java.jar	60402	385ff7cae799dfce20850f6cd45272e70224ed6639b2202a6440ee76958ed977	zip/apk/jar
framework/com.quicinc.cne.api-V1.0-java.jar.fsv_meta	8192	ece11ff07c4de34a4d673623a0fc72a8f514f5fea0810a826c2f62fda702632a	binary
framework/com.quicinc.cne.api-V1.1-java.jar	75306	3c4ec0a6b10cc52b44bdd186a9a33e812c3dc48e349b25f8df5548baffedca0d	zip/apk/jar
framework/com.quicinc.cne.api-V1.1-java.jar.fsv_meta	8192	bf073508236582a83bf64ef031405449e5884951352950e7a29ec154a0a6189d	binary
framework/com.quicinc.cne.constants-V1.0-java.jar	9574	c856249bd7c0142aad6dbfc20091b1d8b669c3f7f26d1b8c6428d292471bee24	zip/apk/jar
framework/com.quicinc.cne.constants-V1.0-java.jar.fsv_meta	8192	f69c013b4619e62a59db94e6eb025efc22232a9abc5d4fc245313348681c08c8	binary
framework/com.quicinc.cne.constants-V2.0-java.jar	9730	2d98c171bd4ab1f5a3edb5c105e91a9de1a7415a1443023289919991c7f68b15	zip/apk/jar
framework/com.quicinc.cne.constants-V2.0-java.jar.fsv_meta	8192	09f88a2cdc359e3cfd09ea561cc1957f422d428f10ab7ec7565c119231060938	binary
framework/com.quicinc.cne.constants-V2.1-java.jar	4802	9c3186f78523ec1f437df9bf2660e26b1383a5a49d4672c7bf3d42f7cd69786e	zip/apk/jar
framework/com.quicinc.cne.constants-V2.1-java.jar.fsv_meta	8192	57707de1440e0edb9cbd165cdad6d23f78d87cef61602bad958ac179549a563f	binary
framework/cubeserver.jar	469290	d58f33a3a88781c2f44b5105687453ed2b8ae070be56b1c7f8ae8bb021a6aecf	zip/apk/jar
framework/cubeserver.jar.fsv_meta	8192	f4d1b64d0cd14df4cda5fde55581b583d936f2cf26b4d8b714128a1a2b344709	binary
framework/datachannellib.jar	67134	8b5e32108c0b088b0ee1402f29de595022e46b6b9bddc1f7ecf9b3f019bc2712	zip/apk/jar
framework/datachannellib.jar.fsv_meta	8192	76602815e824344d31dc2979b6e55d14ad14bc303a980ed98b590f716c9ed1d8	binary
framework/dpmapi.jar	14694	8acd135400daa7caa998dc5f13dd1e2dabc54db079631ceb162b76669f029590	zip/apk/jar
framework/dpmapi.jar.fsv_meta	8192	edeead09e82a6958a67ee43492a3d471fdf125e662d2bd6ee07d62571e939bde	binary
framework/extphonelib.jar	1585682	17f55a48f408621b8008991a50a67c9bf1db8bb0446cf909af083bee35ffcd25	zip/apk/jar
framework/extphonelib.jar.fsv_meta	24576	e85184a6663035c41ac752e86d8528687ce00937e1e8d82edb5bd0f2faa24dc2	binary
framework/ldd-cmd-framework.jar	38598	6d7f0b0c90fc4eb24dea3f6627fcf3921e2c6f00a0e02cff80b23e32f96416c3	zip/apk/jar
framework/ldd-cmd-framework.jar.fsv_meta	8192	99eaf13253ad70a95ed0767404129e872bc020c4bf668ce0ccc67098ad958314	binary
framework/oat/arm64/SatelliteClient.odex	17328	54d60f19e027d4eda56457f5ff766a742b128c0d20904ed6abfeeb0b15ea4cd3	elf
framework/oat/arm64/SatelliteClient.odex.fsv_meta	8192	b34e61ec470cc46a6f2b6e42d52ee304a17eee7a8c9b2666ceed8becc41f4c24	binary
framework/oat/arm64/SatelliteClient.vdex	2840	48152282f5b1982a7af49c921385d72f56f202ec0516b5f119dae707c218c5f3	vdex
framework/oat/arm64/SatelliteClient.vdex.fsv_meta	268	113bbd6032b639d776965c6f57a1dab8005066a5c2cdb33b7742fc975b3af75f	binary
framework/oat/arm64/androidx.window.extensions.odex	17328	2573685e63edac4792690cb7750d2cfb8f055f9e42eeeb46b0ac171d23d4c45a	elf
framework/oat/arm64/androidx.window.extensions.odex.fsv_meta	8192	2daf9b1a274c61602c37f16f3f34213b119316945b90ca5b221ea3da9968849d	binary
framework/oat/arm64/androidx.window.extensions.vdex	3780	6c5bb160d793f121fa0355efb1a66935deed0deefdfbd84e502fbc8af92cef0a	vdex
framework/oat/arm64/androidx.window.extensions.vdex.fsv_meta	268	21260de65005246ab49b9fb13d0f0f4fe5cf1e7ddb368e0779fcd340caa5e77c	binary
framework/oat/arm64/androidx.window.sidecar.odex	17328	46a4a1a2ba21a0c8dcbcdba4b2dab1d3fe1178dfcfed2a6bf4152bd7337194df	elf
framework/oat/arm64/androidx.window.sidecar.odex.fsv_meta	8192	91c97a5a8a5abe867077b38e1820809c2fd34c888b3ab74d4820fd694c83038d	binary
framework/oat/arm64/androidx.window.sidecar.vdex	604	e2df8fcd2355deade18ec1e58b2c0e7b763735e81e5459b1f677b27c6ccb0b43	vdex
framework/oat/arm64/androidx.window.sidecar.vdex.fsv_meta	268	b0ae47c2a9c145c41311203f9398c3df346f0dbce71c9a39477e0cc8b5b1ee65	binary
framework/oat/arm64/apex@com.android.compos@javalib@service-compos.jar@classes.odex	52192	06e2d29c09714ca6a82d4d0281f088b23334e4f73c350cd0d39d3f232604ef40	elf
framework/oat/arm64/apex@com.android.compos@javalib@service-compos.jar@classes.odex.fsv_meta	8192	b68b647b706bb8273b2d3c453fe573e61c8f0a1b6cce4d2acad9d77b28adb63d	binary
framework/oat/arm64/apex@com.android.compos@javalib@service-compos.jar@classes.vdex	472	43327e0753c6dd31b2c2f990202390fccb27e205606b5cc5634c3f96d81dcafd	vdex
framework/oat/arm64/apex@com.android.compos@javalib@service-compos.jar@classes.vdex.fsv_meta	268	ede5ceffc4a89727a465e428fdc408225bdd49b63cb3a01af0f3d95e4f48e7b8	binary
framework/oat/arm64/com.qti.location.sdk.art	16400	d8b00a2368e3af08ac60cb706a2029405553e5a2269aad7a4e7dc958a818531b	binary
framework/oat/arm64/com.qti.location.sdk.art.fsv_meta	8192	04dc22c56d2b3bcdf863d052fe2232f7405dcbe635def822c6aefa8e8fe06331	binary
framework/oat/arm64/com.qti.location.sdk.odex	17328	f7c7504087249d410a193656a9e015b6062db478f096b603db90927784443556	elf
framework/oat/arm64/com.qti.location.sdk.odex.fsv_meta	8192	61a238e85d1e13401097b0ceddf407c6efda49b4f5a7832f6cdca7b0573b7742	binary
framework/oat/arm64/com.qti.location.sdk.vdex	6268	ef99dee96e82ede583b0929e08b73b352f8ec7e6941e62926bd397b2326e6227	vdex
framework/oat/arm64/com.qti.location.sdk.vdex.fsv_meta	8192	2f86e3a9a2504f46683ed1e191ab761fea7a34f51d991a91b6f50f29e51a2dad	binary
framework/oat/arm64/com.qti.media.secureprocessor.odex	17328	b755e1da4b4e7531d9628a753d9b89ff830b119f13e9929458f9e27416fec83f	elf
framework/oat/arm64/com.qti.media.secureprocessor.odex.fsv_meta	8192	da6b926b48edc9963a80d127baac5e7f03064d640709059f959d9c3d8a408f11	binary
framework/oat/arm64/com.qti.media.secureprocessor.vdex	132	fb8a0d460f911cb33ebf70f469db2fda9ce74c9d9f8544e3ed2aabd8f9ec3569	vdex
framework/oat/arm64/com.qti.media.secureprocessor.vdex.fsv_meta	268	7857d6538d84e86aa94d8456de3e43ac69981a4de459f7bb084333a91b82146b	binary
framework/oat/arm64/com.qualcomm.qti.imscmservice-V2.0-java.odex	17328	612c614b3eb3b2f2b7da07e8463f8f946fcde0ef07b22feabbb5252ede033d03	elf
framework/oat/arm64/com.qualcomm.qti.imscmservice-V2.0-java.odex.fsv_meta	8192	8efc7d80e338a8d85f6c4bc4696d7e195dd088fe556030bbe2d249d128d0597b	binary
framework/oat/arm64/com.qualcomm.qti.imscmservice-V2.0-java.vdex	872	8ee4a430e2e64aed3b39a6faa0714707be633702d4d8844fc416eaac33f7a2b6	vdex
framework/oat/arm64/com.qualcomm.qti.imscmservice-V2.0-java.vdex.fsv_meta	268	ce99b86a76e5dbe7a959949fd2502d41608305d5abdbf40b69ec3b718866beb0	binary
framework/oat/arm64/com.qualcomm.qti.imscmservice-V2.1-java.odex	17328	1a1aca50abea6f2576b1d60ab81206c5f13f73c38a951f3c53d533259c977b94	elf
framework/oat/arm64/com.qualcomm.qti.imscmservice-V2.1-java.odex.fsv_meta	8192	c3015f7d50bee6925cd243b68740ad090c806c9fb07f18fa6c358465d53800aa	binary
framework/oat/arm64/com.qualcomm.qti.imscmservice-V2.1-java.vdex	1536	a4732414b6bd9cca7c7d30f8ae42635761c36485c2e46ff2d681871706aab6b7	vdex
framework/oat/arm64/com.qualcomm.qti.imscmservice-V2.1-java.vdex.fsv_meta	268	6b40e00bb5490d7ad4506e37c05594e32fc3ea14367c6c6ba6e5208a5150e2e8	binary
framework/oat/arm64/com.qualcomm.qti.imscmservice-V2.2-java.odex	17328	67b3a337a4602dc94ded83e568e1da68d8b30e944b9ab71130c075954a3b868f	elf
framework/oat/arm64/com.qualcomm.qti.imscmservice-V2.2-java.odex.fsv_meta	8192	084f77482bd38a156d61b95b4621db175a6fc73f8d297b78ff809060b0541859	binary
framework/oat/arm64/com.qualcomm.qti.imscmservice-V2.2-java.vdex	1628	21147f3e190665aacc1cbbad2824abda420da3a76c9fdf663f4f2de9abc1a6cc	vdex
framework/oat/arm64/com.qualcomm.qti.imscmservice-V2.2-java.vdex.fsv_meta	268	c325d2b8f1630937559bf124f4b235271649061a07f94200d3d1760ddfd511c0	binary
framework/oat/arm64/com.qualcomm.qti.uceservice-V2.0-java.odex	17328	052023c5127577f7ac334a9cf411e3b54378662d8226ffd5287d712a2dc72069	elf
framework/oat/arm64/com.qualcomm.qti.uceservice-V2.0-java.odex.fsv_meta	8192	977aeadb815027707412483b327f09bc8defbc541b8fdf1a0f25c3c5ee8f3231	binary
framework/oat/arm64/com.qualcomm.qti.uceservice-V2.0-java.vdex	908	f4f45856e91b96f09b79af68a67a4c3bf14c5008b1f219bffa76913828b634f5	vdex
framework/oat/arm64/com.qualcomm.qti.uceservice-V2.0-java.vdex.fsv_meta	268	ec886b7a60eb897c44c695a3168393f3cd672c784a2a849775a88d04191147ad	binary
framework/oat/arm64/com.qualcomm.qti.uceservice-V2.1-java.odex	17328	9d084b32708825d418b2bcf52c95796e55cdb70b34843df527c709a96f7f0776	elf
framework/oat/arm64/com.qualcomm.qti.uceservice-V2.1-java.odex.fsv_meta	8192	d118722331e8a6f2a96575a14c8c490b090c5bb06b69134110fb842a8efeae43	binary
framework/oat/arm64/com.qualcomm.qti.uceservice-V2.1-java.vdex	1068	184b24977bd1c15bc76c9d172714657989a9a8ceec5c9f8a010256edcac5ff65	vdex
framework/oat/arm64/com.qualcomm.qti.uceservice-V2.1-java.vdex.fsv_meta	268	92f44101554e531b095a8c9e2874c0d77d02311d3d566a5a6c3ad2671dccf296	binary
framework/oat/arm64/com.qualcomm.qti.uceservice-V2.2-java.odex	17328	492684d7f7c63968da0db2117cfba909defa5b8d31f724925fb37105a0c7625a	elf
framework/oat/arm64/com.qualcomm.qti.uceservice-V2.2-java.odex.fsv_meta	8192	fc919a08b89eaf9dfd1a225416c695d4ab2ff893db654a17772733d45cc6b486	binary
framework/oat/arm64/com.qualcomm.qti.uceservice-V2.2-java.vdex	1708	f4c1b0009bcd0c35d3af9904adc7256fb2dd89e38b9834d04455ce889bcaeb28	vdex
framework/oat/arm64/com.qualcomm.qti.uceservice-V2.2-java.vdex.fsv_meta	268	2c22d1fbf45eb7e256430ecfdaca47ef2bc72994861a37e9a26842e414e3a3c4	binary
framework/oat/arm64/com.qualcomm.qti.uceservice-V2.3-java.odex	17328	cd61e16d69cf684b7e5a59f026e8955ca7b1b214213731497ae53af6e3681c86	elf
framework/oat/arm64/com.qualcomm.qti.uceservice-V2.3-java.odex.fsv_meta	8192	7dfed9ec9e95affb3021812925afe4b183a7dc9be19f18f009204280b88f3710	binary
framework/oat/arm64/com.qualcomm.qti.uceservice-V2.3-java.vdex	1888	7332c85da6e1de3d2ab3ed45517b976d60f0bc06d8f433b6025fe0dbbe6ade2a	vdex
framework/oat/arm64/com.qualcomm.qti.uceservice-V2.3-java.vdex.fsv_meta	268	7d0868126d86ddacb739f2e963b21b270f0fab970d3d1844512284b5c346d59a	binary
framework/oat/arm64/cubeserver.odex	17328	9dd439d05eff8ec0c4a35dbdaa257b2a8f9f089c4df4f0745c96ea84365a9d53	elf
framework/oat/arm64/cubeserver.odex.fsv_meta	8192	190926776e4e333ea0e2e5f40f74cc910bdcbe427c7aab4d66b47c9c7c5619da	binary
framework/oat/arm64/cubeserver.vdex	7472	c5f0146ce99c93e3fe0eff1d2c39dd0694b73f58ee99232f271e55005fa1ed9e	vdex
framework/oat/arm64/cubeserver.vdex.fsv_meta	8192	e3f0d4e26271a5a8598efb61a3134d0663a34f7ab17c7fcc4e6adb62fb81892f	binary
framework/oat/arm64/datachannellib.odex	17328	4342141bd0fd8c96e0d026ae3457f12fb55cf7c315537efac6cb6d7bfd21c2b6	elf
framework/oat/arm64/datachannellib.odex.fsv_meta	8192	17d86c6e80e0db8f650bdae5b0e709f8cc735cc9f9e4655dfda14d4bbedea9c2	binary
framework/oat/arm64/datachannellib.vdex	1604	c196c1f8e402b5263e4f9630a19136b68106b671887900ef7842ab6ce9ab4c48	vdex
framework/oat/arm64/datachannellib.vdex.fsv_meta	268	740202883f774ae765b48f85081a87a32744c7756c46164bc6257ef4865d28f0	binary
framework/oat/arm64/extphonelib.odex	17328	adbb9dcb1a1e1017dce6cb1023f5d9c536a2ac5e78605ed3f438ca821e1b5fc1	elf
framework/oat/arm64/extphonelib.odex.fsv_meta	8192	165073c6649a4539672858cdc18f0c81ca46c2a25413c07c7c29f85883ae4b89	binary
framework/oat/arm64/extphonelib.vdex	10636	4347c6179e61c0e52fa70df80e03d36f6a34aabfdec59a1bf0b0364b342fa8b5	vdex
framework/oat/arm64/extphonelib.vdex.fsv_meta	8192	2e0b6b0b849f5da115c5e0ff2deb595a0f5fbf6d75c9b880b2bceb15ffe489b3	binary
framework/oat/arm64/ldd-cmd-framework.odex	17328	709304a00a4887e89bba8831f950d5d97ffaf4b0e142554e0fef313b07a68b44	elf
framework/oat/arm64/ldd-cmd-framework.odex.fsv_meta	8192	fb9c5e3962f21ee98172f5e4a3d9bacef20763e7f58f6d74e661618347bb2c8a	binary
framework/oat/arm64/ldd-cmd-framework.vdex	956	dfbaff7a6f3ea318e45a110ac632a74d73e36d606f408f1f8ccf0ba395b4e38c	vdex
framework/oat/arm64/ldd-cmd-framework.vdex.fsv_meta	268	b452d745ebfae1ef2ffb942e006c88d93ad264c0683b36416532c1cb60bb5a9d	binary
framework/oat/arm64/qcrilhook.odex	17328	8bd0154bc59e42143c12efcc49ba8dad053a9d06c11e637a8cd7da0b11fdb6a7	elf
framework/oat/arm64/qcrilhook.odex.fsv_meta	8192	4e56906cbf0f7f3d549245d2a25bf36b2144ea4587aa117ddd11c3b10c1a883e	binary
framework/oat/arm64/qcrilhook.vdex	1744	c4385940dba9e14358c8fd87856a55199a46155cf6cd071bea248c64872a1952	vdex
framework/oat/arm64/qcrilhook.vdex.fsv_meta	268	ebc089e9710b06df30bcc69280e686d1503c1d6d7be28857b8900d64de83630e	binary
framework/oat/arm64/qti-telephony-common.odex	17328	e23e507b0524392a3a2397cab3f253fc8ae599d8650056cc479fd139567e1692	elf
framework/oat/arm64/qti-telephony-common.odex.fsv_meta	8192	ebba5a79db3517be65a5ae6a5cb2c0193546aa0d653575f6cc85e364f31ba315	binary
framework/oat/arm64/qti-telephony-common.vdex	8000	7835ae87998ffe40b84d457593d39f32dca1697380fc0c85f46a36fabf0173a2	vdex
framework/oat/arm64/qti-telephony-common.vdex.fsv_meta	8192	d1a20ea37f099decaa4b84d313da3d3f24e128098aa218684cb5d055610b3c98	binary
framework/oat/arm64/qti-telephony-hidl-wrapper.odex	17328	8c6964cf0e5ab1442ca1f955a51334aa267b1519fdb58e7d6224ddd33f7081d4	elf
framework/oat/arm64/qti-telephony-hidl-wrapper.odex.fsv_meta	8192	28e5b18a783e5b3c75e9d7373cac730f6f1ffb7a197ffaf8db093e68ecf7c2c1	binary
framework/oat/arm64/qti-telephony-hidl-wrapper.vdex	328	359ccdee2ef43fa45b3220de8b2d3d27e7e9aad91726a3f2d72f1baeb5afe06c	vdex
framework/oat/arm64/qti-telephony-hidl-wrapper.vdex.fsv_meta	268	2fd69103f6da5a3b50a4afee3ba0c3a239c3d5eafb9b591a9417c0d44249b563	binary
framework/oat/arm64/qti-telephony-utils.odex	17328	577b682d2fed1eb8c4a1e44614d0a810f76d0cba68da15b7acdaf1c6cd8e6483	elf
framework/oat/arm64/qti-telephony-utils.odex.fsv_meta	8192	15510ebbf7291bfaa22de60ce1c7e75285c659ea83edbbf967cee90f3b909dfd	binary
framework/oat/arm64/qti-telephony-utils.vdex	344	b7928c3796316af772815078bb1c2310c4b1ba102ae642fd19356bfd729df489	vdex
framework/oat/arm64/qti-telephony-utils.vdex.fsv_meta	268	f081025a61542d5dae857268cbd5d55addf9b3e6035396602f2130fe0fc3691a	binary
framework/oat/arm64/vendor-telephony-common.odex	17328	8bb387c965aaf37a5330922feb74ce023a1c9483273293c80cfcebdec876ae76	elf
framework/oat/arm64/vendor-telephony-common.odex.fsv_meta	8192	bcf9e34ded3fb05db38e5a29d2d818e430db7e91f80207b011b9bfd9fdcf45de	binary
framework/oat/arm64/vendor-telephony-common.vdex	14984	6d0bcfb2025de21ae31fe82a6a6b87ae9db679d4595925d682b0904db5359dbe	vdex
framework/oat/arm64/vendor-telephony-common.vdex.fsv_meta	8192	56649e076877471a45bda6909303870850b41f97b60deb89e2a8e8e5c64c98c9	binary
framework/oat/arm64/vendor.qti.data.dmapconsent-V1-java.odex	17328	d5ee662d372e9d07e3b5410a483f12d3660eeddee0939e3d975a0743354fd29e	elf
framework/oat/arm64/vendor.qti.data.dmapconsent-V1-java.odex.fsv_meta	8192	7269ae10cc26f79f3cc7b9b1889f75a98cef0da79bf4e14a55ab9a6b76bf7362	binary
framework/oat/arm64/vendor.qti.data.dmapconsent-V1-java.vdex	448	b8eac3bf91e9a7bcbc2e5c868053e6719ff66a651280be6ebe7acf6b01688275	vdex
framework/oat/arm64/vendor.qti.data.dmapconsent-V1-java.vdex.fsv_meta	268	395f933f6fa8a6ecd070ec7a564a926b5e6643b806b7d78d992e92b95b86b9df	binary
framework/oat/arm64/vendor.qti.data.dmapconsent-V2-java.odex	17328	03f2d0b3c1cbbf3ad3d69dce22cc4aab5ca4b79914ace8cf0de3464eb6e2ea43	elf
framework/oat/arm64/vendor.qti.data.dmapconsent-V2-java.odex.fsv_meta	8192	25b0fa6fe0ef1b225360f594d275f7ecd3ec39b5aa3ca6aca74639965029c72c	binary
framework/oat/arm64/vendor.qti.data.dmapconsent-V2-java.vdex	448	3074ef3e094e03cec8a315c897b4015070fb27a3b82bc371e6ffd072c56f0649	vdex
framework/oat/arm64/vendor.qti.data.dmapconsent-V2-java.vdex.fsv_meta	268	d0ded377c7d4c834b96503ce49a6af2b57f474a209671610fa98b3d149c6a63e	binary
framework/oat/arm64/vendor.qti.data.mwqem-V1.0-java.odex	17328	9552fb886eac0b42403b4dc75a0747e972f348dea21c88ac2ba336e327dbf858	elf
framework/oat/arm64/vendor.qti.data.mwqem-V1.0-java.odex.fsv_meta	8192	321a0dfc85ab56d4df429b4ceb03c6ffce7ed5509bc33853fb8759201869b62f	binary
framework/oat/arm64/vendor.qti.data.mwqem-V1.0-java.vdex	324	f1566c2b758f67c9fb6923359cd3706fbac539d72cffcb5238dea67b4ea3a1b8	vdex
framework/oat/arm64/vendor.qti.data.mwqem-V1.0-java.vdex.fsv_meta	268	c0e9c2d1ca1c5fa95eb3ebdbb410855787394627f69af4165668848cee58f32a	binary
framework/oat/arm64/vendor.qti.data.mwqemaidlservice-V1-java.odex	17328	6aea7ccc807169e4e3865add22e50dd83016de6646d3cd3d49f88550a779d9c1	elf
framework/oat/arm64/vendor.qti.data.mwqemaidlservice-V1-java.odex.fsv_meta	8192	4dd7f7b3e341fc23d7e36b09c937971ca5ca3459e74837d3cfe084a0ff571620	binary
framework/oat/arm64/vendor.qti.data.mwqemaidlservice-V1-java.vdex	284	06acfe40ea1fd5b63f4df5e8f8248517c7dcfcffaaa064f429efbffa0207f21e	vdex
framework/oat/arm64/vendor.qti.data.mwqemaidlservice-V1-java.vdex.fsv_meta	268	fc0dcf3c162b76fa54b706fc1343e7fe8d8dccaf926878377d255527605b53ea	binary
framework/oat/arm64/vendor.qti.data.slm-V1.0-java.odex	17328	656418806a21a0366cc678f43c8b9c3a0835dd7c498af1cad54dc221fedfb623	elf
framework/oat/arm64/vendor.qti.data.slm-V1.0-java.odex.fsv_meta	8192	fc9417ff7e42ac62d0eceb2052436864846293d7f0f8b4b8195b73d46ac4a4fd	binary
framework/oat/arm64/vendor.qti.data.slm-V1.0-java.vdex	324	8a718753cb0d83571258ec3ceff9648a7ad64646f874262c47e3861595e55a3d	vdex
framework/oat/arm64/vendor.qti.data.slm-V1.0-java.vdex.fsv_meta	268	c7db2c3b04f5da9c12c576522aae190d54f3699786519347ee8bf75058eb6e21	binary
framework/oat/arm64/vendor.qti.hardware.alarm-V1.0-java.odex	17328	fdfffa41632862a4caa415dd7cdaea3ff147cd4edcd2aa17f9c5760e7ec099e0	elf
framework/oat/arm64/vendor.qti.hardware.alarm-V1.0-java.odex.fsv_meta	8192	af8c84232e4315cffb9068651fef276c236c50fb3a2fc721e6907086eb4dc577	binary
framework/oat/arm64/vendor.qti.hardware.alarm-V1.0-java.vdex	228	54c0cf028a8a3a8264b01fd1816f2cbd639da528ffe98988e546dad498b53ce4	vdex
framework/oat/arm64/vendor.qti.hardware.alarm-V1.0-java.vdex.fsv_meta	268	fce2533052b42312a9002aefea88ce9d3b74ca4741462a1a058cf3ed8f84cfde	binary
framework/oat/arm64/vendor.qti.hardware.c2pa-V1-java.odex	17328	ca011b012ab2591f4a9c311582d6785bdf20e2ca05b818f95686d31bb339b4c2	elf
framework/oat/arm64/vendor.qti.hardware.c2pa-V1-java.odex.fsv_meta	8192	d57a5fecdc2dc1279383de3807435f411316ee0cdee02cae709c6e8b4f52c10e	binary
framework/oat/arm64/vendor.qti.hardware.c2pa-V1-java.vdex	456	43b0972d5fb45f7a990fc1b934f16f8bd46a55eac169e3d340dc83c360a0fcb5	vdex
framework/oat/arm64/vendor.qti.hardware.c2pa-V1-java.vdex.fsv_meta	268	be26e673c4041a04fba0a106f0fb8fec57656bb7302a04c92620e510646c7c43	binary
framework/oat/arm64/vendor.qti.hardware.capabilityconfigstore-V1.0-java.odex	17328	38e0e70630fd1db63d80a4dd0e109bc602ee5bc4d4903a098198c1ce54ff02c9	elf
framework/oat/arm64/vendor.qti.hardware.capabilityconfigstore-V1.0-java.odex.fsv_meta	8192	de3ece988d7b92c334481266411b3ba59198a19577257a8e933ccf4e51ee6a71	binary
framework/oat/arm64/vendor.qti.hardware.capabilityconfigstore-V1.0-java.vdex	300	b28be9ec3eb9cf5cae0bebdc915d45f4dd3a24a9cf912a544abc65750ac25e4e	vdex
framework/oat/arm64/vendor.qti.hardware.capabilityconfigstore-V1.0-java.vdex.fsv_meta	268	12f320630df2afd7d27142fd6820f9ed752a0f758da0f4461cc289aff3475566	binary
framework/oat/arm64/vendor.qti.hardware.data.connection-V1.0-java.odex	17328	83aea8c09e832e991c6400c960612a191678269fbd8f2e3a8d08b10039fc1b6e	elf
framework/oat/arm64/vendor.qti.hardware.data.connection-V1.0-java.odex.fsv_meta	8192	001ac77ae99e7b6dec994d847664ea229e9895a79ce71a58112004cfbd61a251	binary
framework/oat/arm64/vendor.qti.hardware.data.connection-V1.0-java.vdex	484	34f3d11811e1421d8737d952b9e41d5caa8afd4d033854d65c210a0b9f828906	vdex
framework/oat/arm64/vendor.qti.hardware.data.connection-V1.0-java.vdex.fsv_meta	268	57c2a41d2c26a7345a949b16be1f313225eb3e8592105eb825b43078215b6e68	binary
framework/oat/arm64/vendor.qti.hardware.data.connection-V1.1-java.odex	17328	9605036e5ac503bf31f79b1f1e2ce2be7bc40cc56dd61631c9130c8ef7648c94	elf
framework/oat/arm64/vendor.qti.hardware.data.connection-V1.1-java.odex.fsv_meta	8192	639120eeff68100d5a0e56bc353dee27597eee591142ea2eebf1654fbfd9c2cd	binary
framework/oat/arm64/vendor.qti.hardware.data.connection-V1.1-java.vdex	508	5f8556ae8042a6306c63eaae2ab624acc03c2e995eb1000204a880c32818c972	vdex
framework/oat/arm64/vendor.qti.hardware.data.connection-V1.1-java.vdex.fsv_meta	268	67e08405c06d4e10f1b17b3c2e4c4427a4540ef26f5ebf7299960fa9622a4c4c	binary
framework/oat/arm64/vendor.qti.hardware.data.dynamicdds-V1.0-java.odex	17328	69a0aed935ea42d8960a3e6af854b237808953ecc22d319421ffa34b593e5fdd	elf
framework/oat/arm64/vendor.qti.hardware.data.dynamicdds-V1.0-java.odex.fsv_meta	8192	9b2e04abd760daaf1ee614d4dfff1174fc384cb240d568d3fcfe6494c324cccf	binary
framework/oat/arm64/vendor.qti.hardware.data.dynamicdds-V1.0-java.vdex	524	9d2cc4c28eae770ee8b543e8552f30cc0cd180c77aa9a4ceaadf31d81b59090b	vdex
framework/oat/arm64/vendor.qti.hardware.data.dynamicdds-V1.0-java.vdex.fsv_meta	268	1b6b6ebed257dc9e4907c0fcbd06ea600a3c797a1a592e94c40246b2538e288a	binary
framework/oat/arm64/vendor.qti.hardware.data.dynamicdds-V1.1-java.odex	17328	e47d6269efa5b4b67e297d18451f92140729689b8d20078b0fbc0b00c6364058	elf
framework/oat/arm64/vendor.qti.hardware.data.dynamicdds-V1.1-java.odex.fsv_meta	8192	c218b00b0401df8a7f37895994f0a71abebcd82b808aae71dd830f0f0eb33374	binary
framework/oat/arm64/vendor.qti.hardware.data.dynamicdds-V1.1-java.vdex	548	a9af4631103840368f43be7a70cb60c0d95415c84d3a33cdd4627bef1f4f938d	vdex
framework/oat/arm64/vendor.qti.hardware.data.dynamicdds-V1.1-java.vdex.fsv_meta	268	a594619867a0e4a9edd9486b35fb217f8d335571a60055d47f17d46eb87e2fac	binary
framework/oat/arm64/vendor.qti.hardware.data.dynamicddsaidlservice-V1-java.odex	17328	89c49079161eceead514eafd30dbd36dc5f03138deb1a0902bda97ed11dea084	elf
framework/oat/arm64/vendor.qti.hardware.data.dynamicddsaidlservice-V1-java.odex.fsv_meta	8192	5b5abf118f3af0b974b7b7846305dc1e732c9a46294c460ca61c86caeab4a146	binary
framework/oat/arm64/vendor.qti.hardware.data.dynamicddsaidlservice-V1-java.vdex	500	22edb344efcda77aa053cb083b5e568db5a9da41538edb4411ea9dad301d392f	vdex
framework/oat/arm64/vendor.qti.hardware.data.dynamicddsaidlservice-V1-java.vdex.fsv_meta	268	cedf95ca4fe97a90b80d9aa18b2d9ddd6b48d493d6b089fdce69ea477d5858ec	binary
framework/oat/arm64/vendor.qti.hardware.data.flow-V1.0-java.odex	17328	af11726bab092e138516544d39ed5a2ad8e8c08ae34171655f4ebeaa70fb3bcf	elf
framework/oat/arm64/vendor.qti.hardware.data.flow-V1.0-java.odex.fsv_meta	8192	a743f4c81a7b0ee72fbe96232c9668df929243980f822765de0588bf60303c0b	binary
framework/oat/arm64/vendor.qti.hardware.data.flow-V1.0-java.vdex	544	2b711e76aa6853af7dc901d0b0584085fe48107ebc499dd50498e543ff902622	vdex
framework/oat/arm64/vendor.qti.hardware.data.flow-V1.0-java.vdex.fsv_meta	268	44ed0f4db1b927866719c1603e7a46576140f2b59a6e8dbc64464086696f2da1	binary
framework/oat/arm64/vendor.qti.hardware.data.flow-V1.1-java.odex	17328	6515ac7183faabd8682a9c7a05849ad19fd6a669551ce122b1156e9d8cbec126	elf
framework/oat/arm64/vendor.qti.hardware.data.flow-V1.1-java.odex.fsv_meta	8192	ad986a0f4d866ec2a9dad290aeb49a4ec8191350243e676570d63fabf1e6705d	binary
framework/oat/arm64/vendor.qti.hardware.data.flow-V1.1-java.vdex	844	e3ce34764a9c8099073bbb76accbe17794bef6fcaaad7be0ae8315818bb44108	vdex
framework/oat/arm64/vendor.qti.hardware.data.flow-V1.1-java.vdex.fsv_meta	268	73ae5bd0c8aecde2ee082210381b981f0b27f5c968f7567c0f5c8d1a465eef14	binary
framework/oat/arm64/vendor.qti.hardware.data.flowaidlservice-V1-java.odex	17328	bbfcde698bc256118092c1b2593a330b7496ef6bf0ba4a487de510133e929269	elf
framework/oat/arm64/vendor.qti.hardware.data.flowaidlservice-V1-java.odex.fsv_meta	8192	2668fbfadc9ae80759d985ba48b6a7ee49b9309618a64ab87b3986b709515206	binary
framework/oat/arm64/vendor.qti.hardware.data.flowaidlservice-V1-java.vdex	812	3437fe78f4e5895e6092201937c44b2b65c0b9c45043e55da2440331b9ba885f	vdex
framework/oat/arm64/vendor.qti.hardware.data.flowaidlservice-V1-java.vdex.fsv_meta	268	44f275371887b1a1d32d287137c8ed8fd4c7bc8430914aeab0ee6462e0615727	binary
framework/oat/arm64/vendor.qti.hardware.data.iwlan-V1.0-java.odex	17328	bed5fd144f0c3631b5692262f43c70b3f1ec0efc1cc14230d44b9516c3549a55	elf
framework/oat/arm64/vendor.qti.hardware.data.iwlan-V1.0-java.odex.fsv_meta	8192	80808f2d7df8a4c542c6dfae3b6b01c315faacda5ea99e915e012132b2dad124	binary
framework/oat/arm64/vendor.qti.hardware.data.iwlan-V1.0-java.vdex	5524	2812db229de3fd72388802f0a8ed2d33388290c2250a3d2622569d554fada842	vdex
framework/oat/arm64/vendor.qti.hardware.data.iwlan-V1.0-java.vdex.fsv_meta	8192	c6ef6fc8ac15c404c2617fc388c15c20451cdca42a911a18c07fc538be4c457d	binary
framework/oat/arm64/vendor.qti.hardware.data.iwlan-V1.1-java.odex	17328	43ed3458408142ee1eb33f1079923d424ba5e9096d646449e7e2570dcc733a33	elf
framework/oat/arm64/vendor.qti.hardware.data.iwlan-V1.1-java.odex.fsv_meta	8192	ed2a28b86bbb0e0ba4d01894286959d7ba63f376a8d296226123b04549d3af58	binary
framework/oat/arm64/vendor.qti.hardware.data.iwlan-V1.1-java.vdex	6192	600ad95d2fccc9cd7debca4445e48faf1d40402a3133a6c445469a4665181197	vdex
framework/oat/arm64/vendor.qti.hardware.data.iwlan-V1.1-java.vdex.fsv_meta	8192	77e9ab1dc72b8aa7ca0208f52e7fb6ee2f3dbcd6875ae91d7306bc4f3b6b419c	binary
framework/oat/arm64/vendor.qti.hardware.data.iwlandata-V1-java.odex	17328	0ce5cc101ef8280fe7d53a57086369502da7ca96237720397ce417b0666fc261	elf
framework/oat/arm64/vendor.qti.hardware.data.iwlandata-V1-java.odex.fsv_meta	8192	bc0849a3a6644d9de1f8635b37b820679a1bc971a4e7cb90a71ec790f4230e2d	binary
framework/oat/arm64/vendor.qti.hardware.data.iwlandata-V1-java.vdex	5304	47e3f1d2da9aee2f0d69fe878e0987a11544877afdb3ea0da54b5dc9fae5b5af	vdex
framework/oat/arm64/vendor.qti.hardware.data.iwlandata-V1-java.vdex.fsv_meta	8192	a7bdc0c98fd55af8e266fce2e0e427303f463ff907bcb4526bdbc1810592c537	binary
framework/oat/arm64/vendor.qti.hardware.data.latency-V1.0-java.odex	17328	245271029e87165c19532edcc5e10542cb07ca005e47ad3aa2add3c92ac12867	elf
framework/oat/arm64/vendor.qti.hardware.data.latency-V1.0-java.odex.fsv_meta	8192	a5348457c63049eb992938dc8f6e33746cda32b1d22f7411d47d92b188b8e1c9	binary
framework/oat/arm64/vendor.qti.hardware.data.latency-V1.0-java.vdex	492	aac035331fba536f905c3083941a1599a146686cc8d5d3833b776ad3e196d3ed	vdex
framework/oat/arm64/vendor.qti.hardware.data.latency-V1.0-java.vdex.fsv_meta	268	89bc2458ad6c57959d8ad3ee81371ee6f2ebe46227168dfb81b6a972e2a8f75f	binary
framework/oat/arm64/vendor.qti.hardware.data.lce-V1.0-java.odex	17328	012ba2fab788c4839fe5a1d3d7eb2fe1f8cd60e82d965e1a633474f62823f456	elf
framework/oat/arm64/vendor.qti.hardware.data.lce-V1.0-java.odex.fsv_meta	8192	f34e8c3da223fb1ca8b15bcd0fa8a521b63a218b69e083416dca3796e8f05c28	binary
framework/oat/arm64/vendor.qti.hardware.data.lce-V1.0-java.vdex	488	5775d103fb7ef67a992ee31d7fd9575cbf07c3c31c394da62f74138ca306df96	vdex
framework/oat/arm64/vendor.qti.hardware.data.lce-V1.0-java.vdex.fsv_meta	268	60e98e82c0ce532bae09c3fd46f01b53a5d9866523e107b089eeb3576d2c59f6	binary
framework/oat/arm64/vendor.qti.hardware.data.lceaidlservice-V1-java.odex	17328	db167e96147327119f2fff48f3cc7c7a6efe171a5d0d79ada56ccfd2c8e3c9cc	elf
framework/oat/arm64/vendor.qti.hardware.data.lceaidlservice-V1-java.odex.fsv_meta	8192	26231093c61072731cf7421358dba0edb26980b621b789b55f37b0b645353c53	binary
framework/oat/arm64/vendor.qti.hardware.data.lceaidlservice-V1-java.vdex	456	d3f54cd238d914ef1047df610f9c338944d1344d60a08672c02073b46009e189	vdex
framework/oat/arm64/vendor.qti.hardware.data.lceaidlservice-V1-java.vdex.fsv_meta	268	cf647da0fa210106094eba2053d1eb02948b29dd62da19c6c95b5bec86e23efa	binary
framework/oat/arm64/vendor.qti.hardware.fingerprint-V1.0-java.odex	17328	d63e859a9380b543a48c7b9921fe07a9d0116e6ddd5d86a584b37d0d9e94a46e	elf
framework/oat/arm64/vendor.qti.hardware.fingerprint-V1.0-java.odex.fsv_meta	8192	39be7c624a2ce446a9dbcfc59c006b1589bd2286134ca64d3781dbe099526a99	binary
framework/oat/arm64/vendor.qti.hardware.fingerprint-V1.0-java.vdex	804	457c8eff220424240813b6596daa45b37f9e92d4d11c93b6c6cc9f27f4026ee8	vdex
framework/oat/arm64/vendor.qti.hardware.fingerprint-V1.0-java.vdex.fsv_meta	268	204633c987fad02e57298614f1aee19877474ac44da1d5b25ccd090bf31fe8e6	binary
framework/oat/arm64/vendor.qti.hardware.sensorscalibrate-V1.0-java.odex	17328	4d451cba0a0ea95cc367faa7c7a2eabd52b77614ad48e4ee01f48ac303058d8c	elf
framework/oat/arm64/vendor.qti.hardware.sensorscalibrate-V1.0-java.odex.fsv_meta	8192	5cef4d450729b3e123fd9c9a086c3df34d476e42db8da650ee2019b55950a8ea	binary
framework/oat/arm64/vendor.qti.hardware.sensorscalibrate-V1.0-java.vdex	228	b2790232eb1bfa361831e53073d1ecf51425eaac314f32253c47c7252384ecd4	vdex
framework/oat/arm64/vendor.qti.hardware.sensorscalibrate-V1.0-java.vdex.fsv_meta	268	d8c1738e6674cf79b2b17e36f5b8f97bf3ebdc396cd88f7bed47ad00d9fe0407	binary
framework/oat/arm64/vendor.qti.hardware.wigig.netperftuner-V1.0-java.odex	17328	5fdccb6ce85e51b34346b55e3002405774717cf3d3aad6eb2186effa63258b9a	elf
framework/oat/arm64/vendor.qti.hardware.wigig.netperftuner-V1.0-java.odex.fsv_meta	8192	60bb0d98f908a619a3e93918163b7e35e39839540f41e1afafa4dc2123d6364b	binary
framework/oat/arm64/vendor.qti.hardware.wigig.netperftuner-V1.0-java.vdex	300	4961e1404964eb7e4ff44b3e6c57a655caff0c956468ade2cbc1adbc7b1eac52	vdex
framework/oat/arm64/vendor.qti.hardware.wigig.netperftuner-V1.0-java.vdex.fsv_meta	268	9ad7cf235afb52e6be7bc2a5c06f47384f26ef9e4a0377928e7986b04db5d622	binary
framework/oat/arm64/vendor.qti.hardware.wigig.supptunnel-V1.0-java.odex	17328	13b29b8a89186f526548a5be2cc16450161b0e7e4b681331b7fdb6b63fb425a3	elf
framework/oat/arm64/vendor.qti.hardware.wigig.supptunnel-V1.0-java.odex.fsv_meta	8192	15beba146ca9183f65171668accef52b8ee0266fab49d06b589fb043c019b10e	binary
framework/oat/arm64/vendor.qti.hardware.wigig.supptunnel-V1.0-java.vdex	492	fdc534f906caedad93a4a350a3e81c6df6d3ba3ec498ef0d37cf0cd02b2de1c4	vdex
framework/oat/arm64/vendor.qti.hardware.wigig.supptunnel-V1.0-java.vdex.fsv_meta	268	d35213adb661875546b2579942add0ffd8c7b0923738e03eb6ea255d0e1532c4	binary
framework/oat/arm64/vendor.qti.ims.callcapability-V1.0-java.odex	17328	2b8a5e168f036244c3b17772625d2720b1ff2513bb7f8502698cd4327595b063	elf
framework/oat/arm64/vendor.qti.ims.callcapability-V1.0-java.odex.fsv_meta	8192	c77506239a108fc8e2716529be3ec2ff050dc10344c10a7eb0e2585a68864cff	binary
framework/oat/arm64/vendor.qti.ims.callcapability-V1.0-java.vdex	336	dcacf073dab8882fad73ccc03217b473b2697e69529ee0a03b421ecdefdf899f	vdex
framework/oat/arm64/vendor.qti.ims.callcapability-V1.0-java.vdex.fsv_meta	268	1cef4b17158b5e11cc3add8ed0c5d51ba6ea64d5a345f4b1bfc78e070ac6d736	binary
framework/oat/arm64/vendor.qti.ims.callcapabilityaidlservice-V1-java.odex	17328	996930eeba8b758537f111778a9feaca6ac83539018b72cd574c59b0e9aa45fb	elf
framework/oat/arm64/vendor.qti.ims.callcapabilityaidlservice-V1-java.odex.fsv_meta	8192	8f57ea99890e8739c17f0345d674e316723518153185814ad2dc65770443b847	binary
framework/oat/arm64/vendor.qti.ims.callcapabilityaidlservice-V1-java.vdex	328	5437bcdbce73c41463f6765997c38bd0d189f764c11f7af9a665741903bfb3dc	vdex
framework/oat/arm64/vendor.qti.ims.callcapabilityaidlservice-V1-java.vdex.fsv_meta	268	596c2d742769e8688741dce9331db5f6e43eeb42ee486eaa5b0c1923ceb25cb1	binary
framework/oat/arm64/vendor.qti.ims.callinfo-V1.0-java.odex	17328	f56282f802b3602284e182e2223226960986f22120369177c23be734fdf8d967	elf
framework/oat/arm64/vendor.qti.ims.callinfo-V1.0-java.odex.fsv_meta	8192	cdd7fc486bc14c2685678bd4b20d8c33fbd19003d2c5fd7b1469ce5ef44c1f48	binary
framework/oat/arm64/vendor.qti.ims.callinfo-V1.0-java.vdex	320	c2478a8d30328af62d5732b4ed62a47e83529b5a102d36f64e0181c273802c06	vdex
framework/oat/arm64/vendor.qti.ims.callinfo-V1.0-java.vdex.fsv_meta	268	366c8fd16ed3bf42f65e55c132976b141feb564223690444a6a95c72d68843fd	binary
framework/oat/arm64/vendor.qti.ims.configaidlservice-V1-java.odex	17328	da176dfec07c71819c508efd36365d02136928e2284c982cddd41e0c07bf4106	elf
framework/oat/arm64/vendor.qti.ims.configaidlservice-V1-java.odex.fsv_meta	8192	c79a7bb1b947a1d2423cb1cd25cf59907740d0dc0ad618e4229b18b4039dd60b	binary
framework/oat/arm64/vendor.qti.ims.configaidlservice-V1-java.vdex	832	f588328f29032781e77cc641177d06b185dd8991f7cf18ed7363ba0db95f53ec	vdex
framework/oat/arm64/vendor.qti.ims.configaidlservice-V1-java.vdex.fsv_meta	268	33afbbc7008f6acee57f381cf67e90a383b2b188247f12b20a2387680cc74681	binary
framework/oat/arm64/vendor.qti.ims.configservice-V1.0-java.odex	17328	ba2bc6542fa142f25d486cedfee2463c18c20b109cff3f0b7d67cd76429f0abf	elf
framework/oat/arm64/vendor.qti.ims.configservice-V1.0-java.odex.fsv_meta	8192	0a7d60da0c156c570be5d2e0bf6f8c4e37aedf06254a6dd5233cdf5324273ba9	binary
framework/oat/arm64/vendor.qti.ims.configservice-V1.0-java.vdex	800	d31e27dbe5f1c595a8d4c6e5fd9a8d2ae9d48f237ab42b865bc2a435e9896dce	vdex
framework/oat/arm64/vendor.qti.ims.configservice-V1.0-java.vdex.fsv_meta	268	231bcde144066b57ca7ae0043c00a739e11189a575e1fa3b64a7dd95dbab27c6	binary
framework/oat/arm64/vendor.qti.ims.configservice-V1.1-java.odex	17328	1c698c45a35a937c03a67548c96d05a1dd3aa8fb7347746247c5aad8f3a28bec	elf
framework/oat/arm64/vendor.qti.ims.configservice-V1.1-java.odex.fsv_meta	8192	8201b0fd39fdf3ca4ed8125df7c33116f1e044c42efe2b1569a75899e3ca34a7	binary
framework/oat/arm64/vendor.qti.ims.configservice-V1.1-java.vdex	872	5db785bfa8fdc361be0d165b0f7c102dfda164ece69bbacd27c8e9a390d50248	vdex
framework/oat/arm64/vendor.qti.ims.configservice-V1.1-java.vdex.fsv_meta	268	e39b439f38a8ccd0d44a73ddcfb91e15dc29effbf800b03d2f070fa05ab57fab	binary
framework/oat/arm64/vendor.qti.ims.imscmaidlservice-V1-java.odex	17328	e57b9505e64b9320353ece2b045d578cc9be3edc1b1d1c3d7a350c91d17653f0	elf
framework/oat/arm64/vendor.qti.ims.imscmaidlservice-V1-java.odex.fsv_meta	8192	def9dcdf4755eb5f28d73ef461521f8a62dd294aac600e873172511c19f8ae2d	binary
framework/oat/arm64/vendor.qti.ims.imscmaidlservice-V1-java.vdex	932	f614ca677f1cd3e803741c427faf34476e151be9dfe7dfe5d5c194818aee3ae6	vdex
framework/oat/arm64/vendor.qti.ims.imscmaidlservice-V1-java.vdex.fsv_meta	268	2fa6a1afdef6634af098eeeb7ff5d02bacfb42ac408f9e6147d337cc79c09ed3	binary
framework/oat/arm64/vendor.qti.ims.rcsconfig-V1.0-java.odex	17328	7276853a79eb9e962944459bde9586c8b8722e74fe535a511d90234ef7d06974	elf
framework/oat/arm64/vendor.qti.ims.rcsconfig-V1.0-java.odex.fsv_meta	8192	169278f627c5415f1c4db3d9874d9515e4511a258bd748547176230a3ba213f4	binary
framework/oat/arm64/vendor.qti.ims.rcsconfig-V1.0-java.vdex	344	cb02fd424d12181bf612ef827cf5660a318a2bed8dd50c507a412713972c10a9	vdex
framework/oat/arm64/vendor.qti.ims.rcsconfig-V1.0-java.vdex.fsv_meta	268	3e7e02e69b332fa96ef4dab4877a60caae1146969bb7ff2632f2ca45af8acb0d	binary
framework/oat/arm64/vendor.qti.ims.rcsconfig-V1.1-java.odex	17328	5fdadb787f6ebe050c2fbd94fca086ce1d8e3850f478cebe8160974cb7ce4cc2	elf
framework/oat/arm64/vendor.qti.ims.rcsconfig-V1.1-java.odex.fsv_meta	8192	921bc970ab6c5edb6de888a63251aa1573dadf773f730000fbb76c6717dc9636	binary
framework/oat/arm64/vendor.qti.ims.rcsconfig-V1.1-java.vdex	844	81a7f1374ecda0562d7efe18f6d17c86a0352978728277b22572625c79b83926	vdex
framework/oat/arm64/vendor.qti.ims.rcsconfig-V1.1-java.vdex.fsv_meta	268	dbfe0923fc17c653048635b4314df61330498729faf299e970f2302c12f8ccf1	binary
framework/oat/arm64/vendor.qti.ims.rcsconfig-V2.0-java.odex	17328	e7e90114631236934de2eadee0be0c6ad973ad133fa8da8f2956060d8f0242f8	elf
framework/oat/arm64/vendor.qti.ims.rcsconfig-V2.0-java.odex.fsv_meta	8192	94bd028cf9d905f2847767540fa17c8e976fcc5adbc4b2560b93b64c55ec174e	binary
framework/oat/arm64/vendor.qti.ims.rcsconfig-V2.0-java.vdex	848	b4c1e98b631c0f3c7b85fc039029c55f2bc1a959142824250d43e0b9c48ae235	vdex
framework/oat/arm64/vendor.qti.ims.rcsconfig-V2.0-java.vdex.fsv_meta	268	f82a5c495e6cc8e32df7ffac1855dfa8ca6c6d6a8b3fac1592abab9993711120	binary
framework/oat/arm64/vendor.qti.ims.rcsconfig-V2.1-java.odex	17328	7312b07c1a7f198bc85756b0a2fa1f6542228e3a21da4bae956ab2fee0280f87	elf
framework/oat/arm64/vendor.qti.ims.rcsconfig-V2.1-java.odex.fsv_meta	8192	2526717993df8f1e9b8d68824299ce43a32ebd3a32217022963cf767af5423eb	binary
framework/oat/arm64/vendor.qti.ims.rcsconfig-V2.1-java.vdex	908	75c31228a98518f9034c64eb7940d85662c0f77e40ea4554a4ae6592319aad8a	vdex
framework/oat/arm64/vendor.qti.ims.rcsconfig-V2.1-java.vdex.fsv_meta	268	29f499d149ec90fc5de71b105e0371de197ed78f584ab35fb7fb200b4ef4bd5e	binary
framework/oat/arm64/vendor.qti.ims.uceaidlservice-V1-java.odex	17328	fe782949af9ffbc8527ba382b7225d3dd8db8a96d885ad2bfc155ebb83485f46	elf
framework/oat/arm64/vendor.qti.ims.uceaidlservice-V1-java.odex.fsv_meta	8192	1ef57ab1022c7f29eee977f1a2ee20885102fefeed35718bf01fd23196fc32fb	binary
framework/oat/arm64/vendor.qti.ims.uceaidlservice-V1-java.vdex	952	1ec07729dccc3d2cebdffe19d5602607e87a9db87e34dcece414bac6eec3b111	vdex
framework/oat/arm64/vendor.qti.ims.uceaidlservice-V1-java.vdex.fsv_meta	268	ff0eba5bcc85298a24924bc74ddb565ca07d8ce0de53f35a268a835b2631aa23	binary
framework/oat/arm64/vendor.qti.imsdatachannel.odex	17328	0ab26c7b7466aa6b4055851b82dd39891bf6424bd6c903fcfc7d9a8504aef1f3	elf
framework/oat/arm64/vendor.qti.imsdatachannel.odex.fsv_meta	8192	32b7e55e230a39f4f4652809bb2e4a8605b42198839487e94d791b0a91c32411	binary
framework/oat/arm64/vendor.qti.imsdatachannel.vdex	1604	c196c1f8e402b5263e4f9630a19136b68106b671887900ef7842ab6ce9ab4c48	vdex
framework/oat/arm64/vendor.qti.imsdatachannel.vdex.fsv_meta	268	740202883f774ae765b48f85081a87a32744c7756c46164bc6257ef4865d28f0	binary
framework/oat/arm64/vendor.qti.latency-V2.0-java.odex	17328	8d2466398c09f55cece05211007be838b0ab392e404ca95a919879ad22e26fcc	elf
framework/oat/arm64/vendor.qti.latency-V2.0-java.odex.fsv_meta	8192	ba09b76c48f46a44ca380593797fa90f15742f950c2ac4653c617ec7094d3da8	binary
framework/oat/arm64/vendor.qti.latency-V2.0-java.vdex	472	893b97ebba29f39e1a57cc05783e17162c9993486a6ae05bfe815805c0e99ded	vdex
framework/oat/arm64/vendor.qti.latency-V2.0-java.vdex.fsv_meta	268	27da340ee7da79d10eed4446ff8447d6d2f7697343d9a7182c2af05a45b193fe	binary
framework/oat/arm64/vendor.qti.latency-V2.1-java.odex	17328	1b6ea6a5fa3c3fff25f0c5815a126503b33bf60d59225713c6a46b641c3f855e	elf
framework/oat/arm64/vendor.qti.latency-V2.1-java.odex.fsv_meta	8192	e7c2777f6a65660997b26e6b3a539abec558fc4c5ddaf1df31343724d12c44ee	binary
framework/oat/arm64/vendor.qti.latency-V2.1-java.vdex	500	957c799d1616dccc2e58b7d2ee3f29b6e7c963c287c7dc289139ffecd937bd96	vdex
framework/oat/arm64/vendor.qti.latency-V2.1-java.vdex.fsv_meta	268	c9e44c5cb53234fc3c84825f2a8bb8711350d7d6750524651620a2eef974e859	binary
framework/oat/arm64/vendor.qti.latency-V2.2-java.odex	17328	19848fdf2e3d78a65dfbb28e637cdb277f16514151f3f7f3d1a506ce5bd25808	elf
framework/oat/arm64/vendor.qti.latency-V2.2-java.odex.fsv_meta	8192	f171d47a759932b79a1a2f5f6b921d2c5833d142001643467acfdcac213e8672	binary
framework/oat/arm64/vendor.qti.latency-V2.2-java.vdex	968	4e370a2e9337e017859f84929d16806abb102c9ecc8a5848d1a189365c84093b	vdex
framework/oat/arm64/vendor.qti.latency-V2.2-java.vdex.fsv_meta	268	83afc3a562879ba6dbc382f349a1a358419c682899baaa1c39ab7072c0314b09	binary
framework/oat/arm64/vendor.qti.latencyaidlservice-V1-java.odex	17328	ba6838a4efd39c80d08b8df9df515db3a300b9dcc2651acd3e76fe787c892e58	elf
framework/oat/arm64/vendor.qti.latencyaidlservice-V1-java.odex.fsv_meta	8192	5ad552e20e0219b664dacfa0c150aad6b7e1ea61811f9c77299231e322c87be1	binary
framework/oat/arm64/vendor.qti.latencyaidlservice-V1-java.vdex	920	5bc5d61bb46ce18f5d04a567a6fca5387c18d872471f1a504b4b7711b4e0893a	vdex
framework/oat/arm64/vendor.qti.latencyaidlservice-V1-java.vdex.fsv_meta	268	822dc1e66e718878864ba848be9f28aede5c58fdc691c4795e1fbde685697c19	binary
framework/oat/arm64/vendor.zte.hardware.camera.transferclient.odex	17328	d02ece58eed5579e840465ca760b41c0c3acc7787cbc129301b8138d0236c0c3	elf
framework/oat/arm64/vendor.zte.hardware.camera.transferclient.odex.fsv_meta	8192	8bc814045b15133830a6efb3506b732961a696dd3b891a3d2d4b254557a7d871	binary
framework/oat/arm64/vendor.zte.hardware.camera.transferclient.vdex	484	5337329d41221d81f220b8475d5d13d7d4f8a994111e76370ea52bb0089c387f	vdex
framework/oat/arm64/vendor.zte.hardware.camera.transferclient.vdex.fsv_meta	268	2b8e82fc007a97de7c8cf7258c88b8b62fe31ad2f60a6b7b082be36828d7088d	binary
framework/qcrilhook.jar	105506	65419f1c0ab9a6e7ef404297b5b0a077adc21b073fa88bb230d02e337e5d0b70	zip/apk/jar
framework/qcrilhook.jar.fsv_meta	8192	cae9e9922a4c964618bd9129b34a90189c575dfb38747c0b1a8c78ebd5377b8c	binary
framework/qmapbridge.jar	21882	dda4691ccef5de1bb7c6897dcc8aff0c725a1ae4880f03bfac19a194716e57a0	zip/apk/jar
framework/qmapbridge.jar.fsv_meta	8192	9892447ed52ef47cd9b20e92b7afde5c834253d3ae69a40e692660dbc4bbd305	binary
framework/qti-telephony-common.jar	1044170	db1ab9f6933d01c86a879582e29a5e391c2c4b516377a01f3c1d3e2463e77069	zip/apk/jar
framework/qti-telephony-common.jar.fsv_meta	16384	57a3ff9d5f86f5a577ba0db652249acdb50de9ee4dc2ccfe0301fb9130e84f65	binary
framework/qti-telephony-hidl-wrapper.jar	29982	0262c74a8ec7092b8b8ed1a9bed01a63be765583eb12c21cac718f6d8230d826	zip/apk/jar
framework/qti-telephony-hidl-wrapper.jar.fsv_meta	8192	8d48f88b6cc0b4196795c14205ae0ac1f98b49d42808c35b43058bcb80cf7fb2	binary
framework/qti-telephony-utils.jar	49490	73f2fde1213dc40bbfc9f22251473028c64dfe93291dfe237265c235998e53a3	zip/apk/jar
framework/qti-telephony-utils.jar.fsv_meta	8192	4ac4f675fa6c07832147ad2de7a0f82c73e8ecc0e621ee02683d519a3cc3f945	binary
framework/subsys-modem.jar	256573	dbbdf464c26fe14c68f61707364b4176384b7a08fb6a800f10bf9539665aafdb	zip/apk/jar
framework/subsys-modem.jar.fsv_meta	8192	862d80c3b392784eb2bc600c4f7d0d2cb9e1889a276fa11b9ca6668cf7a03c31	binary
framework/subsys-platform.jar	370005	0fecf20029c2e3c02af277b48d852012fe82dd8abc299a3357384e69d841fc3c	zip/apk/jar
framework/subsys-platform.jar.fsv_meta	8192	48bc07868e437535055509776cf296d11eaf096ac333f7f812d74daf59774ad8	binary
framework/subsys-plugin.jar	182837	9de998b53da0b9d787a8a87d7d711692c3db04d10c4becc3d3fbcaa010b5eff8	zip/apk/jar
framework/subsys-plugin.jar.fsv_meta	8192	e51ec002a458797c57efa9f19adc5a5bd17d7624a7218763823d5e29956428b3	binary
framework/subsys-service.jar	1327817	8e48a1c4eee128c1f30a43756777c322a0547f45e33ce54ef93e4eb7d636e3f1	zip/apk/jar
framework/subsys-service.jar.fsv_meta	20480	da023b040ed6dfcb90e1857283a4fb92fa7b451e37bbd7300a3036c28ef6717d	binary
framework/vendor-telephony-common.jar	952922	a50b838b0408996863feabb0f5f59f36e67f18891c85c308a5dcfe728fcbadfe	zip/apk/jar
framework/vendor-telephony-common.jar.fsv_meta	16384	636595b02d44232309838e5964d7c4dbe6510af0d28b488e779f9ee1f3f36d6f	binary
framework/vendor.qti.data.dmapconsent-V1-java.jar	14838	aebf5920df7f26353ad51b352b790c09a2f1de671f7961809d303867aa4a53d8	zip/apk/jar
framework/vendor.qti.data.dmapconsent-V1-java.jar.fsv_meta	8192	f50980884d6f2e73535b3e2c1c7158e84fe556125f9dc141d029eb58b5dd900f	binary
framework/vendor.qti.data.dmapconsent-V2-java.jar	16138	21c79ff37b6b8f3e823a9a7109342d2907e0563f1e2d587e31469f39120f8034	zip/apk/jar
framework/vendor.qti.data.dmapconsent-V2-java.jar.fsv_meta	8192	e44fdd376aa5125767cbd59f41462ec96a17f405e2cc37570ac3e3e9a145bbe6	binary
framework/vendor.qti.data.factory-V1.0-java.jar	296806	ea10acec43d501ef49af5d03cb5cdb4e6c7cf439dccecea14d16accc8204c2c8	zip/apk/jar
framework/vendor.qti.data.factory-V1.0-java.jar.fsv_meta	8192	4f26af73fccd4a8108404f5d311f91ec2b3f12643e77d48e8c7db2c2e4f2803e	binary
framework/vendor.qti.data.factory-V2.0-java.jar	191206	2b5f214e67bea61df79fbeade2ff4019d25fc5ae70b94afebb00d26a6ec47e63	zip/apk/jar
framework/vendor.qti.data.factory-V2.0-java.jar.fsv_meta	8192	b4e414a7d1b4a8db29773ee332283555fefc01d39050a4efdb0a6e99cb5ecb1d	binary
framework/vendor.qti.data.factory-V2.1-java.jar	244350	17a7dd7e4b8d7a2b29b17d4ae15a769f88f0c311566a1c38b447ee2a166a8c75	zip/apk/jar
framework/vendor.qti.data.factory-V2.1-java.jar.fsv_meta	8192	e544899546ae3b3f40cff695f337fb8eda5386a1c62d096f6d5ac06678557b02	binary
framework/vendor.qti.data.factory-V2.2-java.jar	264994	4a6861d21dd95cc99013e3e8bdaabfa5a4ca84ac45f323fcf42dd929f28c0b97	zip/apk/jar
framework/vendor.qti.data.factory-V2.2-java.jar.fsv_meta	8192	ca90c84b41d829fa1eac087189594d5c4b12d3db76f20338b77e7651a0816d62	binary
framework/vendor.qti.data.factory-V2.3-java.jar	296050	b706a569a3ae51990a826436acad1f4c401f611a228b8a5b47c4054b783373d9	zip/apk/jar
framework/vendor.qti.data.factory-V2.3-java.jar.fsv_meta	8192	c219ed8ed2993aa6094db865e89012245c83712486fcd23c0a9cb0327a6da9ca	binary
framework/vendor.qti.data.factory-V2.4-java.jar	326178	74ef517061e6289d47f2fec8d2d52b8ce449d54952335ea207e5394cf522ebf9	zip/apk/jar
framework/vendor.qti.data.factory-V2.4-java.jar.fsv_meta	8192	df8c7aae7ced3b4e81aac280f1b709e74891fa6050a503adfe5eed519efd0e73	binary
framework/vendor.qti.data.factory-V2.5-java.jar	392674	642bbfae1103a9ace7563f07ec97d7d60ff13a6a377613d8b6123b33b7e3bd53	zip/apk/jar
framework/vendor.qti.data.factory-V2.5-java.jar.fsv_meta	8192	a5b4d7dbcd69dc7510685c8cc8aeebb0ddccbf07afbeaf363d1237da00ee140b	binary
framework/vendor.qti.data.factory-V2.6-java.jar	475670	cd1a1eb0cf0e74cc9bf65cfbb3a8f3b558299fad6421c8754179bec31bc86b3c	zip/apk/jar
framework/vendor.qti.data.factory-V2.6-java.jar.fsv_meta	8192	45f0ec620caaf566e6d790fa157ec1472ccc75a12a1853cc9455de4a26859367	binary
framework/vendor.qti.data.factory-V2.7-java.jar	500074	ca764049b4424f8719e4826f273f3eb1cc5cfa96904df6ae649e56d16ab13c19	zip/apk/jar
framework/vendor.qti.data.factory-V2.7-java.jar.fsv_meta	8192	b8b1b09b9706a3e595f381f533164c8e458dd533a0cdfa9de8d64af7f9d15714	binary
framework/vendor.qti.data.factory-V2.8-java.jar	524362	55c0524e1be84f54f3a62f014ce6a85f5a4036804031b2424341c36a05394678	zip/apk/jar
framework/vendor.qti.data.factory-V2.8-java.jar.fsv_meta	16384	0b3d2c15a2710973c5d1f264788fe4917d69d65959d422e6c2524dd2576118d0	binary
framework/vendor.qti.data.factoryservice-V1-java.jar	181982	2c67b33f5f03a9dc1e2b3cc31e7a1dd6cf41fec1613f352bf1ab48874968bc92	zip/apk/jar
framework/vendor.qti.data.factoryservice-V1-java.jar.fsv_meta	8192	e218b2ec966324f922343b500fd1244b3e4719373f00e7b1cb3c3d7435ff9370	binary
framework/vendor.qti.data.factoryservice-V2-java.jar	182178	bc06c66d1ce72125ab7bf56c256f139bc79f575b7d436952e4d2b5c1c0315833	zip/apk/jar
framework/vendor.qti.data.factoryservice-V2-java.jar.fsv_meta	8192	16441562f2b7f596200b82c048ed4645d634f2a59e3d726532ffe98467ed3c8d	binary
framework/vendor.qti.data.mwqem-V1.0-java.jar	25238	079731b62f82e8e5a8b96dea2cfc06f8e3914804be8c708b33726350ec4df73d	zip/apk/jar
framework/vendor.qti.data.mwqem-V1.0-java.jar.fsv_meta	8192	899ad1a7f7b00fac64b5dd491128fd78d082b2623ac535156f4285d391d4dba7	binary
framework/vendor.qti.data.mwqemaidlservice-V1-java.jar	8850	bb370aebcba68af8643d67434a6ddb9d3d816a79aa076c51cd12f25561a9fe04	zip/apk/jar
framework/vendor.qti.data.mwqemaidlservice-V1-java.jar.fsv_meta	8192	303782c906aa9cf0876f426d65f045deb0c9879365d6c06f7cfbef0cc07a1e74	binary
framework/vendor.qti.data.ntn-V1-java.jar	13726	4c76921fe33dd10831baefa1b1c03e16ace3de5c2b10e68ab5028fe304a0c5f1	zip/apk/jar
framework/vendor.qti.data.ntn-V1-java.jar.fsv_meta	8192	86e697e11ab5a128347a1aecb70a7bbfb4310e994b09119751a6244d0448c511	binary
framework/vendor.qti.data.slm-V1.0-java.jar	25186	e650767d811d467e5b377662623c48e9980db344d7c5623d66ea96d13c4b018e	zip/apk/jar
framework/vendor.qti.data.slm-V1.0-java.jar.fsv_meta	8192	b73ddcf0310aa1f6fe816b1fa74a3695c59c5ddc003b3a668f49a4959bc6c812	binary
framework/vendor.qti.hardware.alarm-V1.0-java.jar	18950	bb2aef8a42fb8e80b0f2f1d16f20d703b66e36ddeb6c887b55e0ab34b42919e8	zip/apk/jar
framework/vendor.qti.hardware.alarm-V1.0-java.jar.fsv_meta	8192	6bb1b7db80598eccd0628b5701c5e4ff5d0c9b1f19ca8498bd9e4d036b2ef7ff	binary
framework/vendor.qti.hardware.c2pa-V1-java.jar	20286	fe3ed79d0e0db75b46fae8ec8af2d16718e6261c0b4a74c90201b38e5a83c58e	zip/apk/jar
framework/vendor.qti.hardware.c2pa-V1-java.jar.fsv_meta	8192	989fe283ff9813c7f8dd8ae6c03a0e2fa599e0f0acdb2dc147e61301b92d00fe	binary
framework/vendor.qti.hardware.cacertaidlservice-V1-java.jar	10014	8d12353c08216054d0d7ad362dff9bcb799b21a78adf6045b8f0a85a5de1d294	zip/apk/jar
framework/vendor.qti.hardware.cacertaidlservice-V1-java.jar.fsv_meta	8192	7e88f9d4eae3489c73de5833428cf2f2ff72e1362ebbbc2cc73a1a80f39ffaa7	binary
framework/vendor.qti.hardware.capabilityconfigstore-V1.0-java.jar	20506	90fe607a07ea630410954b1ffc307b50d0286a6ef519bcc75c82a6a38312d1a9	zip/apk/jar
framework/vendor.qti.hardware.capabilityconfigstore-V1.0-java.jar.fsv_meta	8192	310f87f958357d93554ca6eb03a49959e4c7665618786d870d325c732c653d3f	binary
framework/vendor.qti.hardware.data.cne.internal.api-V1.0-java.jar	52450	5d1b7232ac9560ea75cd4212d47a1e0f2961e12060c83a383d25ec4713f22910	zip/apk/jar
framework/vendor.qti.hardware.data.cne.internal.api-V1.0-java.jar.fsv_meta	8192	c77cca357051956ca8350d030f1c1814cc3561988577a4eaf71e4d6793aacae7	binary
framework/vendor.qti.hardware.data.cne.internal.constants-V1.0-java.jar	11202	71ae3bb628c540b355c9a62a9c9a6f1d80de4dc3877a4e0d38d7ff8724ba8fc1	zip/apk/jar
framework/vendor.qti.hardware.data.cne.internal.constants-V1.0-java.jar.fsv_meta	8192	0f1b422bdd0a43938560f4b249fbeb9318c11f76b95f6378856a26e5493e66d5	binary
framework/vendor.qti.hardware.data.cne.internal.server-V1.0-java.jar	64522	0949cba40486df588ae82ee5c314b10e73605615a66fdb12198a1ab47cff5b13	zip/apk/jar
framework/vendor.qti.hardware.data.cne.internal.server-V1.0-java.jar.fsv_meta	8192	fede7bf9d2d90969fbc8478754f136546e4ea8aeac4b4553cc29ac61ee6dacb3	binary
framework/vendor.qti.hardware.data.cne.internal.server-V1.1-java.jar	82922	9864c20e0dcc40e157dab80123c689ad5c84c51d12563619c97ab9c24d625c01	zip/apk/jar
framework/vendor.qti.hardware.data.cne.internal.server-V1.1-java.jar.fsv_meta	8192	462a7f76ad6e11c773d196a963094f2735a515355d3afb6843b1136fd07c1a1f	binary
framework/vendor.qti.hardware.data.cne.internal.server-V1.2-java.jar	101482	2fef29771a854df3a716fde8a7d7acde6db2a65d3834f418d683a4aedc248129	zip/apk/jar
framework/vendor.qti.hardware.data.cne.internal.server-V1.2-java.jar.fsv_meta	8192	c7cce0dd7c671f0a97e4de2946eb7229444d09b99e3b4088f00f788201b0728d	binary
framework/vendor.qti.hardware.data.cne.internal.server-V1.3-java.jar	118938	28502492211f87d8d6b97fcd183bc6746dc14104d23d7ed59875baf7d4d9ffdf	zip/apk/jar
framework/vendor.qti.hardware.data.cne.internal.server-V1.3-java.jar.fsv_meta	8192	91d2b70e56b0b811fcca1c38b3fc8248d85f062dd85ee771b89ec320600e99a2	binary
framework/vendor.qti.hardware.data.cneaidlservice.internal.api-V1-java.jar	29382	1e6294d16693941a76a6238d0a77fd04bebb6fbd730dde6df28caa60b989a37a	zip/apk/jar
framework/vendor.qti.hardware.data.cneaidlservice.internal.api-V1-java.jar.fsv_meta	8192	b4d204f74444dbafa6a839458fd9ba74423b6e7dac905eb06df9eec4a250a654	binary
framework/vendor.qti.hardware.data.cneaidlservice.internal.constants-V1-java.jar	6098	8a329b2b021ab5a196a621623e29cf1aad6fc86a10f0026434b79b8e7290155f	zip/apk/jar
framework/vendor.qti.hardware.data.cneaidlservice.internal.constants-V1-java.jar.fsv_meta	8192	ff1838af5b2ebccc18f66d19278225351612267a0a180bf31eeb2560dea0ff93	binary
framework/vendor.qti.hardware.data.cneaidlservice.internal.server-V1-java.jar	41322	ee2e4ea310d196d544d464c23c16a6c85063ecf833b5aaa7a457342be8e3492b	zip/apk/jar
framework/vendor.qti.hardware.data.cneaidlservice.internal.server-V1-java.jar.fsv_meta	8192	fd0593dacba4f70fd90a4cb7c8a6897cdd1c53c6ef83073ebd02c60788a350a6	binary
framework/vendor.qti.hardware.data.cneaidlservice.internal.server-V2-java.jar	41446	60295e5a904842149ff9ab0e2d38e5565dedfd0ba74a59393c67aa7206a3e1a0	zip/apk/jar
framework/vendor.qti.hardware.data.cneaidlservice.internal.server-V2-java.jar.fsv_meta	8192	23b710106e0d6f02c4ccc38ba04aaf164504db372d651f298c3179f13d9210bf	binary
framework/vendor.qti.hardware.data.connection-V1.0-java.jar	35610	deb63fe7c0d209902347fc4cce5e2e592c80a94995a5ca7c7119b18cb3331776	zip/apk/jar
framework/vendor.qti.hardware.data.connection-V1.0-java.jar.fsv_meta	8192	a274e4fc09a719a611ffd701f7afc0a9b695bdccd925a266f2bce0b278bd3ad4	binary
framework/vendor.qti.hardware.data.connection-V1.1-java.jar	41830	cabdd3f5ed37eb6434a4fba0ca79855df010467da47847ce10b2c5e285558196	zip/apk/jar
framework/vendor.qti.hardware.data.connection-V1.1-java.jar.fsv_meta	8192	9813de3a75bd81d7a7aeb37b76693d4348e58fd156f306629645afc7bacb4e08	binary
framework/vendor.qti.hardware.data.connectionfactory-V1-java.jar	29226	062a8627d1191c8ac2a552d38ef82058941e07e9dbaef9209619e457107cf8bd	zip/apk/jar
framework/vendor.qti.hardware.data.connectionfactory-V1-java.jar.fsv_meta	8192	78f46b38d86e2589d47e21ac78c8ed7dcc135c1e35aa2c3fab636f5008e2830b	binary
framework/vendor.qti.hardware.data.dataactivity-V1-java.jar	8630	4a21a93ab19ef75109fb9579894ee937452b96a8484f0da655c84772c7d2c4a4	zip/apk/jar
framework/vendor.qti.hardware.data.dataactivity-V1-java.jar.fsv_meta	8192	aebbdeee40d277444bff5d7fc44a941f749ac6100d8488bf09bdb904c2a96276	binary
framework/vendor.qti.hardware.data.dynamicdds-V1.0-java.jar	45034	888c235020897de40aa2018a39c39b00d104e6ac4de47b06257d3033bd387eb6	zip/apk/jar
framework/vendor.qti.hardware.data.dynamicdds-V1.0-java.jar.fsv_meta	8192	80d99533995e9514d1bc2b0deabcc9d5456573c3f039aeaddcc9eb5e0ebe0adf	binary
framework/vendor.qti.hardware.data.dynamicdds-V1.1-java.jar	50678	76d7f7548186830ed4cd426ae84dbb5429e51e2392d251e7fa4838ddedb79e99	zip/apk/jar
framework/vendor.qti.hardware.data.dynamicdds-V1.1-java.jar.fsv_meta	8192	41530ddd22de355497e69ab25e1d1be7e0efaed8a2d928fa3520b0ee57b77edb	binary
framework/vendor.qti.hardware.data.dynamicddsaidlservice-V1-java.jar	22434	bcf81b97f06bc4bbfa963b0d87bec7df8e627507e3aaa2b8d09bf0becabb08fb	zip/apk/jar
framework/vendor.qti.hardware.data.dynamicddsaidlservice-V1-java.jar.fsv_meta	8192	1c6328936394d9da7ab6733054791e90b58150842cf9de6d25aec4b42b71dbc4	binary
framework/vendor.qti.hardware.data.flow-V1.0-java.jar	49878	63dbcb0f24e9e59148c88b21033ad57c2c40597f90d8a4ad4e6c6ec274206ca6	zip/apk/jar
framework/vendor.qti.hardware.data.flow-V1.0-java.jar.fsv_meta	8192	44ecf84303afec3e0138636767acb2a158d0e7889ab7b0dbbe07cd3654d2b0a1	binary
framework/vendor.qti.hardware.data.flow-V1.1-java.jar	59410	91f680502060fac10405763effbf070b5f29c4b5d27a7f33a921d5046ed2efc6	zip/apk/jar
framework/vendor.qti.hardware.data.flow-V1.1-java.jar.fsv_meta	8192	6a3ab9e9accd8a295ca2e42fdb856adaa6ad01bce7522002afd76fad6200fe2e	binary
framework/vendor.qti.hardware.data.flowaidlservice-V1-java.jar	29462	f081fb708a42588b8b87eed17fa7874425a69101fef3213f08f16b9ae770dafb	zip/apk/jar
framework/vendor.qti.hardware.data.flowaidlservice-V1-java.jar.fsv_meta	8192	28c65759af6d5210fbd014b37e0eac321e88f91ca7c7bae70bb58228c03a7ff1	binary
framework/vendor.qti.hardware.data.iwlan-V1.0-java.jar	948974	2f0c2cc98fe6ca05d652935da1f50f1c555bc3d277aed68a6299d97ef3ed4351	zip/apk/jar
framework/vendor.qti.hardware.data.iwlan-V1.0-java.jar.fsv_meta	16384	339c3a9ff7b80bb78c6412f261409ded08d8dca0378e06c4955bf921b6fda15f	binary
framework/vendor.qti.hardware.data.iwlan-V1.1-java.jar	1463238	e3cff39ad060d28368b4ff5f074a12652804803bcddf8afa47bf127941f01dcc	zip/apk/jar
framework/vendor.qti.hardware.data.iwlan-V1.1-java.jar.fsv_meta	20480	d2629dc543d43260cba08328a5837b3d0ab6ff9e0f139323b31a793f85c79120	binary
framework/vendor.qti.hardware.data.iwlandata-V1-java.jar	330850	9683ae25ffdc11e4aecc41e624afcecf8c668849771404e5e2274da57a41c446	zip/apk/jar
framework/vendor.qti.hardware.data.iwlandata-V1-java.jar.fsv_meta	8192	d6ef56b80227c16471e68d3dbed58a7c4bf20618d7fadcd65e7ea6ebd99455aa	binary
framework/vendor.qti.hardware.data.ka-V1-java.jar	18250	f24b0960c165f2cd583765c7893c3efd721bcd11d2377ae277c788625e5383ef	zip/apk/jar
framework/vendor.qti.hardware.data.ka-V1-java.jar.fsv_meta	8192	dbe73e365d8b43de53510f9d414ebfba7e056bea5eed91085dc87e7d56e1b565	binary
framework/vendor.qti.hardware.data.latency-V1.0-java.jar	32546	8c3fdcd8e1a0ba803b8ec69123e84c632822b2c44fa806a00053e80712f27783	zip/apk/jar
framework/vendor.qti.hardware.data.latency-V1.0-java.jar.fsv_meta	8192	698e07af7183f706214367c74327d3219ace1b0d16c607606e045aa0746ebb01	binary
framework/vendor.qti.hardware.data.lce-V1.0-java.jar	34946	805ac132d637e2a9d1898f82ce17e4c9ad5084cca25d5f9c52e6b75361a6b2b0	zip/apk/jar
framework/vendor.qti.hardware.data.lce-V1.0-java.jar.fsv_meta	8192	48216f4b383f9e5f4285f37008a7eaf45038c4b8678c917b1f06dfaddf98875e	binary
framework/vendor.qti.hardware.data.lceaidlservice-V1-java.jar	15902	93ab9911d61d40e0d75e34352eef7c39466d8acb3b56ac9fb4696ba2d9179ad4	zip/apk/jar
framework/vendor.qti.hardware.data.lceaidlservice-V1-java.jar.fsv_meta	8192	f780c805ab7606507784d23d3a4e90d74740a01b8ac18ffaa74617b0beaef405	binary
framework/vendor.qti.hardware.data.qmi-V1.0-java.jar	35354	16e5b7e2a546e95185f42f4b5f0e883b2a270b8f1059cc39ef9ed1966c0e73e1	zip/apk/jar
framework/vendor.qti.hardware.data.qmi-V1.0-java.jar.fsv_meta	8192	6cb8c2e1eb1cdc7ac209c8e73f380de52feeca9d752b0fb985e4a3c40d7fa039	binary
framework/vendor.qti.hardware.data.qmiaidlservice-V1-java.jar	15378	3c6e7d856e15ff186a47d9154cb718af2ffcf88ba3390161b52026645ad606bc	zip/apk/jar
framework/vendor.qti.hardware.data.qmiaidlservice-V1-java.jar.fsv_meta	8192	314d89a9e6d7e142838f246a7a65c36a7ebf51d27aef448b49f8b5c11b5d5425	binary
framework/vendor.qti.hardware.dpmaidlservice-V1-java.jar	25650	e884e7924f2fa093a07bb889449c741308fa45fa20071fb20af44e3d66494644	zip/apk/jar
framework/vendor.qti.hardware.dpmaidlservice-V1-java.jar.fsv_meta	8192	cf466221fea6c6bb87ed2225698d95df2268b01af6a23bb13b5c7812b819a6c9	binary
framework/vendor.qti.hardware.dpmservice-V1.0-java.jar	40026	f520d1479622a933bec0bc147c5c6d28e2c7a3676368d2c4cc176ed44f33fd95	zip/apk/jar
framework/vendor.qti.hardware.dpmservice-V1.0-java.jar.fsv_meta	8192	8a1209f091127585715b8ae40374670fb025514885a7b51065afdfa9fc98a902	binary
framework/vendor.qti.hardware.dpmservice-V1.1-java.jar	47194	1477ceddc7ce7a8b6396cd0aba160fdc27c069e8a956f30412bbe9bf042e08c1	zip/apk/jar
framework/vendor.qti.hardware.dpmservice-V1.1-java.jar.fsv_meta	8192	63712b9e7b3c51e53920ba1e1b73196b3b6992113b8fc363fc2033193015e16b	binary
framework/vendor.qti.hardware.fingerprint-V1.0-java.jar	84850	b31b1e328503877a85f595b62406098e987633796e5a4a9020af08b63419d7c4	zip/apk/jar
framework/vendor.qti.hardware.fingerprint-V1.0-java.jar.fsv_meta	8192	68602daf4a023f255ed645a0f1993ebe48753a8fb502b0594fd25b4884c8dc9c	binary
framework/vendor.qti.hardware.mwqemadapter-V1.0-java.jar	31554	aba7448746a1a439d3573c4cacd31fcd1c08b87479a832986aab596ba6525088	zip/apk/jar
framework/vendor.qti.hardware.mwqemadapter-V1.0-java.jar.fsv_meta	8192	2890d8ea3e369e29f3c5689737a277122b7f36549e2eb08da6e675d7304673bb	binary
framework/vendor.qti.hardware.mwqemadapteraidlservice-V1-java.jar	15694	fe630cd15c973cffe91e4fb8d33eb92241b38c217cf565b7647b302d8c7c95bd	zip/apk/jar
framework/vendor.qti.hardware.mwqemadapteraidlservice-V1-java.jar.fsv_meta	8192	6265501ac81f34ebf2e377ea8441006e113b11865a8d48fac47e1b381189c5a8	binary
framework/vendor.qti.hardware.sensorscalibrate-V1.0-java.jar	18382	6ae7b647e1902344d6cebaebd510d9463f6f98be3cbea940baf2d0b569dec6fc	zip/apk/jar
framework/vendor.qti.hardware.sensorscalibrate-V1.0-java.jar.fsv_meta	8192	48bfae74559e27cd08419a3778ee5ced06c6ffed8c8cc8ac2b1eb7c7dfe9509f	binary
framework/vendor.qti.hardware.slmadapter-V1.0-java.jar	31446	033c4e1ad83906462517de974773e2137bf5eec725aa26a93df5f8403c07df4d	zip/apk/jar
framework/vendor.qti.hardware.slmadapter-V1.0-java.jar.fsv_meta	8192	001fd2f2df1678b767027eb7233f1ad82b82a74ce6abf247348310085e87c7aa	binary
framework/vendor.qti.hardware.wigig.netperftuner-V1.0-java.jar	21094	a7f5b3bbf262909cb0020aac668046e3c7912bda380a5de2c06910b80d5d0185	zip/apk/jar
framework/vendor.qti.hardware.wigig.netperftuner-V1.0-java.jar.fsv_meta	8192	bff87df30643a5966b3b9168a5b5e8617050c2c37ee6bbb9ca5c763243521cea	binary
framework/vendor.qti.hardware.wigig.supptunnel-V1.0-java.jar	34786	4d24f73acaf5fe7133d43fb981b89625e96a2b18fac3d9d83044ab64135065b5	zip/apk/jar
framework/vendor.qti.hardware.wigig.supptunnel-V1.0-java.jar.fsv_meta	8192	9ab08e5108ac9e7b09614931fa78945c4d1fb956de34dbbdd7101a731ee14ef8	binary
framework/vendor.qti.ims.callcapability-V1.0-java.jar	30654	fac01bd760c84815ded8004fec97e6d9160c5b42d9ed9d5b52349f01324ecc9a	zip/apk/jar
framework/vendor.qti.ims.callcapability-V1.0-java.jar.fsv_meta	8192	632d2ab6b0b3797e4ba10368446d2236525f3675f843dff7f0c2d14121c44690	binary
framework/vendor.qti.ims.callcapabilityaidlservice-V1-java.jar	14514	c6a7bdea061c9fedd4a0080154a32261a21a127ff79807cde007b730542bcd90	zip/apk/jar
framework/vendor.qti.ims.callcapabilityaidlservice-V1-java.jar.fsv_meta	8192	fab512791e8d56771ba7113c49d43127e0503c564ad0b7054277ba2a3457a826	binary
framework/vendor.qti.ims.callinfo-V1.0-java.jar	24050	c976ed43de4809d474b154d522b29a9e6f0d679059584ea6564db3b37763531f	zip/apk/jar
framework/vendor.qti.ims.callinfo-V1.0-java.jar.fsv_meta	8192	67d975504220a60c27a1e56853b7b658ce882f03d1f7882d78175c9f537be035	binary
framework/vendor.qti.ims.configaidlservice-V1-java.jar	39426	97dfceff2809cf6428e56e995fcb41ae3a6dd8eb7e3043617dc18da48ae95d11	zip/apk/jar
framework/vendor.qti.ims.configaidlservice-V1-java.jar.fsv_meta	8192	2b69c4f12287cbc22720308b19e01897e6555f4259bb44fbe5562c76d24eee1d	binary
framework/vendor.qti.ims.configservice-V1.0-java.jar	57510	b952c5a08c5ab740495f38cb51f98f28542ec002919ca0a1ea59a2209bd92c5a	zip/apk/jar
framework/vendor.qti.ims.configservice-V1.0-java.jar.fsv_meta	8192	c4c004498e3def236ca7b78131dab913b08a7b9af13fbd299812ec46d393b378	binary
framework/vendor.qti.ims.configservice-V1.1-java.jar	79738	219e1c40669c35ac1718b6f43a04f3e12b0d0b210ed3f290fd398e5b603d4554	zip/apk/jar
framework/vendor.qti.ims.configservice-V1.1-java.jar.fsv_meta	8192	d35d6dbc389fff77644b538ef78f2df2ab125d9618004f68339d671e3a3480c9	binary
framework/vendor.qti.ims.connection-V1.0-java.jar	30754	1e92c48414e356089669b2ee2e6df0bb35d2d519388c023dff37a3dc1590c093	zip/apk/jar
framework/vendor.qti.ims.connection-V1.0-java.jar.fsv_meta	8192	591fa8f244449c88ca5fc40a24b7cc33ab257f149630ed36e17f85b873f20c45	binary
framework/vendor.qti.ims.connectionaidlservice-V1-java.jar	13990	65bf4438af111c3662fd733146519918be84e81fda089371a9592475b99be71a	zip/apk/jar
framework/vendor.qti.ims.connectionaidlservice-V1-java.jar.fsv_meta	8192	c77ede6be9c45c8a71090237f4bfd661ea591a46ac06e50cfbaa99dd64ba3c07	binary
framework/vendor.qti.ims.datachannelservice-V1-java.jar	37894	60f29e06c8c1920dde47cc4a03afc997105e9c0c908b52330389f433b15863cf	zip/apk/jar
framework/vendor.qti.ims.datachannelservice-V1-java.jar.fsv_meta	8192	4cdd2ebdefae65f99673667517e805da6dc458413541349c1b3ffa80c757f5e8	binary
framework/vendor.qti.ims.datachannelservice-V2-java.jar	39130	38091c15381ff845b702152b81536ffb4c9d718c3a4e0fae2272b580119a66aa	zip/apk/jar
framework/vendor.qti.ims.datachannelservice-V2-java.jar.fsv_meta	8192	90e1a52459ec1c881fc4181e5df0e120d7036de46fa4bea2b963f6a2f816ccca	binary
framework/vendor.qti.ims.datachannelservice-V3-java.jar	39662	83c5d8ad95c870d17bba10373bb805d67f9003e8f2a193222cb07fcbdf1413ef	zip/apk/jar
framework/vendor.qti.ims.datachannelservice-V3-java.jar.fsv_meta	8192	85f5e16a66cde35f3b0a9f747eef13d6fcbb969b36cc8ab06bf4c9bb92651f06	binary
framework/vendor.qti.ims.factory-V1.0-java.jar	89542	5038644ec8b644f4cbda1586237a89f7d1cde9e77ce7948402e49745f3dce659	zip/apk/jar
framework/vendor.qti.ims.factory-V1.0-java.jar.fsv_meta	8192	6bf663cf2dde55eeff9d01c793e51b7fc67ccfcc1a113dbb4f1195287b8c202f	binary
framework/vendor.qti.ims.factory-V1.1-java.jar	111598	b6092a692a05936edfc645a177cb1cf83cc3675be1c14926f18eef8180618488	zip/apk/jar
framework/vendor.qti.ims.factory-V1.1-java.jar.fsv_meta	8192	74fd429b248119078615de919a8930a6746d128aa231d09a4a4856eb671cdf6f	binary
framework/vendor.qti.ims.factory-V2.0-java.jar	188122	a80394b26397145209738d1432ae6e64d21cbe470a219556b79afef06a48f4b0	zip/apk/jar
framework/vendor.qti.ims.factory-V2.0-java.jar.fsv_meta	8192	9fc250dda64059167ff51ccd2d5bae7c527883ccad6a1624565ccf0a29937d83	binary
framework/vendor.qti.ims.factory-V2.1-java.jar	258298	ddea634dca885b910cb9f87f9a4c3b1151459574bf93d04b4bcc8f6ae9614683	zip/apk/jar
framework/vendor.qti.ims.factory-V2.1-java.jar.fsv_meta	8192	3dc702131637643e496a5c562dfd8debfbf87c4720037c5b9acb065619b607a1	binary
framework/vendor.qti.ims.factory-V2.2-java.jar	308206	4f6a091e42052bcccacd128da08b273068648ff12c93a289e3626c562354530d	zip/apk/jar
framework/vendor.qti.ims.factory-V2.2-java.jar.fsv_meta	8192	adc194a3ddfdd82e04afee952f3b1acd1c919f58c29b914ebf5742d685a2c742	binary
framework/vendor.qti.ims.factoryaidlservice-V1-java.jar	128602	acd44c4ab98453d7559b150a90554c9bbfdee2bcceb62fa33fcc9320bcf2d7d5	zip/apk/jar
framework/vendor.qti.ims.factoryaidlservice-V1-java.jar.fsv_meta	8192	c57299aab3233fd52e835503fafa4699ad59eb27fed3ece850da07eb8bd9ba15	binary
framework/vendor.qti.ims.imscmaidlservice-V1-java.jar	49306	6d2521c2e44d2d0add165b46f28fe0abc4c2b5467e10ad4538fd547805d7372a	zip/apk/jar
framework/vendor.qti.ims.imscmaidlservice-V1-java.jar.fsv_meta	8192	ceeddb79e68954210224a1797a70ba1d230ac93fe2489fadaf18db38be6338d9	binary
framework/vendor.qti.ims.rcsconfig-V1.0-java.jar	31330	18fb922a0818568d377bdbf7011a1705a97daa04e125a5626d88ae236a4132d1	zip/apk/jar
framework/vendor.qti.ims.rcsconfig-V1.0-java.jar.fsv_meta	8192	222e6b04f1aab44eac427c4a808ac6a30e02c930331c4010a22e0544641380f2	binary
framework/vendor.qti.ims.rcsconfig-V1.1-java.jar	63158	908b62b3551123b8c8a46c4d03f7ab7278b7cda3922d282318b2eee45059f3ee	zip/apk/jar
framework/vendor.qti.ims.rcsconfig-V1.1-java.jar.fsv_meta	8192	fc18a7b3b4abea2aa3fe78e1966e536e935d267ec80adc9a70331825433927b0	binary
framework/vendor.qti.ims.rcsconfig-V2.0-java.jar	64710	3a364ec33a4feb6de81b6721ecf65e68ece28608ff01ddba19df3bd09dad8b77	zip/apk/jar
framework/vendor.qti.ims.rcsconfig-V2.0-java.jar.fsv_meta	8192	cf2a97595ff81eae3e42ca3db456dc258fc5846ab94969d73669947e4bccf90f	binary
framework/vendor.qti.ims.rcsconfig-V2.1-java.jar	79830	0310020cfd1b9cedb915931a354b086703133fa1649548d015aa3e67f5a746dc	zip/apk/jar
framework/vendor.qti.ims.rcsconfig-V2.1-java.jar.fsv_meta	8192	daeb09425e342b5b60cb751583c36a133002dccca0c2990cb1715759e150f17a	binary
framework/vendor.qti.ims.rcssip-V1.0-java.jar	65666	145cff6dc74bf97201b926c9771124463132abf9d3d6331365b42409606f23e8	zip/apk/jar
framework/vendor.qti.ims.rcssip-V1.0-java.jar.fsv_meta	8192	876f3ab7df843eb685f37b99d96ad6aca00ba8277468ed6b55c2e5d7d89f18b0	binary
framework/vendor.qti.ims.rcssip-V1.1-java.jar	89066	9953f3c0cfceff6dca4bf93b4621a40fe97a3d8eed7dcbbb6c57e6c40d477370	zip/apk/jar
framework/vendor.qti.ims.rcssip-V1.1-java.jar.fsv_meta	8192	b84504cf6fac76f03e26a736824592eb1d7ea606d8260c44c7dbdec9e9ad51ba	binary
framework/vendor.qti.ims.rcssip-V1.2-java.jar	114526	3c79dfe63b851d5cd0d23fbba58cdef3105214a5ef2856121fb77c7a482c33bd	zip/apk/jar
framework/vendor.qti.ims.rcssip-V1.2-java.jar.fsv_meta	8192	324c79bfa8f8b6cbea4e3fada9a162b6b9e141af411aecc9efc70a8b918aeaa4	binary
framework/vendor.qti.ims.rcssipaidlservice-V1-java.jar	43782	1f84fb44577caaa1f308527c6c9735f03c5c880c5f9f37141a18753eeb8b0bf7	zip/apk/jar
framework/vendor.qti.ims.rcssipaidlservice-V1-java.jar.fsv_meta	8192	540b8bfe640aee9db04bca543d00f3491a033fb28a68eecab87387de06f18e6e	binary
framework/vendor.qti.ims.rcsuce-V1.0-java.jar	47202	0338e5845c14f78899f299471a1cb7efbeab5c9f37aa1b5fc165b15cad893ec9	zip/apk/jar
framework/vendor.qti.ims.rcsuce-V1.0-java.jar.fsv_meta	8192	8ed7615c87a881dad7d709133960d389388de1b2aa6477dac84ba9e6b44c3b5a	binary
framework/vendor.qti.ims.rcsuce-V1.1-java.jar	61066	fc286616dd2c2a8439c428352079a6f996aede3254610690ad23b20f745f8933	zip/apk/jar
framework/vendor.qti.ims.rcsuce-V1.1-java.jar.fsv_meta	8192	3f3101d65959e4afc23edb826c79cbbcd396802e0bedbd7126abbb7d801020eb	binary
framework/vendor.qti.ims.rcsuce-V1.2-java.jar	73522	9f658490e46e890cd4d7c7df947eb43f97b90c42fcdb567ee71a813c9df8cb26	zip/apk/jar
framework/vendor.qti.ims.rcsuce-V1.2-java.jar.fsv_meta	8192	5353a02e084b7f5d8fb139536d7f0b2f6b4b283107a9b6c5def195d8de5f33b9	binary
framework/vendor.qti.ims.rcsuceaidlservice-V1-java.jar	27114	f24e02f507fa6474821603d400cc80b0f865abdb7602c52a3c83c0f492ec1732	zip/apk/jar
framework/vendor.qti.ims.rcsuceaidlservice-V1-java.jar.fsv_meta	8192	6da8a3ad51c7ed3567c241db1fb361d50fdf400d9c424d15be51e820505d4b8f	binary
framework/vendor.qti.ims.uceaidlservice-V1-java.jar	64146	966648b371c559f7ee462282ba927f3977a98bbe1778db6deafc4e67af0b1cbf	zip/apk/jar
framework/vendor.qti.ims.uceaidlservice-V1-java.jar.fsv_meta	8192	3b09b519196d6814f197c91540c2dd9341f424052d0f0cf18449aa21a9d92657	binary
framework/vendor.qti.imsdatachannel.jar	67134	8b5e32108c0b088b0ee1402f29de595022e46b6b9bddc1f7ecf9b3f019bc2712	zip/apk/jar
framework/vendor.qti.imsdatachannel.jar.fsv_meta	8192	76602815e824344d31dc2979b6e55d14ad14bc303a980ed98b590f716c9ed1d8	binary
framework/vendor.qti.latency-V2.0-java.jar	29158	611d49b770a6d11fe0ca38e78766ffc2c45474395c51ac935c144aca94c73596	zip/apk/jar
framework/vendor.qti.latency-V2.0-java.jar.fsv_meta	8192	cc3460e3540059691b31d530e4fcf52ceabc64845d2c96e4f2cdf5127703a506	binary
framework/vendor.qti.latency-V2.1-java.jar	35858	18c4762fb4cd036bcade102155d7334f09f64f30f9717ca27709b4815504edaa	zip/apk/jar
framework/vendor.qti.latency-V2.1-java.jar.fsv_meta	8192	80ae204c47b84882feca72884eff0eb518c502b208fa1225abe9381a3478f9c6	binary
framework/vendor.qti.latency-V2.2-java.jar	83374	e10f755fc76dad18b085c73c21108b29d6e96e9d4014a15191671a09dbf0984d	zip/apk/jar
framework/vendor.qti.latency-V2.2-java.jar.fsv_meta	8192	4f33a98b87504d501676852bc64ca1451f5e1b27f8bcbdc893bc063ffc114543	binary
framework/vendor.qti.latencyaidlservice-V1-java.jar	48118	f410ebabcd214851ce5598c0b7243915490a12954fff5430fd12bcb8cceed47f	zip/apk/jar
framework/vendor.qti.latencyaidlservice-V1-java.jar.fsv_meta	8192	c7fe53579cb91d4596be253b6a1f407173ca5049e6551871eed63a8ec47afb80	binary
framework/vendor.zte.hardware.camera.transferclient.jar	27110	77e8412d21d219ec546ba5bd4de056639b60f1d53ddf04a5c1a26430bd3ce411	zip/apk/jar
framework/vendor.zte.hardware.camera.transferclient.jar.fsv_meta	8192	e833c3772b269ad302b67f718b1c0df24563268607b1316f69ee44aedc13a4c3	binary
lib/drm/libdrmzteplugin.so	103380	138947bdb6bde230cbdd333318989c3253760093128bfd05a288c1b42a6ad36c	elf
lib/libztedrmcore.so	130452	7f048dde7c1079ad3e0a306867f40b35e7066331257dcb2ff86a836a66dee339	elf
lib64/android.hardware.radio@1.5.so	1891064	51df4c39a68c914658c4dcb02c83adb2e2c6147b92662b179edab0d8e3d76517	elf
lib64/android.hardware.radio@1.6.so	2210632	bc7ae8e3ae5c778854b34bfb20815498c04d286214bd8b9c8c1f8b4e943a381c	elf
lib64/android.hidl.base@1.0.so	118848	41d21514127558ad9d5fa29c0ed52b56d805c06a067fbb83410cc48138450cb8	elf
lib64/com.qualcomm.qti.ant@1.0.so	185968	feff874c98c34f527399fc4e3a7d155f18c716fd2213fe39a782fbb042dcc852	elf
lib64/com.qualcomm.qti.bluetooth_audio@1.0.so	253672	61713bd6e1ac2cd0bdce086a2c4c22c2f4ffaa123789b8ed31fa90224e4dc195	elf
lib64/com.qualcomm.qti.dpm.api@1.0.so	286472	b90e7a0ee42849f314087e294b6aa3e39f886c4b7de5409ffaf83c7f313e09fc	elf
lib64/com.qualcomm.qti.imscmservice@2.0.so	387336	dca946da9177afbf42bec6477954c60b25313a6e49f5c59759a0ae4663444c46	elf
lib64/com.qualcomm.qti.imscmservice@2.1.so	370176	9fc903df320ea3b20eb2a029f420d6073c6cc6711d545a5dd2ab9dafcbb23cdb	elf
lib64/com.qualcomm.qti.imscmservice@2.2.so	270112	b7ea578dffd5d62df2b75295f24b2471fe46a4ab7fb1a953b17e67ba447043ad	elf
lib64/com.qualcomm.qti.uceservice@2.0.so	588864	717d3bab150a379a8203671ca12d470dbbe2a97085ced8591789d0cfad39a65d	elf
lib64/com.qualcomm.qti.uceservice@2.1.so	538224	313d2c6b4b9c1b9ed604f88e0304949fffe367cca69ba0f6ac3208a4a70b713a	elf
lib64/com.qualcomm.qti.uceservice@2.2.so	504048	4ce5de7f52ddae7aeaa8fde46872b726332400df869bc748053006304bc0d769	elf
lib64/com.qualcomm.qti.uceservice@2.3.so	672344	5c5c203a7a0cc420a5805a70a25d86d00844a16f5c15fffcb6beb1060c80f993	elf
lib64/com.quicinc.cne.api@1.0.so	387272	d3c8d6a1e4b787fe7c5fa1593375c3b93e1439727e57054123dfba8067006ebd	elf
lib64/com.quicinc.cne.api@1.1.so	237584	51c59cea4a2f1d217d1264ce119ea2ce0bf4af219d8e7eef9eb39b14abd3d2d6	elf
lib64/com.quicinc.cne.constants@1.0.so	35336	add70ec4f4d1a26832b78b6d8019ad3a6e82ebb6ec98ac23ed581e64cde92ea6	elf
lib64/com.quicinc.cne.constants@2.0.so	35336	9344a76c158fcb337069d9efb3e65d68b8905d7efb54381b5b1f299ede94a4ee	elf
lib64/com.quicinc.cne.constants@2.1.so	51800	a583b217cbbe7a8aa27ed6f633230fd97ba312a1a647cbb1d2f30b26efe4a37a	elf
lib64/com.quicinc.cne.server@1.0.so	456264	f934c6770dba2ab43294a722cce2169cb296f63598e3a4c49a8af6aed76bfe90	elf
lib64/com.quicinc.cne.server@2.0.so	456216	63c3f23301501a3b54a9f0693bc9abe1486ac15b4f0b1118b1bc18bf65cd4139	elf
lib64/com.quicinc.cne.server@2.1.so	373576	023f15b78346baacebd3f6b2a1ee41fc5836e043f41a6c6cf102efcee07a4649	elf
lib64/com.quicinc.cne.server@2.2.so	406912	351307a91d2f02803b085149b43890a19ed35c4701e47d65722ffdd6a623c997	elf
lib64/drm/libdrmzteplugin.so	168888	042c8a25c181bcd031fcb8e5de00a7c52b851f59b3487f1c92ad90276b2c5d2c	elf
lib64/extractors/libmmparserextractor.so	135552	c19b4692308156f21e2ce1c43c6e8d6d1a356a81243fd82a70b2603353afca8c	elf
lib64/fm_helium.so	85384	31a61f6d3bc6caf4b1eb97aba63585c97cc5b8b7a6f571e9e51d06246b3da26b	elf
lib64/hw/vendor.qti.hardware.sigma_miracast@1.0-impl.so	36528	32bd99d77ebad87537da3ac9701d9e8196d1c02bbfef3ac29ea002dc28117587	elf
lib64/lib-imsvideocodec.so	167144	3a56bb81639650ec2b7a3e280c99b1b1269eef19205674dc4531df15d2484fb1	elf
lib64/lib-imsvt.so	409088	cf5c86f7164a3b7eeb61398a2f6ac881aa9902c92be8d31c55cf91c5bf9e7eb8	elf
lib64/lib-imsvtextutils.so	51456	8b7b05f0a86c0e2335ba61b51e021c52f703beca2e2d407133a863d1013f479b	elf
lib64/lib-imsvtutils.so	52136	1412f0cd97448cc8a2f72211be98f6b2c7bfce98467f721c3f320570c88c47e6	elf
lib64/libAGC_recpp.so	51776	82f6639f8c711bab3bc79c760cacf4af0c557b4fbe8bf167ef83ca6aa16dee86	elf
lib64/libANS_recpp.so	117464	35e43e73ffc9e2c9b0e66817ca66d269c318cff15503369ebe96c9d80ef6ad5c	elf
lib64/libAdaptiveEQ_recpp.so	68168	86e80cd882b456dc7b2c9fd2a65eee2e1d247ae1d579e2ccefadebd43d000b63	elf
lib64/libCompressor_recpp.so	51792	9e916d2f92d153df2ba7bf83cb9dc33375192e652038590dd052d1de5ea50da7	elf
lib64/libGPMTEEC_system.qti.so	69056	8ac8cca2b7c53de6c19707605e5187e09c568676c34fdb1c6912c6016bb038a7	elf
lib64/libGPQTEEC_system.qti.so	52248	2836bab2c0a60ec182850660339b85181a42d7315e7c70e518d81c51162341ce	elf
lib64/libGPTEE_system.qti.so	52280	7f95b8ebeb960ae4d318e9208288cbf761f8edad2d9fe48cf6d43344eb4df64b	elf
lib64/libHDR_recpp.so	51800	bcbcd0c985fbf7976bbfa43fe52857bbf9179451fbe2853f5bb4a061e194227f	elf
lib64/libHPFilter_recpp.so	51760	c3ede35bcd285f836c3754e617fa346e2a0ec3f12d56a28c3e8ef09e530e69bb	elf
lib64/libLimiter_recpp.so	68216	55d0799319769e6a886109b19492cc4834f123d9c7cb46f749a7c5e988a55d81	elf
lib64/libNtnJni.so	119512	b53603a7003eb406990dea717402d2e92fb2996c1c3436658850ed8e4b4419bc	elf
lib64/libOpenCL_system.so	287824	e1a29a6cabeff375c1a7b085a1b5af0819d32d745bd9d34453a8939f2a86faff	elf
lib64/libQSEEComAPI_system.so	102960	f68cb72a7e047597f70fba52bb303f043b828710f39812ddee04a0bab13f0092	elf
lib64/libQTEEConnector_system.so	102096	5bbb8f18148959b346c729114e6c5ae22a17f1fc0e2cdf73f4f8ec805b85cfd5	elf
lib64/libQmsNtnProto.so	416512	4c9afa6a1a2a1b25919e35179f9db165e783989fa52d7da2853fcdd00e6a183e	elf
lib64/libWNR.so	268048	06cd652ba0bba3b4c6e067173e4add24eb270eccfcf96dd8b421589f438917c2	elf
lib64/libWNR_intf.so	51904	bac4131e6d1d83a541932278078219f4fea15ca0e0d5c8d303355fe4b6f716bd	elf
lib64/libaudiohalvendorextn.so	69688	d9773c274808fbc50c6167cdb7e5dc6ab2b6f373c57de43f496ffba31bad111a	elf
lib64/libavenhancements.so	761424	a0d7324e3c488115124cc3c92c6a9e44bef5d5954d791e6ff7d837a51688083d	elf
lib64/libbeluga.so	51704	fb8666f2f20e90b3aa2c58ff7b0c61a97fc90d4e09316403748e7372bc4bf39d	elf
lib64/libbinauralrenderer_wrapper.qti.so	51576	66bc194b7c6dfcc147b6504a1cb93a58e829ae3e0538467fe15dc5d891f63934	elf
lib64/libblued_ext.so	51312	203e7930646921a8f7c49ce9508f8c897102164aa41b13ad35efe5add677da9b	elf
lib64/libcomposerextn.qti.so	403592	1d515d7ef65d09cd2a52fa21daca1154df0f27ecbe9c9ed67434b35cd3fb7eb1	elf
lib64/libcryptfs_hw.so	35736	bf569a96366c403e5fb03c36c296a170426174df79e74e02e95d9966510f03f2	elf
lib64/libdiag_system.qti.so	372280	a9ac8f302c6f0f3e126cc4a644e466c0aafcc9517ecdd152e50f1a606cb980dd	elf
lib64/libdiag_system.so	372280	2c59f5d195cd6e49eceeb73c4c0b60b3415250960e39b9e829c292ea057beb35	elf
lib64/libdiagatbparser_system.so	51992	baf4ae4b412a9411f914ab88a0bf78e5e493fe8024a9567362bf127382c618b6	elf
lib64/libdisplayconfig.system.qti.so	186168	a5c27c66c215bceec9d2102ef6425e959d21ceac21552df3f963033ecf27931f	elf
lib64/libdolphin.so	220928	49da910552ff35e74df716e35c29420c33bbcaabd344e3621207c77b0caab82e	elf
lib64/libdpmctmgr.so	85424	70ff3ada4305a1a6fe5da9b1d955adcbeb55dc344ef41ad48f7431d118d339d9	elf
lib64/libdpmfdmgr.so	68880	4f1f570b7db8215c790265f453337457fa87fc7695d7ffc280b3981688f9b855	elf
lib64/libdpmframework.so	301256	15c6b6bd19e84fce371340f271ef48d5b0c59f07e49e89fc4743740c74bf88d0	elf
lib64/libdpmtcm.so	85376	5d9d757de34aeca647f245125ad0978ade847b11add0b83856fdc81a48bdb863	elf
lib64/libembmsmmosal.so	51608	a46405b4f120809e03bad5dcd81634d33d4d538955e1b72dc4cf41c87da78aca	elf
lib64/libembmsmmparser_lite.so	709096	c056be619c87a16d9977d27e82c3102e27d7c488a3dc9633556353117c6b4959	elf
lib64/libembmstinyxml.so	101320	7bf2902f698d16e443dfc4081c028cf481ba8e577873b47e5e2afebcca5375c6	elf
lib64/libfm-hci.so	85720	2b1e5e714a0bc4cdfd6e3640d80606a0d21555adb92b709f446048ca35766a38	elf
lib64/libgralloc.system.qti.so	68952	a2004cedb869d0d60e35a255c89fa529a838ea6f30093d13503c5b49b150c1c3	elf
lib64/libhoaeffects.qti.so	51776	a7a104ae27f5c799960ad8045a38dacde0e5bfbf1cc9bd85422fbf503dd5e8d7	elf
lib64/libhoaeffects_csim.so	1326920	6740db1f1ba13c14ade70b858b00f8818b90f4549db35749412bb9a73928791b	elf
lib64/libimscamera_jni.so	52488	7db7b267f5a9598b52c9f728cb2867c95dbf315a698cffb8e033d7128c5b0026	elf
lib64/libimsmedia_jni.so	70488	625636a6bb590d3fe5f9f9f98c1cd8fc9df33825df6c4ddf6c0874c1a38509e6	elf
lib64/libjnihelpers.so	102392	23b9b8b57b91d65cdc00f3b1461c05b97718d03ebd93a852b1ce9c9489e49017	elf
lib64/libjpegdecoder_ext.so	52056	af9a4cc816ddb811d5f6dc54ad74d3ad5ef9fcce8f170db03aae50f5a6379179	elf
lib64/libjpegencoder_ext.so	51928	087b6afc694394b9b2f971f584ef33f3b2769ab9d9f0c90a2f08b0837b61af19	elf
lib64/liblayerext.qti.so	120544	995f52228c9af5c80e3b25d9c55266d69468af570203695fb427e3046ed09189	elf
lib64/liblistenjni.qti.so	150728	c15578a4bb75027ce670d5424c55159109d66a1d30e09d9d32613aeb91ceb705	elf
lib64/liblistensoundmodel2.qti.so	2102320	9dfac5e2233218ea037ddc2dcbdf8ce202a15b14d24f00caa77783d6438950a7	elf
lib64/liblsmclient.so	119808	9373b8e2c7e8d7762ff40c48323dd15c510aafc1739fce9756d6af3c097023a1	elf
lib64/libmediasp_jni.so	103168	2ee2e82bd967b9047818469a660912bdf10c4d458f2c4e0de6bacbcfb2c75481	elf
lib64/libmink-sock-native-api.so	52168	7b420e18f58cd0a383ffd2b48134a33966f86345994808f13080b23df1eb3f07	elf
lib64/libminkipcbinder_system.so	203096	abebc93aa4b5b121ad232efa673ab06c482b44cdaae7ab9a47446eb695f93596	elf
lib64/libminksocket_system.so	68904	5c21cc73d1cca321f7b3a7e13821da22dbc669be245a33b7c16a2aa16ee47d30	elf
lib64/libmiracastsystem.so	135944	6dd65b11c3c0bb3abf79d6546d1fa3ba5f85ea1c44e8373485f66aba10920607	elf
lib64/libmmQSM.so	348272	5eb254670909f130f473b205e17dafd77d9bf6e37c0d8f15559c862f738fdfc7	elf
lib64/libmmhttpstack.so	183040	184f5a121aea589bd6da583c1955779d4c723057ef345c12c48afa940adb580b	elf
lib64/libmmiipstreammmihttp.so	265440	2d6e0c537022d4300c6a7ac1f3e1147a2862c93a0efd2d9265d88dd6ca5e5d8f	elf
lib64/libmmipstreamnetwork.so	51616	e00b92811e93ab26369176f9b499ede2effcf084a2d837bad5aa81fe68bf1623	elf
lib64/libmmipstreamsourcehttp.so	1006472	bfc4c8044281060071733388d1b0c48cc7426491b313da1526bbed14f8280958	elf
lib64/libmmipstreamutils.so	84488	c346e9446664051812edd5862433c6224171c04cddf6afd760f9dcb60ba38360	elf
lib64/libmmosal.so	85664	616fa34e4abf85df5aba379bf221f7a2b9426f75817f4b82973cbc5e8907707f	elf
lib64/libmmparser_lite.so	1475616	e139a63e491583cd57875130455cb6e92819880d6c322b511c7f165c88f29693	elf
lib64/libmmrtpdecoder.so	134264	58bbc83c32dde8503a8a57e6309abe9486902907b36dae8cbb07437aca2123f3	elf
lib64/libmmrtpencoder.so	101336	362474e2e0af1147b838da8fb638de1f0021e6f97aa9785614304ff103678ffd	elf
lib64/libmodemapi.so	118968	390eb4369a2be4fa2325a0c3d53fa8b8634f959fc9db422e8bc7e62876f5f9e3	elf
lib64/libmsp.so	10487912	d576332e19f02c73df6d517526321fc9363e939928b8705cf753577efb1e0bbe	elf
lib64/libmwqemiptablemgr.so	68432	4f997c1d1c99892e7f4eb9038416b6b893d46d782e84f3e192e2b6d21edc8d75	elf
lib64/libntfs-3g.so	331752	7725c66cb59a25975384e99a5bc0fbc1e1a08dc3c26c53c3e53a4fb4555bbdba	elf
lib64/libpenguin.so	51560	dfb1c5eacdbf377b4a578a3f48307d9635bc9d87f789f7ff89e4d6dfa290f180	elf
lib64/libpenguin_impl.so	170328	4e9d67d9ba039d486736c42a1be57ee35653e16fbf3b9d3145707315c602aff9	elf
lib64/libqape.qti.so	52304	c66a3d3f6462395e725041b61dbdfbdd22a6750c49522d834039b8c150590a00	elf
lib64/libqcc.so	186136	c10105081e52caf223cbb36922bfd747abab2e8ed6cf311bb7f96b2f1d37fd1e	elf
lib64/libqcc_file_agent_sys.so	101624	efeec3ec2695e30390d283bca71a03b8094db0695db144d46a6e78548d841db6	elf
lib64/libqcc_netstats.so	51840	845042a57294d37acebe8221c82fffa7a769d5424cb41cb78813ab4a4af0157d	elf
lib64/libqccdme.so	622976	8468cca8ef7e5be9453b675f8c1ec231af93453ced0eba4de64c670942b8c687	elf
lib64/libqccfileservice.so	152912	3c0105225080251d17e7d6a6fde38f0c9bff208ee325d3831b29a272bf165d21	elf
lib64/libqcomfm_jni.so	86784	df328a3203f1dc0d015a202d241859b78a03801ea4fe0fb86a0ff52af798c774	elf
lib64/libqesdk_ndk_platform.qti.so	1181680	8cd74ed8b8a9706c2c2c95d7a627a5100fd7146c88ce8ee33d0ab32c84fb1564	elf
lib64/libqmi_cci_system.so	102216	b86dd5f252a4e3251d7748a624a38838080802f8032179c66516715d69c1701d	elf
lib64/libqmi_encdec_system.so	52016	333480c2bbd9fa5b3c4fbfb57e226d5027428c8fb0af687b319adae8e0c980dc	elf
lib64/libqms_ntnsatellite_sdk.so	185808	c4b39ca13f116de0ad5280e26a7e44e08da5251d3e844e8b60f3e2323e64da3a	elf
lib64/libqspm-mem-utils.so	51904	7a128389a24e25ae39cf3b8cc8656edc3badf7c46e451ba59835489199e6c8b6	elf
lib64/libqspmsvc.so	52488	9a536a4b391c04f900141969f928934d40ced2c34299b59d1e89799b62bca71d	elf
lib64/libqti-MemHal-client-system.so	52224	e32b933388eca24493cb9c28401e5a9caff2b871d04d12f8f95067dc4d41fc29	elf
lib64/libqti-at.so	35464	64014462ab9f9a48a7bcfcd62846e85d8fc3fa5a123cb377bdee7128f5958e76	elf
lib64/libqti-iopd-client_system.so	52072	608de609a3e3da84ca3a84d53e25fb990a637b5433feb2c5075612ee83116425	elf
lib64/libqti-perfd-client_system.so	119368	3f7c5e9b211fcef792ab2cb48fbda1a72591569b95479fa9231548e840b517df	elf
lib64/libqti_performance.so	69720	404b913c5646288e18702f681912b0581e7eb95d4ea0f12e26275e830a6177a2	elf
lib64/libqti_vndfwk_detect.so	35432	224217b65528afa2966ec4b8a8257e20d048fd1de545651b3690128570043e11	elf
lib64/libqti_vndfwk_detect_system.so	35432	4b3279d37296fc563393ba394cf6a3ea2a486d41792d67f0ba2106374c330a0b	elf
lib64/libqti_workloadclassifiermodel.so	52248	abeb321c13036f9c3cd23db2aa11e749984e32c24441399f9e29cc5e1f192b74	elf
lib64/libqxrsplitauxservice.qti.so	52248	76d565ed04d2a4f02ed706d8492a81370f38059e9d48507645b3d9c22f3455c0	elf
lib64/librecpp_intf.so	68352	36db7f16160745f31aa62d16260844252f61d01e7feed43828e6f4f0cc657163	elf
lib64/libsd_sdk_display.qti.so	52168	939a51cdd9f94478c26283e9b2a2e46124c808a7eb74b5a8711b508aaa453998	elf
lib64/libsdm-disp-apis.qti.so	69488	9b1e4c805a5393572d9b4bf671218a4b4de4cfd5d1ef53702824d306e772264d	elf
lib64/libsigmautils.so	52448	aa01118ea0d9ee4a855740a6861ccd27a5d9ad2e21cc3e1698297cf5d218e99c	elf
lib64/libskewknob_system.so	68280	56353e76cb6491f4c5f36864be76be08915862b9f62b152bc3a28a3854d35a2b	elf
lib64/libsmomoconfig.qti.so	35608	e39c07fc19e26c1bcfe06742b775a178455b83e5424ddb955ecdd2ad97200db7	elf
lib64/libstnfc_nci_jni.so	2668824	f4429ac117c6fdc4f2f8384102d988f1656c10c66809babd4c008acd64b3f319	elf
lib64/libstrategy.so	821224	778616b462e934b756c168218b07083b683e42a1ac45081ff4a239b90bdea2a4	elf
lib64/libsystemhelper_jni.so	136752	72ac7ad6ffb35f0406ccd375f8bac0a4db1c38060d8228ce360ba7922cb01720	elf
lib64/libthermalclient.qti.so	52296	f721c5c570a4f751eba883d90c57fc324a700e9b4df51c0233067e2c7bf5344b	elf
lib64/libtrigger-handler.so	52088	2f8349e48d4cf970db4dbda1f7bab47d1dca1fb23d24f43f5fe7f868ae9c9dfc	elf
lib64/libupdateprof.qti.so	52672	b50352778ecad714f4746823fbd91fede6276b426a8c24a0d3bd14707440d2d9	elf
lib64/libvendorutils.so	152280	add79be5a7451ae4f4b200435a6e2089c88a2013a9b24bffc99e1acd06103cfc	elf
lib64/libvndfwk_detect_jni.qti.so	51600	f23bec98fa21c1e28ec828a17437052b99e7886a3fc74e02b374581432c9bcea	elf
lib64/libvndfwk_detect_jni.qti_system.so	51600	63e869a466db6796c79d41d3b35fd508d7a9feb5791796bfccaa78f52d501d45	elf
lib64/libvr_amb_engine.so	1343608	aa7bbbfda30a55b2e19aab8aff591eecdf19c7a3bf1dc3d63023eab48ef9feeb	elf
lib64/libvr_object_engine.so	1343712	4a8c2c461679c24b9b63d46ed8722e1dceba3b977755e9ba920f44ddb0844730	elf
lib64/libwfdavenhancements.so	84936	539219ce293c1a392ecfbc15eb47ef77f7e5608822b2248cf6af3a40a9d9402f	elf
lib64/libwfdclient.so	234384	d94879bfe281ea88beeeed55b96406e53983ca96d16353142a72db4d203ebf93	elf
lib64/libwfdcommonutils.so	85112	1cd03ae662ba55c188b01f1d1fbec121701dfda11521d9e0403df6314a396d81	elf
lib64/libwfdconfigutils.so	151856	f804fb2570e02041e86afebe05badac4237f274ebf43f8da0f3ba1fd6c406386	elf
lib64/libwfddisplayconfig.so	52016	28dd91b2f7ccc7160d5f93fa288c6a4831dfba0d12d910daff2b5ee9d662256a	elf
lib64/libwfdmminterface.so	68304	1e8d0ff5a6edd9c47741412f72683418b90f6b1bd9f8463d92f86ecd85de5637	elf
lib64/libwfdmmsink.so	249192	a8c54493f191881f7e9958874008bbc2264360cf08c6a1116d1b850e71a5f9f4	elf
lib64/libwfdmmsrc_system.so	151520	08f25987f47de726582037936dfe56ae1a1e81ddbb34762ffc87fadf1c8cc2c3	elf
lib64/libwfdnative.so	219840	ecefa1781194eead3a67b6a0d2214c524e512e8e85eb8e4955cb67c536e5f670	elf
lib64/libwfdrtsp.so	497704	4f25b01518343984c5c08e88b66d060857b01b111e4942beeb87e5b8ac0b0f47	elf
lib64/libwfdservice.so	303216	9e19ebd7bb0cd8264c439a2aa842532cd3b031e19b2146c2427a5d1c0c251ed0	elf
lib64/libwfdsinksm.so	217416	13507ce7d1a6d1469eddce1432a57eeb9dabe105abbeec0184b1ec2b2487ecdc	elf
lib64/libwfduibcinterface.so	35360	1a69f8f8cd7a1bad4ccc06c12dce2fde455bd45634d491e4e8673d8b131a33e0	elf
lib64/libwfduibcsink.so	84680	a5c9afff7fe28df637585dbd3b5c58912c5944f53af5bc7a4953fdd359f0ea12	elf
lib64/libwfduibcsinkinterface.so	36072	d2753394c60d96fb729d4e9b07b78913960185d4d6c76e67c08e120ebea0d8e6	elf
lib64/libwfduibcsrc.so	85448	492047e22c8e0b44b6aad4f099dec8ecba4047f406ee5061e85bc6ee0d9d770b	elf
lib64/libwfduibcsrcinterface.so	36024	a4091260bebf0f92305442f3a54aab3cb30f00b00e0274d103f1ceabe1ee8bda	elf
lib64/libztedrmcore.so	232424	8da002877c5c63b86cc485c3206305777095c23c01c82a94b516b9e26c4ee580	elf
lib64/qti-audio-types-aidl-V1-ndk.so	51832	4441127623fa28d36bf8f530695da9db4eb001e70e444771f76852a7ac963d6b	elf
lib64/vendor.display.color@1.0.so	238344	5c6c1e5d27f45c77b892958413e737dc4b8cf971ce018005fb8043b4053d4982	elf
lib64/vendor.display.color@1.1.so	169760	566a6db5925d9bf1247e7ef01c5075912316c9ed44a5b39eff972bc8cdcb967c	elf
lib64/vendor.display.color@1.2.so	169968	051ad54bb2e42589e8c31f4c49e1efb5297313350f4a47dd28ab639f34f14626	elf
lib64/vendor.display.color@1.3.so	202832	cd41ed669310c4a3761f2d59548d86aba1df32fbb3cf4a2799a186922c8ded7b	elf
lib64/vendor.display.config@1.0.so	186928	6df640d07d5070cba1779322ee833c2f0a9fe477550b27bf95be7eecc3ec88c3	elf
lib64/vendor.display.config@1.1.so	152888	0cfc62815954ac2113a28eb6f67e8a9b95921ee8f847a1d789932b423b59e033	elf
lib64/vendor.display.config@1.2.so	152952	99282ac3c45149d64ff94ac5488e392fa61a9d8ffaf9347d368d562a8f22583b	elf
lib64/vendor.display.config@1.3.so	152984	5c978aac495ea3a89af1721c37ea90665b13c93e9062f20975fbd25789f1f110	elf
lib64/vendor.display.config@1.4.so	169568	bcc7a9a90f446ee4517a578c93129745f6e20445183850286222da0b28693e51	elf
lib64/vendor.display.config@1.5.so	169496	3f53fc567fbdb9e96d4601e6dec834a924c582970514f7df80c7f2730468edf1	elf
lib64/vendor.display.config@2.0.so	186496	320cde37eed99903f5fe64997cb5eb6aba46656ea6ff8b23734b9f2fdbb49ce1	elf
lib64/vendor.display.postproc@1.0.so	119688	d47bbadbe86ec31c98936f299970dc5a269445cf0fca6de640f4114bb7bee595	elf
lib64/vendor.qti.ImsRtpService-V1-ndk.so	135496	8a581ef31d068a0c1062b8bbe3aba2fdd22b94dcee7b0c9ca693eff07a97f8ae	elf
lib64/vendor.qti.ImsRtpService-V2-ndk.so	152064	6358d6a2940a1fefff56c686b74f6556c333c8a8c49ed4f12c4a48ea28491b27	elf
lib64/vendor.qti.data.dmapconsent-V1-ndk.so	102344	974c7ca2671ec1a039a502450484ba3f4b1b678e853e69a1c7752639d66629ee	elf
lib64/vendor.qti.data.dmapconsent-V2-ndk.so	102304	f88105ac3bbb26527122a623d3849c7d8117cd803c6b4a62565264a508aad8d9	elf
lib64/vendor.qti.data.factory@1.0.so	204504	b653a588e63a4b8bb01ab2fc1fb3f6b3e079fc6997a9d2781fdab6e05817c199	elf
lib64/vendor.qti.data.factory@2.0.so	204488	27de3fa5e3fcc5552038b9376facb55fd1d79d83c5d29f73f071c5b5122289a8	elf
lib64/vendor.qti.data.factory@2.1.so	187344	68e4b2e4902ed9b88f561f54efc2194dfd9e8f24c0a39a91fe246f49348fcfe1	elf
lib64/vendor.qti.data.factory@2.2.so	187160	e131d1580d8cca4e32f9fd927cf551c7f7ad450b1ce312f9584697a57d50aedb	elf
lib64/vendor.qti.data.factory@2.3.so	203880	79c3a4396b6c01abaa4e31e2da0162fa9c0ca1309a4c6028a66c9aac2ec98322	elf
lib64/vendor.qti.data.factory@2.4.so	204256	b7a6de99676c2bcfeb4f5a1c768539d39b4e8c637c550bb8d19d2f03479d9d34	elf
lib64/vendor.qti.data.factory@2.5.so	237624	215516831fa9e6f4da4be0b56fa43340dcf7b0c0fc7029d253d015d3c6fa6003	elf
lib64/vendor.qti.data.factory@2.6.so	254280	246fa07e61acc1aa26c2696ad58c1184fd77157bab31cb1e3d0b34ed9e299203	elf
lib64/vendor.qti.data.factory@2.7.so	237808	74d5f57233f6b3dca18d5f34f9b2aaffcd73c28c894a643fc265fea441079f29	elf
lib64/vendor.qti.data.factory@2.8.so	270680	38f5ea245e83ddf7672b3c8549a4ce045684ee576c0229df63a1fd0659347449	elf
lib64/vendor.qti.data.factoryservice-V1-ndk.so	102200	e4877b6c7cbe63b211f8f22c54c8826b139dbb7aa3654dc3d98d4e6ec630b762	elf
lib64/vendor.qti.data.factoryservice-V2-ndk.so	102200	264ddeb201465491c47df41229ccb2ee13397d89718cdb8a9c185fc3c525ebe9	elf
lib64/vendor.qti.data.mwqem@1.0.so	169400	2393db6a2c390b23db9988aa8af66cb65a5316f2e44debe8b5cb7bd622891edb	elf
lib64/vendor.qti.data.mwqemaidlservice-V1-ndk.so	85880	4be3f0d7c534bb3046d2373bb8fbe1427830c55216dc902b86b15e554a334a11	elf
lib64/vendor.qti.data.slm@1.0.so	169408	bd548003dd0ee764a5380ca140a55d7f038c08f5909f9858d2dd7759af57ef57	elf
lib64/vendor.qti.diaghal@1.0.so	185864	f0af30005f7b267ac3964dd35b1b6e739630d5c544585b75726e2bb6fb7dedc9	elf
lib64/vendor.qti.hardware.ListenSoundModel@1.0.so	323920	49298024234ebca8f4a81a242443c0093475908e63aea389ceef3f4042873788	elf
lib64/vendor.qti.hardware.alarm@1.0.so	135960	f0a896a71790695632566f8af7065feb93c6070a4819f176b66d26bc954966fa	elf
lib64/vendor.qti.hardware.btconfigstore@1.0.so	136376	5247ec46327c48f860deff5ae536601b1ad78d5171513648893ae3a3cc7553ef	elf
lib64/vendor.qti.hardware.btconfigstore@2.0.so	136600	2de1503c4a83ac8fd1112c2e0254d2ca27575bfb53b6774c7b4d1f5a95b15537	elf
lib64/vendor.qti.hardware.cacertaidlservice-V1-ndk.so	86152	1d754b3ce4896e6e4d8538bb29a3ccd19ea7b8ccacd61dd84a870b758d9b9a07	elf
lib64/vendor.qti.hardware.capabilityconfigstore@1.0.so	119776	baeba18410e78f504452d61c26473e388298c2c25abe74d71fba4a2f2c0ef0c2	elf
lib64/vendor.qti.hardware.cryptfshw@1.0.so	136032	a44601f97f596883e52c3a1b287e940170768eba64b7c183d0c8603be8a37b9a	elf
lib64/vendor.qti.hardware.cvp@1.0.so	856496	257a14dc17d2e71a914da22f2e525a07ac0498a5a90e0f1ae02522c9ba770fd6	elf
lib64/vendor.qti.hardware.data.cne.internal.api@1.0.so	320552	95c61614170dbf7275fe51d5dfd31c435c5400f60149803f81a512c3abd7346f	elf
lib64/vendor.qti.hardware.data.cne.internal.constants@1.0.so	35336	40b9375541ebbe052522873702466aa7e44cc471a660d2d501e7ca52a2cffba0	elf
lib64/vendor.qti.hardware.data.cne.internal.server@1.0.so	305544	03953cdc19b03df86578136a5c0723f79876870373cc7d85b5f987133751590e	elf
lib64/vendor.qti.hardware.data.cne.internal.server@1.1.so	288968	4123262330f0bc87f38d9fba5065a80e64a92ed485dea47d0287b7ba7bdbdea3	elf
lib64/vendor.qti.hardware.data.cne.internal.server@1.2.so	338888	5a656d55a5b35f0815033277c98cbfc4fe708d58a1bad235fb34aff08c439f04	elf
lib64/vendor.qti.hardware.data.cne.internal.server@1.3.so	339376	17f5b745e97213bff9b92d68f7c5f5743cf702030c65f03618b2911e31e91b86	elf
lib64/vendor.qti.hardware.data.cneaidlservice.internal.api-V1-ndk.so	119256	ca7666b80620342e62ec36617aa0f9023435b48a178af26c49441afdd6e07008	elf
lib64/vendor.qti.hardware.data.cneaidlservice.internal.constants-V1-ndk.so	51776	5f5c6b8de552638afe925199078a038336ce074d2724e9a30b0f0c4609607f0c	elf
lib64/vendor.qti.hardware.data.cneaidlservice.internal.server-V1-ndk.so	135872	51928a470ef1e95f304a74405277e1ec496e08ec71bc6d3037ca68542328b9f7	elf
lib64/vendor.qti.hardware.data.cneaidlservice.internal.server-V2-ndk.so	135928	3c599491cdb06462beffa86d379554731edaa5e3176763de48dedae5d8c7f35b	elf
lib64/vendor.qti.hardware.data.connection@1.0.so	236656	bc1a1343d032cc6a60dd48db9428498f4cb6b4581705db6dd6b5b071dda8f7c2	elf
lib64/vendor.qti.hardware.data.connection@1.1.so	136264	f2f702f3729426c4c94facb4d0a87fa446f64ef9b8cb65c6c0bef278b8376822	elf
lib64/vendor.qti.hardware.data.connectionfactory-V1-ndk.so	85640	8d92086484a110b926685dfd954009a8b37e5f51f6079cbc6bd513f77d3ea94b	elf
lib64/vendor.qti.hardware.data.dataactivity-V1-ndk.so	85760	5cb6d8ae354477abdd672a264d5f13d9851f2a1743369e530b74f60c274a9378	elf
lib64/vendor.qti.hardware.data.dynamicdds@1.0.so	369288	5703e34e813df042e0e95abbddce96135d49330a7edde9341b14b41c06dc3cf1	elf
lib64/vendor.qti.hardware.data.dynamicdds@1.1.so	136128	e303fc32c7694bfaaa0004efde8d56ee5089aa293452f8278633d7291d8f5516	elf
lib64/vendor.qti.hardware.data.dynamicddsaidlservice-V1-ndk.so	152320	20a753b7a40821adce75f8e2b8d62ab4c17c256a8881e714c2cd713a52be9f05	elf
lib64/vendor.qti.hardware.data.flow@1.0.so	269400	9a372ce27bb6253328e12612388820063a3c77a6b2858ac8452ea3eb16c14dd0	elf
lib64/vendor.qti.hardware.data.flow@1.1.so	136408	a5f86f0054861eca0ea09334ad75e9a3bf567579b02bca2a0fb3f8d83cf69fdc	elf
lib64/vendor.qti.hardware.data.flowaidlservice-V1-ndk.so	119120	d5e68891cc0e58074cb977fbd0e04bb136e0c828b532474a0b87e2d017e65502	elf
lib64/vendor.qti.hardware.data.iwlan@1.0.so	320544	120c7b2c3a743adf3ec66cba39c3575d996515ca418773c3c7600c96d93c371d	elf
lib64/vendor.qti.hardware.data.iwlan@1.1.so	337664	864fd0c0425bf2e91923f392b6d50dcae6adcdb86ac1d9e6db5a6ba73eaa1d7c	elf
lib64/vendor.qti.hardware.data.iwlandata-V1-ndk.so	136088	7f0461eb7cd383155b4ea71c8d55cba3e13f0fa8d403d1a59f8f30b06e64dff6	elf
lib64/vendor.qti.hardware.data.ka-V1-ndk.so	102368	c5c64d9d864cf9711ea1835af57cad91e0046a74514970e0e5ada473b729cd9c	elf
lib64/vendor.qti.hardware.data.latency@1.0.so	236520	5f54a39d22ff4ea49c0e32be1aa865b8136c875fd3e3778aa32e54e7a0e5a082	elf
lib64/vendor.qti.hardware.data.lce@1.0.so	252480	add3e5fffdc25dffa97b96eea2c65375b1be78da9231bb9a7b16b861bc1761a5	elf
lib64/vendor.qti.hardware.data.lceaidlservice-V1-ndk.so	102496	288586b5b5d66ff1f36b61874f8d98dc07566924d66b54d148468ca94d96897c	elf
lib64/vendor.qti.hardware.data.qmi@1.0.so	254056	ef592c980f0d0eab16b378aae23e65dd912c5fdd5730e9647fa2f16abb9aff23	elf
lib64/vendor.qti.hardware.data.qmiaidlservice-V1-ndk.so	119088	362218a47ac9a269f776e8db60d35088c00814c5b49c15f1ca26627f427508a9	elf
lib64/vendor.qti.hardware.display.composer@3.0.so	337408	b8ca368c119738837734ef02ecbee318bae82e08476b28eebc2b049fc1578b9f	elf
lib64/vendor.qti.hardware.display.composer@3.1.so	354752	be2cb68eb7a34f6b061fe6d2c74ae68b464ba2d1a842fb6b9af20003dbf65112	elf
lib64/vendor.qti.hardware.display.config-V1-ndk.so	168520	6b820417879f73cccd892cbe327f8d154de095381f3255b5cda8d8df2ea7c731	elf
lib64/vendor.qti.hardware.display.config-V10-ndk.so	185080	47fe82a40b73e09b733375658b90db0c42e523cb5f35b95e04de3060998901a2	elf
lib64/vendor.qti.hardware.display.config-V11-ndk.so	185064	4d3201c05c052009260774e8c997935f108365f0d4859e10ad7f89d17d26d5b1	elf
lib64/vendor.qti.hardware.display.config-V12-ndk.so	185080	df5fbc35e1cb883801b8c7cc8774d6ef064734ef53d61a443f319d4cea929ba4	elf
lib64/vendor.qti.hardware.display.config-V13-ndk.so	218072	18a23a74d60612c52c9eeaa943b888db0d3d5ea86cdda081ba5be17db25dcecc	elf
lib64/vendor.qti.hardware.display.config-V2-ndk.so	168552	40d1ddd0c3e86e371131b866398dd05720dd9332de333589f9801bf86bd1fc4e	elf
lib64/vendor.qti.hardware.display.config-V3-ndk.so	168560	9108d40745a899e202bb92ad9a89c10197e5ad2412d96e708647d73068c77382	elf
lib64/vendor.qti.hardware.display.config-V4-ndk.so	168568	985c76562397db4b0879466cc006504a7fd8cd702f3331a3cb7f6e07621dbaf0	elf
lib64/vendor.qti.hardware.display.config-V5-ndk.so	168576	6a574398ded7a3c62a20fae5654b2dd76b430a8d7a61252ef9de8707cdb6c879	elf
lib64/vendor.qti.hardware.display.config-V6-ndk.so	168584	153f6ca9253dc70de5c67cdedbfa196caf6523ee30499e954c0adb72772ad4dd	elf
lib64/vendor.qti.hardware.display.config-V7-ndk.so	184976	3c1c5c7df181f52946a7be9091332d617bf06e8a4ebeed2306a133a5a6415c1c	elf
lib64/vendor.qti.hardware.display.config-V8-ndk.so	184984	486732b0ffc197f99fc01b3d97a9979e94a32c074c4ba7510b2e2a73254ecd5b	elf
lib64/vendor.qti.hardware.display.config-V9-ndk.so	185040	950aae41f2e2a4165d9e850ac21c24d61451be65c01ccdb60c29e024fbe3d03a	elf
lib64/vendor.qti.hardware.dpmaidlservice-V1-ndk.so	118936	0f75ccb246705103ad96e3a78925ad98809b22a44934a9d9495216426ded8c3b	elf
lib64/vendor.qti.hardware.dpmservice@1.0.so	254240	0d73082e7da4c0941adb120f4c80e3dc34f084b174dc8917e97648c4c1ad5a45	elf
lib64/vendor.qti.hardware.dpmservice@1.1.so	170528	dc8f46739e3115551c04c39dbc49995e4f916654092d3c5bcdfe1d8955e1278e	elf
lib64/vendor.qti.hardware.embmssl@1.0.so	489264	dc446c5e737e9477da304e53158912612e01b8fe138cbfc10c6a33bcc6795f62	elf
lib64/vendor.qti.hardware.embmssl@1.1.so	423392	9f090bf782e5fa5b60c8c5beffd9b1c9c5fa109674eb4b06204d4c5902050d7f	elf
lib64/vendor.qti.hardware.embmsslaidl-V2-ndk.so	185360	879fe2cd2309a997725f8b2e1bd13c8e99b67831bed29a3a323f5c8a82145061	elf
lib64/vendor.qti.hardware.fingerprint@1.0.so	539120	238660efdd681d475372005f4a35ace42bdf30c4cac0effd098a19ed585803e4	elf
lib64/vendor.qti.hardware.fm@1.0.so	169480	d0b1c4c502b374a22e53f4ce5fda753d5a24ea08f9492a61a088462a34a79a52	elf
lib64/vendor.qti.hardware.iop@2.0.so	136176	45e5401c43125c31a581f4a2f2b6012529fefb91f1542a95438f97da0829c7ce	elf
lib64/vendor.qti.hardware.limits@1.0.so	136136	ec6171d745fd672ea67566b138dcb7c9a1af30a5da8ca8a198293ffb67f8ef39	elf
lib64/vendor.qti.hardware.limits@1.1.so	186472	7ccdf5e1ee06f36521a4d05dd60f0928742b26a6c3876b2a94f1da7fcc0ee794	elf
lib64/vendor.qti.hardware.minkipcbinder-V1-ndk.so	85976	9916563c3b3f029b91189e05741e5833d1e6eafd80723ca7de89a71020d8353d	elf
lib64/vendor.qti.hardware.mwqemadapter@1.0.so	203416	d17fa485330540e15742937d624188adf9242f38ab43c556655b6e92ae90a87e	elf
lib64/vendor.qti.hardware.mwqemadapteraidlservice-V1-ndk.so	102384	defd710b1c7e33297289832106cba13af7e9183004acd92096ef9eac5e596e5d	elf
lib64/vendor.qti.hardware.perf@2.0.so	136520	df8ff006a9c6f7de4c4a16cf1f6116a4089f0db0b409cc21c490452f2e82c1ba	elf
lib64/vendor.qti.hardware.perf@2.1.so	186184	c7e47e0935d89a0132c60844a082c108a4bc46dc67d3a1172ce5c1230d00fbb1	elf
lib64/vendor.qti.hardware.perf@2.2.so	152824	78ceb063c226dffb7e00d1377af2a3127a2e9e14c1ab5d0cad2565b06cf7ac94	elf
lib64/vendor.qti.hardware.perf@2.3.so	152824	32b46558b17002c8293115eeff8e4010a53e7e6e53ca325d353bac65b74b9e4f	elf
lib64/vendor.qti.hardware.qccsyshal@1.0.so	236464	a69d333772f6cc0f465cbc0e62add5ea29a74f7351dec99c00679bbbc1615e73	elf
lib64/vendor.qti.hardware.qccsyshal@1.1.so	236480	6f38f4cb6c7187292964da9883b3c44568931160603750ac16e6a9d966e6949d	elf
lib64/vendor.qti.hardware.qccsyshal@1.2-halimpl.so	185592	6f257feb7b60d5855fbdf6899a903e89401b5f357e10b826d6801016dbdebe66	elf
lib64/vendor.qti.hardware.qccsyshal@1.2.so	319592	c1dad40ff69bc739e2859880017701ffb89cf1d41fb81263a569e7242ab061a5	elf
lib64/vendor.qti.hardware.qccvndhal@1.0.so	153104	7a7f971efacf402f23aa8899c94e31726d4b4e9908cea9746b82a6ea91b9b532	elf
lib64/vendor.qti.hardware.qdutils_disp@1.0.so	119848	f023909a47d64aaae4720c554bbd145351e43f9c7e26bab20012e918179ea46d	elf
lib64/vendor.qti.hardware.qseecom-V1-ndk.so	119120	1a1d46298563f62aa8e9044676bb75ceacf1f80423e6151bc0fdf4af78304944	elf
lib64/vendor.qti.hardware.qseecom@1.0.so	186488	b28cb123991388f8738e3705dc8d0588595b057aacda51c9220c8ea5258b99ab	elf
lib64/vendor.qti.hardware.qteeconnector-V1-ndk.so	136336	c286f1891eb4036e1ab1b1d6c0c976a2135f02d92598f726f2fb560d543f117f	elf
lib64/vendor.qti.hardware.qteeconnector@1.0.so	320208	95cda361234d7cc95cacee874a825dc726b574bfa8f2c25b5583c14e722d7777	elf
lib64/vendor.qti.hardware.qxr-V1-ndk.so	135464	a6d4e9ffd65223ab4b0bac843ffab455304657039eebee2bc9b65f34ccf4eecc	elf
lib64/vendor.qti.hardware.radio.am@1.0.so	186136	cab8337339ca270a208cfdfeab9c7c3fa85c27000e7f5dc5820fd88a00f7b937	elf
lib64/vendor.qti.hardware.radio.ims@1.0.so	742344	67acc204a9e718e2c4d16e41c599e6d2119015e3562a1d023a7777a67db90f67	elf
lib64/vendor.qti.hardware.radio.ims@1.1.so	406688	dc38d84f4bf8f27d5cb0f2bec4b46bb9272ae16d180c75252a6bce435b844ad5	elf
lib64/vendor.qti.hardware.radio.ims@1.2.so	659056	226fc2b08e9e9aa0bc7f492e6f2e7421e45f148c7f53ccdc91caaad1b3a41d9e	elf
lib64/vendor.qti.hardware.radio.ims@1.3.so	676064	a0a0544bcdadb48c2dbe61946a0eb46cafca46fdccbca2634f876cd60e727902	elf
lib64/vendor.qti.hardware.radio.ims@1.4.so	726656	80efe5f3947e226915994626a80a14727e64091a5cd9f7bdb1d99313a807c7a4	elf
lib64/vendor.qti.hardware.radio.ims@1.5.so	793664	18bae9b78826693844f15039b934278eb0fc7fa5bdd02e12f73bd683e733eeac	elf
lib64/vendor.qti.hardware.radio.ims@1.6.so	912112	60e991667cfebc9bcd23ac52d4e940c076e23e063b85880201cb57e12396e4a5	elf
lib64/vendor.qti.hardware.radio.ims@1.7.so	911488	84c7da22e9fad08b7af116eab416088fafc4e0367d21adb8f6f90403a0e7468b	elf
lib64/vendor.qti.hardware.radio.ims@1.8.so	961632	69674e8208aa059bac825125d70e9c28d171db4e164ee38e0b350514f83a2df8	elf
lib64/vendor.qti.hardware.radio.ims@1.9.so	994784	c3065d7ceec5bad7f552066a60689aff8c2918f0b4c3c404b31986967eb77f99	elf
lib64/vendor.qti.hardware.radio.lpa@1.0.so	270064	45677b046f75c88a7543aebd117927b309c052849108566f0c00d6339cbe71ff	elf
lib64/vendor.qti.hardware.radio.lpa@1.1.so	203224	9d83c7a8e134c28d745fe4a7027e1a09f2c40b71da3a77edf827a7a5da0ca3b3	elf
lib64/vendor.qti.hardware.radio.lpa@1.2.so	203312	55ac15784bf4c0f4153d69e34fd726dfe9514fecdb9ff8ded3f42d257f533fd5	elf
lib64/vendor.qti.hardware.radio.lpa@1.3.so	220352	4a639a3a4d7e66310d753dd581c0ba3dd78338d2b300f23e7add526679cef422	elf
lib64/vendor.qti.hardware.radio.qtiradio@1.0.so	219656	4674b9a68c9fc3cc72e30c3f608e1566d94e67ef58df54a656165784b2c07e0d	elf
lib64/vendor.qti.hardware.radio.qtiradio@2.0.so	336896	f0f2917c32f24d5bab9981b0e7112969bf8239c9f14f2e85d1e66cda59033699	elf
lib64/vendor.qti.hardware.radio.qtiradio@2.1.so	353584	9e4a3a1838ea99d0d68e42159befa6261c3576ed535da21bc8f10d14bb005100	elf
lib64/vendor.qti.hardware.radio.qtiradio@2.2.so	353912	7d01d187468d0706fd43391e02ffa88b21bf1622b659e9065bb2f5a352c0f787	elf
lib64/vendor.qti.hardware.radio.qtiradio@2.3.so	320424	0d3097c056ada04eaad73e2ec6d3d9ae4599590061197388f4309bccfb25bfa7	elf
lib64/vendor.qti.hardware.radio.qtiradio@2.4.so	336824	ffbbfb0f897b46f38d4ce9e81167ee0634a1465411df863eea0cce80395de977	elf
lib64/vendor.qti.hardware.radio.qtiradio@2.5.so	453824	3aca57354bbe39027a81162cc2700f2a56dc888112838ba125176d070a50ca8f	elf
lib64/vendor.qti.hardware.radio.qtiradio@2.6.so	369952	c48d0c45b4510495ce0bca08fa598dafdbee6ce8056336a21ebeb39eabf4ee0a	elf
lib64/vendor.qti.hardware.radio.qtiradio@2.7.so	536600	34ef7fa5d2be86006f65c4ba806f569d247e6390293a2b587c6d441e0734fe11	elf
lib64/vendor.qti.hardware.radio.uim@1.0.so	236208	0f936e6d6436490b9e86a6c25766cd70f6ae91be1ee644ddc3d2006a43669209	elf
lib64/vendor.qti.hardware.radio.uim@1.1.so	186600	68db0b3c84080c41a91bf2ddbcaff1f02348556730b2ec8e35a5c6586ae7add3	elf
lib64/vendor.qti.hardware.radio.uim@1.2.so	220464	1b2c50e568bfc62f80b5beca43c6810a57e65c9f6eecff4885763fbd56cac5c4	elf
lib64/vendor.qti.hardware.radio.uim_remote_client@1.0.so	286640	2ccd6c6e030ce0db80f63a3fb49e79fa5075ddfcb80081b7c2454b42736664da	elf
lib64/vendor.qti.hardware.radio.uim_remote_client@1.1.so	152960	a649d02228232e592fb1b053199b42ec41ef9408b7f43e875e070bcb5fd6ac8c	elf
lib64/vendor.qti.hardware.radio.uim_remote_client@1.2.so	153160	abe15320ffded80e830b34543414f61d3ac2e361321e4ded6187bb28a2902d77	elf
lib64/vendor.qti.hardware.radio.uim_remote_server@1.0.so	336824	607651ff40bca100112b9a9919f3b192957e1df914eb152cf4cc77f021ed517e	elf
lib64/vendor.qti.hardware.seccam@1.0.so	119760	570e13222274a37a0ac42b58ace6d6a2789d2b4a54972264d0d05ae254878592	elf
lib64/vendor.qti.hardware.secureprocessor.common@1.0.so	35336	673eafe8617e2886b2942481f513680b9e19027d47dedabdf8292b3374b424ff	elf
lib64/vendor.qti.hardware.secureprocessor.config@1.0.so	35336	e47a767ec0c8fe8d1f5591722a252a6b2c54ab291aedc9b3a41b77d23d0992c0	elf
lib64/vendor.qti.hardware.secureprocessor.device@1.0.so	136640	c52cefdfd76f79df26876b6c7c5ecf3dd856773d188edea40ec9d226557c10ff	elf
lib64/vendor.qti.hardware.sigma_miracast@1.0-halimpl.so	51496	c8801748a89e1d725885f3790d850f052a436377e7baa0ba9651259e259c5abd	elf
lib64/vendor.qti.hardware.sigma_miracast@1.0.so	136536	8b5d9dfab5c9f80a49af82bd479efb2ce2a1e64a8606531d92fe16ec17f6f97d	elf
lib64/vendor.qti.hardware.sigma_miracast_aidl-V1-ndk.so	85944	9de89730a0561c0f872e68282d3372d758b7ad83be0a069a069818034173c561	elf
lib64/vendor.qti.hardware.sigma_miracast_aidl-halimpl.so	52000	6cfec3f6a227e3f741e7ea8cb9ba85c39a3e0b3a87d4f9bafadec9ab430603f8	elf
lib64/vendor.qti.hardware.slmadapter@1.0.so	203280	2b943d7c98728c8059f82bde556152e1f7dc7fb8ea6620820cb2ec7885d5167d	elf
lib64/vendor.qti.hardware.systemhelper@1.0.so	253144	61fb3a30787b691c6ad7b7b5a5da5a916e54eefdbfc4babc815d5a3ea6d313f8	elf
lib64/vendor.qti.hardware.trustedui-V1-ndk.so	135656	16ac98d419847756a353fff491b03f38d1964a781bf73f857b1ad10fbe96b392	elf
lib64/vendor.qti.hardware.trustedui@1.0.so	336472	386111af9928cc5cc6488ae0460f84215647568a8677dd828e6a6f614d0ed340	elf
lib64/vendor.qti.hardware.vpp-V1-ndk.so	185736	c2bdf04dbb5697ed6478f30330b9b4c9a631e2937e6e67a0df13cbdbdded7c68	elf
lib64/vendor.qti.hardware.vpp@1.1.so	252936	ea5c869d5a34a89ece151c3c28470c48465d9726c8b3e10db506e5eb196b2f07	elf
lib64/vendor.qti.hardware.wifidisplaysession@1.0.so	752632	911c379e8d297b03269f1a5889f60b325aeacddde08ba78ac81cd5ab95399776	elf
lib64/vendor.qti.hardware.wifidisplaysession_aidl-V1-ndk.so	301296	0fbf6224d11c8913f5786fd7239bce94a8848cfdccc0469cafb31bfa6644b7d2	elf
lib64/vendor.qti.hardware.wigig.netperftuner@1.0.so	119896	11c47d71b69d49d432caf5a812cac7cf71c1f2d70a5fe4804c48d8d14392216e	elf
lib64/vendor.qti.hardware.wigig.supptunnel@1.0.so	270184	1156cf7dfdd505f11c7a22fbac7a4fe179c42ecc59a3e9b02ca12b43c2938b12	elf
lib64/vendor.qti.ims.callcapability@1.0.so	169640	96c722c33e2f38124a848445b37e8c95e697c4049d3aaf6453ed6deea2514b8a	elf
lib64/vendor.qti.ims.callcapabilityaidlservice-V1-ndk.so	86160	451bbc53d8e13f9b8cdc756f8b1d64a3740d2bbb847818c094790ac4b0f01260	elf
lib64/vendor.qti.ims.callinfo@1.0.so	169552	2fe14a0ef942b40c68ba25402bdcd7ad49c18ebb226fb26ebd26c29de0733c8e	elf
lib64/vendor.qti.ims.configaidlservice-V1-ndk.so	135760	7ccf98850ce5572565347ca28e4eb822b707fd1b46cc7858f693f2fc75f60ff8	elf
lib64/vendor.qti.ims.configservice@1.0.so	254016	1dc2d6305508ffb0759415e8338654fcd9b77fd4579ba92dfc754944aba5dc63	elf
lib64/vendor.qti.ims.configservice@1.1.so	237072	79e9e053d063b8b71431e297d1142c95a4a4984fe4369cd076b69cab5cb9a573	elf
lib64/vendor.qti.ims.connection@1.0.so	186776	634fbc98ce4c9db44cf3cdf8218efdf3603a33aa25899d7738b426af8763e708	elf
lib64/vendor.qti.ims.connectionaidlservice-V1-ndk.so	102800	ef63d8dded1ffe3417da58bba30b2ab819cc5683e9b4090eeba7156980495ab8	elf
lib64/vendor.qti.ims.datachannelservice-V1-ndk.so	185560	cd1ffebb9002e398ba07bdea75441e6e800dc1da9b658f76f7b7c3d9aa1c3628	elf
lib64/vendor.qti.ims.datachannelservice-V2-ndk.so	202056	604dc37f6b1d81bf10185549b420d4f63475dea196762147008efa084bcbceed	elf
lib64/vendor.qti.ims.datachannelservice-V3-ndk.so	202144	fbba527731e76a66b0f18d833bbd3b6f08c393a9f4a2dcd52245159dab8b10fe	elf
lib64/vendor.qti.ims.factory@1.0.so	153320	abd469d64cd62b3559128a148c840e8866eaaa2870e800df3fc22f9963e7b162	elf
lib64/vendor.qti.ims.factory@1.1.so	153288	89c2528bf8d96136405e0cf1cf42e7b7d8a910d87866fee0a38ecc1f436cd976	elf
lib64/vendor.qti.ims.factory@2.0.so	204304	c466339c8a5795257c72d3d2397d70bb0a7ddcd2054ef98a0534aa6020bfa990	elf
lib64/vendor.qti.ims.factory@2.1.so	204120	7e6bd28c113613e7e3fcb674405f24c5ad4ea1b9af133af62d01fd79d6ace4e0	elf
lib64/vendor.qti.ims.factory@2.2.so	204144	de7774fd83684155101476b479389cfe0c48cac6e4984db679526c1dd79fdc13	elf
lib64/vendor.qti.ims.factoryaidlservice-V1-ndk.so	85736	d38bc76f9900a52a0f406fe9d34a4cfb0eb25aece735482f0c9fae68224bcfd6	elf
lib64/vendor.qti.ims.imscmaidlservice-V1-ndk.so	168976	e523122c115aa5f6a12d68d86f755d13280e32d6096a0d1ba8857aa1b8fad6eb	elf
lib64/vendor.qti.ims.rcsconfig@1.0.so	219584	5fdc7e6d2476a3fdc1591eae8df3d674caa2eb696d65e61e927a8729f945649d	elf
lib64/vendor.qti.ims.rcsconfig@1.1.so	269768	f19c4fe8c0c74751c44de900509f1a15ddbc969e29d5330205de3b6eb155823b	elf
lib64/vendor.qti.ims.rcsconfig@2.0.so	436216	d76dd377ac6f2d45757a71b44215a0ddff5d408c86052c842cb91394c3eca9fa	elf
lib64/vendor.qti.ims.rcsconfig@2.1.so	219952	e2f938a7b4897fbffa963c229e736fea72017dd3534206655e36b2f327c05191	elf
lib64/vendor.qti.ims.rcssip@1.0.so	420896	f310f1af4bf971847a161b5f5808c04aa3db83d704b00c16d80701bdbb7af23c	elf
lib64/vendor.qti.ims.rcssip@1.1.so	320672	66888e3c240c9a0fa05c18e9250cbd158c1b4b7577421f7d012935d06dfbba02	elf
lib64/vendor.qti.ims.rcssip@1.2.so	337472	bb22a6bd558a7596249227ab3f3210da8db89979b80bcbfe3224649e87408add	elf
lib64/vendor.qti.ims.rcssipaidlservice-V1-ndk.so	169056	bb4aa9bf1327e6d3806f92f873463fca5dfff52976f3d05b14f9754e49c7560e	elf
lib64/vendor.qti.ims.rcsuce@1.0.so	386936	d5c55d92b7a4867c09de7801f0857353b36a7d467b2403566010ac4baf7b3364	elf
lib64/vendor.qti.ims.rcsuce@1.1.so	220736	16d7009ec71d8d1023e9090c4ec0dee99c021ef6543a0eb00a698de293dd5698	elf
lib64/vendor.qti.ims.rcsuce@1.2.so	220880	66c2c2080952de5051467bfd6c24668da60fc6c8372ed938cd5f08b346f19836	elf
lib64/vendor.qti.ims.rcsuceaidlservice-V1-ndk.so	135984	754b97bec1bf1d05ff2a71fb11918ced158bacabf026a6338a0d6b2d0a334851	elf
lib64/vendor.qti.ims.uceaidlservice-V1-ndk.so	235400	7f912b241cabedb86638b23be1bce3c511e809631acf6cc43b618af22f6d5072	elf
lib64/vendor.qti.imsrtpservice@3.0.so	269368	1288d29b87b457b8bf172f748c14ab50244a8d57b9ffddad8ac642b72e25f81b	elf
lib64/vendor.qti.imsrtpservice@3.1.so	236112	741aa55f8032cd754f7c863e571b1719b340b4e5d9ca2d2d2b36f75293677c6d	elf
lib64/vendor.qti.latency@2.0.so	169592	f1147b0246ffbc10bf3459cbe1dfcf4b4fbd3a6852216910a0fa369e7be648c1	elf
lib64/vendor.qti.latency@2.1.so	119648	98ad3461b9c971e222880adc8f7f9d4ab8340c13227356bc1bafe44a35bb4c4e	elf
lib64/vendor.qti.latency@2.2.so	252816	d5b8d2761c8a032f15a36b8f04b270eba9d3fdad2a065b4711118b799e4fdfe1	elf
lib64/vendor.qti.latency@2.3.so	152960	7d37c527bb5916566d21e207136ecbcd04ae060c23f51cfc7eb0b15870bb5d32	elf
lib64/vendor.qti.latencyaidlservice-V1-ndk.so	135808	77591e952d1fad96d98de86976597583d20a0f7bc654ee655cf92bf3b69e83e0	elf
lib64/vendor.qti.mstatservice@1.0.so	136312	cc73bb0215f4663c5923870d04a9740bae6ca4d7e17cc3f16a908ce2a48aa1b9	elf
lib64/vendor.qti.qccsyshal_aidl-V1-ndk.so	135880	42e9de0687562ce8a8862c50642f44296ac6db65e171a481c571e18079653a6a	elf
lib64/vendor.qti.qccsyshal_aidl-halimpl.so	102568	7bee027ff2cb56e257f89abe03e549a8d84f3fe20f57c863cbdfa9c41210b5ba	elf
lib64/vendor.qti.qccvndhal_aidl-V1-ndk.so	86104	530048bd8f775640efd7a6419067899ab9ca06c80c646342c081e23df0bab373	elf
lib64/vendor.qti.qesdhal@1.0.so	270160	c8d88a84eaea64110b7805899b6e74ed60c1351722952c43e60f5f375b4c8256	elf
lib64/vendor.qti.qesdhal@1.1.so	203568	cb3896d70c4b39498ae2fc369b61c8e72fc350896e327ed6f13ea512646edc44	elf
lib64/vendor.qti.qesdhal@1.2.so	169840	449c387e8bd562477260e1f76b0d004550427acd0080b081eb5cb17794e72c95	elf
lib64/vendor.qti.qesdhalaidl-V2-ndk.so	102472	05404d50959d118b1a9107d39f1e0fa66249c6ba1b6e1172dc9cb97cf02318d9	elf
lib64/vendor.qti.qspmhal-V1-ndk.so	85752	a90c1a1213df8886341721e572105551c64ea8fb31df9aa217a8e979bb7e5b25	elf
lib64/vendor.qti.qspmhal@1.0.so	136480	8fc361b76c8554634805736a64067cbbf0b9e68b7fc10b2f305f3d381038f7b3	elf
overlay/ConnectivityResOverlay.apk	8542	e58f3786e198b448cdb569c96c5743c41926ed3daf4b884f6dd7a3219f2984e6	zip/apk/jar
overlay/Weather_ZTE_Overlay/Weather_ZTE_Overlay.apk	1739860	e59abe5f7977734187274e5f9a96a9cd705306be5a90bb295bec26f7a9485c58	zip/apk/jar
overlay/WifiResOverlay.apk	12638	b440a931135caa7de19258a49a6b8b9ead76cbf88f0f8653c91d71ada117fb56	zip/apk/jar
priv-app/AvatarPicker/AvatarPicker.apk	6737297	90a4cecfa29431cf7ae87f9678ad6082f0324f4528830e43e0e0b6c2c1f01efa	zip/apk/jar
priv-app/CarrierConfig/CarrierConfig.apk	273346	5200984e76b06fdd9b4c1920a56007852876318e09ea1abb9a492166a56e3464	zip/apk/jar
priv-app/DoubleLay_Abroad/DoubleLay_Abroad.apk	22236828	6efe0d30169f453f48df55e224659f93fb7b3dbd41cc5b9cecb21ba6cf84a7db	zip/apk/jar
priv-app/EmergencyInfoGms/EmergencyInfoGms.apk	3598759	2563923a52ca7d35bd226c2320a6e2d129730effdbbcdf346c2827e2dec3ff3b	zip/apk/jar
priv-app/GoogleFeedback/GoogleFeedback.apk	528152	3bb5dc3386fb84202002cb11d3be54930f675ec981843c4d5a902ed5110e5204	zip/apk/jar
priv-app/GoogleServicesFramework/GoogleServicesFramework.apk	4387851	d8b508e7e989e041d4302075b457481ccc2e8c15f7b023e902f48f159e4e8e70	zip/apk/jar
priv-app/Launcher_MFV_abroad/Launcher_MFV_abroad.apk	28445846	dc7c2819a96b965667cca6ee878c5879f97191808ff09701e5184b6287a2479d	zip/apk/jar
priv-app/NookModemService/NookModemService.apk	123294	fbee25cbd1cb22b173f04cdc3e91a72106e645d98d70f78bfe548ea1dc95db54	zip/apk/jar
priv-app/QAS_DVC_MSP/QAS_DVC_MSP.apk	2399210	aa7d59378687e6304b352c19c0c31d221ce9519b010f80bfffa358771d62539a	zip/apk/jar
priv-app/QtiTelephony/QtiTelephony.apk	2035243	576addb8940b756f5436544d4db67a874d8d0390790c7f9ae2ae553627222e15	zip/apk/jar
priv-app/QualcommVoiceActivation/QualcommVoiceActivation.apk	32234622	4e4cbd65cbfafdf9450997789b9f433f6e735f050fceba51f71d550312834f5d	zip/apk/jar
priv-app/Settings_MFV_abroad/Settings_MFV_abroad.apk	172991750	2b90bc67d5f83742d41457e17ccf05d85204969d778b354a568a872da1b5349d	zip/apk/jar
priv-app/SetupWizard/SetupWizard.apk	17703424	6e03f836bd3fd9960d49ffb711559478d8d681547b61ee50527fe1d0c602e272	zip/apk/jar
priv-app/StorageManager/StorageManager.apk	10533772	9205c6c512924e5712ef2688d06dcf72485588ace174c967077ca77e291feec5	zip/apk/jar
priv-app/StrategyProvider_stockplus/StrategyProvider_stockplus.apk	2386170	14a08f479663dacc4b1585f1a0d1ab95980fae378019c14f56b1bbecb0cb8489	zip/apk/jar
priv-app/StrategyProvider_stockplus/lib/arm64/libstrategy.so	-1	ERROR:[Errno 2] No such file or directory: '.work/fs/system_ext/priv-app/StrategyProvider_stockplus/lib/arm64/libstrategy.so'	error
priv-app/SubsysService/SubsysService.apk	133873	df3d8c3f84476b705875fe5226b1e1b28c96f9c143a4c8fdedcb8aced622603c	zip/apk/jar
priv-app/SystemUI_MFV/SystemUI_MFV.apk	287065325	ba4af18ac2d2cfd7c1905a1b613d84911fdaf2e36b6559227263dfc84dc8e1d4	zip/apk/jar
priv-app/ThermalAction/ThermalAction.apk	1346281	eb2632482f79102eb6b97bacfebcc5022404cb5408010dc89228c59a08189cab	zip/apk/jar
priv-app/ToolsManager/ToolsManager.apk	266654	9804b473768f282700d64886915b8d358be6ade10e0f107c2de8a3a58363acb6	zip/apk/jar
priv-app/VoiceModel/VoiceModel.apk	181162322	5dac94ce5abec3a139076e4b6a7602a61c528844b171ec2f29acb49a5d09da91	zip/apk/jar
priv-app/WallpaperCropper/WallpaperCropper.apk	119460	9fd6bfa8a8b303e87d35b455a83f10cf2d00ae1bbd102ac408adb2d145ca79da	zip/apk/jar
priv-app/WfdService/WfdService.apk	123379	3eba808266529d4aff055c49a7aada6e1d0457e441dc5bab925b981514fbb5d3	zip/apk/jar
priv-app/WfdService/lib/arm64/libwfdnative.so	-1	ERROR:[Errno 2] No such file or directory: '.work/fs/system_ext/priv-app/WfdService/lib/arm64/libwfdnative.so'	error
priv-app/ZteScreenshot_MFV_abroad/ZteScreenshot_MFV_abroad.apk	23146108	d9b7aa4322daf08eaf020752016ce1a90d5f7cc646ca6e2b3dd68cfebc2c0f6b	zip/apk/jar
priv-app/ZteScreenshot_MFV_abroad/lib/arm64/libImageProc.so	5906504	e86529b57a913637bb7dbbdb9ac9da79ebc9ce02227be18efd97c8311a4c313f	elf
priv-app/aptxals/aptxals.apk	168350	40e41ca479b8b527dfd1d6364bf6b73ccdfbe7baced08f079f5d7997139675e3	zip/apk/jar
priv-app/aptxui/aptxui.apk	4181462	a8b5c8763a75a1a2f204ef86e8e639858b53335d975cbdd86dc6478d36aa0b20	zip/apk/jar
priv-app/com.qualcomm.location/com.qualcomm.location.apk	803230	7031330bca4d22012dfa157d1bb26c23516ee6750e85538b355338cdb7a97982	zip/apk/jar
priv-app/com.qualcomm.qti.services.systemhelper/com.qualcomm.qti.services.systemhelper.apk	16798	151cc542c80ba88bff126f5c92d57b12f5c6f5ae8d72baa9fea9a476f77c8299	zip/apk/jar
priv-app/com.qualcomm.qti.services.systemhelper/lib/arm64/libsystemhelper_jni.so	-1	ERROR:[Errno 2] No such file or directory: '.work/fs/system_ext/priv-app/com.qualcomm.qti.services.systemhelper/lib/arm64/libsystemhelper_jni.so'	error
priv-app/dcf/dcf.apk	8542	c7f954c5a806b62c6970e7a9d346de182d4966dade6950e291567aa036484526	zip/apk/jar
priv-app/dpmserviceapp/dpmserviceapp.apk	78238	a127bd513902d9d896b77970b53875d6b234d576fee33ac247d45e4905c1a07f	zip/apk/jar
priv-app/ims/ims.apk	1581818	79a9a10931b372c574b3a714ab552a1ce3816a1366eb576f9d43ebfbb551475d	zip/apk/jar
priv-app/ims/lib/arm64/libimscamera_jni.so	-1	ERROR:[Errno 2] No such file or directory: '.work/fs/system_ext/priv-app/ims/lib/arm64/libimscamera_jni.so'	error
priv-app/ims/lib/arm64/libimsmedia_jni.so	-1	ERROR:[Errno 2] No such file or directory: '.work/fs/system_ext/priv-app/ims/lib/arm64/libimsmedia_jni.so'	error
priv-app/qcrilmsgtunnel/qcrilmsgtunnel.apk	90526	9a774dfec333e4f090916d4a92493d164f6a707f0cf856ad154729957d618946	zip/apk/jar
priv-app/xrcbservice/xrcbservice.apk	49907	19dc2357a86a4a75c7e0ce07837a24c33c9aaf5e3865cc259a3ccbce8af4b893	zip/apk/jar
priv-app/xrvdservice/xrvdservice.apk	86771	2047baf688bf8bf3060c8d834f91a32bf72bf7c84ad6de9be9b02bc12d16246b	zip/apk/jar
priv-app/xrwifiservice/xrwifiservice.apk	58099	0931bb9dc58423cff8c680b2a83bdf202210382561aa11cf702a05f2a2d98898	zip/apk/jar
