path	size_bytes	sha256	type
apex/com.android.hardware.cas.apex	380928	090ec776ba0f3d1edc39359c444a99e4417a27c0e0d678c7ba942994ee7b854f	zip/apk/jar
apex/com.google.android.widevine.nonupdatable.apex	5492736	b42286a35036bdc9500b3fa669df49d57359a70235c493d18f7856821a81a2db	zip/apk/jar
app/CACertService/CACertService.apk	29086	b44348bb1d6adee8bf4eec77668229acf72f165a5283112bef7416d8c37043c2	zip/apk/jar
app/CneApp/CneApp.apk	328094	4f36fd018e337cf2040060829897ea04c20f2f50323cc2cd577ba23eb9e1cf8d	zip/apk/jar
app/CneApp/lib/arm64/libvndfwk_detect_jni.qti_vendor.so	-1	ERROR:[Errno 2] No such file or directory: '.work/fs/vendor/app/CneApp/lib/arm64/libvndfwk_detect_jni.qti_vendor.so'	error
app/IWlanService/IWlanService.apk	418206	c5afbfcf09e5bfcee6d3ef87939b0b74c1bbd0550cc81895043752b850932938	zip/apk/jar
app/TimeService/TimeService.apk	16798	4d0a8ac7a94a4926c2e8267620f6591266a417dbf00ae55aba3674981e0ccf6a	zip/apk/jar
app/TxPwrAdmin/TxPwrAdmin.apk	999838	a8929200956ac229ca06dae1fbd19529cf4d635b94ede349914ffb7c3d8adb01	zip/apk/jar
app/com.qualcomm.qti.gpudrivers.sun.api35/com.qualcomm.qti.gpudrivers.sun.api35.apk	8503	09b043a051ce53baec7acc4eeec7e62c2f6b28c812038f386236e4075e83b61c	zip/apk/jar
bin/AnchorTest	101848	80b9700eec8f7b289d5e4571c163873c0fc283a03ddb79acdfd2c643d78f20e2	elf
bin/C2PAInternetService	102664	4872a6a18e81f9fe0d3b37d54052ffb22080f232b8daea33329c8d66b3ce8207	elf
bin/C2PANativeTestClient	320568	45fef63ab0b9e480971105e54f0401aaab0076202cd71197b37c4fb8e2fba93c	elf
bin/C2PATestClientAIDL	354632	92327f458fa221abe6fbfef813613346e9f9e44d6f2d489f30220bd5bea1d465	elf
bin/GPTEE_Sample_client	51712	efa16de162117450e2974e5b629027c30edfa273a5f135689fb0a6af7e0cab91	elf
bin/KmInstallKeybox	102096	10682169359c582572cba7b310361e76591e4e1567593229e99a5e703d38c65e	elf
bin/NookModemDaemon	237192	c7b662fed264f665280a1b16f721a6a81a6a03924993a4110c99c26393a61234	elf
bin/PalTest	51496	ed0911a24c0caffb8920270a97642a5d59bad382409da220f132bbd80f833e77	elf
bin/PktRspTest	51464	c4a19a15a79b9638e3c20a451e98e80b7d8de639ba51b2fd796c9eb2aa27ff76	elf
bin/StoreKeybox	51888	55df11093d99d080c57c532a0f4aab5f12a37cf7ba7c50ce908cd03f059cd72a	elf
bin/TrustedUISampleTAClient	370360	7b14216aa2df67cfdb65c3c006e32f037fcade931b0ca566bcd0df8e8e4e7e57	elf
bin/TrustedUISampleTestAIDL	419560	1268b85fdb1325bb119288aab64ffa90ea1b2c331eb9a0d387003dbae70ac69f	elf
bin/[	577608	025e205252c6ded72406153d51a1b39c51807b499693f36f6f4d494eaa27ee39	elf
bin/acpi	577608	025e205252c6ded72406153d51a1b39c51807b499693f36f6f4d494eaa27ee39	elf
bin/adpl	87472	3b26456566a9863a43581c0618c7df6ed16685fab26b3ac22e6b8d20ad02624c	elf
bin/adsprpcd	51448	16736c3b9c8a65550396b040a6625f7d7b2b5b93e9b6a7e3c31988bd005b11f4	elf
bin/aecxsimulator	5423784	8692f31adc7c0d4bfecbf480707b1db931292359e49c599c8a6e0ddc20396681	elf
bin/agmcap	51648	12dec9e9bc5988380d46415167687d6e616e97ae18ff433b75fa224c50e45f52	elf
bin/agmcompresscap	51696	babecb574459e7f580c1eecc9f84f1b690a41950a1df372ccff0113776d0c206	elf
bin/agmcompressplay	51640	84832905bebbe09c4b1e5c77eaaadcb5a76cd2f5c0f6d33a15a72b28a6fdac63	elf
bin/agmhostless	51624	9d352a11291757a6c265089d91cf6baaed511cf2a3ae4151e8a78d7306241952	elf
bin/agmplay	51648	0e3c6457ea44e3130b5ff8fcaa74280ef54977f55327ccd3c2e1039245bc7d22	elf
bin/agmvoiceui	51760	e833e1d05b3aa0d8638ca07ba0211322e4cf029818cbdb2794d176f2e2e495f4	elf
bin/alikey_client	51328	c4cc9a2da0be7d604401786df660130111bec1f9665dac978d8d248c28cf7870	elf
bin/apdpswitch	51432	3ab53092ff659b113f9ab518a91cc98605799c6a6631d6efededb6c03706848d	elf
bin/ar_util_in_test_example	101416	fd681021941f8151294406e3551800c07366bc11045bfcc79d6903ea80fd401e	elf
bin/athdiag	52592	e73e8d11074079835b57cdbd45731087d66ab5a6a94503e52b2c1028a9a307f6	elf
bin/audioadsprpcd	51448	f33982c4b6f43ca5196b43f6337d50b41b8b601793375fd15cebc222fe7a518e	elf
bin/audiodsd2pcmtest	68056	54d7d90b0b7b4f6b0174c6e5b7017771ef04751101aa8bf5df94a32e84efd7e5	elf
bin/audioflacapp	51624	149bc56fc37fa4de44f4e86e8ff2004a420d29b7a67a7fac754bb9f9885a13a0	elf
bin/aw882xx_cali	68688	92b07b7592024474b737e90025e7040c5838d88f10c506db55e950edcfd3eb56	elf
bin/awk	169024	24b6c99f00d6a0df263ca4dae6a11d2d8645c83e85c04f10cc94f7f221c799a9	elf
bin/base64	577608	025e205252c6ded72406153d51a1b39c51807b499693f36f6f4d494eaa27ee39	elf
bin/basename	577608	025e205252c6ded72406153d51a1b39c51807b499693f36f6f4d494eaa27ee39	elf
bin/battery_record_daemon	69232	86968a82b50974d54e04cefb34c06e38f87f3fa7bfd9d8a573a0f13c722a1799	elf
bin/blockdev	577608	025e205252c6ded72406153d51a1b39c51807b499693f36f6f4d494eaa27ee39	elf
bin/boringssl_self_test64	51232	f3df0093572170a77f564a3011de004cfd02a40d9b1fcffd221bb3ff4df0f246	elf
bin/brctl	577608	025e205252c6ded72406153d51a1b39c51807b499693f36f6f4d494eaa27ee39	elf
bin/btconfig	152528	baced9882ba324f9384465e058dbd4109fe66330a4cdc86e230d4fbb255fdcea	elf
bin/cal	577608	025e205252c6ded72406153d51a1b39c51807b499693f36f6f4d494eaa27ee39	elf
bin/camerahalvs	51440	47aa70a15638e441f6beb69df7b4670c0742bb65291b2efd4cffccfe088f2c2b	elf
bin/cat	577608	025e205252c6ded72406153d51a1b39c51807b499693f36f6f4d494eaa27ee39	elf
bin/ccid_daemon_nr	51984	57753b1e361a23ccca67201030dbf81bac1d3b841282b3355cc4b4e0ff27f8e6	elf
bin/cdsprpcd	51448	d5f662d98dcdd7026059ff1980916544952b4eea3963ab5c9cadbc438883b01f	elf
bin/chattr	577608	025e205252c6ded72406153d51a1b39c51807b499693f36f6f4d494eaa27ee39	elf
bin/chcon	577608	025e205252c6ded72406153d51a1b39c51807b499693f36f6f4d494eaa27ee39	elf
bin/check_qc_keybox.sh	352	45e2a2c6cc648d870551623e1332a7d2db01d3ee1ee85544110ba42205ce6b2b	text
bin/checkpoint_gc	4801	90ab47f29ba55afb8bfb0c4a1a3aa204ad7774189b4b1dcf53950ca746d690eb	text
bin/chgrp	577608	025e205252c6ded72406153d51a1b39c51807b499693f36f6f4d494eaa27ee39	elf
bin/chmod	577608	025e205252c6ded72406153d51a1b39c51807b499693f36f6f4d494eaa27ee39	elf
bin/chown	577608	025e205252c6ded72406153d51a1b39c51807b499693f36f6f4d494eaa27ee39	elf
bin/chroot	577608	025e205252c6ded72406153d51a1b39c51807b499693f36f6f4d494eaa27ee39	elf
bin/chrt	577608	025e205252c6ded72406153d51a1b39c51807b499693f36f6f4d494eaa27ee39	elf
bin/cksum	577608	025e205252c6ded72406153d51a1b39c51807b499693f36f6f4d494eaa27ee39	elf
bin/clear	577608	025e205252c6ded72406153d51a1b39c51807b499693f36f6f4d494eaa27ee39	elf
bin/climax_hostSW	51488	eb866effe80722b175666dc46a2bdfa74f67e86b655772dcf4709d6171ac29a1	elf
bin/cmp	577608	025e205252c6ded72406153d51a1b39c51807b499693f36f6f4d494eaa27ee39	elf
bin/cnd	118328	0942ed04b469bf4d60fdbdb1c6ae0f5d8391da847dba1aa8697750d856957762	elf
bin/cnss-daemon	134976	4377c3fa9c1ef1f25717edf783f1b2afb6b7969f77ff2d2802d063ded20cd27c	elf
bin/cnss_cli	52072	d8dacdae48b24ad18898345dccb3b47c3816f97a3934ae9209ee6dec6fb0f168	elf
bin/cnss_diag	483512	87a93dd4cac316db28d1e628e6f699a6818d6678b91b29963512ff582c9b1a2f	elf
bin/color_sampling_test	387656	b10ccafb0db09d63753373f2810ab028ba37dd7a9ff6c51df8ccabdceb7fd2d7	elf
bin/color_sampling_tool	51880	9e33d4470a01243d52d3a6c8a4b08506d667319d4965d38db0e94ecbfabcaaa9	elf
bin/comm	577608	025e205252c6ded72406153d51a1b39c51807b499693f36f6f4d494eaa27ee39	elf
bin/coresight_reset_source_sink.sh	941	115dad354b7c6c2e11f3a9d1d472fe647d790398e0357c0f577300d743258c61	text
bin/cp	577608	025e205252c6ded72406153d51a1b39c51807b499693f36f6f4d494eaa27ee39	elf
bin/cpio	577608	025e205252c6ded72406153d51a1b39c51807b499693f36f6f4d494eaa27ee39	elf
bin/cplay	51416	1844e5977baa7db8f19554d572f271ee8b3370744ec33ab20f51c6763a0f5a8e	elf
bin/ctlogger	68656	a33b0b10b20c3baf6b971764297f2088316d9ea066b6efd7a4d160958e80d659	elf
bin/ctrlapp_dut	236504	778feea681aee982cf99f4eff00df39f0921a7c4ed1f587f77b1d79954a19c91	elf
bin/cut	577608	025e205252c6ded72406153d51a1b39c51807b499693f36f6f4d494eaa27ee39	elf
bin/date	577608	025e205252c6ded72406153d51a1b39c51807b499693f36f6f4d494eaa27ee39	elf
bin/dd	577608	025e205252c6ded72406153d51a1b39c51807b499693f36f6f4d494eaa27ee39	elf
bin/debug-diag	51752	2791bf52c2692f3123df1c05dbf9d14be07bc6450d55646fbfc75509caa9134a	elf
bin/devmem	577608	025e205252c6ded72406153d51a1b39c51807b499693f36f6f4d494eaa27ee39	elf
bin/df	577608	025e205252c6ded72406153d51a1b39c51807b499693f36f6f4d494eaa27ee39	elf
bin/diag-router	315016	d6c479a607936e511f5c1196f4968c9f3c0e25dcd83d7eba084c93dfcd92c412	elf
bin/diag_callback_sample	51720	9351fd98eff9cdee94e4b99aae8eb716822fdcf849d5acb5c664ff198d03e337	elf
bin/diag_dci_sample	52328	d5cb04cb0345e1580282419875f4e180e597171e28b875dc7614e4e32884c129	elf
bin/diag_klog	51792	2a7bb85689a21f22f7454cda66ae300c4aed74275d29190242bc99663feb4c8b	elf
bin/diag_mdlog	85712	705cfc136c43e2a70da2c6d06088f5588835e16105248cce3ccd084191caaa74	elf
bin/diag_socket_log	53480	f0046e12bd0680a1090b9c3afd510345b13a300a1dce15cbc27483a51d3264fe	elf
bin/diag_uart_log	52448	841bc5497a6fe15b7e2dec618048f47bb78f5ab8a3583b78c592a92ee49cd016	elf
bin/diagcommd	51728	ed1dbc3d3bd6eae1ee3dd7fd6c7fd93d0f6ef7349d69fb2c94592c09c26ed369	elf
bin/diff	577608	025e205252c6ded72406153d51a1b39c51807b499693f36f6f4d494eaa27ee39	elf
bin/dirname	577608	025e205252c6ded72406153d51a1b39c51807b499693f36f6f4d494eaa27ee39	elf
bin/dlsc	254000	20f57f1c2cf83a95c1e171ca586a3dd40600207158efa2311153a1260047068d	elf
bin/dmesg	577608	025e205252c6ded72406153d51a1b39c51807b499693f36f6f4d494eaa27ee39	elf
bin/dos2unix	577608	025e205252c6ded72406153d51a1b39c51807b499693f36f6f4d494eaa27ee39	elf
bin/dppdaemon	52208	6c4ae13c10b573979dd029e4154f823fe6c4bb29e2dafd91a4f06b884f049f01	elf
bin/drm_sample_app	51880	897285479987ea308e700a47495edf639d94430d95680bc2dc0bbb156f84a8f0	elf
bin/dspservice	52528	92bf4f02d6f5207a9608e9b2f14e0ffa4109e4391d199bcecd846fbdd7982d22	elf
bin/du	577608	025e205252c6ded72406153d51a1b39c51807b499693f36f6f4d494eaa27ee39	elf
bin/dumpsys	52536	8badf3d68467603bc0df27d5ffef2661fa8f352966115fee85c5f60c2f741a7a	elf
bin/e_loop	51664	040f3302fe27ac1aad6469e4158be8bdcd16a64f65712f60a50c02c438166601	elf
bin/echo	577608	025e205252c6ded72406153d51a1b39c51807b499693f36f6f4d494eaa27ee39	elf
bin/edgnss-daemon	118864	80883dbca4b4eac3b90fd5690072b7609915d925dc56a52957347c2bf3bd7933	elf
bin/egrep	577608	025e205252c6ded72406153d51a1b39c51807b499693f36f6f4d494eaa27ee39	elf
bin/embmsslServer	119872	9fff1b7f52a4a6e15a249b109b6a82425d70d42141c9a7a5f1d49fd1cc791f63	elf
bin/engine-service	51800	cd2d0fbf6acc83f54577c9dd6df237769813ee13dc0c9836049150ba4496eddd	elf
bin/env	577608	025e205252c6ded72406153d51a1b39c51807b499693f36f6f4d494eaa27ee39	elf
bin/expand	577608	025e205252c6ded72406153d51a1b39c51807b499693f36f6f4d494eaa27ee39	elf
bin/expr	577608	025e205252c6ded72406153d51a1b39c51807b499693f36f6f4d494eaa27ee39	elf
bin/fallocate	577608	025e205252c6ded72406153d51a1b39c51807b499693f36f6f4d494eaa27ee39	elf
bin/false	577608	025e205252c6ded72406153d51a1b39c51807b499693f36f6f4d494eaa27ee39	elf
bin/fan_service	51752	a42c7e18ab3c57f564041e5f3cdf38f352c91d2416aa41125abe424931f4c21f	elf
bin/feature_enabler_client	85280	afedcf920f34bc21da2eb8644ed76922407ffe111bff23f216572b136cb9ef33	elf
bin/fgrep	577608	025e205252c6ded72406153d51a1b39c51807b499693f36f6f4d494eaa27ee39	elf
bin/file	577608	025e205252c6ded72406153d51a1b39c51807b499693f36f6f4d494eaa27ee39	elf
bin/find	577608	025e205252c6ded72406153d51a1b39c51807b499693f36f6f4d494eaa27ee39	elf
bin/flock	577608	025e205252c6ded72406153d51a1b39c51807b499693f36f6f4d494eaa27ee39	elf
bin/fm_qsoc_patches	84648	377d0bb281f921798296ef1f1969f0a20f9186bc15e9edfc4fffaf3344729a21	elf
bin/fmconfig	68912	8daeb295528b41ec6fa121828d2fc2c8842e65a835af292eb1aa3b54f9a64f3a	elf
bin/fmfactorytest	51728	345f78ed15aa7abb5d3cc412680bb7ae47675072e73b710c55c8b4ede784fdf5	elf
bin/fmfactorytestserver	51904	3078a72899e79515bd48d4b4d01967f5e780b1aede41d0d005113f2c43367526	elf
bin/fmt	577608	025e205252c6ded72406153d51a1b39c51807b499693f36f6f4d494eaa27ee39	elf
bin/free	577608	025e205252c6ded72406153d51a1b39c51807b499693f36f6f4d494eaa27ee39	elf
bin/fsync	577608	025e205252c6ded72406153d51a1b39c51807b499693f36f6f4d494eaa27ee39	elf
bin/ftmdaemon	199240	41880907d0305251f204f6f6d09486b056c863209b9212c3f33aa9fda851a737	elf
bin/getconf	577608	025e205252c6ded72406153d51a1b39c51807b499693f36f6f4d494eaa27ee39	elf
bin/getenforce	577608	025e205252c6ded72406153d51a1b39c51807b499693f36f6f4d494eaa27ee39	elf
bin/getevent	153016	af04359e1fbad74ec189632575b0e69cdca19d6e963d44f98504d63a3b9309d2	elf
bin/getfattr	577608	025e205252c6ded72406153d51a1b39c51807b499693f36f6f4d494eaa27ee39	elf
bin/getmprop	52088	928055f06a0968e11c56e610fc4425cca9391bb06b65f7bd18d50bbc727441db	elf
bin/getopt	577608	025e205252c6ded72406153d51a1b39c51807b499693f36f6f4d494eaa27ee39	elf
bin/getprop	153016	af04359e1fbad74ec189632575b0e69cdca19d6e963d44f98504d63a3b9309d2	elf
bin/gpiodetect	577608	025e205252c6ded72406153d51a1b39c51807b499693f36f6f4d494eaa27ee39	elf
bin/gpiofind	577608	025e205252c6ded72406153d51a1b39c51807b499693f36f6f4d494eaa27ee39	elf
bin/gpioget	577608	025e205252c6ded72406153d51a1b39c51807b499693f36f6f4d494eaa27ee39	elf
bin/gpioinfo	577608	025e205252c6ded72406153d51a1b39c51807b499693f36f6f4d494eaa27ee39	elf
bin/gpioset	577608	025e205252c6ded72406153d51a1b39c51807b499693f36f6f4d494eaa27ee39	elf
bin/grep	577608	025e205252c6ded72406153d51a1b39c51807b499693f36f6f4d494eaa27ee39	elf
bin/groups	577608	025e205252c6ded72406153d51a1b39c51807b499693f36f6f4d494eaa27ee39	elf
bin/gunzip	577608	025e205252c6ded72406153d51a1b39c51807b499693f36f6f4d494eaa27ee39	elf
bin/gzip	577608	025e205252c6ded72406153d51a1b39c51807b499693f36f6f4d494eaa27ee39	elf
bin/hal_proxy_daemon	234392	432c3c8d49b2cd78c67a4349c6239c2893865fb5cf6d73e79103041fc018f1f2	elf
bin/hdcp1prov	51624	88906d50269eccfe8e00551a4d1ff3f91c67e27369cb6efeb62e3d10ce43626a	elf
bin/hdcp2p2prov	51408	927e9e3377ddd1033040e7e5b91e06c4d6251f0ed0145aaf2948309dde63a1d0	elf
bin/head	577608	025e205252c6ded72406153d51a1b39c51807b499693f36f6f4d494eaa27ee39	elf
bin/hexlpservice	358824	914e3824c1b5803288fd5045187aa4fc98790526d3c32279575dea6785dbb3b4	elf
bin/hlosminkdaemon	68576	01358fc9508eb8890f9f07ad6cc440d6856b802e99d03634fdcd9ad71c129833	elf
bin/hostapd_cli	102728	6a0ccc6210120db61b24536a6313879c8c8ef19040eb852080675655d2aaf2c3	elf
bin/hostname	577608	025e205252c6ded72406153d51a1b39c51807b499693f36f6f4d494eaa27ee39	elf
bin/hw/android.hardware.bluetooth@aidl-service-qti	85000	db4882d13ea549a0b632e3a3faf9182d9c1a8417893c6e3e823d02e8372ddeae	elf
bin/hw/android.hardware.boot-service.qti	52760	1d1d1bf71b261347bd5bf163bb443b7a32ca1a46094cb0f251b9ad6a60cba901	elf
bin/hw/android.hardware.drm-service.clearkey	205712	3b018c7f0f094ab6568b857ad06043571ca31345db4aa6ea36cb6e3a0dee4ffb	elf
bin/hw/android.hardware.gatekeeper-service-qti	51264	c66d485ff028a8ca7185f302e11d9ee846ffcc71b3cf9ce3bd9b0f7cf868728b	elf
bin/hw/android.hardware.gatekeeper-service-spu-qti	51264	d938b12466fd59f94a98aee81783642ba567f75ac6e7f79886867e979bc88af0	elf
bin/hw/android.hardware.gnss-aidl-service-qti	84888	1203c2cf361331a1d79336cb47c64090ef138896ca1bd876d09d78e6d8b8c099	elf
bin/hw/android.hardware.health-service.qti	2116752	b7a2ced99ba04a6da1a9c4171d84a2e76924a872b3217c075be13874e78e7483	elf
bin/hw/android.hardware.identity-service-qti	52144	40bdb9dcb9ea538fe11a68d14c81fff83c188867b8e1925b0c7de46e9658ce54	elf
bin/hw/android.hardware.ir-service	52312	2d0146e68f000cfdeb3a6474be8d6fbd976864ddcdb5abfbd04f313a57f59241	elf
bin/hw/android.hardware.keymaster@4.0-service-qti	51776	489e1be21c02f51c8fc9784ec76b0ef0dda28ce6840d7e2a82ce2097378cfd47	elf
bin/hw/android.hardware.nfc-service-aidl	69248	eca1c11beae94816b17f0f93c5ab3d2d066ecbb5386514e526ae6de77f0a477a	elf
bin/hw/android.hardware.power-service	102800	b72c12784b0b5a66219f9dbe541eccc2d9ad862c7b3637214b6ed73b6df816f6	elf
bin/hw/android.hardware.security.keymint-service-qti	84944	dc4535bfa171705c57576f899043f9846db9e2bbde6eac0aa5ff24576a38927c	elf
bin/hw/android.hardware.security.keymint-service-spu-qti	52168	fed2afc0a1fec05caf63094c67dc3fc395e4683d08fb84f0e409acbe79094a2d	elf
bin/hw/android.hardware.sensors-service.multihal	154272	6fa0407b3a07ce3c7088bba106612fd1f703fe9aa4489ec90465981869a8b229	elf
bin/hw/android.hardware.thermal-service.qti	203344	cd7b29a9eb4821a1ebe4d044726eabf008b190d45fba495bdf79c066f33e15f9	elf
bin/hw/android.hardware.usb-service.qti	169888	d5d7f5746753a4ff016c352dbe3dd75583c0971d79cf5793bc7a92381108f67b	elf
bin/hw/android.hardware.weaver-service-spu-qti	85112	9f2f789823b95a5cd9a1cec861af5155be5f74cc4ce438d1d0428be8a66e1ee4	elf
bin/hw/android.hardware.wifi-service	520424	cfdd83a43d511db798a2685ca03f0fd00764585f79be32cd27d54726f461ced4	elf
bin/hw/audiohalservice.qti	52208	31132c1e34755ed705a9f55c086b257bdde8b6c2f7907fc2746046f85133522f	elf
bin/hw/hostapd	1402656	3741ff69d0f787c737ee3a9ea14915a56ea8d8da3d61e29e0382f8dd4299473f	elf
bin/hw/qconfigservice	69440	aa6e21347e5a52069dabd4c8de638f558e098a5158c003e903634eece69cf918	elf
bin/hw/qcrilNrd	51792	e81782c7a02439e7f70e723d075e599533cf03ba8c91d80fa9ad267994b3a479	elf
bin/hw/qvrservice	51680	c380f6451f8e894530f630dffe9a070d04f12039b8ab40ac4a569a7d2f8416c2	elf
bin/hw/sxrservice	85592	617be0e4f127f3522a7a7ef1f350a52710e81dae745d946b1498944f921ec369	elf
bin/hw/vendor.btaudio_intermediate.btaudiointeraidl-service	52448	fb1bd59def07478c3afd4b2f138f1380b0746f96319a4c1f0c543fc8dab6601f	elf
bin/hw/vendor.qti.MemHal-service	52488	5e0659dc8e78dd9bc944cb7738c4612a6714ff741af7f6f261a0d60248f3d6c3	elf
bin/hw/vendor.qti.camera.provider-service_64	68656	a88e0a447fba9dce339a1f38114d758fe8961949c4c40605d6ed43d8231c94a1	elf
bin/hw/vendor.qti.hardware.alarm-service	52080	8b52b136d03785ecd7677cb19957bf7f0dcaadd5fa951ea4ffe6e1bc69ae71d0	elf
bin/hw/vendor.qti.hardware.c2pa-aidl-service-qti	120104	3acd7f7cd8b6bbb4caa2d21701c1651723c7c9380cbcebd36ad450e8327faf74	elf
bin/hw/vendor.qti.hardware.capabilityconfigstore-service	52080	92edfd63debc50d643a3c070cc6fb1d6ec6122a0e4195442ff511c4145d67f97	elf
bin/hw/vendor.qti.hardware.display.allocator-service	102408	8f99103b5ea80a8198a15b88cba71f6c3a9d3b35dbababc3848c19d20faecbaa	elf
bin/hw/vendor.qti.hardware.display.color-service	52504	46432d68ec7b699e613127b946e18bf13fadfbbe6d33ae00205ff76d966c46f6	elf
bin/hw/vendor.qti.hardware.display.composer-service	323512	fbfd0c38a48591f8579abd1b7822865f986e9467c86705552d220fce576d3407	elf
bin/hw/vendor.qti.hardware.display.demura-service	52536	0d813ae6797f0cd008f84bfa1cf86cfe8e741a524b49052873c70fff17cfce87	elf
bin/hw/vendor.qti.hardware.lights.service	52584	40b7727284eae90c25df8900fbe2b33e564fac80ebb60b5be7da3fad27ddbfa5	elf
bin/hw/vendor.qti.hardware.memtrack-service	52400	f433b01cc6e974d751a69c5cba2c36fc2262e1d140d88597c154aad8e7ea4cf5	elf
bin/hw/vendor.qti.hardware.minkipcbinder@1.0-service	51864	91df6064db817f13d9678bb8eeaa97ee10f97cab7166f82aaf3159b2ce85423f	elf
bin/hw/vendor.qti.hardware.perf2-hal-service	120240	f3e8ef339e8e5d2321db05d6a62e9d923d83dca79f948caccfde0454c0786dc1	elf
bin/hw/vendor.qti.hardware.qseecom@1.0-service	52016	06e62ef6da324d524b67d4f36d3743994156bf1c1802894e3def711193a4bf6f	elf
bin/hw/vendor.qti.hardware.secureprocessor	118728	0123a7538980384ea493c9e3a873c45330efc4064ab08da6b5f8a2b038df1319	elf
bin/hw/vendor.qti.hardware.sensorscalibrate-service	52312	42dda3ded3ff587d4524f4ffa1663dc9e596e558100c98d6b891607a22f3a71e	elf
bin/hw/vendor.qti.hardware.servicetrackeraidl-service	52080	eec0ceb76dca42692f890bb81412784bdf7a4fe89de23aaea3ad04de77cb2f02	elf
bin/hw/vendor.qti.hardware.soter-service	52000	c432798fa6ba9575ecf029aa95f80aa537d4781bb381e5b21ca7a2966faec918	elf
bin/hw/vendor.qti.hardware.spu-service	86312	1e237308599f51297ddf0d0c37197f43c43b0e08a098ae5d059b697776d73594	elf
bin/hw/vendor.qti.hardware.trustedui-aidl-service-qti	51848	db717a695a14cdcb7814135b4b1eee89a927d2ae030fb45717021a3e60fa3e83	elf
bin/hw/vendor.qti.hardware.vibrator.service	52656	6319b20369446ef37af9e43082b3ccb6e495806b3d26a8da1db0cb8158f5ac07	elf
bin/hw/vendor.qti.media.c2@1.0-service	52136	607713a0214964ee1c4b77a0488b1abc981bffe23edac68863b344ef0902fe69	elf
bin/hw/vendor.qti.media.c2audio@1.0-service	52136	ddb7da9502ce9427573dff72f48ea5a008c8e9102837e1b2aac748c0310b9e01	elf
bin/hw/vendor.qti.psiclient@1.0-service	69248	acf3695592fe743334019cb256f1e1859579d55d0db336cdec0cfc2053ae1c10	elf
bin/hw/vendor.zte.fingerprint.ifaaaidl-service	52248	0aac77623503a15f3d960e09bc0ff36a060667ddab59f5e4a67c80d280b3681a	elf
bin/hw/vendor.zte.fingerprint.ztecmdaidl-service	357584	14f9dc55f3445522dbfd263b1ecd41e5bf57428c3865e23b69ea0f019c3fc80a	elf
bin/hw/vendor.zte.ldd.cmd-service	52704	09fdb2f6ce8978d0113dd343d301026c215c2fd8c90b73b1dfd3214703693bda	elf
bin/hw/wpa_supplicant	3738648	ba366b8160f3a76d68b3d0b6fc0a165117b17a863cfc1e909b56a02391299c0f	elf
bin/hw/xrcommservice	102048	0bd0f8fa40cc9634ad5eef9e2dc7c3e1a16082d85a767d2f6f6788fbf9e41882	elf
bin/hwclock	577608	025e205252c6ded72406153d51a1b39c51807b499693f36f6f4d494eaa27ee39	elf
bin/i2cdetect	577608	025e205252c6ded72406153d51a1b39c51807b499693f36f6f4d494eaa27ee39	elf
bin/i2cdump	577608	025e205252c6ded72406153d51a1b39c51807b499693f36f6f4d494eaa27ee39	elf
bin/i2cget	577608	025e205252c6ded72406153d51a1b39c51807b499693f36f6f4d494eaa27ee39	elf
bin/i2cset	577608	025e205252c6ded72406153d51a1b39c51807b499693f36f6f4d494eaa27ee39	elf
bin/i2ctransfer	577608	025e205252c6ded72406153d51a1b39c51807b499693f36f6f4d494eaa27ee39	elf
bin/iconv	577608	025e205252c6ded72406153d51a1b39c51807b499693f36f6f4d494eaa27ee39	elf
bin/id	577608	025e205252c6ded72406153d51a1b39c51807b499693f36f6f4d494eaa27ee39	elf
bin/ifconfig	577608	025e205252c6ded72406153d51a1b39c51807b499693f36f6f4d494eaa27ee39	elf
bin/ims-dataservice-daemon	51648	539a02a6bfae7e5c49b3c44fad2179a497fdf4ade5f3923c8111d530d7d2d717	elf
bin/ims_rtp_daemon	218936	4fdd1f6ea5e997775deb1a6eacf08d8959607bf5bbab5307fa5a24408c5ba9df	elf
bin/imsdaemon	51744	bc7d737c363bd2d93ca2fdb71dc96b93cf1ef51491737351d3d94f553bdfce33	elf
bin/init.NookModemDaemon.sh	721	9e44a191276fdd296bddefaee62facd7e7e8ad92080f63a6e97cb33f70c67fa1	text
bin/init.class_main.sh	3151	4c68cfcbb55cf2fc0ba04ac286c44d48f7e1f172a1bde08d1706d808dc22aee1	text
bin/init.crda.sh	1775	43a9a0ee8b1dce2d49b80f740c7bbabea1040c790db812f7bc62cf2cec17d044	text
bin/init.kernel.init_boot-memory.sh	2519	ef8699623408c373a54f93d790afe17124f0301c6b9f840975873b81b1ab6554	text
bin/init.kernel.post_boot-memory.sh	7533	22c1e32a20051df5a65ff2bff55c07b9a76c95f635e25e6c90114868e672f443	text
bin/init.kernel.post_boot-sun.sh	1884	026c1d33dcf916eb1059cbcd0b89aef7b8a4f863da673c4b5966b15a2e0df4c5	text
bin/init.kernel.post_boot-sun_5_2.sh	9338	cf375cb5794de909c53426dc5b58d79c164ee55ee20383e7b2c7434f1336b840	text
bin/init.kernel.post_boot-sun_6_0.sh	8388	0a3e77d48da2cb9141e0f0191953802e6ac94d7ae331dbf6ddd31950a95c0996	text
bin/init.kernel.post_boot-sun_default_6_2.sh	10973	c5a46617ee353766ffea227c788e3f25a2232a0b502519dbf4275315068e2c09	text
bin/init.kernel.post_boot.sh	2319	ceead9002b67ba415381a8cfb194476e721eb63fdec66bc23dc8218625958564	text
bin/init.mdm.sh	1739	ca7da94c1e619f12c84fca1a4a369286220a7545a27263982cd27a779e03e3d4	text
bin/init.qcom.class_core.sh	7055	fdf84ed982871b51fb4e76471ec661abd7c6a33239184e0a0a61428d90b6d3ba	text
bin/init.qcom.coex.sh	3653	7f75148dcacec9d817d09a8e3041c3831cc6600375ced04d158c2a1221961810	text
bin/init.qcom.early_boot.sh	16719	a092f4acdb6cd19a3d33279afc45c6234be59d3be6e77aa0b032740704f98120	text
bin/init.qcom.efs.sync.sh	1727	4679bc9d30ae8ec1c04c5bccd02651e9639fa7422a1bcc1c47700e242b74de04	text
bin/init.qcom.post_boot.sh	278066	7d1a93e4fedf24d35260db90b3779649a7a02a72b40fb77f90d773954705a369	text
bin/init.qcom.sdio.sh	2769	58deb99a4cc4cba3266cda8e766471335a9d8bc6c055fdf2b603e28210137da5	text
bin/init.qcom.sensors.sh	1891	a60c0c7305c99e375bee0068e08231c861e70af2be24824762feb95cf27c723d	text
bin/init.qcom.sh	16881	023344ba961fa54a1572a5a04bfd7ad7a5dd2200b9532b881eb591adda83c56b	text
bin/init.qcom.usb.sh	7028	9e85f8c44b603369adc55d1408efed4944d59886173287ff6c1c959c616960b7	text
bin/init.qcrild.sh	3436	43194dcd65fb26a46669ebba215eb4b325b27a281e4757a972b58e4242201cec	text
bin/init.qti.display_boot.sh	10060	7041232844248ee28f0e0cf32aaea5f9bda2f6de7801ac72104b307eb9f07df5	text
bin/init.qti.kernel.debug-sun.sh	227698	2e21da221b9687aef8d5f4afd4c576f8fd106a11f1750a6b0136fdca7a09fa80	text
bin/init.qti.kernel.debug.sh	2182	7ad777e501456517cd4ee5fd0985b757ed68b268b4a1aa4094da77f8c79e35d5	text
bin/init.qti.kernel.early_debug-sun.sh	6899	fc6ac987a2fa6c009ec08ebfe05a9cf89bb0099d5f0b253f432ca6a3d0451ae6	text
bin/init.qti.kernel.early_debug.sh	2189	8104f59609181f89ff01acfdaea5ff4e67214b198d694a44394b24c05e736872	text
bin/init.qti.kernel.sh	2095	8a1b0b3f7c46b2c46ce0429ce8a0bbc5ebee7ba5ade55fe7b81afb22e80e44f2	text
bin/init.qti.media.sh	3985	bea57c75d721c283ef536eba86ed5f6665667650df518bc6dc935d36cae158b7	text
bin/init.qti.qcv.sh	2522	d91a32ffd1d14ebda9c41370c8b8cfe2c2a2c9338fd019585cf70dd8ca369042	text
bin/init.qti.write.sh	517	ba6820e92beb129b848fea7dcf2988fd42d0e21f423df1ea67bceb9c95b1966d	text
bin/init.qvrd.usb_mtu_set.sh	209	84de50d488c544de8c0fff88dc50a2e4ef5783f025f4833e21c2b094c31e7f0f	text
bin/init.ssdaemon_vendor.sh	858	d655519c9dc3e3d6aa9e62111cd6e9bb8ed10cd8fe74d9d94db7608256f44c72	text
bin/init.vendor.usbdown.sh	1245	7d1cea0c06ee98fc057f5ebd78074c241cd364c1ed80c753774233c145dd45f0	text
bin/init.xrcommd.usb_mtu_set.sh	213	a6436cf54acadc9cc8925c008f1a96d3885b6578d06fbdaeb235f13830cc0a2f	text
bin/init.zte.post_boot.sh	2019	e89a311cbb61ba45e0ea5a0b4695c6bf50039087d1d4061cc8e0476f70ac2b0a	text
bin/inotifyd	577608	025e205252c6ded72406153d51a1b39c51807b499693f36f6f4d494eaa27ee39	elf
bin/insmod	577608	025e205252c6ded72406153d51a1b39c51807b499693f36f6f4d494eaa27ee39	elf
bin/install	577608	025e205252c6ded72406153d51a1b39c51807b499693f36f6f4d494eaa27ee39	elf
bin/ionice	577608	025e205252c6ded72406153d51a1b39c51807b499693f36f6f4d494eaa27ee39	elf
bin/iorenice	577608	025e205252c6ded72406153d51a1b39c51807b499693f36f6f4d494eaa27ee39	elf
bin/ipacm	859176	5a6d1d20182484430243f45d66b8965ddb02ee9f30b59cf7a0ef4b0b699d7b99	elf
bin/ipacm-diag	51768	e3dc2a465217a397ff265c3497466401b7d044748cdc2dd825f0c7139849befe	elf
bin/ipp_key_gen	69016	bdf7684bb714ea60deea3a4c0032795128fdf2ac6ffabf0a5acb9b94cc3e6d67	elf
bin/ipp_test	320424	01e2a6e90f78f4efd9ee67311e523440e13099b6c9eed9c11ea2f7545ff5587d	elf
bin/irsc_util	51896	e3e0a383dc209fef860468f09fe34cdbd846925d398f2060f5492be5824aae72	elf
bin/iwpriv	101408	6c053782d71298faa482e787e89378eb9cb7eddd0d8fc19c50aa6138ada2448a	elf
bin/kill	577608	025e205252c6ded72406153d51a1b39c51807b499693f36f6f4d494eaa27ee39	elf
bin/killall	577608	025e205252c6ded72406153d51a1b39c51807b499693f36f6f4d494eaa27ee39	elf
bin/ks	84936	3f57fbb8951aeef2b1c162a2221fdc703c8705907720fac06450686a10ef9b29	elf
bin/ln	577608	025e205252c6ded72406153d51a1b39c51807b499693f36f6f4d494eaa27ee39	elf
bin/load_policy	577608	025e205252c6ded72406153d51a1b39c51807b499693f36f6f4d494eaa27ee39	elf
bin/loadalgo	85344	d11592477d4ee153e0aaf449f70695179b581f554832e28d4e9103bfa92cc3c3	elf
bin/loc_launcher	68680	ff608f2e1b1fd74e5d8d8298c3f30ec94f196717f061b14d4abd4a7fb59689bc	elf
bin/log	577608	025e205252c6ded72406153d51a1b39c51807b499693f36f6f4d494eaa27ee39	elf
bin/logger	577608	025e205252c6ded72406153d51a1b39c51807b499693f36f6f4d494eaa27ee39	elf
bin/logname	577608	025e205252c6ded72406153d51a1b39c51807b499693f36f6f4d494eaa27ee39	elf
bin/logwrapper	51616	4aee71bae684a47b4d2403cfb30c0874e01f749c90a7f7ba57b2e3f15af02d88	elf
bin/losetup	577608	025e205252c6ded72406153d51a1b39c51807b499693f36f6f4d494eaa27ee39	elf
bin/lowi-server	1389888	316e22a52b1490aaaad9197ad372a0438048653f276a18bdb9962e7f7e132ac1	elf
bin/ls	577608	025e205252c6ded72406153d51a1b39c51807b499693f36f6f4d494eaa27ee39	elf
bin/lsattr	577608	025e205252c6ded72406153d51a1b39c51807b499693f36f6f4d494eaa27ee39	elf
bin/lsmod	577608	025e205252c6ded72406153d51a1b39c51807b499693f36f6f4d494eaa27ee39	elf
bin/lsof	577608	025e205252c6ded72406153d51a1b39c51807b499693f36f6f4d494eaa27ee39	elf
bin/lspci	577608	025e205252c6ded72406153d51a1b39c51807b499693f36f6f4d494eaa27ee39	elf
bin/lsusb	577608	025e205252c6ded72406153d51a1b39c51807b499693f36f6f4d494eaa27ee39	elf
bin/ltm	51728	72a6ab2c1671a7b5d3b52ae2273fc60ac584b2247dcab96690c389460d89f15f	elf
bin/mcs_test	51432	295ecd9e6da5cbde1dc063c9e2d8aa492ad03721055496a40aeacb9bca869c2f	elf
bin/md5sum	577608	025e205252c6ded72406153d51a1b39c51807b499693f36f6f4d494eaa27ee39	elf
bin/memeater	577608	025e205252c6ded72406153d51a1b39c51807b499693f36f6f4d494eaa27ee39	elf
bin/memtester	52080	83366c897687426aad8fea2eadcab0d0bff466a1e04d5b7cccf5519e8dff64b1	elf
bin/microcom	577608	025e205252c6ded72406153d51a1b39c51807b499693f36f6f4d494eaa27ee39	elf
bin/mkdir	577608	025e205252c6ded72406153d51a1b39c51807b499693f36f6f4d494eaa27ee39	elf
bin/mkfifo	577608	025e205252c6ded72406153d51a1b39c51807b499693f36f6f4d494eaa27ee39	elf
bin/mknod	577608	025e205252c6ded72406153d51a1b39c51807b499693f36f6f4d494eaa27ee39	elf
bin/mkswap	577608	025e205252c6ded72406153d51a1b39c51807b499693f36f6f4d494eaa27ee39	elf
bin/mktemp	577608	025e205252c6ded72406153d51a1b39c51807b499693f36f6f4d494eaa27ee39	elf
bin/mlid	102144	5bccb82842ea996e5424cda87f11773228f999f870e9950b6bdda60726bf3d18	elf
bin/mm-audio-ftm	220296	7f5f1f49ea3d745db0796a5363da751e17105451b765a3db1568670cdba44939	elf
bin/modinfo	577608	025e205252c6ded72406153d51a1b39c51807b499693f36f6f4d494eaa27ee39	elf
bin/modprobe	153016	af04359e1fbad74ec189632575b0e69cdca19d6e963d44f98504d63a3b9309d2	elf
bin/more	577608	025e205252c6ded72406153d51a1b39c51807b499693f36f6f4d494eaa27ee39	elf
bin/mount	577608	025e205252c6ded72406153d51a1b39c51807b499693f36f6f4d494eaa27ee39	elf
bin/mountpoint	577608	025e205252c6ded72406153d51a1b39c51807b499693f36f6f4d494eaa27ee39	elf
bin/mv	577608	025e205252c6ded72406153d51a1b39c51807b499693f36f6f4d494eaa27ee39	elf
bin/myftm	348864	fd68e09d5e5be9a411937cc01c2388af8bd7c87a9a9f21268babc1cf0c43f159	elf
bin/nc	577608	025e205252c6ded72406153d51a1b39c51807b499693f36f6f4d494eaa27ee39	elf
bin/netcat	577608	025e205252c6ded72406153d51a1b39c51807b499693f36f6f4d494eaa27ee39	elf
bin/netstat	577608	025e205252c6ded72406153d51a1b39c51807b499693f36f6f4d494eaa27ee39	elf
bin/nice	577608	025e205252c6ded72406153d51a1b39c51807b499693f36f6f4d494eaa27ee39	elf
bin/nicmd	51936	8f349dd898e440c16722b339cf2769901362bf51043b80bcf8e330ac17fe36eb	elf
bin/nl	577608	025e205252c6ded72406153d51a1b39c51807b499693f36f6f4d494eaa27ee39	elf
bin/nohup	577608	025e205252c6ded72406153d51a1b39c51807b499693f36f6f4d494eaa27ee39	elf
bin/nproc	577608	025e205252c6ded72406153d51a1b39c51807b499693f36f6f4d494eaa27ee39	elf
bin/nsenter	577608	025e205252c6ded72406153d51a1b39c51807b499693f36f6f4d494eaa27ee39	elf
bin/od	577608	025e205252c6ded72406153d51a1b39c51807b499693f36f6f4d494eaa27ee39	elf
bin/odm_tsc	10544	99193fc5d885e1464ff3dde52fa944a4f197a1fb642bfeb9300f53e6dfb89367	elf
bin/paste	577608	025e205252c6ded72406153d51a1b39c51807b499693f36f6f4d494eaa27ee39	elf
bin/patch	577608	025e205252c6ded72406153d51a1b39c51807b499693f36f6f4d494eaa27ee39	elf
bin/pd-mapper	52296	f7e7411d5f41499778e5fc280e8322c228ccbf4a8ee15e1e502bf07030de9907	elf
bin/pgrep	577608	025e205252c6ded72406153d51a1b39c51807b499693f36f6f4d494eaa27ee39	elf
bin/pidof	577608	025e205252c6ded72406153d51a1b39c51807b499693f36f6f4d494eaa27ee39	elf
bin/pkill	577608	025e205252c6ded72406153d51a1b39c51807b499693f36f6f4d494eaa27ee39	elf
bin/pktlogconf	51488	553d1ab9ad4e341378b4b2b98db25664d09d6116cfb24b2b053afe1b399b3758	elf
bin/pm-proxy	51440	215dd695d6e0639dfe3c00f1124affdda3b4deeb41ce328435c196a3274e6f03	elf
bin/pm-service	86648	2a17e6fb22d2b72d8c777037dcbcb3b9d12423a50559ae9f474cf0241ce66622	elf
bin/pm_ioctl_app	51816	100af1e2179c9054de759be80e7390c5d3728a19d6c6ae0bc38aa93a9a4eea02	elf
bin/pmap	577608	025e205252c6ded72406153d51a1b39c51807b499693f36f6f4d494eaa27ee39	elf
bin/pmic_key_reset	51336	8da9f65ee0eb21aebd1772a581a455364e5e777bc2e7465ba334ff1be968ff24	elf
bin/port-bridge	84776	d30f734dba6b6e69f55e10217e26222ef2c3ac78a1cf8e4d07f524c3274d6e6a	elf
bin/power_off_alarm	51784	e013d840f9ecd18ac20ab58fb76682686b1f789a77da6b81fb597766fecf18c8	elf
bin/poweropt-service	52488	47ae5ea0bf905c9efd39ee3408dd4c69ad80fa0bdc99864f15042ff3443bc10d	elf
bin/ppd	51640	231587458c61d903f2e6b2873f3ac6deac34fb4b6e5f65d834b6da8c8846d209	elf
bin/printenv	577608	025e205252c6ded72406153d51a1b39c51807b499693f36f6f4d494eaa27ee39	elf
bin/printf	577608	025e205252c6ded72406153d51a1b39c51807b499693f36f6f4d494eaa27ee39	elf
bin/ps	577608	025e205252c6ded72406153d51a1b39c51807b499693f36f6f4d494eaa27ee39	elf
bin/pwd	577608	025e205252c6ded72406153d51a1b39c51807b499693f36f6f4d494eaa27ee39	elf
bin/qca6234-service.sh	3746	dc4e8a4fc183c8c7804a84125c56415cda6b5390f4a8023fe8f0d769fafc0201	text
bin/qcc-vendor	320816	d7275ad517bdb73d77be03d781bf8765746adbf3d4c7bbd473941e81ebb2769a	elf
bin/qdcmss	68256	53893a1eb727a2ff5d5ba20ecf945cdad37bcca52b50c770c2cabf2ec343477e	elf
bin/qesdk-manager	52032	9b698f174b0add2aa02700959e2f68be5c0ddec60a782a8d81c92b39a80e5fe3	elf
bin/qesdk-secmanager	85872	979e8f0002e6295bb598855a047e0f1cda0b437bdb1ab48fd6828551412406b7	elf
bin/qguard	170184	97e9b753707d795b2b59266e908365f61171b3758a180076ae7459dd84a752b7	elf
bin/qlm-service	68464	f3e9a73015a0b10dff4eb1bb6350c04e3da45beeed1a475454e491fb9debe76e	elf
bin/qmi-framework-tests/qmi_test_mt_client_init_instance	51920	7a58e10f1d92cd98c0f1f95058fcf22cec99c020e105e4399a1b364ecef7465c	elf
bin/qmipriod	51920	f6609f427043f1c8a84b5c518bef976f2c8ef30cfa4f18cf231539e7879f23c9	elf
bin/qms	6211496	e3419a186f67d2dd141865b3cfaae02ef2d6913d8876cd0f8d5b13ba30f7712a	elf
bin/qrtr-cfg	51704	5c9861e3f86d42b28584062d63409aac047e8ee24b4285e3ed2acc7c6cfee50e	elf
bin/qrtr-lookup	51824	47ef643451faea173e6e4a478e68277e997dde365059708ad228ef20cd678c3d	elf
bin/qrtr-ns	52376	c1fcec1a94bef389066d229691a944232969d44467c5eba273757c4ae63c020c	elf
bin/qsap_dcfd	493512	7da0d4251c6ba24c161f9d3369719e44bbe576c7c2dfd3bade8b92917c754988	elf
bin/qsap_location	336800	70d22b9314e35342fcfed58345681e463634e11b8fd47b861ceb609f406a1fcd	elf
bin/qsap_qapeservice	102176	53e6a2ed65fe14f3fef16306ee15eca12cf75c723b7a394e29f816d89fe5895d	elf
bin/qsap_sensors	102952	38db435882d6c8f15cb7ca9b385d77968841cb3efbdf020582b83b2c11500c4f	elf
bin/qsap_voiceui	51848	3065eaeb3e46554a3e63cb3c48b56a85e0dd44a8eb064e2dde597cc45b72bb53	elf
bin/qseecom_sample_client	85160	5255f2eedd1bfb084bda4457c8a6431a22568e0c156dc625549119120109ff6a	elf
bin/qseecomd	69168	ec5b484b1ba48fce0c2b483d3538593b60a83cdd0e0d196d85f727ccf86464f0	elf
bin/qsh_wifi_test	119544	11e9947589349a9b4c46a263fe7f0d50649ddab8f219b87dcca8f74dcc418d29	elf
bin/qt-service	86288	b05ab033d1118d4f8d7aaff400be293f151319dcb4348371d92ac974b280d476	elf
bin/qti	136904	2bbc3bd098791aade2ea6d028fe2a9230d82babc0996aed6143c399620278e9b	elf
bin/qtigetprop	1333	e2dbdc36ec02a2cfae627e18af6b7df832fb604e37e0db0c54cc4a5346c813c5	text
bin/qtisetprop	659	d6901fff61766c850924a0623d9952ede5ba98b7d495f293684ed9e8ef58f734	text
bin/qttestclient	68928	4011d37656eaff2addf7dea9a6bdcb5fe2e5675d635d8f7ef8ddfb2ecff0f986	elf
bin/qttestservice	51336	c5a5308904761622d1a1dbde8f9c7a72953fe143e9064bb688556a8c61d9ac4b	elf
bin/qvrcameratest	51856	d76eb248908fcdd5ba36fa96d70b12a2ba3e8e01b98082dab5ae7989c7c8d15b	elf
bin/qvrdatacapture	85208	ef796551dc644f920dfb2ffb6783aced275d1c0cda5ffad12e3d4e53b04f330c	elf
bin/qvrdatalogger	201936	bed99c6507bdd06e58ce307a012ef531547285ae35e383a9d99874e5f6113d20	elf
bin/qvrservicetest	483592	8207dd26a506d8466d36f1c98c0aa9cd3b7f4934be11daa0ad8f5ab0dce017a9	elf
bin/qwes_cli	135024	09e67fe7fcfdfe9e138c187c4a9eb82279ce67a5ba020b1964174589fa3536c2	elf
bin/qwesd	118256	b2f3397dd9f40ee42cf19b1cb2690c4d9108a3f80aad3ad0b85ee54ee857dbd5	elf
bin/readelf	577608	025e205252c6ded72406153d51a1b39c51807b499693f36f6f4d494eaa27ee39	elf
bin/readlink	577608	025e205252c6ded72406153d51a1b39c51807b499693f36f6f4d494eaa27ee39	elf
bin/realpath	577608	025e205252c6ded72406153d51a1b39c51807b499693f36f6f4d494eaa27ee39	elf
bin/renice	577608	025e205252c6ded72406153d51a1b39c51807b499693f36f6f4d494eaa27ee39	elf
bin/restorecon	577608	025e205252c6ded72406153d51a1b39c51807b499693f36f6f4d494eaa27ee39	elf
bin/rkp_factory_extraction_tool	1050440	a6054901f9d4c9da36d908bf7b2ae190b6bc8e88a3b848160a6140dbd860ce57	elf
bin/rm	577608	025e205252c6ded72406153d51a1b39c51807b499693f36f6f4d494eaa27ee39	elf
bin/rmdir	577608	025e205252c6ded72406153d51a1b39c51807b499693f36f6f4d494eaa27ee39	elf
bin/rmmod	577608	025e205252c6ded72406153d51a1b39c51807b499693f36f6f4d494eaa27ee39	elf
bin/rmt_storage	69336	91c7e9261ad2b4f4ce6909f68df7f4f980205658412718cab633f13864af00eb	elf
bin/rpmbClient	51744	f6c1dfdfebdb20748ce460999c7bad6afadfd073e947032c2ed870069b0dbaf8	elf
bin/rtcwake	577608	025e205252c6ded72406153d51a1b39c51807b499693f36f6f4d494eaa27ee39	elf
bin/runcon	577608	025e205252c6ded72406153d51a1b39c51807b499693f36f6f4d494eaa27ee39	elf
bin/sed	577608	025e205252c6ded72406153d51a1b39c51807b499693f36f6f4d494eaa27ee39	elf
bin/sendevent	577608	025e205252c6ded72406153d51a1b39c51807b499693f36f6f4d494eaa27ee39	elf
bin/sensors.qti	85880	dd121591cfc67fe47ed4d8639822a416fe3fdd1dd2ed9c7c7935f1c29b9b2133	elf
bin/seq	577608	025e205252c6ded72406153d51a1b39c51807b499693f36f6f4d494eaa27ee39	elf
bin/setenforce	577608	025e205252c6ded72406153d51a1b39c51807b499693f36f6f4d494eaa27ee39	elf
bin/setfattr	577608	025e205252c6ded72406153d51a1b39c51807b499693f36f6f4d494eaa27ee39	elf
bin/setmprop	52088	928055f06a0968e11c56e610fc4425cca9391bb06b65f7bd18d50bbc727441db	elf
bin/setprop	153016	af04359e1fbad74ec189632575b0e69cdca19d6e963d44f98504d63a3b9309d2	elf
bin/setsid	577608	025e205252c6ded72406153d51a1b39c51807b499693f36f6f4d494eaa27ee39	elf
bin/sg_write_buffer	52088	6d56e819e9d76e2cf82a863b8da80b27fa9757b17ed0f5e10d31e3267e6e9d74	elf
bin/sh	334984	9d7ef615945f09baef84569e9430830c572b86f749ecab80d9e20a1532d36d65	elf
bin/sha1sum	577608	025e205252c6ded72406153d51a1b39c51807b499693f36f6f4d494eaa27ee39	elf
bin/sha224sum	577608	025e205252c6ded72406153d51a1b39c51807b499693f36f6f4d494eaa27ee39	elf
bin/sha256sum	577608	025e205252c6ded72406153d51a1b39c51807b499693f36f6f4d494eaa27ee39	elf
bin/sha384sum	577608	025e205252c6ded72406153d51a1b39c51807b499693f36f6f4d494eaa27ee39	elf
bin/sha512sum	577608	025e205252c6ded72406153d51a1b39c51807b499693f36f6f4d494eaa27ee39	elf
bin/shsusrd	381736	db42ba716959f4de2cbc43e03561e5e52468441628668c95e501fbf869efd15b	elf
bin/sigma_dut	1192080	52d8c0ff4894f50e794a3103328aba12bbe034bc88a63166ced18bbaf01eec66	elf
bin/sleep	577608	025e205252c6ded72406153d51a1b39c51807b499693f36f6f4d494eaa27ee39	elf
bin/slim_daemon	352576	046a5fa2d34e9029c9859a7bca3a37ba99499b609bf92aed678c48085133f8f8	elf
bin/smartpa_cali	51792	6cca8d04dbc252f29b38d4d1964dfad127e94dd79c7b4d62f4ffb0fe0208d73a	elf
bin/smartpa_test	51304	a630bf0a5dcf6a7cdac7b7f0cefa31e28337119c0bf1c65f39ac550f78ed8366	elf
bin/smcinvoke_example	51776	6d323b7d4c41b6ff2ffb30d3fcc097ff3f08f3b2693221ea7f10b46e5cdfda5d	elf
bin/smcinvoke_skeleton	51552	adc47cc73d5ab63e447806472450c246c3ea0db3ba7a57952f3d64f07a66e9f5	elf
bin/smcinvoke_skeleton_cpp	68768	4994cf685dfd2f9c04964f97a4f71bb081b324c24c27ae1c3a6b30fd93b0a60c	elf
bin/snapdragon_services	52704	b58183dd4d6e9b6a48d838dc7042eb49209088c3d2ad889fa9490320d0b8f540	elf
bin/sort	577608	025e205252c6ded72406153d51a1b39c51807b499693f36f6f4d494eaa27ee39	elf
bin/soter_client	52064	24076b6ac477e7814cfca5f6e3f3687b87ef0be6723eb60755a8098d92fb1e08	elf
bin/spdaemon	51856	0fb74e4b8c96ebd606db4e81586068747d40b33207e920782ce8848c30c96276	elf
bin/spectraltool	68168	7d544fcb544a2b855a652f56d90638450a5b0c427cbd61f273eb6cd572f8067f	elf
bin/split	577608	025e205252c6ded72406153d51a1b39c51807b499693f36f6f4d494eaa27ee39	elf
bin/spu_install_keybox	101808	073d7536e6977b392b4f360ff40c4b800aacbabf3d73092e3fe1a9c6328c953a	elf
bin/sputesthal	102088	4cbfcf1b909bb31f8f8e638b0e4ffaa86ea747b93b058aa29d62380a5af4853b	elf
bin/sscrpcd	51704	29dff8c61257f705e614c4908ade8960b05e54a9c6dd7f20d4ba31becafa37dd	elf
bin/ssdaemon_vendor	51872	59ecad85a5d4902845294bf935bb28965871d9bcb2b0012633b07c639bd0592b	elf
bin/ssgqmigd	194760	a3b565c489bdeb6ad4f8099df4fd4656d4c7d8c4ffb1f1939ba1c8c22e06071e	elf
bin/ssgqmigd64	194760	a3b565c489bdeb6ad4f8099df4fd4656d4c7d8c4ffb1f1939ba1c8c22e06071e	elf
bin/ssgtzd	185360	8eae52284df22b956ea1e323b41528ff51c2a8b6fa579279df2de646acc3eecd	elf
bin/ssr_diag	51728	1c0304afc606a889267d79ffeb432662391e635a187de22c35ef17828f6a96b9	elf
bin/ssr_setup	51688	c5a247abb136408817cffe5fe69faca1c20f2897656859bd8d199ad161d64b46	elf
bin/st_full_init	51488	8c6b26bc56d1d2ac48a9731b75bd8fc6ffe054f0d715a7ce344811ad8ad238e9	elf
bin/st_se_factory	51536	7492ccd30248e3f1cbee6d339151f22ee9f48c564f03fc1c55014d8093f18e1b	elf
bin/st_seid	51496	32812d48e01cd6aba8a4ce03a0d8510eb62186a29395123de3b11be56fbe2097	elf
bin/start	153016	af04359e1fbad74ec189632575b0e69cdca19d6e963d44f98504d63a3b9309d2	elf
bin/start_wifi_sniffer_log.sh	696	2151cb83c002eb0ead666e1ad1bca9283e7b8f70a5eb4a90b2de1c1f57ead2b1	text
bin/stat	577608	025e205252c6ded72406153d51a1b39c51807b499693f36f6f4d494eaa27ee39	elf
bin/stop	153016	af04359e1fbad74ec189632575b0e69cdca19d6e963d44f98504d63a3b9309d2	elf
bin/stop_wifi_sniffer_log.sh	238	3db0c2038c31d8ffc945e41dff15e8fed84d24a7594e730cde21a88c8361b896	text
bin/strings	577608	025e205252c6ded72406153d51a1b39c51807b499693f36f6f4d494eaa27ee39	elf
bin/stty	577608	025e205252c6ded72406153d51a1b39c51807b499693f36f6f4d494eaa27ee39	elf
bin/subsystem_ramdump	68352	f590387fdec1fcd7203f8582a4d68b8ddcfa71595708d4ad8e0e31a9c6f6b4d8	elf
bin/swapoff	577608	025e205252c6ded72406153d51a1b39c51807b499693f36f6f4d494eaa27ee39	elf
bin/swapon	577608	025e205252c6ded72406153d51a1b39c51807b499693f36f6f4d494eaa27ee39	elf
bin/sxrservicetest	151680	5ad32265d3baa2e5cda05af55ea59deeb0f9511312935aeecff84805da07b24d	elf
bin/sync	577608	025e205252c6ded72406153d51a1b39c51807b499693f36f6f4d494eaa27ee39	elf
bin/sysctl	577608	025e205252c6ded72406153d51a1b39c51807b499693f36f6f4d494eaa27ee39	elf
bin/system_dlkm_modprobe.sh	1420	819fb4951748d8ce3f63d1896378048d3ffc2df76526048cd8adb0c704a2b934	text
bin/tac	577608	025e205252c6ded72406153d51a1b39c51807b499693f36f6f4d494eaa27ee39	elf
bin/tail	577608	025e205252c6ded72406153d51a1b39c51807b499693f36f6f4d494eaa27ee39	elf
bin/tar	577608	025e205252c6ded72406153d51a1b39c51807b499693f36f6f4d494eaa27ee39	elf
bin/taskset	577608	025e205252c6ded72406153d51a1b39c51807b499693f36f6f4d494eaa27ee39	elf
bin/tee	577608	025e205252c6ded72406153d51a1b39c51807b499693f36f6f4d494eaa27ee39	elf
bin/test	577608	025e205252c6ded72406153d51a1b39c51807b499693f36f6f4d494eaa27ee39	elf
bin/test_diag	51888	2ba9dd301342e4cf8039e9083c9d8a273e3b73308e13ae56327a9733020d1e0f	elf
bin/tftp_server	135912	877a191e0518381d70727e919ae7ed3a5496b9adef6f7380b78b606836ab38fd	elf
bin/thermal-engine-v2	2718368	3e73dea1b6a479486752e0bd973f5f82ae96bd236ff1efb2a1f00577edafd4af	elf
bin/thermal_rollback.sh	7546	6e3c43fa4416424a0e46673b9dceb49cf094af8c19c47fd01700f001b25dd7d4	text
bin/time	577608	025e205252c6ded72406153d51a1b39c51807b499693f36f6f4d494eaa27ee39	elf
bin/time_daemon	85360	19657a5a0d944ec8d6ae49cad16c231b3d0581e6d4b839f76d49c8e9db4490cb	elf
bin/timeout	577608	025e205252c6ded72406153d51a1b39c51807b499693f36f6f4d494eaa27ee39	elf
bin/tlpd	135192	330287414dd025eaee568d6ccfae70ae6d68d231e999d25f0e0da31b974dc1e5	elf
bin/toolbox	153016	af04359e1fbad74ec189632575b0e69cdca19d6e963d44f98504d63a3b9309d2	elf
bin/top	577608	025e205252c6ded72406153d51a1b39c51807b499693f36f6f4d494eaa27ee39	elf
bin/touch	577608	025e205252c6ded72406153d51a1b39c51807b499693f36f6f4d494eaa27ee39	elf
bin/toybox_oem	52088	928055f06a0968e11c56e610fc4425cca9391bb06b65f7bd18d50bbc727441db	elf
bin/toybox_vendor	577608	025e205252c6ded72406153d51a1b39c51807b499693f36f6f4d494eaa27ee39	elf
bin/tpdtest	51304	a90f5dc3177e099805315f2305d4dfd840af9a2d57060fc589d5a43f43da7d36	elf
bin/tr	577608	025e205252c6ded72406153d51a1b39c51807b499693f36f6f4d494eaa27ee39	elf
bin/true	577608	025e205252c6ded72406153d51a1b39c51807b499693f36f6f4d494eaa27ee39	elf
bin/truncate	577608	025e205252c6ded72406153d51a1b39c51807b499693f36f6f4d494eaa27ee39	elf
bin/trusteduilistener	102608	036f64b6ca185d7a6fb93deda04890f99ec7df97cb7727cb760ec9c1ca15f68f	elf
bin/tty	577608	025e205252c6ded72406153d51a1b39c51807b499693f36f6f4d494eaa27ee39	elf
bin/ubwcconvert	51688	3989fbd4c98b2118e6bbd95f41b5be9faafed98fd26c00958f8cdaa1b2a7cbb2	elf
bin/ubwcp_test64	102056	21b8a463210d2e6b5b6716ea5711774774a1ab036e166ff4d23982e6eddf6cad	elf
bin/uclampset	577608	025e205252c6ded72406153d51a1b39c51807b499693f36f6f4d494eaa27ee39	elf
bin/ulimit	577608	025e205252c6ded72406153d51a1b39c51807b499693f36f6f4d494eaa27ee39	elf
bin/umount	577608	025e205252c6ded72406153d51a1b39c51807b499693f36f6f4d494eaa27ee39	elf
bin/uname	577608	025e205252c6ded72406153d51a1b39c51807b499693f36f6f4d494eaa27ee39	elf
bin/uniq	577608	025e205252c6ded72406153d51a1b39c51807b499693f36f6f4d494eaa27ee39	elf
bin/unix2dos	577608	025e205252c6ded72406153d51a1b39c51807b499693f36f6f4d494eaa27ee39	elf
bin/unlink	577608	025e205252c6ded72406153d51a1b39c51807b499693f36f6f4d494eaa27ee39	elf
bin/unshare	577608	025e205252c6ded72406153d51a1b39c51807b499693f36f6f4d494eaa27ee39	elf
bin/uptime	577608	025e205252c6ded72406153d51a1b39c51807b499693f36f6f4d494eaa27ee39	elf
bin/usleep	577608	025e205252c6ded72406153d51a1b39c51807b499693f36f6f4d494eaa27ee39	elf
bin/uudecode	577608	025e205252c6ded72406153d51a1b39c51807b499693f36f6f4d494eaa27ee39	elf
bin/uuencode	577608	025e205252c6ded72406153d51a1b39c51807b499693f36f6f4d494eaa27ee39	elf
bin/uuidgen	577608	025e205252c6ded72406153d51a1b39c51807b499693f36f6f4d494eaa27ee39	elf
bin/variantid	51776	516ceb8d1e07fd87e82af543b797302732edf636e8a1f719d2342a7ac1fcd484	elf
bin/vendor.dpmd	51264	916eb65b4e0ed36c40ef26c94b272f71f27ad245a445248cf1fd1218480760d6	elf
bin/vendor.qti.qspa-service	136600	2b8239f2dce7edb0b64fac09c83f7962c759eb80426586e6c44d71e79ece6748	elf
bin/vendor.qti.qspmhal-service	52104	6e3a6196e34bc1173ae93031322e87f26fdc2151bf58caeda6af3227947d9b04	elf
bin/vendor.qti.syshealthmon-service	52848	0f9126e08b51bcddbb537b534063c40c185c85b072fd6e0dc2fadac993b49b4d	elf
bin/vendor_cmd_tool	68400	5f0e158e6eb605f7aadff06db1abcb770a024297e90b4db7cc1c23f42b6c0995	elf
bin/vendor_modprobe.sh	3164	63ffbf271aa8d87a4de183a7d7e2d01b4bbd9f6169d6daed397fee1b4103f6e5	text
bin/vendordiag	269880	e63d169230639b2ecda036e36d9f32d7949c090792ef93b5828e1b81de252f27	elf
bin/vi	577608	025e205252c6ded72406153d51a1b39c51807b499693f36f6f4d494eaa27ee39	elf
bin/vmmgr	68992	52393e0601ef21c29a326ba2213599956accb91c4a0959df48c20e3a8edb290b	elf
bin/vmstat	577608	025e205252c6ded72406153d51a1b39c51807b499693f36f6f4d494eaa27ee39	elf
bin/vndservice	68360	6fea39bf556a04fc55cef65944f3f77e6974a550f47dc6aeca956dc22d97efbd	elf
bin/vndservicemanager	86712	388f99a87ee87bf021503c3fa3a7e28a0df0d9084f6fdd1eec74ae98146ad24e	elf
bin/vppcommonlibraryunittest	85296	2a33becbc5260e4deb75186bec4ed642ed823b4cc5f38d019bd70c1419a112af	elf
bin/vpplibraryfunctionaltest	138344	83ed9faf55dc40c5cae5254eb28e78af0d303326d25f7d2ce24e6dadede74ddd	elf
bin/vpplibraryunittest	656016	3e553b7d042b18b59f220d04631f124fb3c9dee6216c0f886a0faa5229bc892f	elf
bin/vppservice	102752	f06a2066a41e3f22a7d8ecbdeb195664cc723b296d8bdcc9870f99b7dd95e095	elf
bin/vppserviceunittest	169400	f7719cff0cae1dacc92e89f0509598eae5effeee3a5385862123dfc983e16b75	elf
bin/watch	577608	025e205252c6ded72406153d51a1b39c51807b499693f36f6f4d494eaa27ee39	elf
bin/wc	577608	025e205252c6ded72406153d51a1b39c51807b499693f36f6f4d494eaa27ee39	elf
bin/wdsdaemon	68120	736c9b4ffd076fdb19948563bca38b0ef4ece1cc42a1638a80b5c698fc074b71	elf
bin/wfdhdcphalservice	120544	19ed44c0617bb25becc07d262876c74aeef254c3f7670d3f16d3973ad28c2dc9	elf
bin/wfdvndservice	51552	454a761e875bdefa19f0f108e6868861ef24a32100c3ae50ebd8be68deea0bea	elf
bin/which	577608	025e205252c6ded72406153d51a1b39c51807b499693f36f6f4d494eaa27ee39	elf
bin/whoami	577608	025e205252c6ded72406153d51a1b39c51807b499693f36f6f4d494eaa27ee39	elf
bin/wifidisplayhalservice	84848	e5e6890dc2f49ee647848c4106b6a3e193e873cf49148cfeff0bbda3e8d115c1	elf
bin/wifilearner	69496	c182e977fc0069f0d92b8bb4af534c1f7727704da0de630544d4b9cf838e594c	elf
bin/wpa_cli	170528	43f55d06f16b525897f5743fa06fbd586ae14b58ba506aef4f148dfaad20e97b	elf
bin/xargs	577608	025e205252c6ded72406153d51a1b39c51807b499693f36f6f4d494eaa27ee39	elf
bin/xtra-daemon	789000	5a6f485b520f0c945448c5c247095e382e5aef6c956e943602337d42dccb7370	elf
bin/xtwifi-client	351336	91a019e7edb8b023079114df53a03e2ec0285bb143d09e7fe9bd3b8492e8b35c	elf
bin/xxd	577608	025e205252c6ded72406153d51a1b39c51807b499693f36f6f4d494eaa27ee39	elf
bin/yes	577608	025e205252c6ded72406153d51a1b39c51807b499693f36f6f4d494eaa27ee39	elf
bin/zcat	577608	025e205252c6ded72406153d51a1b39c51807b499693f36f6f4d494eaa27ee39	elf
bin/zte_diag_callback	51600	633ada2c38d5237c08b33bda7f8deb116803fe2caa48a807c94d8f0ee3f0ce3a	elf
bin/zte_diag_rf_selftest_callback	55160	a6ef794926f4fecaf80e48f8619af7cdc3ce9c91641334335ffcf10cd9ae70f9	elf
bin/zte_ftm	51416	9e8757f9407ee3f5bff6537555e08ce9b388d5f3077595e63ef26efc67d4720e	elf
bin/zte_ir_test	51312	9cd6af3a88b3cfbe6229ceeaafc4473bf6779f1c99b8db7e4f49a806b2047e35	elf
bin/zte_ldd_test	51864	c699a1995c6dbbcb554115f4868dd82191362cac937090c73eb54780743da38c	elf
build.prop	40117	3bc2b14def29396d8cac725fc7f6c41ca318cddced396447db12816bb9d66696	text
etc/HapticsPolicy.xml	3939	8887b51a111d572e201d0b7fbaf9a87fab42a8caceb298e12532bb05db8b002b	text
etc/Hapticsconfig.xml	21836	0a81641aa9ae68a90739d815da381d3a8e11695ad38560c9f14a94199899c5f2	text
etc/IPACM_Filter_cfg.xml	572	fc8a9f0fc99659c7d1a4d3e2fd2d5c68f319bbc2f10e7c0eacf9bef40ef4202b	text
etc/IPACM_cfg.xml	3719	f4fd3a368ce8ad22e9a5a2c5a8f9a48172b181b13e0f15e96f5ff3f6f9c74caf	text
etc/NOTICE.xml.gz	232448	8eb0d073d4d39e32aa9c8c328da26a63df2389bd59427ba60279300e9275399f	gzip
etc/QWESAttestationCert.pfm	1792	b195298dfa5f3b6e862e448481a55de29a77e9f12965afa4a7a82f6b755dcc3b	text
etc/a2dp_audio_policy_configuration.xml	2090	e20164e2412fa4b6497a908b2304dd8fe19684925fbae38ed6461ad60f3a9ec2	text
etc/acdbdata/IDP_UPD/IDP_UPD_acdb_cal.acdb	2932350	e70e5ec7179562d960eae4a0b49bd9ddbe56a29fbada74bfc6ed8ee51290b6c0	binary
etc/acdbdata/IDP_UPD/IDP_UPD_workspaceFileXml.qwsp	823456	a63951f2f5d7abdf1464c243a5c5ac298ffaa714e31d3ccc0e3fd4bfdc4c9c17	binary
etc/acdbdata/ffv_models/ffv__5.0.2_0.1__eai_4.8_enpu_v5.pmd	1606400	f0c3bd9358d567fee6bd95c5e1160f271c14472ffb063b7fe182267ba3a98d0e	binary
etc/acdbdata/ffv_models/ffv__7.1.1_0.1__eai_4.8_enpu_v5.pmd	2307840	5287a363cb8c258340bee4a592464a5b27ca28b3d67c91648aebf37472deb823	binary
etc/acdbdata/ffv_models/ffv__7.1.1_0.2__eai_4.8_enpu_v5.pmd	2307840	5009cbc774031b1700f8319cc83ea0c21e97047cf34d11fd53d3cf58488ee5a9	binary
etc/acdbdata/ffv_models/hk01b_relu_eAI_4.6_eNPU_V5_adsp_i.pmd	122588	25b063d8bf8c9a6f4e0b1c9da4c5158c766aa6dbe6b86b9d362a0b73a006c430	binary
etc/acdbdata/haptics_data/click.pcm	5952	ddef45a19ec8d91c57867633b3b7de17fdbced27511df8113dd118c080296a89	binary
etc/acdbdata/haptics_data/double_click.pcm	23040	6771483ec584b09ddaa0efac9088da158919ad0400e0ab05ec4a9ff8fc2794bc	binary
etc/acdbdata/haptics_data/heavy_click.pcm	6720	29fea88452a1d3d3de20c9c5c6eb3bc80bc7115fdb593731281ceae7cda40180	binary
etc/acdbdata/haptics_data/pop.pcm	5760	a294c3149cf29abca3039cae1aa98654d4d05a3f226f10bdfec8b600d18dc1f7	binary
etc/acdbdata/haptics_data/reserved_1.pcm	192000	6b18487ec09009d2ce8568209c86fce71bb90a77da0f3d4ae8fbdcaaa0fa1784	binary
etc/acdbdata/haptics_data/reserved_2.pcm	192000	e0b12fa89b282a150b7742ca97e1f5cf53eca771e34da5fef3c37852cacb954a	binary
etc/acdbdata/haptics_data/reserved_3.pcm	192000	a801f620b0894d7437f9c993e1027bcedbc146c25a65ea0a47840d6f35276cd5	binary
etc/acdbdata/haptics_data/reserved_4.pcm	192000	622cd9703393419662eb77bb9fd0e2fdb85f8ef4726813220c352054bad250e0	binary
etc/acdbdata/haptics_data/reserved_5.pcm	13440	63613a0b34d791c45e2f777791f35fae649c51f290987389872a3b543b2ae664	binary
etc/acdbdata/haptics_data/reserved_6.pcm	13440	d0873a29c20e975dde5cdcbff732e48e86332c8e668eab024ebf0aeda37325db	binary
etc/acdbdata/haptics_data/reserved_7.pcm	57600	d16030d3b580c2edb12190ce69a919764746f04cceacf641c03a17f2902adc14	binary
etc/acdbdata/haptics_data/reserved_8.pcm	76800	feaf46ecdcdc7b862d8557cd317d31deda30ead2b58f6fbeac71d8d273b0b036	binary
etc/acdbdata/haptics_data/texture_tick.pcm	38400	9292186678b2b3624f406dc924ec678938b630bc4daab75aa0f4b523601f1053	binary
etc/acdbdata/haptics_data/thud.pcm	7680	eee92b85590457168e991a914cdbd596a7d924c557d93573460b4cc12a4472a9	binary
etc/acdbdata/haptics_data/tick.pcm	5760	56178fbe45791e4b5897fc30c1fd807aac9a8b7fc6ca339d7239dfa699f90f4b	binary
etc/acdbdata/nn_ns_models/fai__2.0.0_0.1__3.0.0_0.0__3.1.0_0.0__3.2.0_0.0__eai_2.7_enpu3.pmd	765184	f09cf33ef629afb3ea97ed087109ed360ccc91760d4e933782dd451479f22f03	binary
etc/acdbdata/nn_ns_models/fai__2.0.0_0.1__3.0.0_0.0__eai_1.36_enpu2.pmd	709376	b0452ddbcae569678167452177e1af2ee67f5786689ecb9975bdf95896314636	binary
etc/acdbdata/nn_ns_models/fai__2.3.0_0.1__3.0.0_0.0__eai_1.10.pmd	5423616	c94459c5c1fcb266def8b3ece0610600e372ec03a7b107653e2cddb5d7f677f8	binary
etc/acdbdata/nn_ns_models/fai__2.3.0_0.1__3.0.0_0.0__eai_1.36_enpu2_comp.pmd	5413632	7e6652adca21e0646d3a7a4381657a9be1a6f7530ddd26a936a15a5d5b382c97	binary
etc/acdbdata/nn_ns_models/fai__2.6.1_0.0__3.0.0_0.0__3.1.2_0.0__3.2.0_0.1__eai_4.6_enpuv5.pmd	1937152	e05c17f87de99d71a62d2989c4dcc7b60eceb03b54457c1f5cf0bf028257fa26	binary
etc/acdbdata/nn_ns_models/fai__2.6.3_0.0__3.0.0_0.0__3.1.1.0_0.0__3.2.0_0.0__eai_2.7_enpu_v3.pmd	2919680	e980cc781a1b324aa3519ef5379b7a31ad40246581b6f60404da425d4ea90bc3	binary
etc/acdbdata/nn_ns_models/fai__2.6.3_0.0__3.0.0_0.0__3.1.1_0.0__3.2.0_0.1__eai_3.0_enpuv4.pmd	2408448	2aa55b990cc679fa4e6d90104018a5c1ce66e226c66bcb16f1a58b785284e9bf	binary
etc/acdbdata/nn_ns_models/fai__2.6.5_0.0__3.0.0_0.0__3.1.0_0.0__3.2.0_0.0__eai_2.10_enpuv3.pmd	2898176	f1421fe0097bf1ef57d984a21678f6eaff870c96ea745f414675c05074d7fccb	binary
etc/acdbdata/nn_ns_models/fai__2.7.20_0.0__3.0.0_0.0__eai_1.36_enpu2.pmd	5425920	5e3e520a81b3ee88b386ae63722b5151834bc0d7e2ead60b26d4e6cea366db16	binary
etc/acdbdata/nn_ns_models/fai__2.7.2_0.0__3.0.0_0.0__3.1.1_0.0__3.2.0_0.1__eai_3.4_enpuv4.pmd	4246528	187da72cc9e49bb373f08a46bb2dc2d069d1c653e6b9cd878dfa76323cdb21a0	binary
etc/acdbdata/nn_ns_models/fai__2.7.2_0.0__3.0.0_0.0__3.1.2_0.0__3.2.0_0.1__eai_4.2_enpuv5.pmd	4251392	aa80705ba73d61c7e80fb4c73254e356d1103c19c3c34191c6e9ccf96c8045b8	binary
etc/acdbdata/nn_ns_models/fai__2.7.2_0.0__3.0.0_0.0__3.1.2_0.0__3.2.0_0.1__eai_4.6_enpuv5.pmd	4248832	7766c130e6b4265c313d04901a0817aebb79a343a063eb4c63ed2914459b63c5	binary
etc/acdbdata/nn_ns_models/fai__2.7.2_0.0__3.0.0_0.0__eai_1.36_enpu2.pmd	5425920	4082cde905f3fd318baacd5e9239200c498bf5f021017043dfc873c272f67e08	binary
etc/acdbdata/nn_ns_models/fai__2.7.5_0.0__3.0.0_0.0__3.1.1.0_0.0__3.2.0_0.0__eai_2.7_enpu_v3.pmd	5481728	33bbb8a0be2a49262fcb949dcdc37b194787f68995cee8658ecd8d37463b3293	binary
etc/acdbdata/nn_ns_models/fai__2.7.5_0.0__3.0.0_0.0__3.1.1_0.0__3.2.0_0.1__eai_3.0_enpuv4.pmd	4670464	f81749d2e52bfc0751e7db202b0348b4cf09746dcbeaae5b6e56724f3f52f940	binary
etc/acdbdata/nn_ns_models/fai__2.7.6_0.0__3.0.0_0.0__3.1.1_0.0__3.2.0_0.1__eai_3.4_enpuv4.pmd	4560128	1b73539e1e1a4e1895f12823b1bc354632067d34e4e3fdc33502d6fbb93866ba	binary
etc/acdbdata/nn_ns_models/fai__2.7.7_0.0__3.0.0_0.0__3.1.1_0.0__3.2.0_0.1__eai_3.4_enpuv4.pmd	4562176	96ad8727e32a5bf9cb4bb9c72e9b8724f92c808384a1dd9caae3be9662807c55	binary
etc/acdbdata/nn_ns_models/fai__2.7.8_0.0__3.0.0_0.0__3.1.0_0.0__3.2.0_0.0__eai_2.10_enpuv3.pmd	5452544	faa5a30c07a4289b4cf2eb8ef9b3b3371284580b643377b14ed0c58b2f0be6ce	binary
etc/acdbdata/nn_ns_models/fai__2.7.8_0.0__3.0.0_0.0__3.1.1_0.0__3.2.0_0.1__eai_3.0_enpuv4.pmd	4032256	07e55ffd720d4ce789b5156c73e20583f2c30c0797c00f547213ccb1e1b8f5dc	binary
etc/acdbdata/nn_ns_models/fai__2.9.0_1.0__3.0.0_0.0__3.1.1_0.0__3.2.0_0.1__eai_3.4_enpuv4.pmd	8237568	630ad86b40e83183bf625b2d71a8dd917de671464c838c971894fe5d63b6ca27	binary
etc/acdbdata/nn_ns_models/fai__2.9.0_1.0__3.0.0_0.0__3.1.2_0.0__3.2.0_0.1__eai_4.2_enpuv5.pmd	8277248	d2824b7b01ad7d92ef1912e284249bf81b5546a50644d649eddf4b470c9dbb5c	binary
etc/acdbdata/nn_ns_models/fai__2.9.0_1.0__3.0.0_0.0__3.1.2_0.0__3.2.0_0.1__eai_4.6_enpuv5.pmd	8240384	94356dac937efb759b63e02d0154c23d9146171385d2464f0e7503be8740abfe	binary
etc/acdbdata/nn_ns_models/fai__2.9.2_0.0__3.0.0_0.0__3.1.1_0.0__3.2.0_0.1__eai_3.4_enpuv4.pmd	2278144	d21610a5ff15ed66bd5cd8ee50a869b8a08f05350582df9605c3a3c6902f8662	binary
etc/acdbdata/nn_ns_models/fai__2.9.2_1.0__3.0.0_0.0__3.1.1_0.0__3.2.0_0.0__eai_3.4_enpuv4.pmd	2277888	34807dc3b88e6f3ccce16db7334e5c1714b7bc5252ed55034ce67fde7b5a63c4	binary
etc/acdbdata/nn_ns_models/fai__2.9.2_1.0__3.0.0_0.0__3.1.2_0.0__3.2.0_0.1__eai_4.2_enpuv5.pmd	2317568	8edff5ba593a63f5b063179a29b3f8c2397c2f0dfa7fba2c57a7f9124c6d997e	binary
etc/acdbdata/nn_ns_models/fai__2.9.2_1.0__3.0.0_0.0__3.1.2_0.0__3.2.0_0.1__eai_4.6_enpuv5.pmd	2280704	f7fd4008090f64a392137705c99831b4f2c9f7c45aef264b95a9f75abbccede0	binary
etc/acdbdata/nn_ns_models/fai__4.8.14_2.0__3.0.0_0.0__3.1.2_0.0__3.2.0_0.1__eai_4.6_enpuv5.pmd	6505216	7488974eda595ad6ce221c7db2e4c04943e0135e1fe5039b8b227660797db6e9	binary
etc/acdbdata/nn_ns_models/fai__4.8.16_0.0__3.0.0_0.0__3.1.2_0.0__3.2.0_0.1__eai_4.11.0_enpuv5.pmd	6545920	0c77fadc6875534c03e2c219facf202aafc8328dda74703e17c27bf780fbc808	binary
etc/acdbdata/nn_ns_models/fai__4.8.2_0.0__3.0.0_0.0__3.1.1.0_0.0__3.2.0_0.0__eai_2.7_enpu_v3.pmd	8747264	de37572abac36647dc9ba76f69442ff482e6591720138c72d1d763a6506ec30c	binary
etc/acdbdata/nn_ns_models/fai__4.8.3_0.0__3.0.0_0.0__3.1.0_0.0__3.2.0_0.0__eai_2.10_enpuv3.pmd	8712704	d4f962a3f842e5ab7a042aae20530e78a61bfbbb6293323840e0382247a12c08	binary
etc/acdbdata/nn_ns_models/fai__4.8.4_0.0__3.0.0_0.0__3.1.1_0.0__3.2.0_0.1__eai_3.0_enpuv4.pmd	6738688	cd9f36d7a3714c158418625b4ee522cf1487791960767ec842e5a5685ccddde6	binary
etc/acdbdata/nn_ns_models/fai__4.8.4_0.0__3.0.0_0.0__3.1.1_0.0__3.2.0_0.1__eai_3.4_enpuv4.pmd	6591488	46487fb584442450321488d76824a7daaa953516ad459fb527f6c9a913087df6	binary
etc/acdbdata/nn_ns_models/fai__4.8.4_0.0__3.0.0_0.0__3.1.2_0.0__3.2.0_0.1__eai_4.2_enpuv5.pmd	6596608	56056f2c6b863b4462f4d8d8af4363ed304b3e6096543c997559e5c3ef6748f9	binary
etc/acdbdata/nn_ns_models/fai__4.8.4_0.0__3.0.0_0.0__3.1.2_0.0__3.2.0_0.1__eai_4.6_enpuv5.pmd	6594048	c0eac1861bf1a4af33e6c552a8eef61d87924352a1f2043c8059a724f0ffb8ea	binary
etc/acdbdata/nn_ns_models/fai__8.0.2_0.0__3.0.0_0.0__3.1.1_0.0__3.2.0_0.1__eai_3.4_enpuv4.pmd	4578560	4500ed89bc2c1c71d67280dd5ff7bd9bcb10ebd04184615f1c4cf6949bf33049	binary
etc/acdbdata/nn_ns_models/fai__8.0.2_0.0__3.0.0_0.0__3.1.2_0.0__3.2.0_0.1__eai_4.2_enpuv5.pmd	4584960	f11db20721db941ca64fe1aec9a961730c000810008555055549b708fd6b82fd	binary
etc/acdbdata/nn_ns_models/fai__8.0.2_0.0__3.0.0_0.0__3.1.2_0.0__3.2.0_0.1__eai_4.6_enpuv5.pmd	4581376	3d8e0fce29dc0ede9b76ebc6762b71e6a8086d1f748cf2b22b26f56261eb9519	binary
etc/acdbdata/nn_ns_models/fai__8.0.3_0.0__3.0.0_0.0__3.1.2_0.0__3.2.0_0.1__eai_4.6_enpuv5.pmd	4913920	5b3ffb0a1668703df6ab5b09d59dc8a044dd668af5ea50b997f8eba3716e1941	binary
etc/acdbdata/nn_ns_models/ffv__14.0.2.1_0.0__eai_4.6_enpu_v5.pmd	5184000	f9efbfcdf643abbaa73c5daf1858f926f721cd538ea8d1833d207a5e4ac49343	binary
etc/acdbdata/nn_ns_models/ffv__16.0.1.1_0.0__eai_4.6_enpu_v5.pmd	4637440	0827e925014e756c33c5fbb34b738cf5f062aa9aebc64b0ce3c2fe76aba991f0	binary
etc/acdbdata/nn_ns_models/ffv__16.0.4.1_0.0__eai_4.6_enpu_v5.pmd	4646144	1796bd5384936e4099508fa2779ea8b74abae5c6ad1146b4f418d9431bc683fe	binary
etc/acdbdata/nn_vad_models/fai__3.0.0_0.0__eai_1.36_enpu2.pmd	23808	5908aacb8e6007ffa3e5cd77a6aeb0483f6cb9cbf9e53696317363098a60cbb0	binary
etc/acdbdata/nn_vad_models/fai__3.0.0_0.0__eai_2.10_enpuv3.pmd	22528	56c67d25bc1e40adfab04ef274aae5b9f25d33621d708a8b8cfecdc7d4c72421	binary
etc/acdbdata/nn_vad_models/fai__3.0.0_0.0__eai_3.4_enpuv4.pmd	20480	1f712427459d8f10f48380925a9fc3d48c8c994c4f3cefa679147d98a745ebf3	binary
etc/acdbdata/nn_vad_models/fai__3.0.0_0.0__eai_4.2_enpuv5.pmd	20992	c2d7c7ca9c01cafcaf6ae24d1803d34a809cb367657b2fa386dea48b1adecb10	binary
etc/acdbdata/nn_vad_models/fai__3.0.0_0.0__eai_4.6_enpuv5.pmd	20992	b9f4ed6518e6467967847a59b3dcf56666737507fb7cbe3f941e5ffc0174934b	binary
etc/acdbdata/sun_cdp/CDP_acdb_cal.acdb	3136458	984a8539c95422a7d6dd6ddeb95805acb48924af0e1ce498c2a8c67a0b672021	binary
etc/acdbdata/sun_cdp/CDP_workspaceFileXml.qwsp	925392	ae0fed6a96366f5302366dcf052756e035a913888afe4cb943ecdd1f4c9e9adc	binary
etc/acdbdata/sun_mtp/MTP_acdb_cal.acdb	3234458	716416213631f0c1307a5a5c70c70f551029666d0909085fe7f39e2f52dc22b9	binary
etc/acdbdata/sun_mtp/MTP_workspaceFileXml.qwsp	940176	5a0e50bd4b2b538699c120063ae7553a62bea0c80e1e2b636b6c5ccd78ce94cd	binary
etc/acdbdata/sun_qrd/QRD_acdb_cal.acdb	3229454	8488ca4fd247e9ca51bc19878d790b27ad52e03879575a828ae01b067b872856	binary
etc/acdbdata/sun_qrd/QRD_workspaceFileXml.qwsp	890272	c897587acddcba4d718ff4f26717efc7b8ff4b6854dbd958ba1210056a5e1e4b	binary
etc/acdbdata/sun_qrd_sku2/QRD_sun_sku2_acdb_cal.acdb	3229122	c70893d0d906d1dea7b522b75778ceb241f882fceb177cdd1720e2cd99ea7d9d	binary
etc/acdbdata/sun_qrd_sku2/QRD_sun_sku2_workspaceFileXml.qwsp	888352	849abfbdebaa1cf4f4f51e5f81a38a24a322be2b36d46c0f8bcc7cd6e74e21d4	binary
etc/aconfig_flags.pb	6200	6d24d46cdbda4176f4fe7f48e42109e3946d3285fd50664c8c84dc0552e6a44f	binary
etc/aidl/hfp/hfp_codec_capabilities.xml	3499	529743e516cbc71b86c038f8969feda1a3d028986db2a51f1366a0bb034cf9c7	text
etc/aidl/le_audio/aidl_audio_set_configurations.bfbs	4304	8617d7f1c70a38531e82d52a2837a0014f57821ff193e28ebe5e5b8255bd3ff7	binary
etc/aidl/le_audio/aidl_audio_set_configurations.json	284200	356dc115b4315feea3aee30ae852c845ee5c0ed98f219da64334f6b87bc49980	text
etc/aidl/le_audio/aidl_audio_set_scenarios.bfbs	744	0aba425fa07361e908b76c76c3b2a1de0f753d653f77275ce9dce7509b21efc2	binary
etc/aidl/le_audio/aidl_audio_set_scenarios.json	17682	0bd07a9b823d2834f018a49509def1670a11835da9e211f6ff80f72bdd632102	text
etc/apdr.conf	800	d0003f2b84b3007956a4ccc4c1c071c750bb0e144c288ef25d48ac182453925b	text
etc/audio/audio_module_config_primary.xml	27805	f61965b376d3a8b49385117f6cbd69bff9a122ffd60f027835f1873353779732	text
etc/audio/sku_sun/audio_effects.conf	8881	6d9ef9583fdd3329f3ea4df02c062e2b5d1ab92f8a64688e25749f8dfcccea09	text
etc/audio/sku_sun/audio_effects.xml	8947	af74451cbbffd869ef9b06d67e0e6398ff3e5d30346a6a2fe8f05843c4e55214	text
etc/audio/sku_sun/audio_effects_config.xml	5076	1005ae1b442851187cab433458d00c7b82cd0071a428b804caf9aabfad8613ae	text
etc/audio/sku_sun/audio_effects_config_stub.xml	8817	88941498691f5ab62df2b0282b40baa275220331cea5ecacc2d4c1892ddb1328	text
etc/audio/sku_sun/audio_policy_configuration.xml	6919	15585473726f3bcf25bbf6153b5d4dbb4c375907cead12074b1f37f473db8f40	text
etc/audio/sku_sun/mixer_paths_sun_cdp.xml	49061	fd03209b56e4b5f78960814ee2180772f434a631a08cfff0de088d3009257e97	text
etc/audio/sku_sun/mixer_paths_sun_mtp.xml	52075	3a649f3bbe92b1332b038ce67fb2e4f4b2ee0aa8842dbe933b1f0dbfba2896fb	text
etc/audio/sku_sun/mixer_paths_sun_mtp_wsa883x_qmp.xml	58842	a1db76bdef5d15a840be3c1877b4852d6537474d097de7b1c2689df6fb27383f	text
etc/audio/sku_sun/mixer_paths_sun_qrd.xml	64932	d1ef604f151d0944456cda4e891f263a67cf905c34fb0a1f5c9b7fe9b7f88dcf	text
etc/audio/sku_sun/mixer_paths_sun_qrd_sku2.xml	64933	1bbd57ea36e411dd1bb5251c1e70850ab0edaf4996482765e4f61905847cff39	text
etc/audio/sku_sun/resourcemanager_sun_cdp.xml	89440	c008ab59d88067d15f337e750577a0bc331d546c8dda694ec37ad4104aa4cb57	text
etc/audio/sku_sun/resourcemanager_sun_mtp.xml	96733	131b8612bd33e5ca43da10257e1f3efdc79ea4e30d2d5048852a53e0a6d52e8f	text
etc/audio/sku_sun/resourcemanager_sun_qrd.xml	90074	d4baf8272cc6fea082b60e6147af4c91a47fe3bc9ceb29cf0dd442c199a49053	text
etc/audio/sku_sun/resourcemanager_sun_qrd_sku2.xml	89824	a6480744a2fdc9d6ca7a7c72c196c249ca7589d19e15165da61b79a2cd139b00	text
etc/audio/sku_sun_qssi/audio_policy_configuration.xml	8714	311fde79a85c5a8f9517fcb3b38c7aada780a5548e92631685087eea05f41230	text
etc/audio/sku_sun_qssi/audio_policy_volumes.xml	13802	5a82503ddcea29bc5ae5a7f084610708cb242e2d5f47803b86630c0a45803d70	text
etc/audio/sku_sun_qssi/zaudio_service.xml	6704	ac61a802e3852bac9fa5b09cfdb26a17b4c4fca53cdcb47ca70977caf8b7493f	binary
etc/audio/vendor_audio_interfaces.xml	1611	67eb76f784fb826d1c66783a0d621de56958876c616cdaf0b9e160ca5ab4bccf	text
etc/audio/zaudio_service_base.xml	15751	9037aaaf26f25a4d2613764b364bf8e381988f2ad942c2675db93820bcf7f019	text
etc/audio_policy_configuration.xml	16971	7f2c3e34832c325900a9cb89f3c7ceb20d9f5bf20e54bae60f87ff685083c055	text
etc/audio_policy_volumes.xml	13561	6732440a6237e80159e71cd4b861d94b9aed6908070a43786f9e216bfbb3f2c7	text
etc/batching.conf	1744	fad37373c7fbff1f4cff752decddddcc516406f45adf1e6055242fae4ed44989	text
etc/bluetooth_qti_audio_policy_configuration.xml	2103	b32c201568fbfd204fa74512f76bf9df98ed97e3f9f1f3c898a2072ce26e84ed	text
etc/bluetooth_qti_hearing_aid_audio_policy_configuration.xml	1748	904d8d3f3f8aaaa412a4f4e4d83c1174a320db5dcd90bb8fafa3a6b8570ee36e	text
etc/boringssl_self_test.no_zygote.rc	194	ff2b2a6fbdb6856459bd56096eb27e1f30948d7d4097a91eac784aa1a8a89c53	text
etc/boringssl_self_test.zygote32.rc	194	ff2b2a6fbdb6856459bd56096eb27e1f30948d7d4097a91eac784aa1a8a89c53	text
etc/boringssl_self_test.zygote64.rc	97	be7ccd57fe6196abc6c0b9fe380f14ecab14016a062005ef3766348929b020ef	text
etc/boringssl_self_test.zygote64_32.rc	194	ff2b2a6fbdb6856459bd56096eb27e1f30948d7d4097a91eac784aa1a8a89c53	text
etc/bpf/qmsUidStats.o	18296	64d24a98360bacd6af821a473782b1c57a4ab1bd0913071fd42fc3313d0b3944	elf
etc/build_flags.json	60414	99a4abcb7b63dd7d349e193a2fa336bf50c3e95e3a01fb247f12ee6f6d208eb8	text
etc/camera/VNSConfig.xml	1574	1ca97be0d5d0b4dcd817d541b5f4caca087c686c84b80c3a10986bfb38e34d5f	text
etc/camera/adaptive_config/mfnr_network_denoise_config.xml	2401	0989d8c11ec35629861585d5cd5e14fe5562cd059de9a7c696ee2405ddec0a75	text
etc/camera/adaptive_shutter_config.xml	14859	9a5e585b792f2b415a7cc1715bafaaaff233aada8e2b31312ec06886ab01f55a	text
etc/camera/adaptive_shutter_config_moon.xml	14836	63b6522ffe7e47035cc56c4e8e3d5b8f23adbe865de4cdaae5c377e9ffd25a58	text
etc/camera/adaptive_shutter_config_night.xml	14841	8772045c6d4f24d7414fb1c6b9fd2ff86bc1cf4030145cc73913056893d8247a	text
etc/camera/adaptive_shutter_config_renwen.xml	14859	5b9ea7e93ddb42bad41861f38845a312e6072a6e79d243f98e19f851d2697a78	text
etc/camera/beautiful_app/preference_beautify0.json	16336	89c837f38a09d3130a84dcb200a2da5a9313158652c4d5a2b35bf700c69310f5	text
etc/camera/beautiful_app/preference_beautify1.json	16277	3973fcaf1b648c9aa0376de3090e75031d39c93d5536e62027555bfa5dfdd8f8	text
etc/camera/beautiful_app/preference_beautify2.json	16363	cacf1c5f890e5b6929c79d6ede26988c097568e4107ce559d179faffe52cc9a0	text
etc/camera/beautiful_app/preference_beautify3.json	16352	458916dd9713f6ee579f6b4f16148e3017d0e7d90d3a6004f588b7901f9b67d4	text
etc/camera/blush_gloss_lut.cng	3619480	912da6ca2ec922169b4d013badbb239f1c64365218e9472a97a7df9ba86a0ff9	binary
etc/camera/burstsr_x2_f4_528_528_4Binary.bin	12442208	ac13314fc80e142ae9d4ca2f41be341c52af0a35050003e432272896c9b0eedd	binary
etc/camera/camera_family_resources/family_demo_elecfnovideo.mp4	732700	91619536a7f53926717060cd810d17663d4afe720cb45b10109203e409856016	binary
etc/camera/camera_family_resources/family_demo_freezevideo.mp4	6594838	46df3187653f87c9d7dba9b42366ea762d91ebfbb6ae66ab1798ee2838cf2781	binary
etc/camera/camera_family_resources/family_demo_hitcock.mp4	4208659	21c7385528ad937f0ecb3097852c17bcd24dcffaa88987dc8eefa5ebe576c695	binary
etc/camera/camera_family_resources/family_demo_intervalometer.mp4	13428915	7e210ef83b15e0ec2956630695ae4e81da348aebe187f1ef158eb8efec78559c	binary
etc/camera/camera_family_resources/family_demo_slomo.mp4	7903214	04c3a8ee05a346f26f2ebf6182d06391120ff8527bc4c001a5014f51513747ef	binary
etc/camera/camera_family_resources/family_demo_vlog.mp4	8875087	45ae133e0ac06b63f0b33c0c7de0eb4e870a28142ccaecdc821d3395c345a5fc	binary
etc/camera/cameraaiconfig	37	f5624f2ca1c7c1efe6a7beacaf1df17faafdc4f2af60afa5e30d44fdd0b0521e	text
etc/camera/camxoverridesettings.txt	370	2d725e891013b2103c63c2102ca65242f8e4f4a3a082d3a9a83eb176c3e332d4	text
etc/camera/constellation/And.png	206737	079fe62a3f66e341a24d8fc7f8e7b1207d1956013d2e713a3230b4cfdb82d04a	binary
etc/camera/constellation/Ant.png	31074	e079c79a83aae9bf8f4a933129f7175237bebe0aa3e72d3520077a6f5354f9d2	binary
etc/camera/constellation/Aps.png	50883	36c7e032b12917095fc99c75e9547ddb9a76e77cf5afe074ab5f2bcc404a8f15	binary
etc/camera/constellation/Aql.png	113130	516c7e8c61bdb830513255334fec9b5d87753202cbfc742f41b22d0c205d638b	binary
etc/camera/constellation/Aqr.png	283126	71e1d9d7320084502d37b60f1bcba7453912aec5ce79c6fc5c749f43c535d927	binary
etc/camera/constellation/Ara.png	72307	c95a2f4b87e11f2e4179130f1f1f94454be6f4e8cfc1a87b715f57e270019096	binary
etc/camera/constellation/Ari.png	59146	da595da63dd8e2695f87ee268ad3910b88e972dc0624c8678acfdd4f3b72807c	binary
etc/camera/constellation/Aur.png	148158	809b3ec7589795fbc2e963e0a3a796eea7f03cb13319fd98638a5adb245508a7	binary
etc/camera/constellation/Boo.png	183183	e2e2aaf7fe466a2b0953e92c43abb7e2f7d4fb0b795fae0c022e9bd4b99b44c9	binary
etc/camera/constellation/Cae.png	23127	6f4af12054f146e4919706b6f4abb953eb054e2da6fb1cb4931373c8592da56f	binary
etc/camera/constellation/Cam.png	209798	fd904bbd09dda6dc8f7442ca429eca34a42cf5de82bff0bc99fcb3db4091d709	binary
etc/camera/constellation/Cap.png	86890	fbc74eb875ca2ec556f177595a4cdf8e3f9af76cb2236ff217d3566457612ae8	binary
etc/camera/constellation/Car.png	835488	bec2537426de656182f348bb5f2f4d1905e37c97932a1d5fc3f1f86b60a46d61	binary
etc/camera/constellation/Cas.png	152897	104b5dc8997025d12b0a4ec589a1acb50830aab1523e0bffb8a3a95cd7da462c	binary
etc/camera/constellation/Cen.png	218890	1f2a8be5239d18d47f490d5e0ec6ef7b9be50f9df6ab0f14193f4b7ab7a6e149	binary
etc/camera/constellation/Cep.png	307126	11aae677d94329fd903cb4defcc7a4d324b5cec5851a3392e64f101ffffe0824	binary
etc/camera/constellation/Cet.png	313015	88e8eda0eb2170cbba66db28f31d3ed422e60a253b3508e5cc08c4f58d40d74e	binary
etc/camera/constellation/Cha.png	123462	0545035ec7b8eb711157b87eea0e64e67824005f4afee879ab66c75570257e1e	binary
etc/camera/constellation/Cir.png	17156	e7ba284384bdb237fc33634c168fbb5c6471894481fe094ce109c0dc14f6a836	binary
etc/camera/constellation/Cma.png	64538	162d75e57df90af54e252d13dadbf705998e4015983284e618a2ba47d200972e	binary
etc/camera/constellation/Cmi.png	16791	a96278d47e99d9be4b2c4b56b621b2107fbfb3ec5d6457fbf43e03222693b528	binary
etc/camera/constellation/Cnc.png	63667	d24ea2e2a21e4ed0c3b6ff5bca826356c14febe0389915f8fa15d38b1090bed8	binary
etc/camera/constellation/Col.png	56432	059c0844fb1c27730150d74208adf945e627d72db49b2f7c7713dfff62c5cd67	binary
etc/camera/constellation/Com.png	56041	1c1a6a3ab47005749b8d39df06f9d19de62421c9c539ffbeec6ef3b1df580218	binary
etc/camera/constellation/CrA.png	34110	1c5eb93bd4128e1ef57ba826fdc66c0550196d9876b196755455e11844d3cec7	binary
etc/camera/constellation/CrB.png	26400	3325b9b6f45e6504cd77feb5f10b6af57d966cee57992106ab88205722b159a8	binary
etc/camera/constellation/Crt.png	74372	2f69de28108320a8b00e809ec910711c6c34449154c2529825d7c4535f9be84c	binary
etc/camera/constellation/Cru.png	19257	574790eb7f5046622be249073cc16e7c95c48ae20f4faf2b1fafc17cbf6a3c3d	binary
etc/camera/constellation/Crv.png	79890	1451b3b6b0c7884726897c15174c78cc0a6446ed3b7999dc26e8828370dddecf	binary
etc/camera/constellation/Cvn.png	19580	4d3a327ac557cc95b40e3d6bb610a5fa2af0855e44af9930caf75f5d25a88816	binary
etc/camera/constellation/Cyg.png	190348	39a7699189a0687d7be5ded8ba47cdbc557dbfcf6caa9f464e11903b5b1448dd	binary
etc/camera/constellation/Dec.png	11265	5bbc0960fbff2301006e7aeedba39b2c1704e16cf191a441ed5b4aec136c5688	binary
etc/camera/constellation/Dor.png	69454	d53789dbb7bcc32b7cfecda409605eb53da454b1852cbedafab212114e38e539	binary
etc/camera/constellation/Dra.png	699702	99e88fd6f12d13d905ccfc3e005d079c88f3923b44c6ae7cb713b29fbea5a038	binary
etc/camera/constellation/Equ.png	19565	f107d7d990b97677f720f61af95b932226b8e69a2af1bf20c7fe28007a1b5a1e	binary
etc/camera/constellation/Eri.png	327506	e9d6e709bc11b5c03123e322dda815c7f752a7213ce966f0bfb1511f78d59839	binary
etc/camera/constellation/For.png	53667	dc94be3fa6c06a27ede5d659230db15ec9a0b771394995c4d41ec1e900b6a61b	binary
etc/camera/constellation/Gem.png	113009	9990413504e42223b0e82c10f038311ca5d0ba3fa55424e8a71af4c00f323c00	binary
etc/camera/constellation/Gru.png	57064	f8cbe1a1ce82f08faf06e4a520ac0e45f370593e559784691668c3e22c6193dd	binary
etc/camera/constellation/Her.png	261809	4e3a9a720e251b41260b8083ed408cdc724b47daabadbcad708256bb8ac12265	binary
etc/camera/constellation/Hor.png	102067	83fa33cd5b4a98e0fc5adcc57f114c702f4187e690765e270e2cafc8d69fd1f4	binary
etc/camera/constellation/Hya.png	185894	657fedc66f7fd33e044ff1216ce663c074254cb2009f6cf2245f01faa6ea1d6b	binary
etc/camera/constellation/Hyi.png	80873	52a8581092232ca92ebdd125d1bf69cc458d28f7f2236fb9d491c147c4483e0e	binary
etc/camera/constellation/Ind.png	69462	8823bc75ea4f3b0659322fadb0f1260770c8038bba3f04147f492e17d4f40ae4	binary
etc/camera/constellation/Lac.png	41364	e4f06fe90265ced5439fb147cc7fe5ca7e331d8674e2aeeadae1f2c4eafa19e7	binary
etc/camera/constellation/Leo.png	105298	55ca3079176edb94347ec8e19a054aa469deed051342903eb460a07f50552f8d	binary
etc/camera/constellation/Lep.png	45469	9a86a8d899de69761d1ea1574b158752290828a650ffb1dcb2811cb59a8fc98e	binary
etc/camera/constellation/Lib.png	74407	0d19b546d5fa6e1cc4730c89508ebc6a78242888af84918712f99d1c629b1d23	binary
etc/camera/constellation/Lmi.png	31099	b080b98001c1dbd1f31e32128bd4ebb872a0b1b048ac8400c50dc06e98e76de6	binary
etc/camera/constellation/Lup.png	71703	cf8bfb79cc4c1e32ece38523ea1707eaa49014e24d029c421e707e79f0d76b45	binary
etc/camera/constellation/Lyn.png	93612	aeceaf4a368b3e36e468b44007de0639bafeb9c9246fece350848e3dfb8d383f	binary
etc/camera/constellation/Lyr.png	26966	8b5b4ff1ebceb2c083bd6cdae12888c3c86cecd793f165aad6f47f08bc5049d8	binary
etc/camera/constellation/Mer.png	21659	501bd9ce262347c50e5b69909b83bb92f890ebba6cd4debf280eb5090f0c2854	binary
etc/camera/constellation/Mic.png	56075	2fc2d31a2718ecff42c4ae699e24e0b39206c8c2564545b8ca54d62cb18dad61	binary
etc/camera/constellation/Mon.png	97011	43cea8aa974aa1bdf2d31cdd5392707939a33a2645f95c2916a20a508ba77188	binary
etc/camera/constellation/Mus.png	36637	5ee2a9aa82a8d3e146941fd5e6ad48bff17d926e4110627b91dd36b0310d2873	binary
etc/camera/constellation/Nor.png	24096	8929150fe90ca0d54ef1ecb2ea03ad29c6737bae777eaa0b0c5ee6bc42bd337c	binary
etc/camera/constellation/Oct.png	267929	5477afa4e853061548b443041c8c661658e7085a6da6f60aa3df3e5851fbed2a	binary
etc/camera/constellation/Oph.png	432891	991dd8b040a1346c41ebeacd6ceddb9a9480442f8370ea642e71ce4f2d7836f5	binary
etc/camera/constellation/Ori.png	155463	52d49c18a4584486b3bef747ff9270e9af6ce6be2bb777a03dc14f1f09d575d6	binary
etc/camera/constellation/Pav.png	301253	643ac019a8dc49061d6902d3165caf669dbc3924c9a7043b323e07a6a762238f	binary
etc/camera/constellation/Peg.png	324980	56402500c73866df5f44d9c13525be31e9b7c26881157a88c3dd47877f51d7d5	binary
etc/camera/constellation/Per.png	137434	b459392c388ccdee821a82f55073f3162d07c449ffdf7fdc9d2b507360933daa	binary
etc/camera/constellation/Phs.png	140558	8be3a58fbf307c77fd61dbc3edfefc481d29add673e1e573d8faeb00dc9a1d41	binary
etc/camera/constellation/Pic.png	44072	be5cff27ae2685d4d304b0552899f4b1c5b7297073831dff8699a9afa7e59ece	binary
etc/camera/constellation/Psa.png	70722	73bba8739c99d42ef20e35e556f473d5b28cdb9fa7519e61a34ca57de2099f2c	binary
etc/camera/constellation/Psc.png	330850	b3c721b6b421ab0ce95d51cad3dc12c9c9a5b38fcc5ab75894048aa8ff9e8fbc	binary
etc/camera/constellation/Pyx.png	30341	48f2c57e4c014a0a55c91c25dd346665957e9df1265ee401be79854ae3b58748	binary
etc/camera/constellation/Ret.png	31599	c17553052b87b973d6c2f5142a79cc8cf0af5e165e23105ec7822eea575a46c0	binary
etc/camera/constellation/Scl.png	124681	2f6ceaec6487d1b2b29bff5562cd3b393e8f0f9f6a1d579569f195d64953f0fc	binary
etc/camera/constellation/Sco.png	137732	1eaefa74d00243e9cf9dc884c0e0594d699cb036adf144a0a55474a11fc06f19	binary
etc/camera/constellation/Sct.png	53292	06dc969378a20a5d6ba40e6f75b137ff4197363892d7baff85c033715dd3615d	binary
etc/camera/constellation/Sex.png	20818	91df9eadc1d24451b25d77ed5b1d57132b827de2194e8c0bfe3e48467fbef211	binary
etc/camera/constellation/Sge.png	6597	ec2d821116c3dbbec694ce1043d16e3f09fe981f964f27c9c843ff215e468aa8	binary
etc/camera/constellation/Sgr.png	217805	e4973cfe1a89fb7cd970c5a5046d8865cd0e05b2016e1307f5bdfc2e61795e5c	binary
etc/camera/constellation/Tau.png	127033	7170e8c3df0c27a20f7bb7a84ee66be9d4094ae6dd3883df91ac4da46164721d	binary
etc/camera/constellation/Tel.png	15298	7ee5a1a8eec303aeffbb38c84330ef6fc0fa990becb87a6baa40b7998f737b87	binary
etc/camera/constellation/TrA.png	30557	1fd1aec05af874294e07d9af88f88581817af72f10a1e367425b456118bdf63c	binary
etc/camera/constellation/Tri.png	11062	43c20150a9b30ec85a4df13a3a8b69e046bbb3f3c1ee11bc5944f8567141a96a	binary
etc/camera/constellation/Tuc.png	69557	321b1e1ec8266f7735faa96e8e61aedb11d308cc945212fdca8bbe0f44311e4d	binary
etc/camera/constellation/UMa.png	145352	34c07f73f79fd9614d6b7decce8b11d7fe6d65b99e2cfe5389648c07bfa18c1a	binary
etc/camera/constellation/Umi.png	216880	58cb1bfdc67020af70a3409313669518122dea2eaf7c7576226443ac20502f13	binary
etc/camera/constellation/Vir.png	200954	01858f991da49a120f8c18d0082103a7efe1a62dace6d65484118182f8db5c4a	binary
etc/camera/constellation/Vol.png	201076	965d25da8ddcfe02601ee7b556b58e9b3bb8c84ea7c72db2c53b62638cdc9fe2	binary
etc/camera/constellation/Vul.png	15331	dd271e760830b7d243efdb77bc83defa681ce2995ef3c4def9d017dd9d2a004e	binary
etc/camera/debug/camxoverridesettings.txt	22	1e92ce8ae9f542b439dbd8da9e9dfe6ee4d786c6369a21db0aa5376cd18307b9	text
etc/camera/defg_data.txt	1683	5c19d05b00e6335b21f91e4347beb01c8408e5dec9be899a2f5466edc36ad59f	text
etc/camera/dualcam_cali.bin	2048	6c291475e637bd84457bcceb787f083c7dda69f51e7e94c308a689ba3b55c953	binary
etc/camera/eisoverridesettings.txt	179	30a3920df67a92f50baafd7251a38cfb30186101a690c6479ac126ec853af866	text
etc/camera/fonts.xml	1530	2781b5247cc538d15bb055504dc9c8b423ef644a191cde45a2eb4b45cb0ed837	text
etc/camera/fonts/NotoColorEmoji.ttf	9384876	6c1cb254a0ca8272f146bb70400750227664740f1fa1d732aef56a1bb9a62782	binary
etc/camera/fonts/Roboto-Medium.ttf	316808	f8817b24e9e4a61da61104e46daf6406a871ce549dcda021fc7ff0b8a9969c38	binary
etc/camera/fonts/ZTEZhengYuan-55S.ttf	15033192	b8b1aca17b0e53c2ea7e840f7fe5d6f05db038f2d549fde95c1308a600665a56	binary
etc/camera/icon/beautybeautiful.fs	1813	3ca3e16efa90dc49713d71230c9533b506348eed412565547697fb97faada080	text
etc/camera/icon/beautyblue.fs	1273	b0689b47fbef599b7da90f6ec4c7364f80c5fc71d32da276ac9211e39522dc58	text
etc/camera/icon/beautyjapaneffect.fs	1289	c858d95e3e26d75e818d41c6beb3036def4f30013444f3546c884fd24e7265c1	text
etc/camera/icon/beautymoonlight.fs	1199	02c8802c01fd01fcc3046a65e29ff3921db8bee2bb09eae7dedfff95033da202	text
etc/camera/icon/beautynature.fs	771	5890fd6596561f8c82393fb11223d98c2ddec1e9923191cef28137b3dcbcec47	text
etc/camera/icon/beautypink.fs	2033	b11d6606f1058c15ff376bb63d9637d700bc1a0e871a2645c4e168b85413adb0	text
etc/camera/icon/beautysweet.fs	1217	9c7aab745ccfad706bf79a52e7e71cf9bd1a68fbfc202a1b83a2935d868ed85f	text
etc/camera/icon/beautywhitedew.fs	1224	570344595111673092859c872c684bdfef2550330901403ca43a92be92b5050f	text
etc/camera/icon/blur_landscape.fs	879	114e7d9a45dbca539ee49fa0d82575a54cafc1a1cd7a3edc95c821c47fff6802	text
etc/camera/icon/blur_portait.fs	879	b209da640f082df9c67ff84d010be3175a73ecff2cb41ccd7a3eb5a7beb42efd	text
etc/camera/icon/colorfilter_01.bmp	16438	c29a05db21cbb6f6faffc5ded9003874bcf508d8bb6dfc435fa18569b1aa2a17	binary
etc/camera/icon/colorfilter_02.bmp	16438	c3d9c80a157bfe681820a8175e4459f2904b174e36fc22044ac60aa052f6dee4	binary
etc/camera/icon/colorfilter_03.bmp	16440	1ceb250a9b0e9b83813571027e1b9b3870c7ca1cd43c85fe1b7d8671bd223808	binary
etc/camera/icon/colorfilter_04.bmp	16440	b75989a5cae9c12ebca857452978ff79c6d5fd72e9c076ddb454e941bc15eac8	binary
etc/camera/icon/colorfilter_05.bmp	16440	552addabc3fd1cbf578f898976f70032a0359dcc18747b6cad8d6426125f1b14	binary
etc/camera/icon/colorfilter_07.bmp	16438	d9f6da44ad3d062b6df55507d268bfc3cef1aefbee740c175e79cee6b8731ad3	binary
etc/camera/icon/colorfilter_08.bmp	16438	f85764eba18469544b412fa33162f099fab36de9c266a4fa31584a3147acfc70	binary
etc/camera/icon/colorfilter_anhei.png	210986	bd98b9f98fb8912faadfe8447516b72a821bdab35f17f9bdd7323669f57e39b2	binary
etc/camera/icon/colorfilter_au3.png	192606	b0d77551f1f19a34ae0dc8c9f726fe1297e863f31986653c8509daa76c84b62a	binary
etc/camera/icon/colorfilter_av800.png	9289	01f36b2a954e9f68388d2d35e91c2b3590868a7e24dd4814925aba4542c33d06	binary
etc/camera/icon/colorfilter_bleach.png	8311	fc26be49efd45b92210a06858e7ff521968dc336b6e0c45fcd077ba557109367	binary
etc/camera/icon/colorfilter_blossoms.png	21254	9e1b9bc4eb881abe7c85b86f26059edd488d1e0e76d239e8daac918c495b6977	binary
etc/camera/icon/colorfilter_blue_crush.png	5805	c75d5503fab2a768a3525de28b3e39f47d8a1f18a41d0fc554d921390a1fc09a	binary
etc/camera/icon/colorfilter_blue_orange.png	31706	2536ebfb7c8361466fcd54fa54324b9dd6a5b2d2e8ddbbc10119d5c239734824	binary
etc/camera/icon/colorfilter_building.png	13806	645b85ae5d5942413125846df9e8bad08da7cef6400f86445ad3d798e759516f	binary
etc/camera/icon/colorfilter_bw_contrast.png	2362	860606c518e7878181b14d09089e2ee32a94ee455fc5e1f45db0eb238a550b52	binary
etc/camera/icon/colorfilter_candy.png	159927	9d54aa08a2c3f899623609c442f565ad872995846eb5d114d69454c1bbee2b1b	binary
etc/camera/icon/colorfilter_classic.png	37786	d8c0ab4659db20e61e89cf5c8cf0afce23f28188b32a60ebd49b057cd41ca55f	binary
etc/camera/icon/colorfilter_cloud.png	16079	1014a40739039fc0a4e14d812a85c8cce33081229383d4b623f8c9a87015505a	binary
etc/camera/icon/colorfilter_color_master.png	18190	c2336325e664c749cbe88d03c445295ae0b479661715209a6ef23d837ffbfb20	binary
etc/camera/icon/colorfilter_comic_cloud.png	31965	153482aa693b56517ad1af8787543f67270c45435a6628dd861de01bb5180c9e	binary
etc/camera/icon/colorfilter_dt2.png	31123	9b8431091ec99384da3858ccd94e6012ad94398e1fc804dbccbbeffe44b76f1f	binary
etc/camera/icon/colorfilter_dushi.png	186470	6f36cecfbae560c9d94f4de3d8f5dc1aab6afd0e66546fc86408e16497650860	binary
etc/camera/icon/colorfilter_encounter.png	7647	ac02916975e9857a20dad1a4b2763dc02f18ab5daa8084074c53764cfe128622	binary
etc/camera/icon/colorfilter_fashion.png	221079	cf95bfa13489d2206e2a3134527958cc654b2badab39fffea3f6a4abddc8e6a8	binary
etc/camera/icon/colorfilter_film.png	32142	04f63e8b19cf8824b70d44e9873ab13cb8f44abe797936b699d02aba0318d96f	binary
etc/camera/icon/colorfilter_fj100.png	7257	913af4e727de3bbc70c3fae85021cb788fb56e52ca636d33f14290a3a92467c7	binary
etc/camera/icon/colorfilter_fj160s.png	7995	ce1e721ac98b0d97eea8bf91a9d67d39b286c0854e7038caeca13463b884d976	binary
etc/camera/icon/colorfilter_fj2.png	33349	b930c98515b6af61d63c7103544d0d3e83b2cd149b40ea23233dd113df6666dd	binary
etc/camera/icon/colorfilter_fj200.png	7912	ee9fe379d8a92cbea811a71c057cf9f774abbe89d815dfd1509fb9b21d9a0cc1	binary
etc/camera/icon/colorfilter_fj4.png	35845	08ef80eba4d6a44684b889f94bdcd1d286110da6b43f2452b3aeaa0fdcb5e530	binary
etc/camera/icon/colorfilter_fj8.png	36740	e72cc1e29ad6f21ddc2bd10f141d473cc56933da2e8e5cabb77a68004428c3d8	binary
etc/camera/icon/colorfilter_food.png	26381	7511cc033a0cad19fc01555b0b0285a1f99738e7d10e8bb020b02a480a4dbaeb	binary
etc/camera/icon/colorfilter_forest.png	40203	fbdcb542637a8e32017a9a100e22c973f885ab78822e3efe7acb59734581d500	binary
etc/camera/icon/colorfilter_grcc.png	229785	2ddd024a87b94d5a735ded970b64769fbf3a99884faf44f5bbb2d7bb57a2fb94	binary
etc/camera/icon/colorfilter_grnc.png	284280	b3df0fc6b0d33cab4cc9eb25646f0aafd4fcdb73f957ad9233bb30dc298334b5	binary
etc/camera/icon/colorfilter_heijin.png	163379	82bdd2f23b8bc0ad69082cbd366dafaa46724e9284dd58dda90137789f87020f	binary
etc/camera/icon/colorfilter_inspiration.png	166994	1b60e4a223b4897c08724064c2968ed09d478abc41c79e127694fc7eff075b76	binary
etc/camera/icon/colorfilter_instant.png	5383	9bdc2420fc82f2742187497399435b606b41dbb8725d7a9fa2075eb6032a0a1c	binary
etc/camera/icon/colorfilter_jianyue.png	194907	6319fb7b10de97dad9d123991f3e07d45e77b94441dd452cc730000a87c542be	binary
etc/camera/icon/colorfilter_kd200.png	236176	44c09e288549e5a25bf6c120e512b72aacccf22e8d4cd55b43d918ad87cb20f2	binary
etc/camera/icon/colorfilter_kd400.png	8658	47830b108eaa92ec7cceb09fec777290cbd259f9138fdbcc44923576b6604eb3	binary
etc/camera/icon/colorfilter_lime.png	192879	712921a3f15d18d0cf92946edc031c9096c459ddcba7211d8d1ee3699f24af2d	binary
etc/camera/icon/colorfilter_lm800.png	155272	265f73b05a79e7ebacd3ec296dc6c51e9c61a3c69a3f6c3b6d2273a266b916e7	binary
etc/camera/icon/colorfilter_moluoge.png	196785	bf1641379b385d4e0a5863b4ab5ddbbc459606b48c3b26822153f55135d6a930	binary
etc/camera/icon/colorfilter_mono1.png	64445	c7c7e0926ad2b97e05cab2bb2a2b3f4133aa8625b44a22b4678c3b79e629bcdf	binary
etc/camera/icon/colorfilter_mono2.png	168915	e0a6cedc306910325a55d708b15d8d9f6328209564866d06f4c69a2bd706948f	binary
etc/camera/icon/colorfilter_mono3.png	27950	ac70bf070dda185f493c1ac5931e7eac9eaf8d67ce9930802dc6028657766956	binary
etc/camera/icon/colorfilter_mono4.png	53826	4935be3505bd65340512859a107afe78690ce7610708a5490897504c6a7a1875	binary
etc/camera/icon/colorfilter_mountain.png	14841	d57729759276f26c21324f8eae0a80a553acb19e8527ed0f0243a209f2fa9183	binary
etc/camera/icon/colorfilter_newyear.png	26930	72fe539a31311cd0262d5695fd64eed52e25cfa96fb8a01b9175c89512fb12d7	binary
etc/camera/icon/colorfilter_passion.png	31989	c04c87dbe518a1449261a213893d49ef63d1be840c2f6a353737a4ff7d84ec91	binary
etc/camera/icon/colorfilter_pt160.png	8158	d4a53a9924c139be213c50df24e4a7481111a61017ad2e12df69bccf6f0ff0cb	binary
etc/camera/icon/colorfilter_punch.png	5032	4adaeee4da9197c4c50ce74809824ffafbe4312939a2bb886dd31ee281cc10a4	binary
etc/camera/icon/colorfilter_qingxin.png	164754	e86c0aec7507405d4933f0051264c1b9589c910dbdfd804cc09bac70ba0bf299	binary
etc/camera/icon/colorfilter_rdp3.png	25468	a738d7bf4caaa3fc11f31756da8e93917b11fbd6769f78afcfca9ff9b9a381fd	binary
etc/camera/icon/colorfilter_sun.png	1321	0bed6a9968669fec3d5a7a6a4dc3484e948eae3e3be8cefb6bcb3603e822b195	binary
etc/camera/icon/colorfilter_vibrant.png	31763	13e0e997f9098431b9a0322ac6a5612f54029fa6537c00aa03379da7e8256189	binary
etc/camera/icon/colorfilter_vintage.png	7344	d9d7604963b6f1ab8b7107c93a8e2fb7f9b9ba986f258fc10434f282fba91d93	binary
etc/camera/icon/colorfilter_vintage2.png	37095	43179bb6c9998dafe05485ec5a7f50a54e8900b9736acdae8ee8fb6c9158a040	binary
etc/camera/icon/colorfilter_vivid.png	38294	6b6e0fcf12d8815d3ceea2d5a8796d3f0d9c86b0cb69921caa81940fe348368d	binary
etc/camera/icon/colorfilter_washout.png	5720	e1060073a48abae87bea7d8d26385c2f5670de3398584eaf5e739a84cc2d5dd8	binary
etc/camera/icon/colorfilter_washout_color.png	7141	3cf9b4847b72b9e7517ad5510672c8618f9f9c86623ef3ae931b2ad99e2edf6f	binary
etc/camera/icon/colorfilter_water.png	13080	22430ae78eb732cc90c79088914e2ae735fa7a40a6f6940011177a3dddb90966	binary
etc/camera/icon/colorfilter_x_process.png	4269	535317307bc33dc2d74cf607f03ffc33f264f3cd0ad449bde8e2c0a8de6ed146	binary
etc/camera/icon/fish_eye2.fs	904	13f1afd2700d98344c33e1502739243f7e5dfe84b57a6da4c226d9da07516730	text
etc/camera/icon/fun_effect_red2green.png	71652	ad8a72a3f1537aea20cc883a86ee8c03ef70ff9717f02f39dcbbac27c482b4ef	binary
etc/camera/icon/gray_scale.fs	329	15fdd2255ea0c67ada18fbcbc0ac2e4fa4f5ed409e4fc35ffe0287da1720b8e1	text
etc/camera/icon/h_mirror.fs	1131	5506c453b0ba61bece3915cf2a0876b355ce0168609b2af3a742c6de35eb2750	text
etc/camera/icon/lomo.fs	1271	8b5715e630d92a7b7b6e86f0b285d2c55756aaa50eeee79135e547d250cdd4fd	text
etc/camera/icon/monocolor.fs	3151	287207eb3afa57a8efa697a4a9e671dcae2cd87be2ecab9983900a84da82c851	text
etc/camera/icon/negative_film.fs	324	f6330b9ddd73bbf6ab81e4a7ed676fd671b581719cc10b03f9ba21e8ef0f9097	text
etc/camera/icon/noise.png	493732	eecb4c075f2891fc14e88f370d29d0c856da52aaad668d265399b61a5c250d7f	binary
etc/camera/icon/noise_texture.png	19655715	bfd7ca9d2722e38dd5423078060826fb197d325e31a9e618fdbf2dee8ef75e23	binary
etc/camera/icon/oldfilm.fs	2919	abff6b3e3d7108ef5898117d06958b107b0e3a9180eb3f1c9ad8490d329191bf	text
etc/camera/icon/oldfilmdust.png	2934	1233e832c965024fd5276bb6af8cfced0ac5165fa75bb0c0cbec4d6f346c9f42	binary
etc/camera/icon/oldfilmscratches.png	20685	77881e4db2b3314bced81e4878e6a059734266131ed71b320b78a99dff43664d	binary
etc/camera/icon/prague_two.fs	2396	517eaa3e7a454b0b2267d92883d09299a4e23359038b41e0eaeef97936bf0919	text
etc/camera/icon/psudo_noise.fs	752	6411c8939dde7372a94450562fbb4376ee0e66efbc7646e92e696fd9b9b25610	text
etc/camera/icon/psudo_noise_v2.fs	1885	5bfbc9d4df99aa9ae34fbd5bd0c28eefc459d3b2b37873e364bdaaaf2a7769c0	text
etc/camera/icon/simple.fs	194	3d468a188776461cddc0837bed0ddfd82b4751f6e5a346c098bf6919e315808b	text
etc/camera/icon/simple.vs	196	e42945423cfdd5da01fe91a1098918b84a0f22700c288ef1b071441c3d3ef17b	text
etc/camera/icon/simple_310.vs	196	e68e087e6601166eff2c3299e3fc7417a06d421169fba21cd6c095fcb2a6d8a1	text
etc/camera/icon/sketch.fs	1906	26d0192c75b0c2ecb7be323e2f888cef3bdb3ae5e09b90ac8b5696b804b80c46	text
etc/camera/icon/sucai0.png	86293	169971823d2ec649b25f630eaa83a2f04fac58dc96d6611607012b92f8371888	binary
etc/camera/icon/sucai0_r.png	84102	e76e53fa50c5056118abbd008f8bd625b9f6ced3e0504c1a4354883fdd17dc75	binary
etc/camera/icon/v_mirror.fs	1131	b4c39ece2a9b0c0dfc3d46285dd50549843006351c5cf9e6ee803cf0c37fb59b	text
etc/camera/icon/vignette.png	38687	87631b1fe81f9a407764d66d9a7303ca660da9481a10d8ab9bb4bd3302eea2c5	binary
etc/camera/icon/water_mark_drawable_black.argb	2511776	2546fcbe98a24628d93bf0d7517ec2e2d89f358cce31312412b492578cf15a7c	binary
etc/camera/icon/water_mark_drawable_black_DZSF_s.argb	2768109	d02f4defaf604c5b3b6d0334c54c92f701bb019a7bdb457345b63a6d8f82e82a	text
etc/camera/icon/water_mark_drawable_black_NX789J_SAGA.argb	3071686	b00fe67a9793e83e99d0f959740418d1a92fa3af971fbd2a689801f6e2a07ddd	text
etc/camera/icon/water_mark_drawable_black_daofeng.argb	2647819	81d691e0e4769b4ba38592ba47619a3862731522cedf7e271916f73f19f6cf20	text
etc/camera/icon/water_mark_drawable_black_daofeng_s.argb	2809637	2ae49c020a132c21ac3368e97a7a0e513f4743d674e414fdc1c4280b321f90b5	text
etc/camera/icon/water_mark_drawable_black_eng.argb	2430143	f92b573c02fb4e76e79b9e8ede2e0447649575526978beb09f9f36a58be82046	binary
etc/camera/icon/water_mark_drawable_black_eng_s.argb	2809637	dc955e518cec059613bdc2cef11f8c0a678dfd48fc3dc153707a4565b8221d36	binary
etc/camera/icon/water_mark_drawable_black_mingchao_s.argb	2809637	c36aa9bc21164bff5f804a85caf03b51495f600c3e688670a4d4416da55fecd6	binary
etc/camera/icon/water_mark_drawable_black_plus.argb	2344369	a1fabdfa10806267edacb3542ed7d45a202a8c367202112b7a67beceb3686190	binary
etc/camera/icon/water_mark_drawable_black_plus_daofeng.argb	2728012	1d6d6fbe39a10d022803290747347720f3b0ac26ca623db4d78fc0ba56147ef4	text
etc/camera/icon/water_mark_drawable_black_plus_daofeng_s.argb	2809637	fe79d4847acd0b3b2064a411eed63de52aad6d8f0fc4d70fb7243252def3172d	binary
etc/camera/icon/water_mark_drawable_black_plus_eng.argb	2510336	6bf67d5550d398da638e2dfe8bf1cdf392a6ffbdf18557858ee39853bfd00134	binary
etc/camera/icon/water_mark_drawable_black_plus_eng_s.argb	2809637	d303f90ea5e6469bc60a73ad9cbc089f9af665991dd17592a33747f5774e6bde	text
etc/camera/icon/water_mark_drawable_black_plus_s.argb	2673594	cec05e944f4bc712ee3a1c0206190e4087fc30d43b11da5728c19b19c60162e9	text
etc/camera/icon/water_mark_drawable_black_s.argb	2646386	39c72ca6db6ddc8782cfb59ccc7ca9e3ad336fe69814516c29dec7054883a3ad	text
etc/camera/icon/water_mark_drawable_white.argb	2511776	d270a191cdccbee864a0a0083f1e292a49df2ccbf982d0524765e127dab18985	binary
etc/camera/icon/water_mark_drawable_white_DZSF_s.argb	2768109	10dd72cab717ad01afc48578f4f78a6b752781075bf9ba8cba6c13a949f23e00	text
etc/camera/icon/water_mark_drawable_white_NX789J_SAGA.argb	3071686	e149962540342023585800100f9bcb6e1f9fdac99e4320c5eaa2e2e4e761c4d8	text
etc/camera/icon/water_mark_drawable_white_daofeng.argb	2647819	5a9d06a4b875844c72da964d86d86d4016a4fbc2b3233c71083faf7a1674f1fe	text
etc/camera/icon/water_mark_drawable_white_daofeng_s.argb	2809637	2e5b529a25dd6aac425aadc687e74806e61adbf2e03b863afb7ccc82be566d5a	text
etc/camera/icon/water_mark_drawable_white_eng.argb	2430143	0ecca40797540ed8db2cc4421de602d36b6e377778f98b83fc108ff024be418a	binary
etc/camera/icon/water_mark_drawable_white_eng_s.argb	2809637	28f85d4d1badb2603bce2be71d3fb8132c4174ab148938ecf6ab32074eac607f	binary
etc/camera/icon/water_mark_drawable_white_mingchao_s.argb	2809637	41c9567a7611d56dd16bc293cc5e5b63dede3408a976b9410acf02acd0b272b8	binary
etc/camera/icon/water_mark_drawable_white_plus.argb	2344369	3bb76b8ac49c52c17129d3eb41ee460ca3c6e146359bf87b0d3aff57d34648e0	binary
etc/camera/icon/water_mark_drawable_white_plus_daofeng.argb	2728012	f3d67b86c1fd8329da968135bbf7823840a93452d1c04fb267ee66b3ae05529b	text
etc/camera/icon/water_mark_drawable_white_plus_daofeng_s.argb	2809637	bb169f4eccbca36401039e38e9d252b337a905d10cb27c693e39b85ffc2e34ac	binary
etc/camera/icon/water_mark_drawable_white_plus_eng.argb	2510336	97ca58ccfbf02234d91665231ccc508d7b36ed8318b3c3340c568b9c029a8612	binary
etc/camera/icon/water_mark_drawable_white_plus_eng_s.argb	2809637	727cd9e454b76fcf4344da63ab7bc1a7c40946dd34efcdbe478222babd78b9e1	text
etc/camera/icon/water_mark_drawable_white_plus_s.argb	2673594	aa9fe973846d7e850fb17bdd1fef41356e22bf0e749b8f0f27aa7f3b67cb9560	text
etc/camera/icon/water_mark_drawable_white_s.argb	2646386	bd47bf321b82ddaec197f4e4414ab89af9037fabf7ce552062aa165b752cbe5d	text
etc/camera/icon/water_mark_time.config	306	d80ccfc255b39172fb3172c825679d954b9e4f5c4987230452121fd3bc78cdba	text
etc/camera/icon/water_mark_v1a_drawable_black.argb	2376029	83191de468f7ffae35610fabb2e53a9e3056c1227218200ebccbf9275408bdfe	text
etc/camera/icon/water_mark_v1a_drawable_black_eng.argb	2376029	b3e21c3b47a87e5dfc1335239a651c4bb8a22aa4b98f6328162127c967e0f198	text
etc/camera/icon/water_mark_v1a_drawable_white.argb	2376029	0ef811d8cda99735e2c37807c71fe56b6d86abace2be5573c745d82864f80eea	text
etc/camera/icon/water_mark_v1a_drawable_white_eng.argb	2376029	dba7a76532eb6376140a810c47100eda003bae691ad95095900b425292327d36	text
etc/camera/icon/yizhou.fs	1512	705aa14d345e3561ea8746c7e89e7e6a9783aa713db1133cb32d71804133103c	text
etc/camera/kbnet_small_240_320Binary.bin	2668344	a7c34452944c029e68c3b49616bc6eec21338b8237272ca9bbc8342b5c64780a	binary
etc/camera/kbnet_small_368_640Binary.bin	2823992	b123f2c040d54baff55ed9b065a880a947e8029330039c7010f46d783a6e41e0	binary
etc/camera/kbnet_small_480_640Binary.bin	2893624	a7a22c8413a25a5b531b05ed557f6be3564c3b3d4993d401ba958d87292bda45	binary
etc/camera/kbnet_small_544_544Binary.bin	2963256	c96639edfcbe58cd166b8b68b705a79ab4c5d62f4e1c9469eb3334dce6524433	binary
etc/camera/kbnet_small_544_960Binary.bin	2983736	40611f75b487ab42958a2697bfad32fa18654f5b6157cc7a40af783f3f86bd85	binary
etc/camera/mfnr_network_denoise_config.xml	3614	4df9c026dff9c14280ab77033b24bdc9ead89002af49673db390a5946aca09c0	text
etc/camera/mfnr_network_denoise_config_moon.xml	1924	c392d20aa9d972c629ab131a5ee838e83446abf3090b76786bc97baf49fac239	text
etc/camera/mfnr_network_denoise_config_night.xml	2460	8eee88a0f3ecfeb6f8f90e2042a74304fefe6dc86d6845687b4b4c74e8e3de63	text
etc/camera/mfnr_network_denoise_config_renwen.xml	3614	4df9c026dff9c14280ab77033b24bdc9ead89002af49673db390a5946aca09c0	text
etc/camera/mfnr_network_denoise_config_underdisplay.xml	1555	587a782808bfb94dffefe2f6502fe8d0f6d2afde2cf713d2e5d0424c97e6dcb0	text
etc/camera/sat_config.xml	1661	c8ae496632df50eaa0c0f863669ea01a7c7f63bd588c6fff201544bc0b68decd	text
etc/camera/starry_sky_camera/sky_horizontal/starry_sky_camera_sky_0.jpg	5929362	71be55968eb6ae11ebc5eab93a14363b1e084470b5b4f925ae2bb87435f6dee9	binary
etc/camera/starry_sky_camera/sky_horizontal/starry_sky_camera_sky_1.jpg	7115190	bfe5aaebcac81f1eeaed540506a9dee622831378ca322b4c4a8b352a76dd9a78	binary
etc/camera/starry_sky_camera/sky_horizontal/starry_sky_camera_sky_10.jpg	4109252	e6b182abc48f88e44e9e234ba779acf91cd7314a6d478527360fd933a6a2f350	binary
etc/camera/starry_sky_camera/sky_horizontal/starry_sky_camera_sky_11.jpg	4178041	902a3dd69fcd97ee5ddb9c6eb16718bc3fe159a0b2d2cba53750f8c5b0d87e26	binary
etc/camera/starry_sky_camera/sky_horizontal/starry_sky_camera_sky_2.jpg	3126029	11d514580396886ab8c2b0789c6819e5d6cdf799f6984b9e9679d657e35a0392	binary
etc/camera/starry_sky_camera/sky_horizontal/starry_sky_camera_sky_3.jpg	454599	dc2759d455ab60a110256c5f6fa802877900f24290d903fbcb62ec539a007900	binary
etc/camera/starry_sky_camera/sky_horizontal/starry_sky_camera_sky_4.jpg	870858	61bee64e7a95b23f4ee454293f2bf1aa8ee0a44a783caf791448e39c150fb452	binary
etc/camera/starry_sky_camera/sky_horizontal/starry_sky_camera_sky_5.jpg	2454113	e2bc9592bacf5aaf52d9e5e47e178bc511fcb83d0e3e1def09301815162b7f13	binary
etc/camera/starry_sky_camera/sky_horizontal/starry_sky_camera_sky_6.jpg	12194078	2c096ddccdeb481cec633517e7c4a78b5c08e05179f2d2569ac747cdec70d12b	binary
etc/camera/starry_sky_camera/sky_horizontal/starry_sky_camera_sky_7.jpg	5723080	eddcf628c03023193983e27ab353397586f32717077a77c25cd8192704842547	binary
etc/camera/starry_sky_camera/sky_horizontal/starry_sky_camera_sky_8.jpg	3586348	8f7bbca5d126e94ca71f3faef4aec34c8609f525c7074410dff90465023428ca	binary
etc/camera/starry_sky_camera/sky_horizontal/starry_sky_camera_sky_9.jpg	5182380	b19f64179784c007e98f950213f8fb15e0acc393e26f472ec0c327e90df98764	binary
etc/camera/starry_sky_camera/sky_vertical/starry_sky_camera_sky_0.jpg	3844987	4a6d2914037da824c2ac2e44febaf837521bc30c67aa9e0b9df188fb7aa535bc	binary
etc/camera/starry_sky_camera/sky_vertical/starry_sky_camera_sky_1.jpg	3572454	529a4fcab97e00348cbb432d21a35bb5bbf8dac292bba59c1a0603fa1913ec41	binary
etc/camera/starry_sky_camera/sky_vertical/starry_sky_camera_sky_10.jpg	2870630	02169ee3e84bf87d839978a1b46a115f59fdb55ec6f992f18cdd26ce9a564697	binary
etc/camera/starry_sky_camera/sky_vertical/starry_sky_camera_sky_11.jpg	2143639	ae66a4fc948d2cf40ce5c583e7735acc78d337addfb710bab030bd17340bff58	binary
etc/camera/starry_sky_camera/sky_vertical/starry_sky_camera_sky_2.jpg	2547118	ebb501b73f5bddc5b59e5438e86d62ea254bf76ac79678b37bf30d51e2ee7946	binary
etc/camera/starry_sky_camera/sky_vertical/starry_sky_camera_sky_3.jpg	315042	520c940dac2d846d62de49f87c4a96aac11576cb5e81c85a90372756bddeb9b8	binary
etc/camera/starry_sky_camera/sky_vertical/starry_sky_camera_sky_4.jpg	495678	c41b8075fa2e9ed9aa8bab7d580633db1a38b9514155e4a6995434c544e73d9e	binary
etc/camera/starry_sky_camera/sky_vertical/starry_sky_camera_sky_5.jpg	1542569	dd4a536e8467f624922392a4005681ff0ae39d8d6817e4db5e8b05aae866ad43	binary
etc/camera/starry_sky_camera/sky_vertical/starry_sky_camera_sky_6.jpg	7906882	c8d4bf2750ac70c1c9901c2d6da03ed768cdb99ba1e9638c6574108be613ac43	binary
etc/camera/starry_sky_camera/sky_vertical/starry_sky_camera_sky_7.jpg	3262774	c908721913153393ef5a6db8f889703d86652e99bf902e19cd84b046a489fcbf	binary
etc/camera/starry_sky_camera/sky_vertical/starry_sky_camera_sky_8.jpg	2561532	f1238210ef2afa8208d49f088f5fdad2f352951a6482ff800609d35060420f95	binary
etc/camera/starry_sky_camera/sky_vertical/starry_sky_camera_sky_9.jpg	3056964	438fa4a3949788af8b454bea886b539f5415286bd19a8602949ff62b87dee83b	binary
etc/camera/u2net_512_512Binary.bin	7084208	6d262fce884a443a67dbf6eb757402a6f056193c1eeb58f806d4d1e7cd9f630a	binary
etc/camera/udc_512_512_12Binary.bin	116771128	ac8239441d42c0ba28728853376fc26b9e23c5f1ed2265648d76e8eb90000a98	binary
etc/camera/vlog_app/vlog_bgm_art.mp3	259434	e0af20d7fdd1713ac8b657273729ca3dc2a29101ad9e51cf5a841c55602c8509	binary
etc/camera/vlog_app/vlog_bgm_cute.mp3	301194	3ecf458d72506e3a8c57c3c8ea6556179d60a489c1d6a9d67c11151a5073c7a1	binary
etc/camera/vlog_app/vlog_bgm_dynamic.mp3	285534	e27b7131dae38eb15eb4a38813ffc3ecd0b9df0529b4a9f9d8db836fb6acfc3b	binary
etc/camera/vlog_app/vlog_bgm_fresh.mp3	241164	38ce02baeebe35ce52350cb75fbbc26287edd09959db73fda651459e9b1402d3	binary
etc/camera/vlog_app/vlog_bgm_magic.mp3	299628	e203227e23eeec09374ca54f101e7d106cde25d0b26efd9cd2aa6150afadd022	binary
etc/camera/vlog_app/vlog_bgm_soothing.mp3	240642	79e491284ed6691717cc3fccac9058de9e8a861b65a0f07142fa41228209420f	binary
etc/camera/vlog_app/vlog_demo_art.mp4	7408096	40dfcb8787625635cea568d0078838ad66b01f9113a2d7d3c6c17145f303b485	binary
etc/camera/vlog_app/vlog_demo_cute.mp4	9721650	fbb0b9c9e89702de706e386bcd5518210b41b9d7b54f38d5daa10621d8f740e3	binary
etc/camera/vlog_app/vlog_demo_dynamic.mp4	9723074	34a3d36d2d69e09dbc8f6a9cb7beb4503bd72b4192d28cdb18a001e6cc1fa15b	binary
etc/camera/vlog_app/vlog_demo_fastplay.mp4	1787716	8433a1c5595cfb1e1495ae7ea49f5fd8cf1eaec2b8983c105a796670845cb23e	binary
etc/camera/vlog_app/vlog_demo_fresh.mp4	6654848	75132db324d9c06fb1bfb5df3b1592330cb9834355bca5cb1ec5f4ec819f7874	binary
etc/camera/vlog_app/vlog_demo_magic.mp4	8875087	45ae133e0ac06b63f0b33c0c7de0eb4e870a28142ccaecdc821d3395c345a5fc	binary
etc/camera/vlog_app/vlog_demo_pullfocus.mp4	5771929	9f9fea857957b088faccbc355cb8c5e0fc8bfa00ee159d4db49f40f9efdd4634	binary
etc/camera/vlog_app/vlog_demo_reverse.mp4	7294419	0c8f6f655d60e23fec0b6c1d031f6b1fb015101cfdae5ad08f5918bbcbafacb6	binary
etc/camera/vlog_app/vlog_demo_slowmotion.mp4	5134925	56b919c888bdf707a75a172c65a1aa04efcd6f051d133dda2aa0f75371cfb1b8	binary
etc/camera/vlog_app/vlog_demo_soothing.mp4	8102456	083b4e04d75de8d2a348286cddfe90e9607b2054d4dbf22ac7e9a36997dbd4dc	binary
etc/camera/vns_736_992Binary.bin	5545800	336d9ddc3e850ff0d5349458afb15fd45ed084297af5c0f0784c3166531c23ef	binary
etc/camera/vns_768_1024Binary.bin	5525336	7dcb5f5d8978c5b01bfc86d3d2756cad6adc8b5690b925f81f96c12ab9cc3d5e	binary
etc/camera/widelencalc_cali.bin	256	c918650ae60e54bc11534ef2bc302793d242585601da9af76f013d4d2ceb2f2a	binary
etc/card-defs.xml	11526	336a5fa4081ced12c3eff26c54ab64dc24b8dccf6a60888cc1669820661fc362	text
etc/charger_fw_fstab.qti	2100	ea20ec5865dbfc2d877fcd7cc407f2eb58a1e7c89f3b9ed2389dc7f996dade33	text
etc/clstc_config_library.xml	2041	85e88df4458d54726dfdbc6a1e911ccc979faf191643ebc94e239b06d28c85db	text
etc/cne/mwqem.conf	698	06f5f3921860f42c533175b5b22835094fe7f4c50c850ae9a2ea640142b2cc9e	text
etc/cne/profileMwqem.xml	17113	a941cbe5092b6f3e0224a6c44c942ab8dfae400e74976999ea53e5ff54fcd2b6	text
etc/cne/wqeclient/ATT/ATT_profile1.xml	17125	3e8934b9128b06f34b79f7cb675be2cd7c41df3a7ccef51ff9c12d259ca7271d	text
etc/cne/wqeclient/ATT/ATT_profile2.xml	17125	9f832cf1b17e3f6275d4bd0424b257a964416aa4c79444102a72b99318d2f713	text
etc/cne/wqeclient/ATT/ATT_profile3.xml	17069	f9c5a332163e1cead91c0cf9cd0332f572d5809de8c4ada05586409bc1536567	text
etc/cne/wqeclient/ATT/ATT_profile4.xml	17125	46a472e9d05544e77a0bd3720c0b72725541fe76741d977ebf4654bd8ac684e7	text
etc/cne/wqeclient/ATT/ATT_profile5.xml	17069	27c4f00fb5451a0b46b84d073d916ae0c655534d296d650d6653641c880a6835	text
etc/cne/wqeclient/ATT/ATT_profile6.xml	17069	894dbe19e0eeb970eababe1dde51bf36f9e8a17b88c6dc358c1e56cf90598c3e	text
etc/cne/wqeclient/ATT/ATT_profile7.xml	17115	4769c0ea4f4fe7e903e0b4ecc6f48512c481499afe280aa3c41bf75e40a509a7	text
etc/cne/wqeclient/ROW/ROW_profile1.xml	17118	dd4042b6643fc10b6b487aa6d4455c510c89c067064f5cc2176d5b8c5d0d96ba	text
etc/cne/wqeclient/ROW/ROW_profile15.xml	17064	d4b2156dcc03d69456089d5275c610cb7f683b20527522e1d001373ea5c4708e	text
etc/cne/wqeclient/ROW/ROW_profile16.xml	17064	10d52ce800c43d182ffd8242e0e5f4a67e75167bf0d1b5579dd2ded527608a4b	text
etc/cne/wqeclient/ROW/ROW_profile17.xml	17064	8a27e407ffc647afefc9fe463bef857717a00aa01a8b55a4debe98a307d72e61	text
etc/cne/wqeclient/ROW/ROW_profile18.xml	17064	ddcf52664542e8f2da75fd0f7259222643847d2d53a6085cc92f1021d7d96b4f	text
etc/cne/wqeclient/ROW/ROW_profile19.xml	17064	bbda0afbd54e438e7d18ad6a4a8ba7864069a9a04dd83b0e7659aa21319a12c8	text
etc/cne/wqeclient/ROW/ROW_profile2.xml	17113	95d1cda14ddc99cf34db873658b18a8188c4417d71c497bef9682868e94f9b2f	text
etc/cne/wqeclient/ROW/ROW_profile20.xml	17064	a2db87837317756219ba293e9d7b31af49799fbf6838a1d7a42603e0a16d2653	text
etc/cne/wqeclient/ROW/ROW_profile21.xml	17064	d7a3d531cc499a6abfa047aec2874ba8d4a6f4ea346f102e3f769d4e8c65e063	text
etc/cne/wqeclient/ROW/ROW_profile3.xml	17118	2a0e59ddd9b6a8b9e5f0d83bfd3f23da009f0a38dd0fa3096cadfb4945705d44	text
etc/cne/wqeclient/ROW/ROW_profile32.xml	17113	fadd78089180b05f13b6cc29bc6fc67487c4511b1cc8fed803ae8eacea62e1d2	text
etc/cne/wqeclient/ROW/ROW_profile4.xml	17069	f9c5a332163e1cead91c0cf9cd0332f572d5809de8c4ada05586409bc1536567	text
etc/cne/wqeclient/ROW/ROW_profile5.xml	17069	53184de3d3d43d2f597b2f05c9c84f106b177c7cdf77484dd66274d6fc1c5d80	text
etc/cne/wqeclient/ROW/ROW_profile6.xml	17069	6f16766ec32b00894627165170c4812c407c8869dea4976c1faddf54da32857e	text
etc/cne/wqeclient/ROW/ROW_profile7.xml	17069	736e038719f0352b16f09db5dd076f54fbeeb9837f253049567e21ca2a7d8d20	text
etc/cne/wqeclient/VZW/VZW_profile1.xml	17118	55f3b9e784f74f67b7f1ea120e5581d0f40e606eae5ffb6817fe006abf0a1a05	text
etc/cne/wqeclient/VZW/VZW_profile2.xml	17118	4f83caa5bdff5b730f991bf0d3c5d9678db666a292b1c9c729a227a0232cccac	text
etc/cne/wqeclient/VZW/VZW_profile3.xml	17118	50eb2ff632cdb218219d58881bdc56317c244f47de37d9a6a0d5a525208eb91b	text
etc/cne/wqeclient/VZW/VZW_profile4.xml	17118	ead3962a0204e462abc2737fddb5672ad69c8625862f868ac677ee355ad9abdf	text
etc/cne/wqeclient/VZW/VZW_profile5.xml	17069	688006e3f402d36f398a8a8088021ca531c5148c1e678d895b8da93e37b3fdfd	text
etc/cne/wqeclient/VZW/VZW_profile6.xml	17118	3bef79a3109d25be0b66390f726c7e31f6e087433e9bfc3adfaebed5f5d2564f	text
etc/cne/wqeclient/VZW/VZW_profile7.xml	17059	1fd1d5b3f11b66f4930ca78bba6a3fcb801faec153f2adec1e180e75ca95e91a	text
etc/com.changan.uni-gpu	126	15065c6cfdc1a1d71af48f99544406fe462c0cd946ad1fd7c42ec1615010f422	binary
etc/configstore/wigig.xml	1236	dc943f823faeb0548d9bdbc732e28723993ccb5487d75f2f08da4ad7e13139bf	text
etc/data/dsi_config.xml	11160	b3c4c05c7b34cc7ebebde983d9ff08d2bc407c7ea5587de8aedf42ae6cb64b62	text
etc/data/nicm_config.xml	384	d9c5fd8ab8be49512d6ce4bf628c1f7c3218de1c287569e3f19e64040d35d0a0	text
etc/data/tlpd_oem_config.xml	370	92e74db06172f9bea4811e47c0e87e185e8211fbf06401cef863571b9c3d42b1	text
etc/default-permissions/com.qualcomm.qti.cne.xml	817	9d20226a40d1aa054b06fad4c13cb470db886f480791c0d424de4b6fc1d1de69	text
etc/default-permissions/vendor.qti.data.txpwradmin.xml	568	70606da4472ffc0565460525e50820e6d317d49cefa67887363af753740f61f1	text
etc/default_audio_logmask.cfg	3990	cc2046b4511da377ac364d4e9432383d44fb45c5d0b105ec087e098b732e72b8	binary
etc/default_common_logmask.cfg	4354	ee480d2cd20398ab0a7e3b3ac3ff8e5aafac13c93fd0795045102b4fd12beb09	binary
etc/default_data_logmask.cfg	3975	d365131cb3fdb23dd092165bd4e2cb38ebafd9e4caabe20eb69b7dd548871d82	binary
etc/default_mdm_diag_logmask.cfg	3968	b3530100c18d70adc07e3692455ce934f193bfe65a79c388fcfb65ed1709193c	binary
etc/default_modem_logmask.cfg	4025	54b36242a241a62797931b5e21de5c2dfb039e5c12518c3f3d7f416d04c9f090	binary
etc/default_power_logmask.cfg	1288	7d25a161149bd40e3294780f220c2a616a6382a8bedff239c7ad9c1699fe5069	binary
etc/default_sns_logmask.cfg	218	4a1dd6161ac46f999f3f3a1fbb127adfb79b8ddcbc526b5da8a9604b94007afd	binary
etc/default_volume_tables.xml	5133	700b3e3979801bc09875e948bfae489d4c488e8b17911e8dcc2eebbfd17bb4ec	text
etc/display/DPU1010.xml	2242	13fab3ce4523f64bf010f6b5d274c03334f772afac21f6ee564cd17b10e3e53f	text
etc/display/DPU10__.xml	1989	fa61dc023295aba6ee0f0a9318bd3a4088cfcce151fc39d4afa13192c79bdef9	text
etc/display/DPU11__.xml	1984	9ce1a0bf37e1c40e7b33599816b160ab8bc80acb8e45aeeac4eff2476332ceda	text
etc/display/DPU12__.xml	2240	0be93500105afe73b8f03816170802a1a5f6f2aa35a135d686c5c430e4c2e437	text
etc/display/DPU9__.xml	1907	cbccc60a291276f468610e4115c1035810bd3e3a5cdafe7d12898559e13dc785	text
etc/display/advanced_sf_offsets.xml	2504	ff756d174a9cf2b736a3d2f1c37ccca38f6cb29ba3c01a407bdb9710fd965258	text
etc/display/backlight_calib_nt37801_amoled_cmd_mode_dsi_csot_panel_with_DSC.xml	17015	2d8c726b09e99c10b66dd3a3f93363aa922086b6fdf12ebe4b921541f8845258	text
etc/display/backlight_calib_nt37801_amoled_cmd_mode_dsi_csot_panel_with_DSC_CPHY.xml	17015	2d8c726b09e99c10b66dd3a3f93363aa922086b6fdf12ebe4b921541f8845258	text
etc/display/backlight_calib_nt37801_amoled_video_mode_dsi_csot_panel_with_DSC.xml	17015	2d8c726b09e99c10b66dd3a3f93363aa922086b6fdf12ebe4b921541f8845258	text
etc/display/backlight_calib_nt37801_amoled_video_mode_dsi_csot_panel_with_DSC_CPHY.xml	17015	2d8c726b09e99c10b66dd3a3f93363aa922086b6fdf12ebe4b921541f8845258	text
etc/display/backlight_calib_r66451_amoled_cmd_mode_dsi_visionox_panel_with_DSC.xml	18229	9d8077da48f3619529e13a1893919ae62b529ebae8bedf92bf3221cc45288902	text
etc/display/backlight_calib_r66451_amoled_video_mode_dsi_visionox_panel_with_DSC.xml	18229	9d8077da48f3619529e13a1893919ae62b529ebae8bedf92bf3221cc45288902	text
etc/display/backlight_calib_vtdr6130_amoled_cmd_mode_dsi_visionox_panel_with_DSC.xml	18594	0a212d294db8e5d501ca7237cac2e73414dee07ecdf51b58ff3f652af522bc35	text
etc/display/backlight_calib_vtdr6130_amoled_qsync_cmd_mode_dsi_visionox_panel_with_DSC.xml	18594	0a212d294db8e5d501ca7237cac2e73414dee07ecdf51b58ff3f652af522bc35	text
etc/display/backlight_calib_vtdr6130_amoled_qsync_video_mode_dsi_visionox_panel_with_DSC.xml	18594	0a212d294db8e5d501ca7237cac2e73414dee07ecdf51b58ff3f652af522bc35	text
etc/display/backlight_calib_vtdr6130_amoled_video_mode_dsi_visionox_panel_with_DSC.xml	18594	0a212d294db8e5d501ca7237cac2e73414dee07ecdf51b58ff3f652af522bc35	text
etc/display/camera_alignments.json	3836	270673161919e92fa2bc791a60b827b5814edaa3da1160532f00f85adff12bb1	text
etc/display/cpu_alignments.json	3475	f10dd8764ca86ae39f5c37e77228a36edf353e26748cfaac31aa03ab804ef09f	text
etc/display/default_alignments.json	32896	86b074d82ee3ec66a6005fbba99eda6529dfd1d7ee612f5ddceca6f4833be008	text
etc/display/display_alignments.json	1053	fb8b66bad0b50120d21ce480831a605f2709b2c07b3322d22944ee86a51dc943	text
etc/display/formats.json	88085	8685905817e3be066564b5249f4c5fee23d2b62c71ee649ef9b6c3788b0ec2f7	text
etc/display/graphics_alignments.json	12359	fb708225b5aa366b03fa36e6bc6282cca381b2f5ed8cd0394663bf8ba4992e69	text
etc/display/nt37801_amoled_cmd_mode_dsi_csot_panel_with_DSC.json	2268	0aeacbf4be706060baef03eed1ee8fbae46d4ed8ef30b8615c473a9a59583d43	text
etc/display/nt37801_amoled_cmd_mode_dsi_csot_panel_with_DSC_CPHY.json	2268	0aeacbf4be706060baef03eed1ee8fbae46d4ed8ef30b8615c473a9a59583d43	text
etc/display/pipe_config_DPU11__.xml	5417	f217dc0963c7399c44537a151c50fbf2cec8a724d272fb8b520dd231b2576f05	text
etc/display/qdcm_calib_data_A32TEMP_RM692H5_6P02_DEV1_DSC_CMD.json	1457359	43d73f9c6dd21e91e80f4d8d1764718c2652a03bbb2767703ea822aad57280a0	text
etc/display/qdcm_calib_data_BF237_RM692H5_6P8_DEV0_DSC_CMD.json	1763904	aa4051a44bdcd9e4039a9b860f9aaf4abca13bc92ce377d68aef79f0a3e66ad4	text
etc/display/qdcm_calib_data_BF237_RM692H5_6P8_DEV1_DSC_CMD.json	1458038	c5a15896e371cf8a52b1d7eb2be008929547cc1a032abaf9a31d64753089ada5	text
etc/display/qdcm_calib_data_BF288_RM692H5_6P85_DSC_CMD.json	1455584	8401067fa47643c56b14fdf47a34fa282f09e40eab12b100558570e7dafc5d89	text
etc/display/qdcm_calib_data_BF289_RM692H5_466P_CMD_secondary.json	32399	bafffab2812e3bb4adae1589178f510f3662e2d6595f3634d939fedc78946c97	text
etc/display/qdcm_calib_data_BF368_NT37900B_8P03_DSC_CMD.json	1486835	54115bc1f334979e58c5efde7516c15f224722787d1a00a3c983992efe8324d3	text
etc/display/qdcm_calib_data_BF369_rm692k0_6p534_DSC_CMD_secondary.json	1483761	2bafb56fd39053bbe476a48d2adb1150c187bf95faeb433256fa4cc6aeaae4f3	text
etc/display/qdcm_calib_data_HEHUI_RM692H5_6P02_DEV0_DSC_CMD.json	1632203	4fe9e4fd9f88ca357469e686fce4eb36294e4913674ce725fd64826128f6fd89	text
etc/display/qdcm_calib_data_HX8874_9p06_cmd_mode_panel_with_DSC.json	1735725	b72c0fdf11ee9b8fa3b1a78a064370d9a790990428189964fb7ba3bb4a0601fe	text
etc/display/qdcm_calib_data_Sharp_2k_cmd_mode_qsync_dsi_panel.json	933411	688fc3ad99bf1ad0696b4ba9b6e509405f5e2e3189b92717531f12c8275706e4	text
etc/display/qdcm_calib_data_Sharp_2k_video_mode_qsync_dsi_panel.json	933413	baf28096fa131fb0a855ecbe58fa3064406b0d98a70cb34812a210efaff0b1cf	text
etc/display/qdcm_calib_data_Sharp_4k_cmd_mode_dsc_dsi_panel.json	933409	f1df19517d3160fca4c6f22dd7c0f411b0936d994e825d07d5204e61b25b7447	text
etc/display/qdcm_calib_data_Sharp_4k_video_mode_dsc_dsi_panel.json	933411	88c1a84ad24bb4e11c7738e62efa5ca149b1029923327abc88d021446fe1ec9a	text
etc/display/qdcm_calib_data_Sharp_qhd_cmd_mode_dsi_panel.json	933406	f7082d4d518035c6d747bb5e78b41c8d36198b64c3ca8068ea0592ce2db268fd	text
etc/display/qdcm_calib_data_Sharp_qhd_video_mode_dsi_panel.json	932067	b5b70331d5bb350d6d5a7587997cad6d5358079248dc189f5eff51343165e65b	text
etc/display/qdcm_calib_data_nt36672e_lcd_video_mode_dsi_novatek_panel_with_DSC.json	930553	bc967ef6b44cbb26a0b06ef399da9715066afbc44e3b281993d52a04ea1a416e	text
etc/display/qdcm_calib_data_nt36672e_lcd_video_mode_dsi_novatek_panel_without_DSC.json	930556	c6cd142f27593a9ddcf8a38f80c2ba878a20b47184179cbde8f83811032ff925	text
etc/display/qdcm_calib_data_nt37801_amoled_cmd_mode_dsi_csot_panel_with_DSC.json	634488	20b6efa31ac8941c04322883bd20845376134b2540fbaad9cdf5296313f2a1ff	text
etc/display/qdcm_calib_data_nt37801_amoled_cmd_mode_dsi_csot_panel_with_DSC_CPHY.json	634493	353c9a83076ad0c8f17de535e65107fc15345eb085e6d303f0d7ff70ef7f698d	text
etc/display/qdcm_calib_data_nt37801_amoled_video_mode_dsi_csot_panel_with_DSC.json	634490	09a54f4dba3ba83b1582e198d901db5bad3583c7a6608f6ea7f37f8298c04a7b	text
etc/display/qdcm_calib_data_nt37801_amoled_video_mode_dsi_csot_panel_with_DSC_CPHY.json	634493	50a63af7ba5b669490dfea1d8f8adbd16831e7da2d4ea2a7d52e632bcd5ef8f6	text
etc/display/qdcm_calib_data_r66451_amoled_cmd_mode_dsi_visionox_panel_with_DSC.json	1399190	4c4b3220e4d00f909da2d36103a66d1a99e0a9522319f6c4d62d2676b7d82eea	text
etc/display/qdcm_calib_data_r66451_amoled_cmd_mode_dsi_visionox_panel_without_DSC.json	1397525	1c41dad81d445b18087559f15129da43cedd12958eeb651ca8fa50c231f4f689	text
etc/display/qdcm_calib_data_r66451_amoled_video_mode_dsi_visionox_panel_with_DSC.json	1399193	cbe363e24173508bbba6f87503d1c3b6661840e714d118aad6ca26cff4fa8589	text
etc/display/qdcm_calib_data_r66451_amoled_video_mode_dsi_visionox_panel_without_DSC.json	1397527	a65c2b599c6ef498554167b41511a2eda4d75d2e4dcc034e4b03376e918e1490	text
etc/display/qdcm_calib_data_sharp_1080p_cmd_mode_dsi_panel.json	933408	8eca2d90a5b2e4369c5a6aca93fdd55395b13c171412b3b0989ba00342ddc0af	text
etc/display/qdcm_calib_data_vtdr6130_amoled_cmd_mode_dsi_visionox_panel_with_DSC.json	1421715	6e5d25d280456af05e11a79bf68f33221fb14d82ba2ef8cf239d37ecf71c2677	text
etc/display/qdcm_calib_data_vtdr6130_amoled_qsync_cmd_mode_dsi_visionox_panel_with_DSC.json	1421721	6f444d06feff67cbb5c9d2f4576ec6b924302d5708ceb33d73d1eb87e03eb4e9	text
etc/display/qdcm_calib_data_vtdr6130_amoled_qsync_video_mode_dsi_visionox_panel_with_DSC.json	1421723	0c983f94b5e672c66aa048e03313e9681778c85ff7441c1100adb389f75c251b	text
etc/display/qdcm_calib_data_vtdr6130_amoled_video_mode_dsi_visionox_panel_with_DSC.json	1421717	7a90943a0c5ac1081e0dabbc6c1362e292ceb086bf5be460963e219148775c0b	text
etc/display/sdm_display_resolution_extn.xml	986	36fbf2c552332d2eef6c1024c48a0b9d28056a770d52bd928a55d9e3572cff11	text
etc/display/thermallevel_to_fps.xml	844	35bfd55dbb0710dcf79d9068e59f815d29a665d23796805281188c7e7e558ab9	text
etc/display/ubwc_alignments.json	10279	2bf3e14f1cb4f3bc4ea9633836ac75a60c571888dd2073d122d4c66e7ec60dd1	text
etc/display/video_alignments.json	7673	9ab2c36c06583f76cd200c9bb7c9fd62f04333024ffe675ae9a05ef8fabea111	text
etc/display/vtdr6130_amoled_cmd_mode_dsi_visionox_panel_with_DSC.json	4635	84089ac10f11802612eb8aaa602ed36778f83b2540915e21cac05f8edd71a526	text
etc/displayconfig/display_id_4630946916234099603.xml	7366	3de895bff7aeb30f1740954caebe782f6c2a9ff59bb33dbff64e5fd3fe0c524d	text
etc/displayconfig/display_id_4630947039571902851.xml	2674	ce00a5753033e1125a92f1c4f80821185eff220a759455b17c1768248ebe2fa0	text
etc/displayconfig/display_id_4630947220136060819.xml	9430	74ccbce2801c2962466ed9c8fa007eeb4bbd738a059fa64d73aeb737b51ff446	text
etc/displayconfig/hbmlut.txt	1060	09f1cf73715f5970ea13458af19b20c5bbca6e4a5d2a246121a3d35b3c8ceede	text
etc/dpm_vndr/vendor.dpm.conf	2923	90beaacd37baf2c23f10083c5a99451be9db4ad7602aa2872d0d075b8f5c81ff	text
etc/dts/acc/d30de3a0-b177-4822-9c15-816b79545f82_usb_44.bin	11552	1197217bdf68b39202ecc3863f148dcdd706ce195f5c7ea1f14a0f2340e669de	binary
etc/dts/acc/d30de3a0-b177-4822-9c15-816b79545f82_usb_48.bin	11552	a07630c0b781eeb814d99f6f1d617e243257bb33ce562a24ac531dcc76e8b555	binary
etc/dts/acc/f08a4c48-0887-11e4-9191-0800200c9a11_bt_44.bin	11552	fc2b7cf1de9fe0be4fa48dd189b38e4fd4d6bf0560e24068e30d03f9d5c1fe38	binary
etc/dts/acc/f08a4c48-0887-11e4-9191-0800200c9a11_bt_48.bin	11552	9a0566aafd6e61db5e5353778873fd74cbdad0b480fd18865f7457a91fda7cc1	binary
etc/dts/acc/f08a4c48-0887-11e4-9191-0800200c9a11_usb_44.bin	11552	fc2b7cf1de9fe0be4fa48dd189b38e4fd4d6bf0560e24068e30d03f9d5c1fe38	binary
etc/dts/acc/f08a4c48-0887-11e4-9191-0800200c9a11_usb_48.bin	11552	f9b4bb3f48d944adcc37c305434badfab2065e4eb3a90043bbe65cf1f55458a8	binary
etc/dts/acc/f08a4c48-0887-11e4-9191-0800200c9a11_wh_48.bin	11552	f9b4bb3f48d944adcc37c305434badfab2065e4eb3a90043bbe65cf1f55458a8	binary
etc/dts/acc/f08a4c48-0887-11e4-9191-0800200c9a12_bt_44.bin	11552	575a3a3e815c4ee9fa46ad13f87d9da7e9b64530b0ab96bdcc4415fd35f4ddaa	binary
etc/dts/acc/f08a4c48-0887-11e4-9191-0800200c9a12_bt_48.bin	11552	f79022372cc6a3320b6b77899e643002de89b2b713e5880eebe5b8f93cb07607	binary
etc/dts/acc/f08a4c48-0887-11e4-9191-0800200c9a12_usb_44.bin	11552	575a3a3e815c4ee9fa46ad13f87d9da7e9b64530b0ab96bdcc4415fd35f4ddaa	binary
etc/dts/acc/f08a4c48-0887-11e4-9191-0800200c9a12_usb_48.bin	11552	74726116ef691cc6c8c91b8c51ce9804ddd35401b9e690f9df4a9167a0ad0b7d	binary
etc/dts/acc/f08a4c48-0887-11e4-9191-0800200c9a12_wh_48.bin	11552	f79022372cc6a3320b6b77899e643002de89b2b713e5880eebe5b8f93cb07607	binary
etc/dts/acc/f08a4c48-0887-11e4-9191-0800200c9a13_bt_44.bin	11552	d5fb65e6d26ac7748b7efa6e63bec3f8dd25abc434da3d6ac486c4174a18a2ec	binary
etc/dts/acc/f08a4c48-0887-11e4-9191-0800200c9a13_bt_48.bin	11552	c53c30aa0328a0bc61a5a8c12ac094f51c138691be892a4e6b96e060e2e8ed50	binary
etc/dts/acc/f08a4c48-0887-11e4-9191-0800200c9a13_usb_44.bin	11552	1a18dcd14b0ac26a0ea18f7cec9548d2f3f39ce97c9711ff0e5f9be4321b1ad0	binary
etc/dts/acc/f08a4c48-0887-11e4-9191-0800200c9a13_usb_48.bin	11552	19097b48f76939504e206afb59e78efc081d1cf0c39f5a1fc3987c41e7047adb	binary
etc/dts/acc/f08a4c48-0887-11e4-9191-0800200c9a13_wh_48.bin	11552	19097b48f76939504e206afb59e78efc081d1cf0c39f5a1fc3987c41e7047adb	binary
etc/dts/acc/f08a4c48-0887-11e4-9191-0800200c9a14_bt_44.bin	11552	d4208e971faca61c315364659ffa4ff7e6ea4e5880fab1f0732d6183013c8f7c	binary
etc/dts/acc/f08a4c48-0887-11e4-9191-0800200c9a14_bt_48.bin	11552	f79022372cc6a3320b6b77899e643002de89b2b713e5880eebe5b8f93cb07607	binary
etc/dts/acc/f08a4c48-0887-11e4-9191-0800200c9a14_usb_44.bin	11552	d4208e971faca61c315364659ffa4ff7e6ea4e5880fab1f0732d6183013c8f7c	binary
etc/dts/acc/f08a4c48-0887-11e4-9191-0800200c9a14_usb_48.bin	11552	74726116ef691cc6c8c91b8c51ce9804ddd35401b9e690f9df4a9167a0ad0b7d	binary
etc/dts/acc/f08a4c48-0887-11e4-9191-0800200c9a14_wh_48.bin	11552	f79022372cc6a3320b6b77899e643002de89b2b713e5880eebe5b8f93cb07607	binary
etc/dts/acc/f08a4c48-0887-11e4-9191-0800200c9a15_bt_44.bin	11552	7ff942bc9ec98c41d00aedd0606e349bd7c0f568136f8040b127497201b667f4	binary
etc/dts/acc/f08a4c48-0887-11e4-9191-0800200c9a15_bt_48.bin	11552	4bbecb72f5edb7abdb092de3b9d098adcea9f54318a4e6e5b24fb6667881485e	binary
etc/dts/acc/f08a4c48-0887-11e4-9191-0800200c9a15_usb_44.bin	11552	7ff942bc9ec98c41d00aedd0606e349bd7c0f568136f8040b127497201b667f4	binary
etc/dts/acc/f08a4c48-0887-11e4-9191-0800200c9a15_usb_48.bin	11552	19097b48f76939504e206afb59e78efc081d1cf0c39f5a1fc3987c41e7047adb	binary
etc/dts/acc/f08a4c48-0887-11e4-9191-0800200c9a15_wh_48.bin	11552	19097b48f76939504e206afb59e78efc081d1cf0c39f5a1fc3987c41e7047adb	binary
etc/dts/beq44	4720	14601484bee7569d3f13175a32093168889dcc1d795991ca2462edefec3a7cad	binary
etc/dts/beq48	4720	f4409e71ca02e52a34bd63b2ce6359745519f3c9daefe4462a1e82989d54c8ef	text
etc/dts/ctc	1024	8818bd70599f5d3a38ef55c1e3443e69bb3b518b2935b6368e058f6526b4779d	binary
etc/dts/current_bluetooth44k	11552	a707c89aa222f6fb0896972f059f09efd48cb03f96b98a85e615b92ffeb03b2b	binary
etc/dts/current_bluetooth48k	11552	07e741d94c0e57dce3e54a71f9fec1f1e4d2e8054a06f71faaba8e6c943d1edc	binary
etc/dts/current_lineout48k	11552	5fcf8b7cd7495115eb7adc5d5eaf207bff2cad347be2ea44a258f074d628a6df	binary
etc/dts/current_speaker48k	11552	fcb0fbf9e28ffa298abf159097f187cfe8640e41407ed70aca715ba7a7412e73	binary
etc/dts/current_usb44k	11552	a707c89aa222f6fb0896972f059f09efd48cb03f96b98a85e615b92ffeb03b2b	binary
etc/dts/current_usb48k	11552	07e741d94c0e57dce3e54a71f9fec1f1e4d2e8054a06f71faaba8e6c943d1edc	binary
etc/dts/custom_accessory44	11552	88098262f6a69e012e79f75509357f691c83b8aac4437e8b848b9f6f28bfb5a2	binary
etc/dts/custom_accessory48	11552	831b677b196bed290aae4b93807361a1c23e1d6262653ca4197b2de779f00872	binary
etc/dts/custom_speaker48	11552	7d0fb30a2f8e5d5b061149520442d5f6d51c402099500aa80ae034008ac2248e	binary
etc/dts/customer.cfg	262	73d8866ecd86565f28d0d87542cf9d84973c5701a9807aea446e456ab4fa461b	text
etc/dts/default_accessory44	11552	a838af34a014ad2a18c485baf4ba4cad226a1c236e564de096c8c8d506efcd95	binary
etc/dts/default_accessory48	11552	ff4aef97f94cfd70724659422000f61be4b78fbf7e83dc0222a6adebfd15f414	binary
etc/dts/default_speaker48	11552	42ef733991a9c39a883debf4b7431c20dfccb33205a9709f38fb5f857cf93657	binary
etc/dts/dts-eagle.lic	21376	862f31ff9025c7368eb1a36734c18bff8c8ff28e7687e756d577f62236503143	binary
etc/dts/dts-m6m8-lic.key	20128	3e8f26a0c60cf17e53e983737cb188d31d12d12d6ab3872b76a24966c2528f95	binary
etc/dts/game1_accessory44	11552	98e10718b8424b1afa718b59e1dff7049eb40d91aea0a16415aa97f4409a3f8a	binary
etc/dts/game1_accessory48	11552	16a557cbd3d88f5a44aa47cd0d65c92c8e36578f55db2674a804384a3bd1bfef	binary
etc/dts/game1_speaker48	11552	3b7ae1d4307b1fd60c5574fb70c9a630a1db59b116c50af314d10c5156c0764d	binary
etc/dts/game2_accessory44	11552	e95bcfcefee83bf61f9ee2e8e025a320340f45bfa6ea701f47ec9b80cc11125a	binary
etc/dts/game2_accessory48	11552	ad4bacbdff044474e24c8430ed4d8fe4f52547a921dfb3df0033fd871fb2666d	binary
etc/dts/game2_speaker48	11552	1cd2c28ed1a9d0051d8d51906214ca50133362d248fb068d90ed09fd1b9a5ab3	binary
etc/dts/game3_accessory44	11552	c7084c4ce7f4404c22de2a24e2643dbd8e4a226e6eaea9816c2dc5d40a54dfe9	binary
etc/dts/game3_accessory48	11552	b8f5261041cd934545799ee02d973cd9c73d6cb5fcea27a8b9f5952c0ac753e7	binary
etc/dts/game3_speaker48	11552	8bd96d08cb55422079f3487da1083f6447a81f6defc0fbe5100c09ee63b0c318	binary
etc/dts/games_accessory44	11552	6e9aff577ca5931231f8ee6802d9756196fcb4b821bb7c17944fac36a3a00496	binary
etc/dts/games_accessory48	11552	a7b7bb3d8e6dafa1c53557174adaddfed98006c943dc66f8771a19ba1467b057	binary
etc/dts/games_speaker48	11552	45b2eb41809cf1ebbc8291b8e8af119a85df61b930ac7c1cf975c29063e2258b	binary
etc/dts/movie_accessory44	11552	59f9643361b70c22e8bca6e13c75cb7e520957553e6738d6e5a3f31a1ec22ce9	binary
etc/dts/movie_accessory48	11552	97061dc7f541817eb51c90ccd774169a15ca116c53170952e9176dd1a89be68b	binary
etc/dts/movie_speaker48	11552	d638dbeace3f7b3383cdc3c301a10ec7a585d329c7d42d83262eee6dd9247ffc	binary
etc/dts/music_accessory44	11552	a838af34a014ad2a18c485baf4ba4cad226a1c236e564de096c8c8d506efcd95	binary
etc/dts/music_accessory48	11552	ff4aef97f94cfd70724659422000f61be4b78fbf7e83dc0222a6adebfd15f414	binary
etc/dts/music_speaker48	11552	42ef733991a9c39a883debf4b7431c20dfccb33205a9709f38fb5f857cf93657	binary
etc/dts/off_speaker48	11552	e62f83d3f1f29d9cee92f3c1f865d7748cc02b7536d66a179b00a81f5a1b9b4f	binary
etc/dts/offline_hptuning.db	14195712	f83375cfa3601a86f085adde9f2da50abc3eade5049361e6b7662bd6f557dc18	binary
etc/dts/voice_accessory44	11552	96841c0c9e462110d64299f324257ce674c53af8ea9f0aac1c8ae686c985d13b	binary
etc/dts/voice_accessory48	11552	691d974fdeaf5b0e1dd2826d0c00132c31f5b0f53decd4da1b2e965fae32c93a	binary
etc/dts/voice_speaker48	11552	0bc2aa4935b8dda00e5407c57d5eb1b8aa44a8582b816a2988601cc0e91bd875	binary
etc/eva/facedetection/bias.dat	22036	f52f09be274b6c7fffd50d9a42af1f143e1e8e56b90fdf0043071b9aec623968	binary
etc/eva/facedetection/weight.dat	2294292	99556aa0e2f020e274b0c533badedc4239c31b240c42735825546a2a826e7cc3	binary
etc/eva/facelandmark/bias_1_1.dat	55316	4e40a20cd5bb33e80b2c1e3a85b0682804834a899d2c59afb3135ba05dd1f186	binary
etc/eva/facelandmark/bias_1_2.dat	55316	8b1a207991379476fbb56176b7c4d286f2096dc1c6bc907e1aaf8a8dab030d25	binary
etc/eva/facelandmark/bias_2.dat	48148	7d2809bc59bc451708e2a3ebb5f2c24ca281b64ff1d52d0f7912974aa0ffb4bb	binary
etc/eva/facelandmark/bias_3_1.dat	60436	b52ea7579ace2ccbfe8dcf1390ac706c7db128f0dc7b234dca62099dc8cfe843	binary
etc/eva/facelandmark/bias_3_2.dat	60436	2c837a0773321d75002567e0138053fc3839731212f39432f0f2b41404fa830c	binary
etc/eva/facelandmark/weight_1_1.dat	2148116	2c16318be71080e4c9a6121cfc1f734469cfba240b0df7b9aa1b297e73f4270f	binary
etc/eva/facelandmark/weight_1_2.dat	2148116	834e21733aede17dae9fa2172f3b68d939eeedc93bfa06216867d5aff0e73104	binary
etc/eva/facelandmark/weight_2.dat	1917716	08deb9b9bf4f00a2ce64a33b69e774c364f260e7b3120ef441362e052340e451	binary
etc/eva/facelandmark/weight_3_1.dat	2326548	c87d4fe860c429a658bfa158dfbd60496ea5d6397db33c2360c9777838b92e96	binary
etc/eva/facelandmark/weight_3_2.dat	2326548	f4919009d8ac8fe19a8b2289b06bf7acf586cd44272b343a463ec6ebdc82898c	binary
etc/eva/itof/tuning_params_sensor_type_1.json	144436	b9dde43291ba8a9f358226032ee6d7ff1fae4c19b8d52adb70e7f63f1af06364	text
etc/excluded-input-devices.xml	2216	4f1e9616d4dcebba26c36b1a58c6fa1af39da1214b5d90263bb547ab8dfa3b1a	text
etc/fs_config_dirs	0	e3b0c44298fc1c149afbf4c8996fb92427ae41e4649b934ca495991b7852b855	text
etc/fs_config_files	1832	b5b9fcb2259c8e974719b8a3fb2ddc976f88b1f2e4bfcea54511e934d376d29b	binary
etc/fstab.enableswap_wb_100_1	76	0f60f9a5fc6e7fb2825bcb17db866e6a608d85645085e580a603ea62c2556ca0	text
etc/fstab.enableswap_wb_100_10	83	9bfae6cdac4f7b2505914a1f7b117c12947fe2eeb670f98d0538232de1c7b067	text
etc/fstab.enableswap_wb_100_11	83	d00feb0532321c200b3d8ceab5878a17a685148b1a3cb7ae08f3a95ee39e29a1	text
etc/fstab.enableswap_wb_100_12	83	0b571cb62e6a0d91f831ff119a58dcf50a6ec5395f82db11448b88985f8926b7	text
etc/fstab.enableswap_wb_100_2	77	4299b30ff2da46dc2e3971dfb0b434b54839893d3f523d3141c7d15b595ed22e	text
etc/fstab.enableswap_wb_100_3	77	9496f34b3ee7ba0bc786b56195f5cf1f98a48106d9e83cb482073b51f7406863	text
etc/fstab.enableswap_wb_100_4	77	a8294b639dbce5bedad16010ab69e31e4b0cbb6f84a81db8f2fef1fda5e3fac0	text
etc/fstab.enableswap_wb_100_5	77	ebda54ae561c903744bca0ac051d4de256915d505857a4ad5e101e4f81016506	text
etc/fstab.enableswap_wb_100_6	77	455af226044cc25334174def62273898fb7bc9098255cafa8af80dbf8498a96d	text
etc/fstab.enableswap_wb_100_7	77	46f3967027935f44b07be0ad64944bd173e87238d26606284b9b207112686d26	text
etc/fstab.enableswap_wb_100_8	77	e2bb83c18e8ff7e6841ca95db84d4be7ec69f3818e8f2d828a44ef05cc95ef0c	text
etc/fstab.enableswap_wb_100_9	82	c6a26985bd0f84a67975a258003da9747bbd368952654172e80380971fe896c3	text
etc/fstab.enableswap_wb_12_1	90	7550bd636efc5c1c745e04a4958326525c513646cbccc97da89b085e7ef05894	text
etc/fstab.enableswap_wb_12_10	91	a7d0444ea67e30e120cbdb28a0ed0bb3c640d145ec289db4d2f3ffe5cbb16e17	text
etc/fstab.enableswap_wb_12_11	91	48a30d34f5c6b79bd8e0c1cba1fe66a8227e8d77720bbd1db0d242ead502fe52	text
etc/fstab.enableswap_wb_12_12	91	ecea313015856b9665972a73db23a3b2f33259b3eca427b85a1bc5428e497bbe	text
etc/fstab.enableswap_wb_12_2	90	62fcddd01779eb0697b89d357893cacb9fcfcd01cfaf3c507531fa07a42a5e8e	text
etc/fstab.enableswap_wb_12_3	90	985005996ad6c9607618e1f2c8178e16815c5a98614b3d26822979fdd968c224	text
etc/fstab.enableswap_wb_12_4	90	d68e976fb6782cdfe75af53d7e4b98ca3cb40822370da2b835d2a0303e3da6e4	text
etc/fstab.enableswap_wb_12_5	90	597f11307c38b52562efb5843f3b15b2b5f247d60a5fed7d96a9dd8d89467490	text
etc/fstab.enableswap_wb_12_6	90	b4c737d28f9d94e12fad83533b604529d22879e7eb0c1083e16f9efe14c4227c	text
etc/fstab.enableswap_wb_12_7	90	7e9f98acb8f93257395108478f8bc63d19e4ea9b74e75e0d5a57621f5f01d866	text
etc/fstab.enableswap_wb_12_8	90	9399467302f8d1eb395c22a6fff0f7845dcebfff9a571b8e12f999cfa7c1805e	text
etc/fstab.enableswap_wb_12_9	90	b4bfebf4b05f56b545b668a6616d8fccc8783b4135f4c24cb273b69eddc55f10	text
etc/fstab.enableswap_wb_4_1	82	9f95f767e2d8cdf6f900f7e3b35cb76fdffcaf818852ba763aaf813e6e038d88	text
etc/fstab.enableswap_wb_4_10	89	af954526ef312e6ff5ce1e1aae6e03502c6e1874f8060fc6c024d9c70c65614e	text
etc/fstab.enableswap_wb_4_11	89	d72f4f986429d4fac472786af6fa575ea892d219e404fcff5f5ca8eacb0fd0e4	text
etc/fstab.enableswap_wb_4_12	89	0eed55c68d8ec75ef49b0ee86fac92025d9294489e59e3fa2f5080c9ea72cf00	text
etc/fstab.enableswap_wb_4_2	83	9c29b2159c0da332d2b9ae6fe739da72f9845a42b40b62c1d01aec391b65ccb6	text
etc/fstab.enableswap_wb_4_3	83	a696987b46cea1787716e696fbfead4807e1b739fd6975b0fa018de5d58736c8	text
etc/fstab.enableswap_wb_4_4	83	4fed2e60eab48047e8040b7062363f56e173d88c839a29b0169e6694d9d06fc5	text
etc/fstab.enableswap_wb_4_5	76	e62e7ce48f55e1b353d2bac3baf119f194c65ebb5c9e600fb3fed9b563177649	text
etc/fstab.enableswap_wb_4_6	83	fe8e075c3108d93d1aa6528fd18ef6e423efb1352a72ce5c81cfd4532f6c42b3	text
etc/fstab.enableswap_wb_4_7	83	cb2030f1382d0248bbf918e08f98c43e6858f86bdbcd171d3a70aee19f3ca877	text
etc/fstab.enableswap_wb_4_8	83	47488c3e07da753a154e1faa50ecbf1690d242102740eeb45db8bf0fece19115	text
etc/fstab.enableswap_wb_4_9	88	c2f745189ae670042f5b0ae4547ee477846db9e5fd40fbb05ce971022e56b0d7	text
etc/fstab.enableswap_wb_50_1	75	911c5e1357ce0598a714b5975ceb325b8842e07ede1db93f9eb144551b293f52	text
etc/fstab.enableswap_wb_50_10	82	cc4ae4bd1382e6c19d08fb64bcbf94254c413f9fed5e411702ddaca7978b0b10	text
etc/fstab.enableswap_wb_50_11	82	965cd9a8f9246052b451077eb6e67772a8d1091c37e8ddb7c1640fa4843cd821	text
etc/fstab.enableswap_wb_50_12	82	7c820bda192e5ae9092f60fc399afd84bdd32e3a6e70c60ca3decb56d20663db	text
etc/fstab.enableswap_wb_50_2	76	e0d5a9e46146956c3cc4deee1de50eaad14892e316b67f3f65aa07695d6335c5	text
etc/fstab.enableswap_wb_50_3	76	c5b9e80efad6ab69873d519096493e0de44a23478e21fa167cfd5232ffe1115f	text
etc/fstab.enableswap_wb_50_4	76	97551e01bcdd6753c89d809309f153ce4921888f574ef559b482e4920c240ad2	text
etc/fstab.enableswap_wb_50_5	76	e62e7ce48f55e1b353d2bac3baf119f194c65ebb5c9e600fb3fed9b563177649	text
etc/fstab.enableswap_wb_50_6	76	134a7ce8be906b824b1f22d725963c196b3267fce78c5b5c2e8ac6b7a603790f	text
etc/fstab.enableswap_wb_50_7	76	d18ee932075f87b19e67da105157c1ffc15e4f1d69e6910230587e9123563ecc	text
etc/fstab.enableswap_wb_50_8	76	77f40626fcf08913e076fe70e217a4b3fa159743f00b9fe3f224a9f5f16a116f	text
etc/fstab.enableswap_wb_50_9	81	d7229bc628d3d6e057640a708cf90dbc9b8b73f6c427bcdbaa2bbf56a592a320	text
etc/fstab.enableswap_wb_8_1	82	0a38837fb90c61957288b33b54db32f272320921aac0f7a12af05feae5a283cc	text
etc/fstab.enableswap_wb_8_10	89	25c21b0e2133140c60597d062b79b6b01f5f7a42fbad53e5e2b6922d82bf0330	text
etc/fstab.enableswap_wb_8_11	89	65d0cf20ed1804367a8719336a180496771412125de0c691b9e05d7bcd900006	text
etc/fstab.enableswap_wb_8_12	89	eebd6a73060762285739469c9ed8422f00da1415ac471a74ada4b8b14727e24f	text
etc/fstab.enableswap_wb_8_2	83	9074bb024593b95ec766788674fad96e1e72f74b8f5efe4c6631a02106405d6f	text
etc/fstab.enableswap_wb_8_3	83	753c091b7321c57cc329d9643778ea14994f73535774dc5160212e5284a2de2c	text
etc/fstab.enableswap_wb_8_4	83	4327a0c979c8229abeb68460525f91096d3fa32da1a94c745a753d0b39aa5f1f	text
etc/fstab.enableswap_wb_8_5	83	597a6391ff55817cdfb3ebfbe5fc3ea1a99c50cb7e4ea6d87dd3bdb539447781	text
etc/fstab.enableswap_wb_8_6	83	a2bbdc73fbdc4708b05832b472be87d60395f6361d79ef6a0c0b790e44376b1c	text
etc/fstab.enableswap_wb_8_7	83	07b6efbc7c5c82179cfae6dfc727637f509bf7e1e53dbacedb4225210dc9c9ea	text
etc/fstab.enableswap_wb_8_8	83	1b55552d98f1724c389d37bcd94c1a4892b8f915919420fb1d71e44758662c8b	text
etc/fstab.enableswap_wb_8_9	88	eadcadfbcbff7c695a8818c2268bb8abed67e25f364bf4f9bcf8f6d64f865729	text
etc/fstab.qcom	7503	66496095432ca044b812521f08fe4e28c515d43d3ed7131c6334b599f720afeb	text
etc/ftm_test_config	35085	843e3faffc09e1415c30c68d1215e760eed4c9d69619749ac456d52c46a79918	text
etc/ftm_test_config_sun-qrd-sku2-snd-card	37743	ea317138d9efc00a8dea254a6a385deb8b6daef9ea0175f79a471fdb0064fa7a	text
etc/ftm_test_config_sun-qrd-snd-card	37768	0aa976e8278efc1a031b7f2fca9ce9b6a2d74c3f8b74b1e90012fa18567720c8	text
etc/gnss_antenna_info.conf	5753	86c9262695c1e956a3f9b1c64c0a6047465789d0fb134c2ba671f471c74e01c3	text
etc/gpfspath_oem_config.xml	2129	f33b193963bbbee24df9de611384139959aa3080f956b6e908abab4cee616f07	text
etc/gps.conf	14240	0d4c59a64f0c47380eb33d02129d0ad9210ba514179de47aec25b9272bcf18bc	text
etc/gpsInterval.xml	130	f39952ec85cb982555207889b431f70162befe491e0889648c632ff314c91fbf	text
etc/group	401	a947608d0b5908a78877e4596f6526d37a2a6f2f82c7369751808c5889f8738d	text
etc/hostapd/hostapd.accept	220	63d49422267c52cf7cb18fb00840d7f8509888f4e4ab567163720ab3a61a97ae	text
etc/hostapd/hostapd.deny	90	0b26120447d75d91e82442f111dda1d5c3943f6cee6dae8a1aa438f4bd99f769	text
etc/hostapd/hostapd_default.conf	91032	151b47bcb0d4b22293351676e17c111533b3e5e3a946c73d0148339b489ddf83	text
etc/hwid.conf	85	f56b109d86307cd42acef95b8e30ea17440545813e6f4bf90a117f722e7a6f80	text
etc/init.qti.fm.sh	1369	a2185dc8b7c56059e069cc83f1778b5448769ab694cd9f4dc5f6051be59d135a	text
etc/init/NookModemDaemon.rc	508	76b89ffb8ed5810e7b319a8d87f5524a7714c01c5b53f98b174a508823228de6	text
etc/init/android.hardware.bluetooth@aidl-service-qti.rc	272	26ffb47daa258711ac1d66dcdb2f211ad18bc14b68e7dbfd6cbd7b4a43a9d0ae	text
etc/init/android.hardware.boot-service.qti.rc	244	6fc5cb92af56344cffebbe7c23a2b9f366e1ccb0e317e014bcb1e7a624aad446	text
etc/init/android.hardware.drm-service.clearkey.rc	259	5b7b5e1eaf964301570bb0947e50bf5e81af7de629cdfbeafe9915a0bfe4fcee	text
etc/init/android.hardware.drm@1.1-service.wfdhdcp.rc	228	a81f13b6a2e10337ea9e550421f1ffb1e38dd30f0573f3ffdc6f142402a4cf0b	text
etc/init/android.hardware.gatekeeper-service-qti.rc	247	6adc5db1c1636667d4aa4005ce0155eaea19ecc7d21fc250341ac7a4f6be8ab8	text
etc/init/android.hardware.gnss-aidl-service-qti.rc	321	1992ff7953a18a6a3dae6def07c5b4b5d7b0ae6859e9b48a495b73fa2939425c	text
etc/init/android.hardware.health-service.qti.rc	458	c0998af6c8969eb6de01324578faae5319a3fafdc409cc25445bf6f150abb934	text
etc/init/android.hardware.identity-service-qti.rc	124	05eed49d012601868df6c24fe617a27fee956392d0b7f40ec92bacab9e4ccf3e	text
etc/init/android.hardware.ir-service.rc	116	b49e1a8e30d8786811fd7f1b4d5bcd32f3ee3999879e74442c4e72e73072682c	text
etc/init/android.hardware.power-service.rc	114	467513bcf53906f9acb940ea77273d622c88dac8a07960767b011febbee57fee	text
etc/init/android.hardware.security.keymint-service-qti.rc	456	4f2aea385713f86aa193a1cb3a24fc141b63fc54dec330f25a4f5a722d87c456	text
etc/init/android.hardware.sensors-service-multihal.rc	264	8a42a1eaab48439f3400a2e34781c517e3368d1d793aa61a273669dd4984a7b5	text
etc/init/android.hardware.thermal-service.qti.rc	1977	8dc8ab6db50edb80aec5f6ea9396970edecbfb2a9fcbc033169d88d1386b66b5	text
etc/init/android.hardware.usb-service.qti.rc	248	d930596fd5216cd2969f758467e5c3fa150cd0f4cab83b7c4a0eb69d425efb7e	text
etc/init/android.hardware.wifi-service.rc	224	392ddaa25fcf242c88368e6a59e261c0074215dce02d0eddda60340b804e52bd	text
etc/init/android.hardware.wifi.supplicant-service.rc	644	3d34e5aff950858805d48e81d49960911862604d62f343c9fb9c3ed83f580067	text
etc/init/audiohalservice_qti.rc	1215	16a92a2cfd2494f827e963f519c9bfed6cbd916a7250e2a88acd9a023f110971	text
etc/init/boringssl_self_test.rc	640	a30ca035b49329cd72994ca3a75125990bca7fcfa9ef00c39632cc200d7caa48	text
etc/init/c2painternetservice.rc	263	1dcbd5699098eabe5200b65f622043e8b6b00b351b8b1cb1348cb4da399e3c98	text
etc/init/camerahalvs.rc	142	b71eac0c8550d3f499ebe02f159e226788f6d054e58cbaf2a291f17fc758b32e	text
etc/init/cnd.rc	134	0bc8ee5db974beb21578a1e2f66eb45a87a8c572d3f6c8024811370e3a6a5fa0	text
etc/init/com.qualcomm.qti.wifidisplayhal@1.0-service.rc	288	a8ac68e72fbce5e2382515961a12a82e2fe2c9dd4ad7dff05e7dcf166d28051b	text
etc/init/dataadpl.rc	386	8fb07a4eb3f8222e9266deada743d05f40633a6f8a9b06d0577e3af632210443	text
etc/init/dataqti.rc	571	9f9ed58938ab6e31965fefd52ef4820c29a778a3205302ca8542cdeee652dd6e	text
etc/init/dcfd.rc	95	1d823284a1dbd9278b50c939d99a2262c002e528f61605475c125af858a590d8	text
etc/init/diagcommd.rc	326	7727fede082e735b7357c525ecbab1771ec8d55879b8e81a2386910b66297a06	text
etc/init/dlsc.rc	425	dac20842bd5c7439fa8fde206cc5dd35395d6aef2548683fa9ba10f50fc40a94	text
etc/init/feature_enabler_client.rc	396	03794cb79b1206a61c126ff283215ef41419e5978a2b8d0bd1049b8300385740	text
etc/init/hexlpservice.rc	480	9e6abecbc84447dfab120e40805a21a7641c86ae017aa6718aa7b313f83bdbfa	text
etc/init/hlosminkdaemon.rc	380	5b0728de5a5f1b2c9e9e2a3bc35b92eb8367b3f9362e269e20791d22a6baee56	text
etc/init/hostapd.android.rc	639	2498bdb3b7e160defc3fa802012a5dd0591274c504ad30949506e6a7e5a4cb65	text
etc/init/hw/init.fingerprint.gf95xx.rc	1032	2233ab8606e1352c7e7e6920771b62d5a10c54c7df86abeb251d63e55b63fd89	text
etc/init/hw/init.qcom.factory.rc	10625	36771a15a4f6738010f307383b8d26bd2d867df2164c0b7e3f6e0ac4ecd4c18f	text
etc/init/hw/init.qcom.rc	47003	affefcaed0761c216c57331e1fe628b60430f0b5d05bc8ccb7e12a6dbad65206	text
etc/init/hw/init.qcom.usb.rc	113900	4e48acef486d92dbdb2ff9b7f3f417ac4694fe4f6b5bb10c3003983a10724064	text
etc/init/hw/init.qti.kernel.rc	7361	d7ab00aa322e40b8aae2f333b3635398dd03d92b1e5e977470b747dff8fc3e92	text
etc/init/hw/init.qti.kernel.target.rc	372	c21c92a0af6bfe8a6d833276500ee3ea486999de73feab435230b843ec62b6a0	text
etc/init/hw/init.qti.kernel.test.rc	2626	1e3758a6a18ecfe5d6907d98da997e8873f8251b20de6c73e0786c8fb1ec4594	text
etc/init/hw/init.qti.ufs.rc	1729	2da94fa233c863383dedac4abada140087f920b566116c29f0aaff5240ea73e9	text
etc/init/hw/init.target.rc	9264	aa0ec9c35d4cb3f6f437180706bfdc32dc3f1e5f999ae7f7b2a9cc1f0b40bc60	text
etc/init/hw/init.vendor.rc	28913	9f1a11249b7be6900daf875b57f2452de4e991898de08a316be68c3e925faebe	text
etc/init/hw/init.vendor.usb.rc	50795	e0ac631c6543c264a2cb7328e7a8b0d4f9b909ae2a5c7d2ba876a54b5584a0a7	text
etc/init/ims-dataservice-daemon.rc	433	412d5b542652e309b53d954d6dcc3ad9aae9edff0c1eaa66c9fe55ec04c6b62c	text
etc/init/ims_rtp_daemon.rc	420	97be32080dd143b65542f248a244ef01e96c7e22f81f1952e2e6529cf4a57494	text
etc/init/imsdaemon.rc	477	4b9980537f142e1e780dff4f69c148a5e7e4ec21dd354e9bb090f5b7e0b7b2d0	text
etc/init/init.audio.awinic.rc	1717	dde89e4ade85fa9c12450e833dd6155c50d37e349e298307d9808230e6b1668a	text
etc/init/init.audio.awinic882xx.rc	291	e4577632dfb113eb3ad96bf5d103034134d856ce6d588c17b2add8ce79f6b82f	text
etc/init/init.brd_daemon.rc	408	3b37fe7737d83dffd8224db0be6257b71e7278ca7e916edb35678d08142026c5	text
etc/init/init.camera.dual_cali.rc	520	28843d13d5865f975beaae4e201a908f99cb7ddbb3623b0133e79937f5194445	text
etc/init/init.embmssl_server.rc	442	2558fdd6b3b6f8fbc2a21f354a404fcad5edb6f41b70dc0ee8b9bbe7bc569996	text
etc/init/init.fingerprint.alipay.rc	234	d373a7fd0da6d09f2157c5d81b0fb22073063102ec37da863ab7714e0659443b	text
etc/init/init.light_longchg.rc	570	eb7548da744a72985f794c2037fe31244fa05f7f0e8ec8ccc4ca1d0d23f8a50f	text
etc/init/init.nfc.st54j.rc	132	a8d54d38a24e97a1a350b6ddc8fc40716fa0bffb311e320231112c372ddd5211	text
etc/init/init.qccvendor.rc	879	9f2a4812f8d81868b3844474d099e41a987dff949a8fcbc83a72321c20fd3fb4	text
etc/init/init.qlm-service.rc	350	e93770bb99c9ecd74b26e743f2112c9805ee5afcefc4fdd14afc15cde8dea02b	text
etc/init/init.qt-service.rc	330	9e9d2480bee5c6d996b139fa38189bd060a1616ca2f7345bb7759e9bf7f44bb9	text
etc/init/init.qti.display_boot.rc	1741	21de1b2cbdb30bfb976d53f2e7c2fb165ba105731a8a7152068f0a608490cefa	text
etc/init/init.qti.fm.rc	120	bf511ef4ca873230aa8049a30527509d48fce3cc6b10b1add1e1c687e3f57872	text
etc/init/init.qti.media.rc	2522	e9a90a4d8028282c7f48a268f2297461b7df705119b8410901204882c7d20e0e	text
etc/init/init.qti.qcv.rc	647	178c45079b5d57eb19d92454345206cac0307ed15580d109297d6f27dd8ff52b	text
etc/init/init.smartpa_cali.rc	880	abd31bc97b654dee4fdc7bc0ec0fd6b7374e381f3af7e7ee1d6898fea3b3b5ff	text
etc/init/init.spdaemon.rc	1002	0b5869564ce597b3aebbb09e1b379ba39278cce40096fafb042d72c5c99a30b3	text
etc/init/init.time_daemon.rc	365	59e1d3352a6151d6217b03d1e7214dbcedbc63cce4870d68ae6f73d713a93761	text
etc/init/init.vendor.sensors.rc	3057	29b8739687e9df2b535c9c92580e82934acb47efcb8cb141cf5dbd7889205a37	text
etc/init/init.vendor.wlan.rc	393	8f075ffe16992139b99626f5f492e90338b507e47fe3c451541c79b368453e2b	text
etc/init/init.zte.perf.rc	3359	8285f028a3f1d04df50ccda93131baa90959c85657ea8cc5b9401149a1db5074	text
etc/init/init_fan_service.rc	384	6ec640d9597d1a1ee15f355294398165af8349e8926e96dc95b2e5d4bc893815	text
etc/init/init_thermal-engine-v2.rc	520	98a6dc503592da46e035a07b4b2bf64071da61c2e269bf54d747124cd83c78ea	text
etc/init/ipacm-diag.rc	469	8211647bf67bc48a84bb935126010be0d04c64f6f2bf83f9f78b6399365470a8	text
etc/init/ipacm.rc	1878	38aaba79d3598e7cde5d8a8c5296f4374c36ef281874d5672952321eb3007856	text
etc/init/loc-launcher.rc	2574	b5eb6991452dbcec9e4e6bfe35ac1e2f33178caae60b22bb129d3dafbad1b183	text
etc/init/memtrack_qti.rc	136	dacbe63a58e9f938232f1fa029ebe25620714271ff3c78dfb50694646a21b003	text
etc/init/nfc-service-aidl.rc	272	85d2e21c285fec7af460355eb4ca0eefd78d7acdceb1bec09d78f5c17e30fcb7	text
etc/init/nicmd.rc	1974	b756045f1b044b7f690bd3296fec9e82351cd8afee99ee5af8bdc2f8c1a3f7e3	text
etc/init/port-bridge.rc	562	724dfc23fc98e926cf951273fa7f5b771c0367890696b9cfa844aa32d0b79881	text
etc/init/poweropt-service.rc	521	201af565fe236f42f6e0cf7c60d5a623a7d4e77d0111fda73adf939b95d49666	text
etc/init/qconfig.rc	509	8255e1b5388c143c2e87486bb38608e2621b7b35b3fa64637d8d0c317ca305ff	text
etc/init/qcrilNrd.rc	2345	6a72babfff43e0a7d070038d9d3ec112f71d9c590ce8f6ede9488eb0234f2312	text
etc/init/qdcmss.rc	288	7e217b9bf00d8afb0acb693f3f672904dba2c8db26e9130875e0b376d0ed7d12	text
etc/init/qesdk-manager.rc	548	b13aa37e3c9ab70daa284da92b4a4bb1fa0971ad0e3356d4ad8ebd11aadee23e	text
etc/init/qesdk-secmanager.rc	480	d61c3dba6e54b40a1f8ece5bb91f8b9355dd3830f94337306cb6a8aae5c4059f	text
etc/init/qguard.rc	138	16fb8568c38d4f2202d66a0964c766dcd16762f0359ce4866abeea495b2badc8	text
etc/init/qmipriod.debug.rc	237	9cfe4dfeb6a9119a8e48a796f40595b56ff00ef5c98c298ef75686b519d5a74f	text
etc/init/qmipriod.rc	527	ef06fc1a5bf99043102ddd0e0e3ecc402776462cb32a3df65139afa019ec0792	text
etc/init/qms.rc	383	c3a0514170a55d901b47f6957d314606bf68227889164c6ba5aa937be0e35431	text
etc/init/qseecomd.rc	406	86e35abcf3522b31f4faba41a957d8501681472d8e63987d00a020e679b6bd86	text
etc/init/qspa_vendor.rc	1104	f93f96e3f8b4b18bc6d50b7d315295afbd70fc75bdb7da5a0f1d6bdac222d5c6	text
etc/init/qttestservice.rc	377	07be43b617a433a6b08472ab9ab5ceee0cbe89a91d8043f5fcc63eeb5aab029a	text
etc/init/qvrd_vndr.rc	835	aab2fba32d092170d29bc81e8f04875a5855e95ab3630b61d38280296fd173aa	text
etc/init/qwesd.rc	372	54c2dce51cab875409f089db780cdfa26100a76d751da04617230b809298fd74	text
etc/init/shsusrd.rc	1248	e518d2d4f2e0615e6c763dc8e7b3b00bf7e4aaeb1f96fd4b75841973eaecf35b	text
etc/init/snapdragon_services.rc	507	bb76182befc1603fdd6cf2a3a2eb6608fec714f51b2860e47c7161894464df0d	text
etc/init/ssdaemon_vendor.rc	1209	019ea97a941f3733b02185b491fff2cfe6756dbeb79a3663c478d50d1e1a5046	text
etc/init/ssgtzd.rc	642	a47de1559b7b90ff173a1adf346beffd9d90ff45d98b0499312d5f084acc6e2e	text
etc/init/sxrd.rc	429	5ef3163bf978b24f127c6279a0719958a6efbac816061902090258c12a7adab6	text
etc/init/tlpd.rc	488	d2a3153b8c09ab52eb7d48434ecfb439000990309ec4e4afc80a1f5bd64dfd22	text
etc/init/touchscreen_zte.rc	5454	147e41330c8c1d461d3dec18ffb728b5cc21dd19c9404cde38b3cc9432a23e36	text
etc/init/trusteduilistener.rc	254	2eb2abeda67376b6caa5e9097897b2224cbc9506875fc59b20b93c44ed273f8f	text
etc/init/vendor-ldd-zte.rc	850	277cedc0e8579462e81005719f42ba05a0ef96cc18a7910220d2f8b7ed558ed1	text
etc/init/vendor.btaudio_intermediate.btaudiointeraidl-service.rc	265	7ea12bdfb071c8bffc3db643a6d71419e18b48e2fc423326883ddc6068f076f9	text
etc/init/vendor.dpmd.rc	720	aec9bdfb1184dddbfcb09aea11bb1ebd459d16844f286f7ac01ea1fbf0b83df0	text
etc/init/vendor.qsap.location.rc	506	b969a4acb7065fda2421687c93b1ef84be5d3ee9dc68ab89fad8931d4f8786ad	text
etc/init/vendor.qsap.qapeservice.rc	515	6dc4dc014d0ec3b4c328375c47c6d82446049647b4e54de138aa7a5bf09cec17	text
etc/init/vendor.qsap.sensors.rc	1900	a9d1a4f3ea202e27c9f495cf7226c9e44354035a3a001fd497c5aa89f9be2815	text
etc/init/vendor.qti.MemHal-service.rc	589	ea9c0621ef9db39a40dd746bd750324eb061c24d4b30e4175e83c30ac36ce9cf	text
etc/init/vendor.qti.adsprpc-guestos-service.rc	1797	e5b4dcd64c444c4974f754acc987447867550d03c3d6d10f8ed452396571cfcc	text
etc/init/vendor.qti.audio-adsprpc-service.rc	1784	d5c80d2b4e61f05b0186db6fa9c198193bd80db621225ed6bdb8d01847a39f6c	text
etc/init/vendor.qti.camera.provider-service_64.rc	854	a0249cd1195128e74626db98d0327cb69eef48cf2b7673a2e437f14bf8f72b96	text
etc/init/vendor.qti.cdsprpc-service.rc	1876	2649f1760b30a9cb72c826ed9ba7f30589c751480583681f5317dee9d2970865	text
etc/init/vendor.qti.diag.rc	2750	1c5e71b9d8bc076e1120308fcbad0eb68a00a5223f5b00751d7271888ca8b753	text
etc/init/vendor.qti.hardware.alarm-service.rc	357	ceea6590f93c4f44a4d74f43628e56d7ba23107543bea3ebf8a7b9db7cfb7333	text
etc/init/vendor.qti.hardware.c2pa-aidl-service-qti.rc	277	dde6837d5abaaea84bb1c6582a15a26b91165874cd0d82c9eda74187a44be651	text
etc/init/vendor.qti.hardware.capabilityconfigstore-service.rc	284	e6086e6d1e732a9eb9907405e49455bd302da40f479c8a78510bc008351a869d	text
etc/init/vendor.qti.hardware.display.allocator-service.rc	236	5f1d3dbdd7c2ca4ffbcdfd54883f5d6f1b98fe0eed6f0f0c84f67644da828f78	text
etc/init/vendor.qti.hardware.display.color-service.rc	469	d59294d8b2deb4266d7cf6531f21b731edd9dfe1e875688acbd49f6078f87ce9	text
etc/init/vendor.qti.hardware.display.composer-service.rc	318	c8af863b03729a88b690a6bf5b63ca9c674c05ad051864d629ab85fce4a51b9d	text
etc/init/vendor.qti.hardware.display.demura-service.rc	255	7d5e9541a479d156a85772ef419e775271507ab0e082e53da47a6813fb618954	text
etc/init/vendor.qti.hardware.dsp-service.rc	386	97405cbf9659b56a8839926b9e2ebfa5f65b04c5b72ea91fd255b4f5c1990b15	text
etc/init/vendor.qti.hardware.lights.service.rc	982	dd42446a73e8c12c7945903911c81f84e9193946e0281301be3c98462db58736	text
etc/init/vendor.qti.hardware.minkipcbinder@1.0-service.rc	364	02ac533db9d5f093a4f476a831846a21d111e88cd163cee72e9cd7a1e586f902	text
etc/init/vendor.qti.hardware.perf2-hal-service.rc	1519	aeebc7e101a93aadd998704f3a916b43e5309152952222c74dd4f9119a5d8248	text
etc/init/vendor.qti.hardware.qseecom@1.0-service.rc	355	ad6c3939dd6b9f7e1e88fe079b1a2b762910fb412cb2de32ed017797c510b9f8	text
etc/init/vendor.qti.hardware.secureprocessor.rc	263	9416bc1f9b4e367f7906b6f85be403a8d087e3887a03f46486fc799a599b965a	text
etc/init/vendor.qti.hardware.sensorscalibrate-service.rc	296	10da4cae7b86f772ed5f43ac647cfdc9959088e95e7746d17607733f9ff93fbd	text
etc/init/vendor.qti.hardware.servicetrackeraidl-service.rc	225	bb49bbaf5043db508e02b6eb5d4e3e83ec28294560b721c47326712abc26f4ee	text
etc/init/vendor.qti.hardware.soter-service.rc	267	d9bc16db40606354362157255d44cec29536ebe4eadcff456ba4820da72f3f2d	text
etc/init/vendor.qti.hardware.trustedui-aidl-service-qti.rc	268	9c3062cddcced914601be5547a184fb908949ee9eb36a296e2a7bdf67b2af10f	text
etc/init/vendor.qti.hardware.vibrator.service.rc	952	d48fe0603984997f5f6f3fef0e84e7a3052068f09cf62a6be6738138304cceaf	text
etc/init/vendor.qti.hardware.wifi.wifilearner-service.rc	610	85645559a1929001bf88894d27d8120202bcf310ca6119cd75c74b5589a8fa2e	text
etc/init/vendor.qti.media.c2@1.0-service.rc	214	00ceea6cca0d19d5b3d228bc4889c56cd9579ff9fa00dd636bc3a08a21509b4b	text
etc/init/vendor.qti.media.c2audio@1.0-service.rc	226	f80f9c23fd596e2d4d15d861e1a79992e583eadec0d023c934658ab361f0324d	text
etc/init/vendor.qti.psiclient@1.0-service.rc	642	47068fd1e4c94fa7b8a309db98fc0f76efbe15f2ad95fc367f01479c1ddebac8	text
etc/init/vendor.qti.qspa-service.rc	230	41aa77522653070568c5db7740f4bcf46f4eaad63a24fdc4c3075ca150c9205f	text
etc/init/vendor.qti.qspmhal-service.rc	599	4ccd2615d141b6a12a2839847b47e94f487cccce214422dbe0eaa65965a5deeb	text
etc/init/vendor.qti.rmt_storage.rc	255	e43198fb1fbdac63e8439d1445d9068d5a2c168a7daeb8683c3168e1155d0169	text
etc/init/vendor.qti.smp2p.rc	390	3c304524d7961f9690062b97fc8c4ef11ce7278055f7ae509f2ca502abc72656	text
etc/init/vendor.qti.syshealthmon-service.rc	482	77c8c4584347844aa86853a3c142b6c4efcfba7140a9cf8a783a02bf4d836586	text
etc/init/vendor.qti.tftp.rc	324	07f8714fea9616c2ae240ee120117b8b12a94770a3f6e1102d3c5c22e402a833	text
etc/init/vendor.sensors.qti.rc	1982	1800f5377680afb37e9e210484b59daec0dc2ea4cbab1f7daca5bedea7a656e9	text
etc/init/vendor.sensors.sscrpcd.rc	1940	bf9deea8f93f0ce06a5aa5f00d4f6ed292de8224bca06c51d006efd88701de3f	text
etc/init/vendor.zte.fingerprint.ifaaaidl-service.rc	108	442a1f68392726fc755f1b4af7180a6f5d6c246f3f922e731ad8370a612d37f5	text
etc/init/vendor.zte.fingerprint.ztecmdaidl-service.rc	222	f5e204affc773094193e2246bfe7d487188f2a09db6d1130b9ff071b5b4ced93	text
etc/init/vendorapdpswitch.rc	771	2b26c7134ecc51dfe35b44fd608acde338c6595122e458605b22fb823b134a47	text
etc/init/vmmgr.rc	176	c109872823dcc029e10e3eb42aa88421c99b31eadc58cad780bd3578a7c2462d	text
etc/init/vndservicemanager.rc	311	6fe6a33e67975bda8690e6fe568d66d3c29a528ba8bd9e8b386f5ec014eded38	text
etc/init/vppservice.rc	465	5e6a1fc089d9e106487ac8c159c47d46aa825797870d84d47b0057e10f4076db	text
etc/init/wfdvndservice.rc	226	5e689f961b5d0c0ee4b36e29d751dd374920699492f740736e325d04fa7bf630	text
etc/init/wifi_sniffer.rc	674	22e4d58b55946893ddeb68dc63311bdb2a5d3075fb55076e1a3db9b9816948d7	text
etc/init/xrcommservice.rc	701	ae435dd0cd202afd6475a68ab6e1e06553ddc933d69f1890609b8f22b1b7ae88	text
etc/init/zcustom.rc	356	a45f253738bfef0df7174d196def61d40cbd292068ea6adb591612f2dc5e62d6	text
etc/init/zte_ldd_test.rc	236	21e10fa475cd3fe0d7d3d2f33d51a86b1f20960107351aa38bf19bc4deb8fbe0	text
etc/init/ztevendordiag.rc	1653	2ecde73b1503feb9b734d4b16692e6e6e22c68a0a43c4d9f73d304ecb44a98b7	text
etc/izat.conf	9676	d2d1dd64ac46f39d8e4880c3f1a165f0eec69befa08ed3214167c9245a61e578	text
etc/libnfc-SN220_19_2MHZ.conf	24311	ac7f0f8a67b95cca398d40a5f1dd8d5ec5ab9094e1a19560d48aec679c184446	text
etc/libnfc-SN220_38_4MHZ.conf	24503	84413091be08ffafaecebb734f9b3b17d1289b38e6bb794e067b9b79393977c4	text
etc/libnfc-SN300_38_4MHZ.conf	24871	a81eb51ddfb5b8e8dd3d5b15c09fb7a356931ecbd818e7e485e13ba0a4661d8b	text
etc/libnfc-hal-st.conf	7903	134bc7ab0d54d3757c473875b90351fcea35584cebcaa137536d677b8cb64118	text
etc/libnfc-mtp-SN100.conf	24611	b736eb935edeca5690497369563748ad5c251ac2205886a1885e14a20da50ce6	text
etc/libnfc-mtp-SN100_38_4MHZ.conf	24644	dc5b7e84686c52a98084e7bf44719659064b9098c55957a906a3dce82e504ac7	text
etc/libnfc-nci.conf	6930	a5ebfdbd43d1d0540846006cebe8d6810a8e1d49e5643aba942d1dbb7143505f	text
etc/libnfc-qrd-SN100.conf	24611	b736eb935edeca5690497369563748ad5c251ac2205886a1885e14a20da50ce6	text
etc/libnfc-qrd-SN100_38_4MHZ.conf	24644	dc5b7e84686c52a98084e7bf44719659064b9098c55957a906a3dce82e504ac7	text
etc/light_modem_logmask.cfg	2224	1b129e6e312b1dca7c089e2ab12aace750ba480fd0fa1fcc26c7d4be610e777b	binary
etc/linker.config.pb	17	55cd676c8a2492db066863a4a7b15fc145e99d1578f48a277f7ad6afe22f0746	text
etc/lm/AppClassifierFeature.xml	1201	7d45fc441ada1ba11e08b3dad97f32b8a717e0c32213279f680e0a4d6810101c	text
etc/lm/LightningLaunchesFeature.xml	2700	74cdc891c2f78d66e83365c86cfe9c42c9f3dcc34cf9ebe9a6b2953a60c54705	text
etc/lm/PreKillFeature.xml	2812	7d2e2259c8c0a839a1467a3e72006ea0a9aed0fb50b7e85efa8c134dddeeef2c	text
etc/lm/PrefAppsFeature.xml	2935	b6a2c177abc671549879a462f4a3959b00d1b0ac5c0841da2d4db7f339d33bfb	text
etc/lm/ProCompFeature.xml	1992	cd83b34c4affece7d83bc1ad1f5de7dc251f0eb6c541c84deace6791e8c53ef5	text
etc/lm/QAPE.xml	8289	5766d4b27be3895a3429e904df176c1c9b9a521e8a6ceb2fa94a1d4f755b6be7	text
etc/lm/QGPE.xml	11162	46df111d041da115a24a96684deda204e4c6a51795ec04e6930cda60fd84a9de	text
etc/lm/QGPEActionMap.xml	4771	17dbad4b31c85a0d003bfb2a85e4e62eab40f70acc6b18f3e66a5900f2c48bc7	text
etc/lm/SilkyScrollsFeature.xml	2251	c9e5c2a644cb3ca5acab5e68100a54d0f7a9efeccdca12b88f52be65078b5960	text
etc/lm/prekill/prekill_2GB.data	1434	b89b0d7b8d4b3576cf70313f74c9ff6683d3c5162edd2fa3db9bfd107f036c58	binary
etc/lm/prekill/prekill_4GB.data	1414	4640013f6237a69de52eda80df379e565724985a1e08d0b3f82658fe06c25ba9	binary
etc/lm/prekill/prekill_6GB.data	1762	ef177fa9194dfe52278ee95a578e191ddb84b4359849b3cb9d29b9a4155a1348	binary
etc/lowi.conf	746	52c4e53938b08068de7ecd332fecb76f8fcfb0aed6e9b8a0aaf91dd34d856961	text
etc/ltm_config_BF237_RM692H5_6P8_DEV0_DSC_CMD.xml	2585	f6971e8627b2c9cf80231fe32d7923d0499c6147164c6481a40cf4e35cf40afb	text
etc/media_codecs.xml	21738	78c7328824e5e00dcbe133d36a16c6823482c1e0affffc09f1e34e59967f71e6	text
etc/media_codecs_c2_audio.xml	7142	456ae9ce0749fe3dc5b05b1f2ce963c741b851d0c16b6d3b1e0c002c11bb218f	text
etc/media_codecs_google_audio.xml	4831	f33464aee38c30e1fe52764bdb1d98ccd56a8214618d03b061b0fd63c38b0000	text
etc/media_codecs_google_c2.xml	808	46589476ce668dd534368238de8cf8ccaca2be7c295451d43023561bfa7fb9b4	text
etc/media_codecs_google_c2_audio.xml	5987	917a608730211e284602af5fa0bee85a66a368734c8f0e3c37be693fbe556c24	text
etc/media_codecs_google_c2_video.xml	8755	8a186d27354b98dacf462433912946cbb4b9b153f9995ed3de7568f5e04de648	text
etc/media_codecs_google_telephony.xml	973	d0ebc3f9b6739d22f140e1a3acae6d92874736c89c53f82779e2e754032ed085	text
etc/media_codecs_google_video.xml	6411	876f5f850cbb5ce4f7a9582654ce006888903e6016dd0b8053e61ab0fd993839	text
etc/media_codecs_google_video_le.xml	5693	e1434350f02796cd66931f76ad0ff6f969335744f46897aff964dd739ba4ffac	text
etc/media_codecs_performance_sun.xml	13268	3ce64e63b767e545a4321164cf62b2d1d2237fc7f9723040a18c885b9c90238a	text
etc/media_codecs_performance_sun_vendor.xml	14602	ecbd602786959e56c4623ad4eeb6ba10d1b7ec1512d6097859393e9721dc673f	text
etc/media_codecs_sun.xml	21738	78c7328824e5e00dcbe133d36a16c6823482c1e0affffc09f1e34e59967f71e6	text
etc/media_codecs_sun_vendor.xml	28563	0cf7adbe6e7cadd95fe42ba639d3f3570a84083f114dc6c7cb771cbc4b0411ce	text
etc/media_codecs_vendor_audio.xml	975	7243761f12b860cd9edc37295f3f3452d159e11249baab8525e59f65f5e392dc	text
etc/media_profiles.xml	30810	baad2c3bd059854b1af8930a42ec218bd11a705cafc5053184ab702e93d422f7	text
etc/media_profiles_V1_0.xml	19007	691e26812e542fa58b8a9cc9fab93b709c19aca0b2aef44a7842f0812cfed6bb	text
etc/media_profiles_sun.xml	53950	c350fd6222b6138cdaf3093b37f410c0058e394683e96250bf612452ff25d42c	text
etc/media_sun/video_system_specs.json	6287	0ffcd50db177cb70cfcd013f65a9978e574c182995e21f4d6c1a742edf8ccd0d	text
etc/mem_logger_config.xml	1216	3e871bd2c6a1e15910f47e464f2e55d2440513afd2b3c9d494bfc56ab0a19b71	text
etc/microphone_characteristics.xml	7462	68f1796e33137edea2752743cd548ca6df05b0a9bda2e48279794198ed334060	text
etc/mkshrc	389	57da624ec83cb61d9f81722ec72a6efa93f7ccbfbabc6e3aa3cf5348f80d8617	text
etc/models/acd/environment.eai	112924	652acd8adb6a3d3e7b16c2e502a7f8096e1805311a4cc3dbbad36e48f53d79c7	binary
etc/models/acd/event.eai	87068	8ef53ff4a1f04ea03b14fda29211d17760eb4064da79fabafb78fe1226f61c31	binary
etc/models/acd/music.eai	14748	016a6ee2fdbf7e6dd120ad40bab516e9d4bcf787eacde7386c7636c63a736305	binary
etc/models/acd/speech.eai	14108	a2f99abea86506495fd6b684272ede969db417d3d26dd4ad0d747da18cee6733	binary
etc/oem_4_prj_NubiaLTM8750_license_0d1d402827fb.pfm	4230	60a514e0b0c7f81df98e07886e60b0cbcb9facb47af01dbae61884ec84be3f97	text
etc/passwd	656	2279d67b02cf2b7ed7d5e774edb606b1aefac0c6cd5fe9f1047d0c1d99331db3	text
etc/perf/avcsysnodesconfigs.xml	1871	7fded53a23bd067374075f8c85b5c60dc03f6de1aba511200e5af39e3f8637ae	text
etc/perf/commonresourceconfigs.xml	31639	e8bb8484359805a153308381e3dd27fe65b9075c3905689c3f074b032859dc91	text
etc/perf/commonsysnodesconfigs.xml	2744	5d19c74aa1448d72f3511c7636243c3db61a4c4963cd9b4a2bcbc28d58d32651	text
etc/perf/perfboostsconfig.xml	53828	19b46d6b449631cf1779e78c7eead083caf8de7ade5a50b286019f7e6852ecd6	text
etc/perf/perfconfigstore.xml	6755	00c41b5d9311c22039abfe9b344f13a8c65f70e555380f4bda34898fe01034c1	text
etc/perf/qapegameconfig.txt	1639	9c562ceb32c9756c1079cf57eb37113696e7c1d10e430238fe5efbfdc549c7ee	text
etc/perf/targetavcsysnodesconfigs.xml	711	61b568d120e3178f67606408cf406d5df19c7ebe7640f0383e0a439e85296e78	text
etc/perf/targetconfig.xml	3339	6b756f987135e6c6adc06615ec178741883f0adfaae0aa4441341a2bfe72b6ac	text
etc/perf/targetresourceconfigs.xml	15438	f5776eac3235647a047d8d5d0341a73188c31203652aef89a0fe98b7622ec183	text
etc/perf/targetsysnodesconfigs.xml	1899	2fd83ec97045e3b58e1b7f4aca95ca5845314b650b25d69cdceb9c43628319a6	text
etc/perf/testcommonresourceconfigs.xml	23579	3843c25d5f1a35650cb1b3f8d1a33fac61ddaa9ddce359a2f9047ce031a829b0	text
etc/perf/testtargetresourceconfigs.xml	3411	17d3a871c8fb572e52c040b8ab4728876cb8887aa874bbbdbbe7b333c5e66533	text
etc/permissions/android.hardware.audio.low_latency.xml	924	a69f0fe9eb506442ef9e74900acaae0ec6ca183f395d263d029e62eceba10c09	text
etc/permissions/android.hardware.bluetooth.xml	820	08305a972411f4f0068c23e77e00154826f5335a3e12fc1d6042ca130e1db3fd	text
etc/permissions/android.hardware.bluetooth_le.xml	830	845f59a4e13fbdda3b48c30a3a0510db45a261af15f31d4925c939dc48d8e3e0	text
etc/permissions/android.hardware.camera.concurrent.xml	944	fedabeeaa25f1a5c7d134aad46b2084882692e71454570b9abc4a90314cb51ed	text
etc/permissions/android.hardware.camera.flash-autofocus.xml	1052	767121ac2db5dc88aaaa44e14d2078249a3ab3d336b30389dc3afb442b49faa4	text
etc/permissions/android.hardware.camera.front.xml	877	6f3a8c02e8995a9e1a8f747c56948b09943ee844e5d5eb2c8161217e38443d89	text
etc/permissions/android.hardware.camera.full.xml	1045	5c2d543329b61b79040150be8656badfb18e13c9eeae54d745697e4fc88e61cf	text
etc/permissions/android.hardware.camera.raw.xml	912	18edf1d6ff694c4014860a6bd722f36a2879ee7543a7209cc3ff22a59e2abe06	text
etc/permissions/android.hardware.consumerir.xml	880	58f05ae39fc2eb54141c72497c17ffa54b4678a51b6a4dba5f91c7c54d2d350a	text
etc/permissions/android.hardware.fingerprint.xml	834	2a71ae806bdc70e7f0f72c1ac010cae49fcb520efc4b10de52aaed57fe365662	text
etc/permissions/android.hardware.hardware_keystore.xml	765	30583fcccca1bb7c3fd6a636ec7fe6d015d0eae26d5a4155a7c8a558f9f41805	text
etc/permissions/android.hardware.keystore.app_attest_key.xml	847	71d1be663de5210342daad847bfb4c2c85fbbc6211286ccc9622344e582642aa	text
etc/permissions/android.hardware.location.gps.xml	885	1b6a9066eb058e5a44132efd5c71a557b53688a74a3c14835b1ecd70c69ebeb2	text
etc/permissions/android.hardware.nfc.ese.xml	839	d903bb90c110ffe155e1e22f200481b0ede283d5946e46f9f894439bdfe78b4b	text
etc/permissions/android.hardware.nfc.hce.xml	888	f85135c947e0c0f3a1d45e1cbe0560d3495a741337eb010c951528408859ea39	text
etc/permissions/android.hardware.nfc.uicc.xml	841	59c711c93754ac8ab4af33e8fb0d891a3b1d676eee24ba6d386cef0d30a03480	text
etc/permissions/android.hardware.nfc.xml	921	74bff215c9df0c05cf2ca1d81da661c4e4ddf18f6812559ab90bcb10349e8a25	text
etc/permissions/android.hardware.opengles.aep.xml	870	34df4a1963e75d4ab0b2b08ad7462fe1f047d88904bac1b6ce4e71ecbf3f24ba	text
etc/permissions/android.hardware.se.omapi.uicc.xml	886	17939f6c8d3faed39c8812b84cb7e462583bbab228f15968a7aed7d425d05c45	text
etc/permissions/android.hardware.sensor.accelerometer.xml	824	03a2f333ebc3f5441647091b5a116086208202488cf2a12090544e3d548a619b	text
etc/permissions/android.hardware.sensor.compass.xml	804	164e93e847646f073519302f6bf255e1f49fbea670220440dfc2350e6cd61fb1	text
etc/permissions/android.hardware.sensor.gyroscope.xml	806	d5a02589eb5e38dfb4b899f66daf42da496e64580cb8c72501c43e107699728a	text
etc/permissions/android.hardware.sensor.light.xml	816	548fe200278a6c9ba393066b3eb1a4151c8ea452efe5c7acaa4aee1f17046ce3	text
etc/permissions/android.hardware.sensor.proximity.xml	815	0881f1838f0aceeb9d0af8598c2a4205c36367659786f63ce017567d86f99614	text
etc/permissions/android.hardware.sensor.stepcounter.xml	818	dfbb4e8b499d63bf387dfac27f2e4ef91e85318bb1cb82a834b671c667eaf8b8	text
etc/permissions/android.hardware.sensor.stepdetector.xml	811	246de98eb3ee0a26ddb568aeefba42ca154ca31a4e112f1c11fcec49ce56b5ef	text
etc/permissions/android.hardware.telephony.cdma.xml	1226	8f63661ffcaa32709e4422783531e22ae4762204829bf81bcecee5a2e8c003ed	text
etc/permissions/android.hardware.telephony.gsm.xml	1224	eb4e03a14d2004e88bc55072780b9996bce93c96db8ce2465e755f3749c4a145	text
etc/permissions/android.hardware.telephony.ims.xml	821	6f0d8f1e1dc0657e39ff63129b1633fdd9971417dcc9982271f089024666dadd	text
etc/permissions/android.hardware.telephony.mbms.xml	803	5af6b51792723ee1e3c70aa0759d9bcda78716cfe157d39d7a3020adc271ceb8	text
etc/permissions/android.hardware.touchscreen.multitouch.jazzhand.xml	1144	9fb2b20e77f0104e5b1d01630f8af69e1d6b24baae47a1a5ca91e9c0f0aee30c	text
etc/permissions/android.hardware.usb.accessory.xml	845	859c0ae2e58520b2747b4295dbb4a66ddd910b84d26c028c9ac2dfec49b10e07	text
etc/permissions/android.hardware.usb.host.xml	868	a1e7f5a1014066e65bd674967bfcd84f9228e1d549af063a8d4874fa113a2c8c	text
etc/permissions/android.hardware.vulkan.compute-0.xml	866	65e26b6a034aa3cf8d4821e2820c3a0fcc55307a567dfaf2efde4e9988464561	text
etc/permissions/android.hardware.vulkan.level-1.xml	865	8d78cbae54e60692944a5a8ea4fb41a5d8ac3b0f7ca467028e7b8e6552dc13bc	text
etc/permissions/android.hardware.vulkan.version-1_1.xml	902	e26ba651f9d3d8892feb7b072aa5d1f51ac2a5e9ed9cfc66f5bf169755bc6e64	text
etc/permissions/android.hardware.vulkan.version-1_3.xml	902	e4674544be7703fdcc26afec72cbaa6d63d905e76bd88377f64003dedec75959	text
etc/permissions/android.hardware.wifi.direct.xml	843	88816300cf08cae66fb8346550d3a8cb27b7ac679827ca86ef5840aedc472cd5	text
etc/permissions/android.hardware.wifi.passpoint.xml	845	9996ae086333a6abcc7a1d124280d48e9632f02db8f38ba0bde7c529cbba6d1e	text
etc/permissions/android.hardware.wifi.xml	829	c1315743359a2c41344582074fd6238ce22600c0b28183e2901d9075585ff0a2	text
etc/permissions/android.software.device_id_attestation.xml	842	55b343363a0aa2791afaf4bf8fa4f66436706a9d5110762927f3aa98bc0b2843	text
etc/permissions/android.software.ipsec_tunnels.xml	875	2e0e32d8a1d69171f6d9929b097a0836d85a5639592c076071b6c366232274e0	text
etc/permissions/android.software.midi.xml	745	9c03125fbea5dbdf54b26a242dc5e330e1dc23037f6ffd87de900a285dc40e9d	text
etc/permissions/android.software.opengles.deqp.level.xml	920	4519620b198d2b7e7fdfc2f75d6cd66324594a6e50fcd82c746287b88c765956	text
etc/permissions/android.software.sip.voip.xml	880	04c279b39e0c7c00c5a5de76cf2a23afb36dd1188c60322e9f8362ae9287ebd9	text
etc/permissions/android.software.verified_boot.xml	753	a9d903b0239520d91fc9a525361944d8022ec9b4cd39361a821ba63390d7890f	text
etc/permissions/android.software.vulkan.deqp.level.xml	915	361ea806485a251bb099d8a010932cbeca6b94412e88e2752e4f0ada3dbac668	text
etc/permissions/com.android.nfc_extras.xml	810	6c955a65915f4c92395fa482cdcf85c477427cf9581617fc3d65df5e1c746a79	text
etc/permissions/com.nxp.mifare.xml	814	72fc298dca2a02fc81d3130e69463b22bba32dea71bb297304c340b72a975c2c	text
etc/permissions/features_com.android.virt.xml	770	af1247a68776575df1e1c126ae146597cabc5630a8df9b255bdd7af85faeffd0	text
etc/permissions/handheld_core_hardware.xml	5242	8dbd117a8c9a908a65cb43973d8d40504512c0afa1a220404fb14b1e552bf138	text
etc/permissions/noRil/apq_excluded_telephony_features.xml	986	595375dd683858309fb3f1813524f62a5fa1161a9dea1f770cff81aec2d16129	text
etc/permissions/privapp-permissions-qti-vendor.xml	478	98de914d7aadbbfe5ca1c02fde30c600fa480a1f227acafe3fad53e5794eb28b	text
etc/permissions/qti_fingerprint_interface.xml	359	240799957a71b2da6398ffdf6c4000e73a8447c24e435c64f7c9f923deb9825c	text
etc/permissions/vendor.qti.dcf.xml	282	4ddd2063cf737c1e89abc53f7364e23c4721dabf28200eca5c9966168a96532b	text
etc/permissions/zte_telephony_custom_features.xml	207	46b40bdc891e356c3756c40bb834c78cb21617454dda6cbb79392c6181c1a547	text
etc/pinner_file_list.xml	1359	1ec66d70c891c46d824f1f3951f91ad3af1bb915b6cdd2f71352b60e86e7f7a0	text
etc/powerhint.xml	19149	ee4c2b72a5d15159f59038fdc6e2ec944e784750457465aac50bdc2b75390285	text
etc/props_gen.xml	5969	142a7e5aefae95d65e6025b58140ff7375bd781465ca88c41383625ec2d800ca	text
etc/public.libraries.txt	94	d36c9eba537d5a80c7548c11dfea35999b94eb55f6a62189963016a7f3fcaa9c	text
etc/pwr/GamePowerOptFeature.xml	4774	9f8e7e07102be222693d62c5e4fc195294c69b1ec1ea50a03b3dc0a91d7e5f3c	text
etc/pwr/OffScreenPowerOptFeature.xml	1965	5d53655557e495abe721442d4338578cc1a7cfc20e9ce8536725aa576a2954e9	text
etc/pwr/PSMPowerOptFeature.xml	6238	e301875582ffcc127dfdb9cae1878131e9c7a72afb60694adb3221eddb019224	text
etc/pwr/PowerFeatureConfig.xml	1037	995eb5d4c52ab95e80cf8614647e43b6947c529152d704b35c7cae9ef6bcfc4f	text
etc/pwr/VideoPowerOptFeature.xml	3034	c07c5448710e6fd71acf00d23bf03982855e44945add0ca17edf6c5cd28ca752	text
etc/qcril_database/qcrilNr.db	184320	d1bd72208ab6bada522de31f1c80d2930914205c21c680a70bb1c46cabeb1b4b	binary
etc/qcril_database/upgrade/config/0006.0_config.sql	19928	85ddf74b830961b7c9f2ec3232c0bdfd2b0fc13f3152d77d90baef2520adfc3b	text
etc/qcril_database/upgrade/config/0007.0_config.sql	670	cdb1ad2fe88d70471a4f61eac4063726e80d8a8302bff66d318669fe40bea460	text
etc/qcril_database/upgrade/config/0008.0_config.sql	447	422618e5c09ec3f64aa92056039d32bcd010cbe65a93799a3c98b6ebcdd4fadf	text
etc/qcril_database/upgrade/config/0009.0_config.sql	618	f7a06070821003f5ddeb884be97adc674d85627d8bf631c5ad5b4e0458617363	text
etc/qcril_database/upgrade/config/0010.0_config.sql	716	1898e780c54928e45a7abfbd1ecc736a38fd1d304abe8d7d26ef5ab3562f50e8	text
etc/qcril_database/upgrade/config/0011.0_config.sql	716	1898e780c54928e45a7abfbd1ecc736a38fd1d304abe8d7d26ef5ab3562f50e8	text
etc/qcril_database/upgrade/config/0012.0_config.sql	351	c23455de50f7678b0b5167b364c715d6044c21644c4f38522e3e30eb0e370193	text
etc/qcril_database/upgrade/config/0013.0_config.sql	481	a53ccfb17558ba853497d3c592b83f60c564ddd131134747cdda7cbf6d0ce3f1	text
etc/qcril_database/upgrade/config/0014.0_config.sql	351	901a5f3f36e5b65f9c0a14ebeac98638f4e09d5638861e002e416e874b4b7f61	text
etc/qcril_database/upgrade/config/0015.0_config.sql	351	5c2bb5ef446f8419673f2c115a4b7555936d0ce6b4c92a57ffceb25266f99141	text
etc/qcril_database/upgrade/oem/oem_common_config.sql	614	7a1661f17b147050c7c01f766875c113da7076c492f2f4db4250567d8bd0234e	text
etc/qcril_database/upgrade/other/0000_initial_qcrilnr.sql	76437	01c2bdf2ce4cbb685dfa96ebe7d19d243cbc95c05657a5ac97861d9d12398f1a	text
etc/qcril_database/upgrade/other/0001_version_intro_qcrilnr.sql	650	89b42be5b8bd4d7c23bb714cc57b2039a41c222ebecb54667254c075d741dd18	text
etc/qcril_database/upgrade/other/0002_version_add_wps_config_qcrilnr.sql	439	502f27079b1c65f9e7c9dc8cb251ef80ef06869378c87bb82e36dd80b27dc1d6	text
etc/qcril_database/upgrade/other/0003_version_update_wps_config_qcrilnr.sql	314	dc55bd55dfc592566a8344c2e26d37b4f631194a08644b4964f6ed0968105698	text
etc/qcril_database/upgrade/other/0004_version_update_ecc_table_qcrilnr.sql	4901	ec74976ff106af44d49e6ff3a6d12e63b3f2bbd19bda3acf312f90b149a2a787	text
etc/qcril_database/upgrade/other/0005_version_update_ecc_table_qcrilnr.sql	14228	1dbb5ee3f9292fc3187f19fb6d195c00e835b9d767315179248c29ec3a259c85	text
etc/qcril_database/upgrade/other/0006_version_change_property_table_qcrilnr.sql	382	aac11d6fd236034c9c44c453efce159cbd9dbbb19344bdd718759902e4af671f	text
etc/qcril_database/upgrade/other/0007_version_update_ecc_table_qcrilnr.sql	17023	7a8d15303f29eddc33b12c105083abc1d3f567048899714d1710ffa721384815	text
etc/qcril_database/upgrade/other/0008_version_update_ecc_table.sql	4533	e01cd6adcd745ef28f134ed29baed19ed2eb2d8b43adb2bfbf0da671003ab02e	text
etc/qcril_database/upgrade/other/0009_version_update_ecc_table.sql	380	71919236584cdb999c298cbb197b8574f1571f623500fad7749a2bfa027f7207	text
etc/qcril_database/upgrade/other/0010_version_update_ecc_table.sql	459	e8fbef006faa0343fbc1d6d44687b1d1a202d8a9a6f20d8fe6c6d6eb518d8485	text
etc/qcril_database/upgrade/other/0011_version_update_ecc_table.sql	3961	debfdd027b7b1797bf2860cfcda6416c2d0046fcac17472db87293bc37336829	text
etc/qcril_database/upgrade/other/0012_version_update_ecc_table.sql	2917	7afe477c66ef741b0fda6de25466d420492bbe92cb195e9cf2953f6f2c97213c	text
etc/qcril_database/upgrade/other/0013_version_update_ecc_table.sql	427	8da449eb5435a5cb1fc3e190cfd25fb9032f7cb17e4c1262864534e2bc92a709	text
etc/qcril_database/upgrade/other/0014_version_update_modules.sql	10851	7df070ffe184dcb323da942e0da20800b8bef662ef978a40d11c740d2eb3c246	text
etc/qcril_database/upgrade/other/0015_version_add_iccid_clir_pref_table.sql	269	381d92f7b091e139591857d27db670b7c0e08fd0447e37cffc4d9da099f4a510	text
etc/qguard.json	1563	d8e65d886a92df8dc47cf9ceb602409c10fd8765d822431e834c02998d85628d	text
etc/qspa/nsp_disabled.rc	278	ea6d4a7bbc71e99c4623d12858362e0333313a40fab2eb122fa1a5ecddf8c9b8	text
etc/qvirtmgr-vndr.json	1530	d25ff8567da19b4374dbc8172891fede699c6bd7fea61aedb5e92cdc49163f5d	text
etc/qvr/cfg/519/0/65536/mtpkailua.txt	18116	744d2545db4f63c495b96e76ba19d5a9f6a8fc7f566b3b7dd90093ad9836cc29	text
etc/qvr/cfg/519/0/65536/mtpkailua_6dof_config.xml	591	a38f03a0c23f04fa38eeebc5a4463168e1e48cdd044c05a60beeb5dd60dd46c5	text
etc/qvr/cfg/519/0/65536/mtpkailua_qvr_3dof_tracker_config.txt	918	e3adf901fc23bdcc7ce3e1d4b9d8c74999ff4e4906f2e328550b1e898e45f94a	text
etc/qvr/cfg/557/0/65536/mtplanai.txt	18111	c46d575fbb3146689be74c156eea359a26882a093bb28e0c7405ffa5876d85a7	text
etc/qvr/cfg/557/0/65536/mtplanai_6dof_config.xml	592	55ba8608b6fba62d5ca10ca0f7db4a4c426bb2330532e7fc1b1755c7c3d323b9	text
etc/qvr/cfg/557/0/65536/mtplanai_qvr_3dof_tracker_config.txt	919	dc9515f9566c29392a6e01e1427e66025243d9b2d9a5f2e4d3aba8710991270e	text
etc/qvr/qvr_hid_device_list.txt	30	16b22bf8a738f62c64d4650c5eab2447d9f23117888295e360015f09a05a6385	text
etc/qvr/qvr_usb_device_list.txt	40	477720348ca6a792575c0ad958ea960232450fa67fbeab6f5fb9d1635a0182b2	text
etc/qvr/qvrservice_config.txt	527	b6c16fdcc62f8b516e0a27f848c339e3ba3f6020255b6b699e4ac28e6dc89f13	text
etc/qvr/xrcommconfig.json	4290	0ca64a4fddd28cf9b76df9abcc6dfaf10eeba28696f45c3549757e0edc282ce1	text
etc/r_submix_audio_policy_configuration.xml	2105	44aa04e6a3fe674bf22e1e87fee602ca4d42e701740bf96f0101fe6c3b2abe09	text
etc/recovery-resource.dat	3336914	dbc8646d2f0707993b5b1112986fdcf9884f8c3829e42d972a1e9687ca5878c3	zip/apk/jar
etc/res/images/default/charger/battery_fail.png	1368	a6adc7aaeee6bb1db8ad1dc3d6c2185b166fa106286092d300bfbb0aefae00a2	binary
etc/res/images/default/charger/battery_scale.png	463	7c95e165f9696d9aa61cf5abcb5cbbafd6a00e3ebb50ac20e1fbc533834a8cfe	binary
etc/sap.conf	7725	179bbd81fb37702955e223d76ee2a37aec94672c67be8775ffda285020361255	text
etc/sec_config	13925	913b94d01ab431a259c3daa624610de557302af27a96d0afb0a8498c18b32bea	text
etc/seccomp_policy/atfwd@2.0.policy	1545	ed4f8abfaf93e828759d8783831f4ae90145cf400843071859b224cae4802056	text
etc/seccomp_policy/c2audio.vendor.base-arm.policy	1892	b22e09267f95a0d2b0774fd52127cd673a8e6a34f40d289a4b4d5c1927ecf85a	text
etc/seccomp_policy/c2audio.vendor.base-arm64.policy	1760	28be79c62825cf272b4a25ac52f61f75a5ec4558137814fd334226c0a405e7ff	text
etc/seccomp_policy/c2audio.vendor.ext-arm.policy	1684	618e1e303c6c27cb042d7b3fc5dc7faf642786f5d12ca506a51d9555e2da6741	text
etc/seccomp_policy/c2audio.vendor.ext-arm64.policy	1684	618e1e303c6c27cb042d7b3fc5dc7faf642786f5d12ca506a51d9555e2da6741	text
etc/seccomp_policy/c2pa_network.policy	864	9a4f11135475df1f5b37613d94c288f9e85d3f904ea7ce431b49fc517455f0e5	text
etc/seccomp_policy/codec2.vendor.base-arm64.policy	1995	c6d8296c0daafc2f1b53fa01a45046e3a18799ec7357dc26f2f980356c25401b	text
etc/seccomp_policy/codec2.vendor.ext-arm64.policy	255	b7802c06ac68faf2574347360d6a8d24f6ef1ee4ebe3cc0eb0dece79729e9453	text
etc/seccomp_policy/gnss@2.0-base.policy	3314	cba0c06a2e77f73734d193c071ac0b12b3664f47b4b050b7b237383dd02da706	text
etc/seccomp_policy/gnss@2.0-edgnss-daemon.policy	984	6b9f68a293799cac12c0eaa61f29c3d670349256042c2380c4761da94210ad3e	text
etc/seccomp_policy/gnss@2.0-qsap-location.policy	132	4da9361e974904ca160664337fab7ebd482a9a47f08815ec04e156fe15c75e07	text
etc/seccomp_policy/gnss@2.0-xtra-daemon.policy	1928	a59667ac77bbf8e7f9432fa88096ae0ccc39c75d8477abc2c3882fa8a60b19b2	text
etc/seccomp_policy/gnss@2.0-xtwifi-client.policy	2265	f57af5c92de42f2651b2543ef2ad82f984249f55151722103b56a56be2bc3b46	text
etc/seccomp_policy/imsrtp.policy	2000	fdabbb99a2fed463854c409a78c337a8d39c6156d5f9e64fbebb537e5e23ab0a	text
etc/seccomp_policy/qcrilnr@2.0.policy	2060	0b8736376e174db601e2d628df7884d2dccdb2589e059857e5b3e38a13a02626	text
etc/seccomp_policy/qesdk.policy	1873	92d82eebd5d5701faf782089b6e1507a9406156fc4fa8a56becfd4ebc3c76ce2	text
etc/seccomp_policy/qesdksec.policy	1548	75a2eac23f4475e6da6bcd7c1e6dadc867f43b43331a8d0d6d8d25164299a206	text
etc/seccomp_policy/qms.policy	1444	61937c5210b4baf0b34fb0311e12ca19af237b50bef7fce0066733d2793e17e0	text
etc/seccomp_policy/qsap_dcfd.policy	1553	2297377603cafd11d378df96827d9e56c8c9fc7011a84446b619d1ba717ad9a3	text
etc/seccomp_policy/qsap_qapeservice.policy	1473	59053f383d0d5bbedd4945bf31c381b2f6b9da21ac6b946e1fa0f8a0a90e2a00	text
etc/seccomp_policy/qsap_sensors.policy	1697	1f8b20272ed9cf100b3213fe9d18457943f482e41e223ad0cad663f2d7445bf3	text
etc/seccomp_policy/qsap_voiceui.policy	1455	2702fc5d57e191fdc54d17e3b6b15e23b7379fed93e1df27376922f322362822	text
etc/seccomp_policy/qspm.policy	1585	a74a81261d2b1dc0b5f013d01508a82571c0bbd8b52f1bcea082737d47444bc9	text
etc/seccomp_policy/qti-systemd.policy	1846	aeb5cb5d616ae8a21d61f7fd1a9460d7fe804245c3d7624d8b8426ad45d9d397	text
etc/seccomp_policy/qvr@2.0.policy	1415	fbb5b0387ec2fa52fc502005062c53bd178faf27d6e18e56f1d7fc442e12a616	text
etc/seccomp_policy/qwesd@2.0.policy	1572	76838821ac88aa88d3d96b7e5ce24dadbbd723c5023fc5196ffeba89c7dae64d	text
etc/seccomp_policy/sxr@2.0.policy	960	0c219c242923d9e09a063ef463349a80de1e86d73ec5a7803d48c28be5e3608f	text
etc/seccomp_policy/syshealthmon.policy	1630	e43e6f2fc24006ed149602be721e1dd3c41efa7209a288bed0223bb26fde9689	text
etc/seccomp_policy/vendor.qti.hardware.dsp.policy	1561	87a2ee2bc1cc3269191a0eccae105e9afb40abd2681238409bef57866c2f27fd	text
etc/seccomp_policy/wfdhdcphalservice.policy	1593	6546c948a6197890037457ffaa8a087235cc12ee989e15b44bce6c32be4faa18	text
etc/seccomp_policy/wfdvndservice.policy	1787	e3b25b1040ece4723effcb488498b8253907f92cdc6ea699851c9ebba8849390	text
etc/seccomp_policy/wifidisplayhalservice.policy	1990	5a72b965b724bf1585b3abee115a7918bd7942790313af328528c760d50fa5da	text
etc/seccomp_policy/xrcommhald@2.0.policy	294	17f0e4256c09b178533f89b9399567cf2d1ca53b8dd7c80f1cf5eded259085f3	text
etc/selinux/plat_pub_versioned.cil	387135	35958c357f7e106ae6bbcc35ba9b2806fee20e19589036a2ce3eebea1f234c6d	text
etc/selinux/plat_sepolicy_vers.txt	7	eeca818079e5046c4dac8c144e375a211c660816162dff7596765a5b06427050	text
etc/selinux/selinux_denial_metadata	0	e3b0c44298fc1c149afbf4c8996fb92427ae41e4649b934ca495991b7852b855	text
etc/selinux/vendor_file_contexts	150203	65d0c5e3481032ea1587e5791fbfcfbc11240764b49ffed0a59cf14663e5d6cc	text
etc/selinux/vendor_hwservice_contexts	9837	0d9271c72457f657c9b2b69a0a62518d1bc4696efcb22c145a1b8d9426624547	text
etc/selinux/vendor_keystore2_key_contexts	1066	daebbf8eb68854c88658e754a7b5cbd5356ba7487b79012cb9ac4595923a2c10	text
etc/selinux/vendor_mac_permissions.xml	2215	0cfab7e33bd78a00650175453cfc08f6a492413753d0ba4a503a90a07e1930db	text
etc/selinux/vendor_property_contexts	31815	472b491b8c0876ac3db9dbaa5a1887d2bbd37dda1a3b83d1e4e58c956e2decef	text
etc/selinux/vendor_seapp_contexts	1731	2a9c09f172fd5c53dfcc8c1c9a4ffb28d8afec3a73026c7af84a467723c2f85e	text
etc/selinux/vendor_sepolicy.cil	1689141	c3a6ba0accb48fdf5153e2a65283121d2e04e65781b5486ba7d4fa680f737705	text
etc/selinux/vendor_service_contexts	15017	4f2498d69e994a4cd212a7b99f03c5b6a38855a39ee26a216cb2ce333cb0ea02	text
etc/selinux/vndservice_contexts	7857	c77974e16c266cf8b4b15b17819faf8c684de778b1d68c8ad9742b56bfc8d850	text
etc/sensors/config/json.lst	1818	9ee4df4576d63e4c08bb06dbd785a58e66c15700e6347fb62a4cd656070ab377	text
etc/sensors/config/pakala_ak991x_0.json	3201	b3aeafa9e32af58e52c7134b7ad8e52d7aae23003e239a6d6afa028325e86932	text
etc/sensors/config/pakala_akmlib.json	3113	a3cec89890612a0a94a92762e604c1bd7a3289b8e94d5ea86f8254f9cc599d7b	text
etc/sensors/config/pakala_aw96103_0_sar_register_a.json	8802	bf9fbd2be1184246c5aef74b1c221685cad59cddfe4426b6a79ad655e0a0c34b	text
etc/sensors/config/pakala_aw96103_0_sar_register_b.json	8579	a1cc8c51ff005f96bed0aa93ffac39d33967d3afb7c21bd61436875065eac1bb	text
etc/sensors/config/pakala_aw96103_0_sar_register_c.json	2783	20522f40cb5ba367dc0cec505f2e1a3a2420a890e06d6267e53c76fef2f30da5	text
etc/sensors/config/pakala_aw96103_1_sar_register_a.json	8802	8e27c2f15163cef93a0712491474bb73984fbffda08e5691c8978840ae54726d	text
etc/sensors/config/pakala_aw96103_1_sar_register_b.json	8579	2ecfe58a32f05b6850834dfff8a2dd53a9b2c572d9c2b3d389219a5de9dad62e	text
etc/sensors/config/pakala_aw96103_1_sar_register_c.json	2783	df155905ba55712c5f8c6434b2f0171281e147b8365e930b11beb58fce35a1cf	text
etc/sensors/config/pakala_aw9610x_0.json	4124	5c968574dbef9c9f905e4b8695b3dc23536090cc34dcac6e86e80277203ec132	text
etc/sensors/config/pakala_aw9610x_1.json	4124	bef27bdbb919e4f08203dba3ce47986c709316314cd5e5decfd5da3a98330b64	text
etc/sensors/config/pakala_bmi26x_0.json	9533	bbf14be1547da82677f3ccfe028e3872406a1fd572a68f612f83aaffefcd66fd	text
etc/sensors/config/pakala_default_sensors.json	5906	debbb99073ea19cf54f66fe2a9bca6c46540959ac1a239c5bb067827a9558631	text
etc/sensors/config/pakala_dynamic_sensors.json	521	8959b586a615a54c677503afd04d3078eee1fcb42843092443c8f3a7b8e0c051	text
etc/sensors/config/pakala_dynamic_sensors_template.json	556	a248f6aebb52f1e08311a1150449b72040dbd2697e33e99bf6b4dbdbf5bddc60	text
etc/sensors/config/pakala_fcal_ak991x_0.json	2642	cb677cdfaee70d72bb5f1bc48f0d83d2ec104b8351cd210311f414b6681c3999	text
etc/sensors/config/pakala_irq.json	151	9b5fb24566a631d121d7f56a1d9d6db82a3a1810564e75659f2768cf66d2ae5f	text
etc/sensors/config/pakala_mtp_ak991x_0.json	430	4b65aa715e6d287a46307d7418797a41da49e8d6da949082b6c042bc6bfefd5a	text
etc/sensors/config/pakala_power_0.json	287	64b43b3ffd436d3e21e08af8cd806e34079a6fdcaeed218eeffafa56c16b9982	text
etc/sensors/config/pakala_qrd_default_sensors.json	5885	fed580a2f755712f56318680aefab378c2b81c4e0e0094e0156e2c0ed6445177	text
etc/sensors/config/pakala_qsh_ble_0.json	232	d97b56b1367d9743090f99217bad8bd30126e50f49c2e71d5b3e748ce6844fed	text
etc/sensors/config/pakala_stk3a7x_0.json	4959	52e26daad8c054a45de820499f54c3606e5bb938f8badc48bf242460969283e0	text
etc/sensors/config/pakala_stk50153_0.json	10161	338aaaf971b4541efc0e4acb12e5ac58565eb264680e3ca2971cee96121a6ca2	text
etc/sensors/config/pakala_stk5x15x_0.json	10160	3ef78f098c5253591d54fc3f6feb9a0476af75312703efccfe515b382aafef68	text
etc/sensors/config/qsh_ble.json	1069	bc48e6722207b3406450d97f5491bf9ca2a362439a3c29b339e2e914b5aff193	text
etc/sensors/config/qsh_camera_common.json	11059	12426c43e53914a05405d1d8d4789544e4cfef402a3cfa06e7c788e6634e03b2	text
etc/sensors/config/qsh_camera_imx688_6.json	20147	91f5a973311752440ee20ea52b4f8cc62a3c32201734c02d4c600e6d41b7d2a1	text
etc/sensors/config/qsh_camera_imx688_6_actuator.json	1876	8f9a0454380ad19f5b37d43ba7f80ae0d43a17f64c3833c78fa79880303617d8	text
etc/sensors/config/qsh_camera_ov32c4c_4.json	22774	c646cd8b741ed2ccade7276e02e4284d0e1a3c2e45f43d2ea4a1e231cb1f2cc5	text
etc/sensors/config/sns_amd.json	449	b6d0e7111bc7b904487d715fafc145c259d987d80089b32a1a3a40c8ece4b30c	text
etc/sensors/config/sns_amd_sw_enabled.json	485	b5b5264c13b4de58449cc8210a7fbf5a53f291233b7311827d4a9448408b69af	text
etc/sensors/config/sns_aont.json	141	e5351978635f9346f2ba934dc18f7fc5f216916a072164414dfe26cf24e07399	text
etc/sensors/config/sns_basic_gestures.json	1157	478bd4437ba90b8490b2a612564251ccad6c4a86311ea9ed6b66ad02a635d80c	text
etc/sensors/config/sns_bring_to_ear.json	1163	525793f1220361d7b1349519fa5f4534c34ded8436d2ecb5c4e5d99208ebd12b	text
etc/sensors/config/sns_ccd_v1_0_amd.json	321	f52ddbaa10ab603be86441e2f27745fbf50f80898e864741b2e069a4dbf3bb39	text
etc/sensors/config/sns_ccd_v1_0_ttw.json	6124	1fa8402e133dcbe9827f0a8656e0f585cc9a4961d4dd0002ddc15b4a0d162216	text
etc/sensors/config/sns_ccd_v2_0_walk.json	449	f89666b28aacc8b0cc54168b977e51ec60286d1c1a521a1db7d845506997af7a	text
etc/sensors/config/sns_ccd_v3_0_walk.json	1229	af9dbd52ab89f95a839d46a98059fd11bc11e5681095984dbfcbd41e693c7bf0	text
etc/sensors/config/sns_ccd_v3_1_walk.json	1260	31dbff172a5f4ddac1955a09ebb9c4fb0fe2603b76aff7431a8ff175c7cbee58	text
etc/sensors/config/sns_ccd_v4_0_sensors.json	1099	fe90070e5cd6ea230d54570a873653686c2925871cc64a45bcd1a89a351f1db7	text
etc/sensors/config/sns_ccd_v4_0_te_cd_regs.json	1617	4969c5386dae12ddb076a4630703720fe346a3ccea62671b6e00e5b995fd9918	text
etc/sensors/config/sns_ccd_v5_0.json	1620	1f0be7462ca95f8fe2f9f0d1690c920a23e0efd6e0d0da89a93686e0581049b3	text
etc/sensors/config/sns_ccd_v5_0_te_cd_regs.json	1985	e56a8731457b1f905de8f33437f7c60f84e88427ae2c06c0b25a28bdb921a26e	text
etc/sensors/config/sns_ccd_v5_1_te_cd_regs.json	3079	eee9efabdbb2fe49ab51c1cf29c843ce15433763361e99a77329da4132b22bc4	text
etc/sensors/config/sns_ccd_v6_0.json	3193	d1d9bcf06dd221bd978d20ca460e0c1ae7eed9edbddb597c5855945750388948	text
etc/sensors/config/sns_ccd_v6_0_sensors.json	5906	fd026f7c95d42d812ebb9f8e772e59fa3d1a55e069b3f1215405703a299b261e	text
etc/sensors/config/sns_ccd_v6_0_te_cd_regs.json	18488	21b3763ebf97f95d184c6b9aa91dc8557d698163460724a134de0362d53c47df	text
etc/sensors/config/sns_cm.json	439	233214f8073c2798ce21cca4c3c89433ced58514241ec285a386907f7c50d155	text
etc/sensors/config/sns_dae.json	858	396c8d2fd605dd891c38d0cbff40674a2c0b9c1b1a48604bfc08461e4239d0c8	text
etc/sensors/config/sns_device_orient.json	895	79c02e7883f47fae9b1b300ab25b671c9da6e1d1ca136a418e335004fd0d706d	text
etc/sensors/config/sns_diag_filter.json	6781	b6d9190a05854fbf4c881a39fd2ac5b45112e33249dd615758a1d1b38b2d8c96	text
etc/sensors/config/sns_direct_channel.json	164	4a6c1821edfb7b449edef4bf077f35920579f22af903d6512a4f858b364b33f6	text
etc/sensors/config/sns_distance_bound.json	826	45c47dc211b399abe842ec3886f80f7b5238c8bae56e930f178a3f9307b26e8a	text
etc/sensors/config/sns_dpc.json	614	a1b3a07e7fda1b75a9015f0af99d9b1d3e36b92fb2fb1d49b1467f00cec773f5	text
etc/sensors/config/sns_facing.json	856	bb07b3f3eb475ed9cd39376ea07a8331780fee4150d34bd90cb0b5ef9a6b4e30	text
etc/sensors/config/sns_flight_md.json	566	02d7d941807667da63a60dded1fa3d51e7028d6a0234cc8080f30c5898803375	text
etc/sensors/config/sns_fmv.json	1384	c16e0a51bab6f5ba4f2c81b90fd3008dc8d50c4a23f26e4167d491710cbe2b4d	text
etc/sensors/config/sns_fmv_legacy.json	1583	6453974dac7abc5fbcbc4b2c440610622af51006466ba5642cddcd07eb4f9df0	text
etc/sensors/config/sns_gyro_cal.json	592	bf293745d18f9bec10d3875faea7dddf48752bd0435a187234b09d5601c9affb	text
etc/sensors/config/sns_heart_rate.json	3593	05cb7058ab63d2c8a35ae653fbc86041902d39bea94fe782cc7f9616fba60abb	text
etc/sensors/config/sns_mag_cal.json	363	6a2c6118b9b55e2e1aaec4074a7527f4f7686e0035544ef1f69418623236ccdf	text
etc/sensors/config/sns_mag_cal_legacy.json	313	5963da9915cd35aa4f66a639bd0fdda24fb8f53c781557514d8d8a363058e8b3	text
etc/sensors/config/sns_multishake.json	862	0c46f27bbdd0990839d5ca91f5423cd53d1fd37e50bcfd5e91c00d21f543eaab	text
etc/sensors/config/sns_offbody_detect_phone.json	173	22c2fe309e4cf8e30931a70d96f9db3ea6b1c133fc73e58d156dd7688b3ce11f	text
etc/sensors/config/sns_pedometer.json	762	3c95959918b53aa86e970581934c59c4b1001b4a81fc1c2ef086cafdbef6c20b	text
etc/sensors/config/sns_psd_disable.json	267	2c35721dc152e6067f212bd95ef296d85f00f85c6a16fb3e69a327d237b5922a	text
etc/sensors/config/sns_psd_enable.json	270	4aa153e7112611ca6d98c1b03e615590e3a279dddfb8562f9790af1e20f524b4	text
etc/sensors/config/sns_rmd.json	540	eb59d76ccbcfa9337d8ebc5ec82c03073b055c0dee0e27733d2b5ce267937847	text
etc/sensors/config/sns_rotv.json	497	84f7365262b8e50f404e2323a47e007420b6e03fc2dd6e6c0af4df78fc5d707e	text
etc/sensors/config/sns_smd.json	998	1172564d67a74238a19b3db21984baac4ffcc5da0ae2b02f150dfcb1fc2a950f	text
etc/sensors/config/sns_tilt.json	487	aee4d7caac97470a2a227295d0d8b4d6c295d428e08e4d51299e4605ff4db617	text
etc/sensors/config/sns_tilt_sw_enabled.json	452	54f1560d80ce22dbc06fbc34ff16fea186bfc7edb33a7300567c553717998105	text
etc/sensors/config/sns_tilt_to_wake.json	1265	b93a1dca32d9a6c4191a4c54fcc018cb9707efa018210ec40fe84cb0af8aa2f1	text
etc/sensors/config/sns_transport_ppe.json	432	66f86daab35c70d5675adae5070bf4ca64cfc0d067b55807faf02b5068fbf914	text
etc/sensors/config/sns_wrist_pedo.json	653	96f7e5b4bfc7800b6b347736bd529a49d941b3e2f6c0dbf49f5412dd5f1eba98	text
etc/sensors/hals.conf	15	cc212c26215c9a282fc068a481d4f2ed42881f80c721109e731b3c65fcc5a020	text
etc/sensors/sns_reg_config	271	aa5a65b0166da8f7796c222213e2cb4d067bf2be6cb27dede47ba9fdd8f41590	text
etc/smartpa_calibration_config.xml	177	b737197e8ac8aac4761a6d17569785fc2011517c0dfa74a743d9da719325f412	text
etc/smomo_setting.xml	2967	1ba18fa89d67600f3ffb0f712f4016be43033540e60966ed9c66f46bbc418cce	text
etc/snapdragon_color_libs_config.xml	1918	989dbf88a79047cfd5ab109c97830307e84eebe2706a0f04036493af1209cd57	text
etc/ssg/c2pa_enroll_config.json	190	530c8107acaf53dfabd6e928b17ebe9bac01926fba6fe8ccd54f3e93a86fb7c5	text
etc/ssg/c2pa_network_config.json	365	0bc216545f061d6d32895d85e6d4077a77878154b093dfc7ebc8c613bb036c4d	text
etc/ssg/ta_config.json	1207	484f4fffd7df268110d6ade96659274c72dd6bdb046d463471994b0e0213f309	text
etc/ssg/tz_whitelist.json	1445	15b3859f93cb85341d9a9e5fd957732d2543e8a1e46b16bd5be04465369aeb9c	text
etc/st54l_conf.txt	43037	6c56126295df15b5a1b0b20082fc72911e529b482cf9ad62a21b717bd567229e	text
etc/stub_audio_policy_configuration.xml	1708	164b257372c76a4f817ab9bf5fd5ce84047ecb38cc957f21aa20058be269b159	text
etc/sysconfig/oem-defined-uids.xml	922	ebe97bbc1306d3a3e270bd39c1942ebaaa9dc2b81f0b94964782cbcf0e32297d	text
etc/telephony_packages.xml	4994	08817fcdde97e0ecb6ae2eebf04e422ad0f9f43f356e0250a2e38cf8863a307a	text
etc/thermal-engine.conf	3173	4193a0010f0a51bccebfa82e2d22648128b7cc23255b91aa83878b7fc80cdbe4	text
etc/ueventd.rc	34727	764f2ef973609c2c5b0f38afce69d532b79cbc300d0134a93b99ea720534edfd	text
etc/usb_audio_policy_configuration.xml	2237	13f6bfaa10b9e77974b0e250fb59e4f583ce0a623766c8cfce1451c96f37afde	text
etc/usecaseKvManager.xml	94747	e75310340337eb55b571c0a0360d8b7e3cd13109af73f208747becabbc21393e	text
etc/vintf/compatibility_matrix.xml	645	eabd5f129e76820eb030ecd11aaada8bddca512c670935aacbec405bdd672851	text
etc/vintf/manifest/ImsRtpService-aidl.xml	302	ab2661cdaed0cb557357ecb6a42c13103a39dc8efaf42f534a17714b02457ef1	text
etc/vintf/manifest/android.hardware.drm-service.clearkey.xml	293	287c7bb198db160e2f2f43f2ad8e252e45994232b9e49defeb7f435de00592e0	text
etc/vintf/manifest/android.hardware.drm-service.xml	1751	18afb08137f762a95e864925f6c1192910f0b4e8c40666747be04e11848bc515	text
etc/vintf/manifest/android.hardware.gnss-aidl-service-qti.xml	304	49719713401b5ab08b673d578b4770b80901e8f2038cb14d3af00ba0c7ec18df	text
etc/vintf/manifest/android.hardware.health-service.qti.xml	309	7114ad85b010f8f8b89fcc0685dd3671806f74d8db1bbd3111b61f8d6006b367	text
etc/vintf/manifest/android.hardware.ir-service.xml	268	7a26b0d1873ec7033fcf9ec309b181634bcabcf438ca02d0244ebd2c353dfff3	text
etc/vintf/manifest/android.hardware.radio.config.xml	317	22b751b535a0150b71cc41e7fba627bbc0cd7a6878d25e7296a473a6e97dba83	text
etc/vintf/manifest/android.hardware.radio.data.xml	347	15d8092b8ea40f2a6d090bf8315ad786e922376876d91859ee5a1250a3fbfe8d	text
etc/vintf/manifest/android.hardware.radio.messaging.xml	371	2ea6c4920c468946d91fb6ffe23c7a2f18425adcbd4a49ddcdc1627d1402b52f	text
etc/vintf/manifest/android.hardware.radio.modem.xml	355	458f635b926059b6f627adf4111163c6447606ed988a3f11ef26b06da3f78b6f	text
etc/vintf/manifest/android.hardware.radio.network.xml	363	fa6e0abc687f1dec3c3ccb83d84afcf9fee0374cfe33f7846295bd27005fd3bb	text
etc/vintf/manifest/android.hardware.radio.sap.xml	308	1847883235ec33f16b0ae29e2232e3c35b608e9e9bd840b1a8df23e49146c8fb	text
etc/vintf/manifest/android.hardware.radio.sim.xml	347	f61394cfd6b0bba61027c7bc9a4ea22055c31f126dadb8e476c1be15af8662dd	text
etc/vintf/manifest/android.hardware.radio.voice.xml	355	deef57b3da32a506b50b3e051e5ec1c0addce5cc21e6b37619b6efbd0932d7cc	text
etc/vintf/manifest/android.hardware.secure_element.xml	336	fef49a1a384a48bebacb742a3ac876c0ed760883e76585debe72c3733b419c7e	text
etc/vintf/manifest/android.hardware.security.keymint-service-qti.xml	810	229835b6b669a1c69e4ccc6e7761065189e04d3f4607fcf3178197055746056f	text
etc/vintf/manifest/android.hardware.sensors-multihal.xml	311	d040fb8ed59b6350ef0736d1bd6d8d049c941cdb4c7682e9f5b0cea015d9126d	text
etc/vintf/manifest/android.hardware.thermal-service.qti.xml	307	f1c4ab662ee69467e75f11ac453b140b55234f38c76b4723c1d8b817fbda0505	text
etc/vintf/manifest/android.hardware.usb-service.qti.xml	262	b45bd76d45c1e5828314700a388da1ad40b16ec8ee2af0d1e19507c7991ff407	text
etc/vintf/manifest/android.hardware.wifi-service.xml	297	1c592fd27344b89d99169e97ba823eb75b5ad68b782863c6af5702c532bd84b8	text
etc/vintf/manifest/android.hardware.wifi.hostapd.xml	304	3db5f093c7327e2fdb8ac96622814c5e1d4fdd68e0a1f398b6d971c90189534f	text
etc/vintf/manifest/android.hardware.wifi.supplicant.xml	468	115715e34a2d94fe4e9af68f9070adf95f2303039d852cfb24e8bd7d886d763d	text
etc/vintf/manifest/atfwd-saidl.xml	277	657aa0ed536c4c3d124df6488715e857f6cc508adc30e0ee435d844d44a98ca2	text
etc/vintf/manifest/audioeffectservice_qti.xml	320	81a9b7edd284a0ac4ec8129fc7e77d3e413381bfc1ac2121121e0b6abe99d1aa	text
etc/vintf/manifest/bluetooth-finder.xml	304	ef3640c2aa0b2fe021cd1d0e96aff15ca1edf80c21479c617232333e9df7c1d6	text
etc/vintf/manifest/bluetooth_audio.xml	348	af5befd5d9afa99ec23a51874f1b89082c8a318281478e567fc72f47248cdacd	text
etc/vintf/manifest/bluetooth_hci.xml	292	e9b71a1deff00d11c271352029997d19837720248314f7c54a4a01591feb2d4d	text
etc/vintf/manifest/bluetooth_sar.xml	310	393e24fd521a31bb6c4abb59078ed16e8b1e9b56e87379c3ac8b9ea9812465d0	text
etc/vintf/manifest/boot-service.qti.xml	252	93b5e4a57557f16420107605dc93620fae2f2026cc84e31f3de093a38f791a1c	text
etc/vintf/manifest/bt_lmp_event-saidl.xml	316	25678184c672705a59465c07d4087dd52702f4a7e4484bb6b82853596b6dc3b1	text
etc/vintf/manifest/bttpi-saidl.xml	309	aa04dec09a66a47f3e0b59d6e60302a61a7d5442ec54ffff68c519f8f62028bf	text
etc/vintf/manifest/c2_manifest_vendor.xml	290	bafc0b0ee930962f4053a4423b3fcc37a542da193180a90932d37df6b5b0f2ad	text
etc/vintf/manifest/c2_manifest_vendor_audio.xml	292	06e026f9ce9299c5971f05a3abae1dd0512c2369ee313c9f29aabb1d7c3601f8	text
etc/vintf/manifest/cacert-saidl.xml	296	d61a1b1a0d54fd3a940f4d10c2e9a164446d2814393b4c82b4c056a42672d551	text
etc/vintf/manifest/dataconnection-saidl.xml	322	85067fab7f073fe38edc75a7c23c7a3bf873bd34666fe0dca9ef71f2980319a3	text
etc/vintf/manifest/datafactoryservice-saidl.xml	287	4a0f8d3e6d7796c34e5b9ca805d1d4413e8648fe95a6def053edc0e72fbb1950	text
etc/vintf/manifest/deviceinfo-saidl.xml	303	13de6725a0a2ba7375e8280904eb5c1cb32d5c49a6809d54cb1dc2f01934a135	text
etc/vintf/manifest/dpm-saidl.xml	278	01efdb19e51edf82c800615eb3a5f21edd21a578bb8e9b1c277560702735156b	text
etc/vintf/manifest/fingerprint-aidl.xml	325	0c5571eb489c047f374999443f73f6de2cd8ea3c185f8309a77e7744f66d359e	text
etc/vintf/manifest/fm_hci.xml	274	29ad698974ef2cde7a08e835e1340745b8332d040abcc8253e2081eff836eb47	text
etc/vintf/manifest/imsdcservice-saidl.xml	346	65877e047f269a864cdd1e369b1eae9387be661c2f81bb81073ca6a19210ba11	text
etc/vintf/manifest/manifest_audiocorehal_default.xml	783	ecfbdbfba6b45c84796e6056c93698c22bd3370c69552174ca2207a2031d1104	text
etc/vintf/manifest/manifest_btaudiocoreservices_qti.xml	329	1faafff9a89f57c9a5f9cab59c2a549eecdcee2ad6b4f07ec34f049cbc452e0f	text
etc/vintf/manifest/manifest_identity_credential.xml	363	e6779de9903f9f4f304fcf3f4fca07af56b70bd1e989c64195842b6ded677304	text
etc/vintf/manifest/manifest_non_qmaa.xml	556	665c6c861fbb4b6c12286838ed1985d0eca878cc82cb088d00f5b6c5e3d08b96	text
etc/vintf/manifest/manifest_non_qmaa_extn.xml	329	727d82e950825cca3bd1bef966dd7fefab33cc1377bdd096bf6217765e05ad56	text
etc/vintf/manifest/mapper.qti.xml	223	988fd371bca5833d274627843cdd0c7f63af7f9207132b38df1e0152da22483c	text
etc/vintf/manifest/memtrack_qti.xml	256	b43081368cf973b538d5a94db7a0ef61107cca58fe8debc0a3633796d7508a1b	text
etc/vintf/manifest/mwqem-saidl.xml	300	dc61fc124b5583258f03c0e82229cae2ec4e181b83c361bab30985e77f0e818c	text
etc/vintf/manifest/nfc-service-aidl.xml	280	e4eaf3b7df33de8ca81e061318e843067a0c05506494c6f8d949884c9503c9f1	text
etc/vintf/manifest/power.xml	266	46be10f79ff0b5dfed5602eed883a9951a47d8d2d4e097ef93e9362539b4ace4	text
etc/vintf/manifest/qasr_vintf.xml	252	f699babaee366dbebdf6e54ad5dbb716f0d570cf53af1c70d3b0274ea3180230	text
etc/vintf/manifest/qcrilhook-saidl.xml	330	5e927d5d6257e102da967e50ce4467de940acc9c566767a1bb8b18514533646a	text
etc/vintf/manifest/qesdk-manager.xml	298	0d6988ebd029a7be705bd487d9f817da02d95f7dcfa6cff4fe3916c90b70f993	text
etc/vintf/manifest/qms-saidl.xml	557	c9004b4e16a2800184367e326a7d1bf3b25ba3cd6a4e2d75ec2795335a2469e0	text
etc/vintf/manifest/qtiradio-saidl.xml	360	694dd3e1afd481fb54919d94ee858a16f378bb7a0625f49b865cac6f23f32abc	text
etc/vintf/manifest/snapdragon_services.xml	298	a9aa6be536d7da97fa71774d2cfce33cde3c7720be4087ccf395a4d2443f4470	text
etc/vintf/manifest/soundtrigger.qti.xml	284	ee90b3c8d28da16e0527b4645b29a6bb6269efa93aff0abc880b9fd375351c06	text
etc/vintf/manifest/vendor-ldd-zte.xml	296	c7fb9779c97c5f514111f67dcf02d3d9219e32c9ddb09c6606360e83ac6c735d	text
etc/vintf/manifest/vendor.btaudio_intermediate.btaudiointeraidl-service.xml	340	5fc422e918d5c0661d800f38f97ee76c2db8916d432a891f2850cdc86f735ce2	text
etc/vintf/manifest/vendor.qti.MemHal.xml	257	f12156af2751b98042586399f8dedb2d7993ab27487c29ef56835a1a4f8d7b0e	text
etc/vintf/manifest/vendor.qti.camera.aon-impl.xml	322	c348df04c5d0c4528a774897fb02fb5856b39e12345c11e62523473f8921f86e	text
etc/vintf/manifest/vendor.qti.camera.offlinecamera-impl.xml	464	9ad58ccad9c093acda3c787e54ea4981edfc1211684fc1cd8bc133a1336523b0	text
etc/vintf/manifest/vendor.qti.camera.provider.xml	338	5d3827c217c53833fd91111ff7c11970e0daba7c17f9d36fe6304cc7ab730e89	text
etc/vintf/manifest/vendor.qti.camera.transfer.xml	306	5443af2461826d93652c80df73ca61695add932d2ad65435479046739876bd74	text
etc/vintf/manifest/vendor.qti.diag.hal.service.xml	261	7641b3d06884b08d6ec3f3014c9e6cdeb4b44dd534761a10dc5fbe95fe29eac8	text
etc/vintf/manifest/vendor.qti.gnss-service.xml	300	4da81aa17972fa584574198e6de1e1e7c270af85a238dad32a65d02f9659e5a7	text
etc/vintf/manifest/vendor.qti.hardware.alarm.xml	287	0d6ef8f085ce1c6e852c3237b8cea21dc769f173c9912ea0409cc7ffa723c209	text
etc/vintf/manifest/vendor.qti.hardware.bluetooth.xpanprovider.xml	325	7b18445a6c5d2442f57a5c15a8b4a641162d04738c094f3c1706093726a3c9a2	text
etc/vintf/manifest/vendor.qti.hardware.c2pa-aidl-service.xml	305	c0efed3350ca43b1163574c4dadd396c4b62e79b5d9e69f3ecc1462480e492b4	text
etc/vintf/manifest/vendor.qti.hardware.capabilityconfigstore-service.xml	323	5277aa632602bf1f2b85817ce9580d3bb211da276f1d26cae6db972b207a6ed5	text
etc/vintf/manifest/vendor.qti.hardware.data.connectionaidl.xml	352	b0ed8ced033aa7a552add259978bd41485cc66e54255b18cbcf709d538b3cb4f	text
etc/vintf/manifest/vendor.qti.hardware.data.iwlandata.xml	353	d4e2c735372dc9288e140113a8e2714d592bcfc33eb714f3232bd755fd293e31	text
etc/vintf/manifest/vendor.qti.hardware.display.allocator-service.xml	324	9195710bbcb28ca7576e154d7efbd02237f4895ad4721195942ddc3ba77c860b	text
etc/vintf/manifest/vendor.qti.hardware.display.composer-service3_v3.xml	940	945781118720014dfa68f8ed2a891b53b968fe1ac00ef749281ec5dc18de7158	text
etc/vintf/manifest/vendor.qti.hardware.display.demura-service.xml	303	42b4e1e6a2a5c7a60cfc4ef7fac563a33c17b6f6f60c84a6215185f584a96978	text
etc/vintf/manifest/vendor.qti.hardware.dsp-service.xml	283	d131269fa3fa6ef2cd3ffbad03590578694fe3a05f5f5fa49217fef28c67a066	text
etc/vintf/manifest/vendor.qti.hardware.embmssl.xml	330	c33d1b11a15a8238ab1414214f26e646ed2a375146199ed87aa40785c4b48d1d	text
etc/vintf/manifest/vendor.qti.hardware.hexlp-service.xml	312	bdec4918ae55e246be94ecf7f19319e3086f939c70ee9f06b384a13fab1a46a9	text
etc/vintf/manifest/vendor.qti.hardware.lights.service.xml	297	6cc3ac211ef4c3563514eb30b3023bdac7f2f3a445b6084797e6ab18da1bc02a	text
etc/vintf/manifest/vendor.qti.hardware.minkipcbinder-service.xml	332	7a332268a9a03881247c55a2e41c17527a41dc87ba482bc74127b2f3ac8b399b	text
etc/vintf/manifest/vendor.qti.hardware.perf2.xml	283	75cc630c5d4988827de28d3445acf6aa060320d4ce59fefff3c83f9ecb797df3	text
etc/vintf/manifest/vendor.qti.hardware.power.powermodule.xml	313	49f95d27b5f69341d6b7e8424c1b69fb55658054829ee2542ddbcba39fb76256	text
etc/vintf/manifest/vendor.qti.hardware.qconfig-service.xml	314	9b6c262a96e4ee557e00fc734e9387e789c227ac3a43c324e0ae6b307925681d	text
etc/vintf/manifest/vendor.qti.hardware.qseecom@1.0-service.xml	317	ce630e28763ed153e6ec125867f823541d97ecf8760a222ce1092bf6c1b35a28	text
etc/vintf/manifest/vendor.qti.hardware.radio.am.xml	326	9b8e79a9794c2cc17f407898beefe71c7adadabfc8eb1eac68eb30306a739a19	text
etc/vintf/manifest/vendor.qti.hardware.radio.ims.xml	362	db9a3ea10d04f12a3a56fbd1c9a0452acce99c075639d74bcd40bb9c7017b620	text
etc/vintf/manifest/vendor.qti.hardware.radio.lpa.xml	324	6c6cd0d3b97d93ccfff39cc2ff60d0150c614597531367684ebf8aeded73b28f	text
etc/vintf/manifest/vendor.qti.hardware.radio.qtiradioconfig.xml	342	e60c62c687012491052029f804cee3654589cb57671ccdd7cdeda58a523d89cc	text
etc/vintf/manifest/vendor.qti.hardware.radio.uim.xml	312	add3fa0d11d84896f714991f8424d49bfbb601ec8ae1de5379da4ff9e5e0bf96	text
etc/vintf/manifest/vendor.qti.hardware.radio.uim_remote_client.xml	402	00f13c9ce89f8442e92277698ae430b0f4c5d558beddbc332ebbdefe65a6cd85	text
etc/vintf/manifest/vendor.qti.hardware.radio.uim_remote_server.xml	402	49cb20578c0dfd8e4c3142d233650d5743c45eea4aa070fac96e41b335540b43	text
etc/vintf/manifest/vendor.qti.hardware.secureprocessor.xml	388	354c144b4a40c3c803cc1c4d3f5d8e24c95f9aeae264f3969f10f906861cf64c	text
etc/vintf/manifest/vendor.qti.hardware.sensorscalibrate.xml	325	2504ac1a642b6f9e8dfac411271fe762fc50aae23c1d95fec4d15cdd548b866e	text
etc/vintf/manifest/vendor.qti.hardware.servicetrackeraidl-service.xml	340	d897c1f45be8d901dc99dae053d33da2aedeb48e072e28c2cc140d0e6ed39faf	text
etc/vintf/manifest/vendor.qti.hardware.soter-service.xml	294	7af3ad768b8c6ac05d5e61e22690b9dffdb692c6b87099573ae48d13fb005392	text
etc/vintf/manifest/vendor.qti.hardware.tetheroffload.service.xml	304	59d7226eb0cd6a208f70eb58d6b404777e73eea0fba1f51fa72e2cbf4a874bbe	text
etc/vintf/manifest/vendor.qti.hardware.trustedui-aidl-service.xml	360	d7524393ea08af0fdb45c3a0b591b8613134941c95094784f8aca20ab6900dff	text
etc/vintf/manifest/vendor.qti.hardware.vibrator.service.xml	311	663d418c2a960b633ce6d1cbdfc5be88e57eaced926d5cf07451bd5bea27af1a	text
etc/vintf/manifest/vendor.qti.hardware.vpp-service.xml	284	ab85697e82bff7b8793c9d9708d4e623978160ee020ff3922b9b731be90a640e	text
etc/vintf/manifest/vendor.qti.hardware.wifi.wifilearner-service.xml	319	8caf33630cd32e13a49633e4f73fa1277af4871756923e8f48edb5500cec915c	text
etc/vintf/manifest/vendor.qti.hardware.wifidisplaysession-service.xml	1971	4e1f4011fb0de47532328e866977be83bebb62636417bd89b14ceb0694c1306b	text
etc/vintf/manifest/vendor.qti.ims.factoryaidlservice.xml	293	952d390148c6092ee0fa453fdc6a12b165818fb8aa064320c0a09714bad496ea	text
etc/vintf/manifest/vendor.qti.ims.imscmaidlservice.xml	306	eccd1d5a3f037ac7d46f6c712daa5da2ec75d8437983c667b864cba31bc27a4e	text
etc/vintf/manifest/vendor.qti.ims.uceaidlservice.xml	298	b29eb8d6e6c807dea047f003526b17d4b730cab30a6bb328e1a44161babcd8b9	text
etc/vintf/manifest/vendor.qti.qccvndhal_aidl-service.xml	287	9cff724c0809c783b988b19687aad8b37b076e25929aeb563c064f585d014864	text
etc/vintf/manifest/vendor.qti.qspa-service.xml	280	438ba5197038de298f3f82d7cfbe2643ba3d8c431464e886a70f856436a6cfad	text
etc/vintf/manifest/vendor.qti.qspmhal-service.xml	267	f25d99aecb62c85333daeb2bfa3bbe7fa658106499b8519093c7419a5ec17f4e	text
etc/vintf/manifest/vendor.qti.syshealthmon-service.xml	300	3c636fce462c8bcfe15a33edf210d724499c3318697697fa3d360a47f81c9747	text
etc/vintf/manifest/vendor.zte.nook.modem-manifest-ds.xml	362	d75bb4675031c6a3b14581a09f76e1717443288ad91ff78264046d8becd3ecc7	text
etc/vintf/manifest/vendor.zte.radio-manifest-ds.xml	316	621336a4c28ad47f0d9481d6958b1d3aa7800cc7695c643d0e96841a02cc9a8a	text
etc/vintf/manifest_sun.xml	328	59d9634cdb90b0d5558ecaa337a04c35e48037903a6633e6ffcdb21c52932487	text
etc/vmmgr.conf	25	c2cddfb03af82d06245c813148d6997d61c7f3bc25edafe1ffc458f86ee2cdc8	text
etc/wfdconfig.xml	24855	2f90d9fadcd09cef7c6703d039c05d0e116c69a5918a2e45bb741606bc4ddaaa	text
etc/wifi/p2p_supplicant_overlay.conf	124	355c62f3f28d994f39eb96d3a75a12d88d3f4ca32e556801da77ffda73d746cc	text
etc/wifi/peach/WCNSS_qcom_cfg.ini	6041	6d574e002aa80b5066a088ca60578d45a5aaea08e0f2eea350baec50c5b296e4	text
etc/wifi/peach_v2/WCNSS_qcom_cfg.ini	6284	2687ad5ed77e29cba7050d9353c889fcf6fa2982943f3b5b3f043084b79e0851	text
etc/wifi/vendor_cmd.xml	57443	318a819eec7f0d1f27e2915c02dc991399e771440199817bac4e4c3253ca5a7a	text
etc/wifi/wpa_supplicant.conf	227	2dba848dab26d9daa410c7a0691b482b3989ee90bfb8152e3becc82331b42451	text
etc/wifi/wpa_supplicant_overlay.conf	203	cc7f31ca31417a4fe57a36f1b177b4de32c6ec70ce5780c1bd10a0be26d22029	text
etc/xtwifi.conf	3517	8d55dcb5f5632f7622792b8cdb1389c9d553e8b6a41efbb6159c30f237fad437	text
etc/zte_ldd_hals.conf	142	03744cfed02f99251b231d7dac997e0dd44e37f18621ecaa5d585ed430fd35f0	text
firmware/CAMERA_ICP.b00	724	a5a91c0227b5f6c411cdd18e47840c840dc6d8c478155415505e926c66e39c8a	elf
firmware/CAMERA_ICP.b01	412	6d8077f51650be2ead5a31085a4cca93f7c6ce690ca50a8852b7cb2276aeac07	binary
firmware/CAMERA_ICP.b02	8	8d5e440733f4415fef1f330c5319753bc7ddc055b2141bcab1666fa0e8a903fd	binary
firmware/CAMERA_ICP.b03	8	d89b6cdfe2215377061351027efd3e861c41baa92ced2417154236619b50fbbf	binary
firmware/CAMERA_ICP.b04	8	ae00674c50060073ebc71461603ccce563c411304147ea7064c274ba82476e93	binary
firmware/CAMERA_ICP.b05	12	e7d2c3109079c7c53cdb92deb0283969f35c3765580ea9ce4a54f75ab65c7e9b	binary
firmware/CAMERA_ICP.b06	24	1881c2584c0e18865c5f1575905251e46795a98a1cbacb78a5ad4b8448cdfbbc	binary
firmware/CAMERA_ICP.b07	8	55d6056538862d6cdfd8b79db0c16472629117322c3e0a775626931c8bd70ccd	binary
firmware/CAMERA_ICP.b08	473956	ffbb44e3bf0d47c53ed404a5f7e4ecd5a4ef93df46872aa62fda8145e3e7d74e	binary
firmware/CAMERA_ICP.b09	31280	4faf53b4061279beefd8623947b716606b35bd467d11a39345c1f0a9fe9a28ee	binary
firmware/CAMERA_ICP.b10	0	e3b0c44298fc1c149afbf4c8996fb92427ae41e4649b934ca495991b7852b855	text
firmware/CAMERA_ICP.b11	0	e3b0c44298fc1c149afbf4c8996fb92427ae41e4649b934ca495991b7852b855	text
firmware/CAMERA_ICP.b12	0	e3b0c44298fc1c149afbf4c8996fb92427ae41e4649b934ca495991b7852b855	text
firmware/CAMERA_ICP.b13	0	e3b0c44298fc1c149afbf4c8996fb92427ae41e4649b934ca495991b7852b855	text
firmware/CAMERA_ICP.b14	0	e3b0c44298fc1c149afbf4c8996fb92427ae41e4649b934ca495991b7852b855	text
firmware/CAMERA_ICP.b15	0	e3b0c44298fc1c149afbf4c8996fb92427ae41e4649b934ca495991b7852b855	text
firmware/CAMERA_ICP.b16	0	e3b0c44298fc1c149afbf4c8996fb92427ae41e4649b934ca495991b7852b855	text
firmware/CAMERA_ICP.b17	32704	78fea8a8bdab16aaba9c7bce5bbc46490d40a62718fe35c9c0578f97f94173f2	binary
firmware/CAMERA_ICP.b18	25552	dd09c725fc204d7f9d3cab7fc91bd267e6ec5b06339c4812db9facf7062bb77d	text
firmware/CAMERA_ICP.b19	0	e3b0c44298fc1c149afbf4c8996fb92427ae41e4649b934ca495991b7852b855	text
firmware/CAMERA_ICP.b20	4760	d19de6d3459bb6751af5258885f6988bb20d5e8f6311a2c757163b2f1290e0c0	binary
firmware/CAMERA_ICP.elf	3036944	765bfedcb2708ef021b47898c30e24ed3ef7369aa288856ec7554a7b78c5a807	elf
firmware/CAMERA_ICP.mbn	574104	e979f3c17bd3586f0c7de13c9a7e0f46aea1f574765a6620e129ed70a6bb8bd3	elf
firmware/CAMERA_ICP.mbn.back	574104	5fb899d892d332c45eb34c335b5d2f9cd51f4a5a5b04dc10a2af56f66da2f476	elf
firmware/CAMERA_ICP.mdt	5484	a57d346608f376a42e8baa319a91ed414714c4edea2d5503f9bf1e612dc15409	elf
firmware/CAMERA_ICP_1.b00	724	8bd6f26ab22a5e339b4921afacd993bfaa9907976da98b8856b92c1ae525843e	elf
firmware/CAMERA_ICP_1.b01	412	9cd41a48fa5ab917466dcb823174e62ad1bef489c4fd70b6f4d439e41dd30239	binary
firmware/CAMERA_ICP_1.b02	8	f8aa4c80476334b2aa97f8ed59b2c788af49500dc1ef35b0aa4f8ab286b35be5	binary
firmware/CAMERA_ICP_1.b03	8	886a6984a12b9dd7a42a88eef8611b209fee27c2d0cdbc141c6b9ff6f372fc39	binary
firmware/CAMERA_ICP_1.b04	8	21a7ddc1925fb22e2d260bc411600b01451ceb2444d2b73ea35b6648feccb25a	binary
firmware/CAMERA_ICP_1.b05	12	e7d2c3109079c7c53cdb92deb0283969f35c3765580ea9ce4a54f75ab65c7e9b	binary
firmware/CAMERA_ICP_1.b06	24	1881c2584c0e18865c5f1575905251e46795a98a1cbacb78a5ad4b8448cdfbbc	binary
firmware/CAMERA_ICP_1.b07	8	55d6056538862d6cdfd8b79db0c16472629117322c3e0a775626931c8bd70ccd	binary
firmware/CAMERA_ICP_1.b08	258100	bdd6870b313ef79f8416e2204cda1167b3584dd2907287c162f898becb19b69b	binary
firmware/CAMERA_ICP_1.b09	27360	84b6ada916b40f81009338db4403e836e05272cc9a7ebedebb9fface2ce28df8	binary
firmware/CAMERA_ICP_1.b10	0	e3b0c44298fc1c149afbf4c8996fb92427ae41e4649b934ca495991b7852b855	text
firmware/CAMERA_ICP_1.b11	0	e3b0c44298fc1c149afbf4c8996fb92427ae41e4649b934ca495991b7852b855	text
firmware/CAMERA_ICP_1.b12	0	e3b0c44298fc1c149afbf4c8996fb92427ae41e4649b934ca495991b7852b855	text
firmware/CAMERA_ICP_1.b13	0	e3b0c44298fc1c149afbf4c8996fb92427ae41e4649b934ca495991b7852b855	text
firmware/CAMERA_ICP_1.b14	0	e3b0c44298fc1c149afbf4c8996fb92427ae41e4649b934ca495991b7852b855	text
firmware/CAMERA_ICP_1.b15	0	e3b0c44298fc1c149afbf4c8996fb92427ae41e4649b934ca495991b7852b855	text
firmware/CAMERA_ICP_1.b16	0	e3b0c44298fc1c149afbf4c8996fb92427ae41e4649b934ca495991b7852b855	text
firmware/CAMERA_ICP_1.b17	16820	450b06c5b1eaef44f149257ef85d83116969eccbc23c92b6595216aa811d214b	binary
firmware/CAMERA_ICP_1.b18	17076	ae4ba11f7f747246f587238c69102df12e3045ab872f39f585fe45add6f9f2ec	text
firmware/CAMERA_ICP_1.b19	0	e3b0c44298fc1c149afbf4c8996fb92427ae41e4649b934ca495991b7852b855	text
firmware/CAMERA_ICP_1.b20	4760	4380b9acb11ff974a9a44ff6dd48900522a8f8c927cb4b6b8e391db113ff9b5f	binary
firmware/CAMERA_ICP_1.elf	440332	595272470f7b02f03942316c1b44333835bd00757ffd48f101c4d815bec3d46d	elf
firmware/CAMERA_ICP_1.mbn	332440	2fc81c418220e21518c1acf96d30cafd7f1bff86d1af6933089caa28ee789da7	elf
firmware/CAMERA_ICP_1.mbn.back	332440	167e2f68d4a5cb56b6abbd768f8d12a52140a98e8b46b2bff84481ea68b4ecab	elf
firmware/CAMERA_ICP_1.mdt	5484	f758c5e87884cd4a265411632b5e7155ba03151731a02f297a3017fe0705b7dc	elf
firmware/CAMERA_ICP_170.elf	4179544	60e1cdad7f057d18957cec9c6d0ae70e1af8f264f3bcc6606f05883426a7d4cb	elf
firmware/GT9916_test_sensor_255.tporder	1947132	fa1a201f23146067a7c4dfae3f691a0c05e1e9a3f0fcf94affcfb80162eba4cd	text
firmware/aw22xxx_fw.bin	17477	15db668987050582de320dc8603d6662dc58f42b616f6f1a1714a145a7f55728	binary
firmware/aw882xx_acf.bin	2016	2a44c7646fa2f3ce81feef30dbd58ecd0ff60e501f1e53fb90788ed74dff8280	binary
firmware/aw9620x_bt_0.bin	2040	40c08149632a5fabd63c5245ad86442940465a0c9ddfb43e1fa5dc9ecda78124	binary
firmware/aw9620x_bt_1.bin	2040	40c08149632a5fabd63c5245ad86442940465a0c9ddfb43e1fa5dc9ecda78124	binary
firmware/aw9620x_fw_0.bin	6564	da43592bfe9f1f277c5f88ccf69db45bdf0476adaca0ab3a8b939811dcaf16f4	binary
firmware/aw9620x_fw_1.bin	6564	da43592bfe9f1f277c5f88ccf69db45bdf0476adaca0ab3a8b939811dcaf16f4	binary
firmware/aw9620x_reg_0.bin	970	e319fcd0310c2009e78fc3277ff5cdf28c70a42803c4551fa4d42a526bb9eb1e	binary
firmware/aw9620x_reg_1.bin	970	e319fcd0310c2009e78fc3277ff5cdf28c70a42803c4551fa4d42a526bb9eb1e	binary
firmware/aw_cfg0_1.bin	228	1b9082ef4690293ed3140d4c0fbb5c27e3ccd02c390ea3caeab643fe7caf0ade	binary
firmware/aw_cfg0_2.bin	228	3b98eb50161184e7baf39c7a473a2e687c20bfd52cc078ff61333ebd59b48d03	binary
firmware/aw_cfg0_3.bin	228	d301195a5fdcea060730f55b9106ed5e7d8409a303210cb6a94fb53fc0189874	binary
firmware/aw_cfg0_4.bin	228	75d078270bb238d186ea26369a76a62e6a33c85f0082b935335f181d8c2fafc2	binary
firmware/aw_cfg0_5.bin	228	bb8d04e2e370a26fb6c465ca3a358f4eeb8084bb068cf3d40e4b79b88f85dd74	binary
firmware/aw_cfg0_6.bin	228	989f6b94603c742c0868d90135e3bbd486ee4ecaa85bcb77b7aae31575665090	binary
firmware/aw_cfg0_7.bin	228	3241c15af6e0a449d638dff235dd1e17d71f2e59e739d36777d11ec036084828	binary
firmware/aw_cfg0_8.bin	228	109a3249ceaf30fdd68db3a86b073875f30e1803824797636cc1c58346b89409	binary
firmware/aw_cfg1_1.bin	396	f5d81a14934dbc5756e587402ce6c68381a7b7acecd116e14b10d0c245b2337c	binary
firmware/aw_cfg1_2.bin	396	0c4c173cdfe1591f87a2d525a17941744a749abe1df51b35a5a460bc2a203f74	binary
firmware/aw_cfg1_3.bin	396	935a45d9c302b28c8803e1331437c3de4d7d5cd7092c1de56a551a6a70e92f93	binary
firmware/aw_cfg1_4.bin	396	d75f79cf741055569a3e09dcfd71a31024a3f0d2f44fb3842e770fc006b770d0	binary
firmware/aw_cfg1_5.bin	396	5b98cda9c1e1f37cbf6bf573937e31f4cefd58941bbfbd211d028aa0a9c55ef7	binary
firmware/aw_cfg1_6.bin	396	f5efcf845344d8ff624e6b4977bd3581b15d822bc744754bb4449f295af91303	binary
firmware/aw_cfg1_7.bin	396	9e71fca4c2a1833e59e6623b9735838ff1c75d437e358a16773ec84e6c828e98	binary
firmware/aw_cfg1_8.bin	396	747d8679e645f228418f1389b173aabda5110f362ce1628f8b6a457787055d5b	binary
firmware/aw_cfg2_1.bin	284	11d551a6bbb1793830028066631e2e43bcd7b6bd068a01d9a499851c079fa294	binary
firmware/aw_cfg2_2.bin	284	f1620ab6b83b34de1c52bea556fe597b913c7c8ef4b701eab52b7aeb763ee2a8	binary
firmware/aw_cfg2_3.bin	284	e9af3c3fccc3226f074158e8b8c4b91c62dd127c632f7ec8f5d5f93dbdc4f31f	binary
firmware/aw_cfg2_4.bin	284	53b0cd7e2933d8b2078a8614d69536a25f1cf1fe239b00dcead25fb35a0a9f50	binary
firmware/aw_cfg2_5.bin	284	996ffe1e5eade26310625286fd089f062a28ff382efee86f15578fd434a6f646	binary
firmware/aw_cfg2_6.bin	284	9f5864d0c6cba08da6f2eb08ad44590049149fab78b0ee44d625b08eb46e680c	binary
firmware/aw_cfg2_7.bin	284	6c9a46cfb2e119563b727b5bb0c526548d4e2df386789e7143eea1a4610f6b6b	binary
firmware/aw_cfg2_8.bin	284	637fb57575238081a159ffd9f8ef9cd7245ad3a4c3d36a4333dc13ebac1854d8	binary
firmware/aw_cfg7_1.bin	564	b80041e534d1ca6576b66961d016b761c3cd447a82aca47a96112e385ab3467f	binary
firmware/aw_cfg7_2.bin	564	77ae95830dc43945ece133c690396703c4a23ae38f402966d69c5074b3ee4f3b	binary
firmware/aw_cfg7_3.bin	564	eb684ac8ce335a45de3a634aaff1d4b0260fab494d21ddb878af4c41e4352988	binary
firmware/aw_cfg7_4.bin	564	b5b4f0a13fc5494477d77211ac085e21b92f86000067bcbf1ed1dd4eec6022f9	binary
firmware/aw_cfg7_5.bin	564	c6812d3ef15608a9805f9341a425dcfafbef347140e2098756a284337725ac63	binary
firmware/aw_cfg7_6.bin	564	5d89957bcb425c7a24f13619a6cfbcd11f8127f6ae2a1d72774577c446cc7f81	binary
firmware/aw_cfg7_7.bin	564	f7148db24dfb23e480f16756b37db6c7deacd740d3f337470297e94bb860065d	binary
firmware/aw_cfg7_8.bin	564	c2708f014d477fd0f507e2b7aa2adb7c34d59ac0d523bb7b79f165969847f3c6	binary
firmware/aw_cfg8_1.bin	8	f3d04184a52c75997570293103135ac3c11656a017da4ed7856e7c59aefe0d8a	binary
firmware/aw_cfg8_2.bin	8	04e8dd34dcbc5473ddee60eeba68b9dbb269f8462430e4e56c4896fd79d75d0b	binary
firmware/aw_cfg8_3.bin	8	bb408732ae39afc3dbdb5af3e8c405b2fbac398f4e7cdcfec98430ca5790bf65	binary
firmware/aw_cfg8_4.bin	8	0a5e0681b4480fcf2fb73b4424f3ebd5cdf3713a4dd66cbad5d608ca41002bae	binary
firmware/aw_cfg8_5.bin	8	4af705f600deec3a795d800398b4bb82bf4f17e4db0cb52d52ae00f1e9409b35	binary
firmware/aw_cfg8_6.bin	8	ee549fb09577ddcf15ae5c5bfa9e7927c59998beecba89e819fa1fce68c15fa7	binary
firmware/aw_cfg8_7.bin	8	38637bc68cb7730b65bc3eb425ff5872d33ca358216811ba90ec24b6862a2369	binary
firmware/aw_fan0_0.bin	172	af69540f37bbe7d96e8cf3e602622d9b68917f044b7cd5c000abd0fa1c0c3611	binary
firmware/aw_fan0_1.bin	172	6f0f1ac8a116173c1cf6b1962841ddab458616467554d236b8bbb204db560b17	binary
firmware/aw_fan0_2.bin	172	fae5e1e5ebe966ef92f4b815fdd74aacadd32ef9f21040e8f0a7cd5d6d99da9a	binary
firmware/aw_fan0_3.bin	172	64a8bbcc5a9e4f0e4b2700aefb8a7ea39a0447c8d70535eb5e3c767e35d7fc07	binary
firmware/aw_fan0_4.bin	172	7341ef29c7d6b3dc0ccd51c10cead411b512e10007de480c517199ebed10c93b	binary
firmware/aw_fan0_5.bin	172	ac98e32eda8744845b0f6f4bf66a5abf8d3dabf3738af4229e15fff9fe49aa04	binary
firmware/aw_fan0_6.bin	172	0baedfa85943e38ee78aeaf3863e4dfe89723d9fc8f40cd07a921fc171a31e65	binary
firmware/aw_fan0_7.bin	172	a8fb64e1e33e615c3acbdd6959f25dd5eca81cd573bbfca803e6b6b0d77ace0d	binary
firmware/aw_fan0_8.bin	364	45ad368db0b7adfebfbcd946d10edd106977a0b7d5849fd924987a3cb59c8570	binary
firmware/aw_fan0_9.bin	364	d2592407526eab8bc4777c187f1bdbafc25504c181ca9ed8b78b77d1a6039f7d	binary
firmware/aw_fan0_a.bin	364	9807f462e4145b93d1b495e1c507772424cd495acf10612c9ba6eab60f4fff95	binary
firmware/aw_fan0_b.bin	364	7794d3d7b7b688e16737cd8e658f64684bf2a609d80ba567c4c1358d81e9be40	binary
firmware/aw_fan0_c.bin	364	2909d01cf5a0c17716014de8d29017406e08a6905d0a3867024b3049862002b2	binary
firmware/aw_fan0_d.bin	364	ccd364bb9b4e88742ad71003c7298b4d2259c15769ebae81636b688cfa62396e	binary
firmware/aw_fan0_f.bin	364	a594a847cfac735fcce13a2f0ba5c6b79ddcc832c74f4a2624b66b4c68a38fa8	binary
firmware/aw_fan1_0.bin	256	8b5c8fe886527628629231854f45f8eb048b19e0efcc1df855b4e3b4dccc4eb3	binary
firmware/aw_fan1_1.bin	256	721863967939f746bb360359c7be1d730d9f5aa9b5b9b077bed9a7c2c3aebaa0	binary
firmware/aw_fan1_2.bin	256	8985bc30ef8b8b378f71d9655eda2433d2a01cbd5d7a9bb949e7fc3b1c3a4a64	binary
firmware/aw_fan1_3.bin	256	b13f91091522824f4bd4357ce7c2e5fcc0321c7e2f5e5dd62af1b402fa897b24	binary
firmware/aw_fan1_4.bin	256	c4cb1789e1c512e599879becf04d9f76b307dac10489bfd40a88fc459e6ae1e6	binary
firmware/aw_fan1_5.bin	256	951a2af5aa1df77b01c7449581865cb73c72b9a1f0c2127e2544f54ff344f6bd	binary
firmware/aw_fan1_6.bin	256	b2a945e49fbe795d2e3086802258a97bed020f6fb18eb07601782a3129d79786	binary
firmware/aw_fan1_7.bin	256	d6d0074c32bc33599f8c0fa7f18fcdbd35f5c06ac52e31133200f6de6874d4b7	binary
firmware/aw_fan1_8.bin	700	8fab3cd9d2e970dd3459fb274f38e990cad5abf20e11dd7237c56fedb3fbbe89	binary
firmware/aw_fan1_9.bin	700	7370d84983c30fde831e6cf504617d30a7fcccf39da387f294fda424239e000a	binary
firmware/aw_fan1_a.bin	700	af5ec830efe1591b4fb1d7db64fabb44a410d091b2159328068271b4142af3df	binary
firmware/aw_fan1_b.bin	700	ac1d659e2334f54d77b2b205e56a4cb8d91a584bfc71f1821003b2eb2a688168	binary
firmware/aw_fan1_c.bin	700	5d50e89d1c7902bdec808b4e59f6957891f58e83781d3bbaccddab8835a96b4b	binary
firmware/aw_fan1_d.bin	700	75162316962e7f355251023d0482f196057c29be01ec6fa9f9e96ae243785c08	binary
firmware/aw_fan1_f.bin	700	fb7efd6e9b92987d8b5e2e308a964f4fbd7a7318933458507d280233ce6e46c2	binary
firmware/aw_fan2_0.bin	200	8230af55ce70d1a7279fcbd05bd004ddddb387b24738d6a74771eabafdd255e4	binary
firmware/aw_fan2_1.bin	200	e311701b7960495896ac48b2b02d1c347067886a79b727a23aff8fd4b2289139	binary
firmware/aw_fan2_2.bin	200	5530dc961c10931a8f494ac7a7cb8c4e3c07ce313109c21711f8f32ae4c72ef8	binary
firmware/aw_fan2_3.bin	200	d0f4150dc94783cbfbcc66835e338c6d23105bde58bacf4a4d727e9052ff23e4	binary
firmware/aw_fan2_4.bin	200	bd9706d9eea83da5cef2798e775e57db3027385bc3f90368a7396270c590da31	binary
firmware/aw_fan2_5.bin	200	7bc5dd8bfc841d7dc1d7f302a47d5b6db292fe9a4504bec06df4e5cdcf980ebc	binary
firmware/aw_fan2_6.bin	200	9c3feaa413ec2a757690a3785fe6ba1cfcc1bd92c83989aac0583ed2e419a7fa	binary
firmware/aw_fan2_7.bin	200	d7ce04323bdad6039ffebe9a70ad174cb85bebe2db990ceb2fb76bdfaef66644	binary
firmware/aw_fan2_8.bin	476	ad533f198b8e92262360e3246ac6d4b812bf0ff6aeb237ff48817bde9f7553b9	binary
firmware/aw_fan2_9.bin	476	b9fe8e3da4fd95ae3071667781d4f755948ede3165d19d65ab049296fac818ea	binary
firmware/aw_fan2_a.bin	476	35cd9eb25b7b677a2fa4d85b738a2b4541f6ec11378ebf410cebe628750cde5b	binary
firmware/aw_fan2_b.bin	476	638e24fbe388942f2594ac83ed4940824652fe182641b2b057cb97184a933477	binary
firmware/aw_fan2_c.bin	476	adb2bfe7dc2516dc2fa43d02464f1750fa5bc4d90d53bd230003ad7b196102f8	binary
firmware/aw_fan2_d.bin	476	dd9255f7d672c5b54fd2160f7d926ab63a5fb5e18e3004ecab1a3952d90ad0fd	binary
firmware/aw_fan2_f.bin	476	538327f473b380c1659f8ac2d2290ba772a50f0a66efc72c736072da8fb6ec47	binary
firmware/aw_fan3_0.bin	812	4372154ca2bbe2fb513a2008fa478f8995ec6cd8846e7fbc3b7cd55ee911248c	binary
firmware/aw_fan3_1.bin	812	0f235b49ee3ced4e8f5028e4514ad9e008f2f2f027fa71916c11f4dcf60644cf	binary
firmware/aw_fan3_2.bin	812	b85d86a6359f3933973579780041a91d4cc8d8aaa4385775793eba7f4a769460	binary
firmware/aw_fan3_3.bin	812	015d1008e47f7e3be26752aeafbc97ecc56e0772d746a0cba0e9f39b301866da	binary
firmware/aw_fan3_4.bin	812	7fe127940dab70b8ebe621be0ba1247915e102947f9b9fb3033d69c3c4180505	binary
firmware/aw_fan3_5.bin	812	51f1c578a151b36c0cf35a40688866298b4284009b93bb89cc86d65a7ba11294	binary
firmware/aw_fan3_6.bin	812	c5102427f3c77e50c9c5b0ddd4fe15d5334f99f602f6fa9296c623eaaf1e1a77	binary
firmware/aw_fan3_7.bin	812	45a007bce5b216f55aff79a0523065ac850a9269f8f94312971ec18fb2b8deec	binary
firmware/aw_fan3_8.bin	812	dfd87f76daa72eff81ccdd1cacb8f6fd332380f96589923bae46cbb1150673da	binary
firmware/aw_fan3_9.bin	812	4759fbe9c6e51111cad4bfa8bc95b05c4b846dada7aba3e167d613370ec93db0	binary
firmware/aw_fan3_a.bin	812	4eafbfba2bda3ba453397a1f2442b500dc930cb031effbcb778a9ec277e7086b	binary
firmware/aw_fan3_b.bin	812	d64135b28d0e9f0db48366d3110a0a9534aceb53b5a3b0c2a547884ac75648b0	binary
firmware/aw_fan3_c.bin	812	fa222be0f55b763aae6d05d5e10efb03821e87a716c2b849f5a265f9e24db924	binary
firmware/aw_fan3_d.bin	812	7586007c4b6e990d7c1b385ee99535c92ed5fc89842ad1a74fc4faac86103fe8	binary
firmware/aw_fan3_f.bin	812	eaed01c8e307110c02d597c0422ff737075276f2bd959d52e55fcfdfa7fbb1f8	binary
firmware/aw_fan4_0.bin	280	2c20fe3a3e1e809087e0f41cd302d3a615661b37c9a2044e29508ee8f956e41e	binary
firmware/aw_fan4_1.bin	280	e8914c7f20ddb961a90754fab66b322e10d09fc8c31f4de2c4bd3cfe85353ed4	binary
firmware/aw_fan4_2.bin	280	931b86c8e257b9f010e0bdc77241321cba80f5a60a8e69eec2b469dc1ebabdfe	binary
firmware/aw_fan4_3.bin	280	9ec8c3bc23d674a460ceae50a489f1f9fab94e97c6b831779ddbf48116e20b6b	binary
firmware/aw_fan4_4.bin	280	19ff23f3e71658fafe5db434af326682988416d950c1b560398cd1e445ce869b	binary
firmware/aw_fan4_5.bin	280	409b3710d9fd7e26bcfe89c69c43a19077147281a9015668133fc29a7c3890a9	binary
firmware/aw_fan4_6.bin	280	c87b8d0ab7f7f2c89d409612afa9664379697231f084ff35ba16a484929597f5	binary
firmware/aw_fan4_7.bin	280	e2309655951578a8c93d36631a877c374adfdf9eabdbd36b4aa3c58fbad0a22d	binary
firmware/aw_fan4_8.bin	556	ed3df5b7c6c52ef8fa87b0bbbf09438376dc52fd15df994581a27a1878639f14	binary
firmware/aw_fan4_9.bin	556	4b561266ad7bfd42cf6931b5b8f2230ae4ad00b55fa560e918486e761ac31b21	binary
firmware/aw_fan4_a.bin	556	f388e6fe19ec45134002b288a940cc77fe3089ca88a131d4c6dbc3dde45ed58e	binary
firmware/aw_fan4_b.bin	556	fecc798ba3db70228e3a0b554f42613a620c9e17904b813f5ba18c4d7fc323d3	binary
firmware/aw_fan4_c.bin	556	882016fd1597f08bb4eca73286dab4cb08430fa52dded838595a0a98e78260f6	binary
firmware/aw_fan4_d.bin	556	fa23cd5a4c934271b22c1ea29fec16f7081c89f8a518e464aabadd79882ab682	binary
firmware/aw_fan4_f.bin	556	24b106061f1d6e9747290b2c3fc8f12173a1e76d049ebccff4f4b6732674fe71	binary
firmware/aw_touch0_1.bin	228	e04775e46b197f845b3988ca9921993afd5e4f98eeaa9104f921ad5adb9005be	binary
firmware/aw_touch0_2.bin	228	9ce3f00ee3fba63360e31c95706907a9bf582161df6001865a24b8b816235372	binary
firmware/aw_touch0_3.bin	228	781da6a8aa3c1e260304af9bb37d46e30fe738d25bc4306bf94611b1597add7b	binary
firmware/aw_touch0_4.bin	228	19e4836883da0e238a6f5513f8f0120c5f0ae58b0f647c00bf02d9263c58d9af	binary
firmware/aw_touch0_5.bin	228	113024307a6ca65d0d28ec3a7401145804bc9fcc24bfdf71be304538dbdbc6bd	binary
firmware/aw_touch0_6.bin	228	01e64e48ee9b7012025868c885e0c12dbfa49d16877a668a258fd343d395cc93	binary
firmware/aw_touch0_7.bin	228	4cd45caf3a2f76da709cc9be97232c7717407b3b82bdad0ec8952930384ce043	binary
firmware/aw_touch0_8.bin	228	4391012ef8bbbffa53bd671fad6e4d484d6f99a683df2e7fa1ecb5d21e56e681	binary
firmware/aw_touch1_1.bin	340	6bbd172a00e3ffb0d5bbe9650402ce5ca646b6650abff648a8e9b091d31deb03	binary
firmware/aw_touch1_2.bin	340	94d7480c24b7dd861f627c33812f8a242d4f8f014f4b97980c36444402daa4c4	binary
firmware/aw_touch1_3.bin	340	c0c1983db6f259f0826991481b44057dddf25261ba19a0af5fff0cdeb63de8d1	binary
firmware/aw_touch1_4.bin	340	032f7dd0dc942aba415ed08334747fe8e2b92ad6b58618aafdc9f4bac4a433cd	binary
firmware/aw_touch1_5.bin	340	c495062585c4c92ea60da83fc784084a6379d575b3fc817d624dba9bac4c9b5e	binary
firmware/aw_touch1_6.bin	340	8c7593ce7c086b2679924613c93bbd597aa55f21db02da0941976b78e6c563a0	binary
firmware/aw_touch1_7.bin	340	e8875b432524537f1de463e38f9b0a5f3fa15c2f1e782a6610cab1110cf35653	binary
firmware/aw_touch1_8.bin	340	a6d7cc60eb5c7cc7d86a8279f2ab4337da137bdf4a2af83c4ee3a67fa8bd4770	binary
firmware/aw_touch2_1.bin	284	b1725263186da68dcdf986ef82553f95321ddbb97c4c30586d66842cb86fc98a	binary
firmware/aw_touch2_2.bin	284	6143e0b825642f7c84caff672a11f9ef995444ac839d8b50269ff50d0add4c3e	binary
firmware/aw_touch2_3.bin	284	120aa53ecbf7aa068d8f9ce28cf1043ddbf20fd3a072f527b7249cbc8602e684	binary
firmware/aw_touch2_4.bin	284	594784f729a659feb560cf1d1c281c09e131346209c6881a2b3ad9502fd4c5d2	binary
firmware/aw_touch2_5.bin	284	3e7dc1424d2eee1c58fcf97bd6c68cf0600a9f7c291975eb9cb6b37dc6e5f944	binary
firmware/aw_touch2_6.bin	284	d989f3d2443999e2b12a650309ca5483e308f793ee587004c2c9ba40149d8107	binary
firmware/aw_touch2_7.bin	284	89cd5583cad2f640f59ac4d0a4cfe4f59eea6b8dbd679b1580cdfe3fc2fbe0c0	binary
firmware/aw_touch2_8.bin	284	6de596976f70bbee4746ac58ee8e7264e9e5b068b397903c386cd8a05e078e22	binary
firmware/aw_touch7_1.bin	276	dc9b9451d209c9cc72711ba093875add456dc42f12c6a6371923f8bb6d3171c0	binary
firmware/aw_touch7_2.bin	276	3b9d7adba99adb3fbce148ce24bd8e58644cfa39ddd8d836a2cbb2077e3db259	binary
firmware/aw_touch7_3.bin	276	67119e06988e87bc41578bf922e3b045cc4a73572758f6dfb0a32f5086f1eb1c	binary
firmware/aw_touch7_4.bin	276	248fbe6216a3a049562b74a8025617ced362778cb28d0168f528a64e9788364f	binary
firmware/aw_touch7_5.bin	276	d38d3f5e29e5e332bacf1e47135971a44fa3bc7109770559d2424f420cb5875f	binary
firmware/aw_touch7_6.bin	276	24ae09432f5fe1ebfc119c2abb81bec80139cc328c9824d5d1179a235cb514ca	binary
firmware/aw_touch7_7.bin	276	1f891c09d4a4f436aff2d0236f7d95d44c6f151323ef8a302230efddeb1911b2	binary
firmware/aw_touch7_8.bin	276	3d13bdaf4f0ff53442208ed33048d8849ece05c470edce8d40a5142a86536059	binary
firmware/awinic_haptic_params.bin	3980	6838fb7f8aadcc3ef71a9d566e1dc4c513fd3ebc2a34f8790375db781ee4482a	binary
firmware/evass.b00	692	94f99fd37dcf812a334cd8ebf9cd02fe6e43351f46548eff8b76c611cdeb500b	elf
firmware/evass.b01	304	8e3a86798be00c4734bf08215e0f27a454bc4f74e846820b138be0359b1fd1fa	binary
firmware/evass.b02	24	08e2cee0b72cfc3224ab25438d7996dc19c8884944a80f0d0f48c8d0438c9ea5	binary
firmware/evass.b03	24	f81e0fd0c7eeff729bbf8781825478d811beda6c45ff80bc3e3c3648b6e9e95a	binary
firmware/evass.b04	20	bdec3c78bd5aca6a9eb772dd310912bc4b2c788c91a81466894c5f1d8c5aebe1	binary
firmware/evass.b05	20	0c12e993a351a764ae84577a0e21f4d59250fe5dcb4c923b3402a015e196f034	binary
firmware/evass.b06	24	a0cfa8dff326d7e3c2f56c5b0540beabc39cf9ac1c000805e839898b0fce764d	binary
firmware/evass.b07	16	b45d40d5432e047594b07fed5a607ad16f22339c498f2802510f454076e65a62	binary
firmware/evass.b08	1109660	b3eeb211d67677526a7c0d3e07005a8bd2396cd99194cf618a97428b3dad182f	binary
firmware/evass.b09	12696	d7a1715d4cda3b2bd43281ae266c356fbf7d1e38e82091ef7c1e21d48049bda8	binary
firmware/evass.b10	0	e3b0c44298fc1c149afbf4c8996fb92427ae41e4649b934ca495991b7852b855	text
firmware/evass.b11	0	e3b0c44298fc1c149afbf4c8996fb92427ae41e4649b934ca495991b7852b855	text
firmware/evass.b12	0	e3b0c44298fc1c149afbf4c8996fb92427ae41e4649b934ca495991b7852b855	text
firmware/evass.b13	0	e3b0c44298fc1c149afbf4c8996fb92427ae41e4649b934ca495991b7852b855	text
firmware/evass.b14	0	e3b0c44298fc1c149afbf4c8996fb92427ae41e4649b934ca495991b7852b855	text
firmware/evass.b15	0	e3b0c44298fc1c149afbf4c8996fb92427ae41e4649b934ca495991b7852b855	text
firmware/evass.b16	0	e3b0c44298fc1c149afbf4c8996fb92427ae41e4649b934ca495991b7852b855	text
firmware/evass.b17	0	e3b0c44298fc1c149afbf4c8996fb92427ae41e4649b934ca495991b7852b855	text
firmware/evass.b18	4096	ad7facb2586fc6e966c004d7d1d16b024f5805ff7cb47c7a85dabd8b48892ca7	text
firmware/evass.b19	4712	a6880cfc87111bd11bc637b266d9518a451c1d88dd8489204dffa6c8b885021d	binary
firmware/evass.mbn	2183784	dadce9d1d184d6939407eae338f90472371f312f927aa1c1d2d7237dfa476da4	elf
firmware/evass.mbn.back	2183784	39b84d1024454e45703138a09ba1d7bfae10317863d0684830dc3cfbc3cda114	elf
firmware/evass.mdt	5404	fa5b3c7b49388e0cff5ac040afb44ea21571c8bd981d75ba9e9b41b280da6302	elf
firmware/fan_led_off.bin	172	bf5a6036a4db76f495b12b78e8ce695e4ea6f0a568c0538370bc7c4f5564d674	binary
firmware/fan_led_on.bin	364	45ad368db0b7adfebfbcd946d10edd106977a0b7d5849fd924987a3cb59c8570	binary
firmware/gen70900_aqe.fw	33176	25237c161d727b8ea92b4beb837a31651b44ea78bfc34d95672af8f346a45825	binary
firmware/gen70900_sqe.fw	85364	f756bafe5f69a87161c7c53385386374a791861a574c244e845baba677993842	binary
firmware/gen70900_zap.mbn	12088	8501cec38d6fed42e372a27534964a1cd209279356dd916f9d1f14cadce3f8cd	elf
firmware/gen70e00_sqe.fw	37300	d3c0fc8d978801ae19770185b9a253feb52429e48adef9f3f343220a58a69c61	binary
firmware/gen70e00_zap.mbn	12088	31a9f697951ff287087d1a9d6faeb1de09116200f2321184517059eea513df1e	elf
firmware/gen71700_gmu.bin	81348	75b2c1757ef5709924d068a25e8e6ae485d6342af30ba14090fa53dafe76a61a	binary
firmware/gen80000_aqe.fw	25340	f04cb97e1e629b9003a26c5670b8f7e5b7bfeca95d35b2abd581fd8672efed20	binary
firmware/gen80000_gmu.bin	88896	1ad8175e6cd01ea76c64d20b83600038c52dd29844b48d57b11b769b038863a5	binary
firmware/gen80000_sqe.fw	111892	9c8f009bea112d7c06dd2ccb67e889999459e53b92f0f4859f5ea0db067ad6b5	binary
firmware/gen80000_zap.mbn	12088	a3076a1d9813bde571ec38e6ec36c77a782dc043e788448e414fd1e174ed2038	elf
firmware/gen80000_zap.mbn.back	12088	36632c6a024b0b8360a6b92b5e45fe297d96434a30388d4c6d3111194aa579aa	elf
firmware/gen80600_gmu.bin	88964	75b3282a40e5411a1c154f698b923a916d1a6c8336d0ada677feabb15155a80e	binary
firmware/gmu_gen70900.bin	78588	6e4eab1886609433ce252c4659a206c39ab58892b0bdcb27b162556ae79b12b8	binary
firmware/goodix_config.cfg	11489	d563f351b3243dbd75bbe78e2df7f4c1fe195a5c946fb2882d7b0f21d2fc9f1b	text
firmware/goodix_firmware.bin	223744	8bc087364cf1fd7120931aa7e2f3da3d2e786f14a6038e19f412f7a3fb8b36ca	binary
firmware/haptic_ram.bin	1049	e446c67665c16cca99ded8d07a9cc016277a25b5cf0a7203254f8157fddc96ee	binary
firmware/lamps_init.bin	16	41f10a35586146980957767ca01109912b3346d8f04ad48fe9c889ef8dff08ba	binary
firmware/m_led_off.bin	228	576416ae2687156232426b5d65d625503d23185b623166c891bcadea75231544	binary
firmware/nubia_all_rgb_blue.bin	328	8250b13e57713054eb4659cb713df960870bee2dd62b7325f83e918573cbd3a9	binary
firmware/nubia_all_rgb_green.bin	328	8d6cfd663eab2808846e6ff9bff1fe6b0a12181455f242c902f6f2e98f616874	binary
firmware/nubia_all_rgb_red.bin	328	0de2a7c8aebf01886a8b9bd0d97fa7c484eaa5e31795480e3bab47e5b3e2db69	binary
firmware/ois_dw9784_aston.prog	20992	6c756eb30a588efebe3dd9087a879ec408f1d653d62f8574181115aaead2fc9b	binary
firmware/st54l_fw.bin	260157	22a9e85dfe459676f401fbc67cf9870176c7d9c583aefd9963701b2e112fbe4d	binary
firmware/thp_cfg_9916.bin	86017	25fdbf35296c8716f5a351992978a15178ae902363ca75a57e35ff8e6ba5130f	binary
firmware/tiktap_params.bin	16	05e006d31cc9e93bcffa2c1a7cad32ee462b08f021330a12b870a4ad3da624e1	binary
firmware/tiktap_wave.bin	5866	c3a74bfa226c163c6d5038ca6687e1a39875520a40bee338266d4dc355183109	binary
firmware/touch_game0.bin	228	b118677f4737148cc4f7ea1f5e21d558cbdc428112ca8d8e618e54219c5413ab	binary
firmware/touch_game1.bin	356	ed4456775fc4d59cd1243438795be823504fa9d9006ec8a345ec747b95c9209a	binary
firmware/touch_game2.bin	396	3cbf97819943cde8bf2a053ad66f919643547565e515c589beddeb21223989d1	binary
firmware/touch_game3.bin	284	3a59607f4a80cf38e19f9a0113b1e708ccb91e8d0fc17f8f0aa6e0f4907ec778	binary
firmware/touch_led_off.bin	228	a5d15b9f36d95a5c6a7fee7ca252cabd0f43b05cc13df1829866aefd787c363f	binary
firmware/vpu33_4v.mbn	2327240	c90cfd7540f20761bd054e1bbae210d17686d23bde3668f31b29247373fb08eb	elf
firmware/vpu33_4v.mbn.back	2327240	204f8ae5c899cccb02cddec4c67aa6cd1c43e551d23b59d437eaf2ea06ad1581	elf
firmware/vpu33_4v_unsigned.mbn	2321272	e0d7de7f2a1b4c74810f4cb4105cb169aff9ad18dc8298a13b00a36675b1186d	elf
firmware/vpu35_4v.mbn	2413256	74caa1fa332877a91b9b2cedf6f5f030bdf2b2c255b0f18e102436a0eab47605	elf
firmware/vpu35_4v.mbn.back	2413256	3b12f64f2b8110bf0b2e41a57825d36205439d75e0c9d2e74f802b5bd98d1808	elf
firmware/vpu35_4v_unsigned.mbn	2406776	5e13d104c7d07cde79463364de1fc56ff957458483a8afd98e0facbfac4faf3d	elf
firmware/wigig.ini	6650	7a416a31c72929bc43cb31b52ae0dea9782ced339f5d23ff4bd04c3c4b430222	text
firmware/wlan/qca_cld/peach/WCNSS_qcom_cfg.ini	-1	ERROR:[Errno 2] No such file or directory: '.work/fs/vendor/firmware/wlan/qca_cld/peach/WCNSS_qcom_cfg.ini'	error
firmware/wlan/qca_cld/peach/wifimac.dat	-1	ERROR:[Errno 2] No such file or directory: '.work/fs/vendor/firmware/wlan/qca_cld/peach/wifimac.dat'	error
firmware/wlan/qca_cld/peach/wlan_mac.bin	-1	ERROR:[Errno 2] No such file or directory: '.work/fs/vendor/firmware/wlan/qca_cld/peach/wlan_mac.bin'	error
firmware/wlan/qca_cld/peach_v2/WCNSS_qcom_cfg.ini	-1	ERROR:[Errno 2] No such file or directory: '.work/fs/vendor/firmware/wlan/qca_cld/peach_v2/WCNSS_qcom_cfg.ini'	error
firmware/wlan/qca_cld/peach_v2/wifimac.dat	-1	ERROR:[Errno 2] No such file or directory: '.work/fs/vendor/firmware/wlan/qca_cld/peach_v2/wifimac.dat'	error
firmware/wlan/qca_cld/peach_v2/wlan_mac.bin	-1	ERROR:[Errno 2] No such file or directory: '.work/fs/vendor/firmware/wlan/qca_cld/peach_v2/wlan_mac.bin'	error
firmware/wlanmdsp.otaupdate	-1	ERROR:[Errno 2] No such file or directory: '.work/fs/vendor/firmware/wlanmdsp.otaupdate'	error
gpu/kbc/sequence_manifest.bin	2280	2234e993f279faf6876ddf7d7942a603b412273ade5eb17036753925803eae4d	binary
gpu/kbc/sequence_manifest_a730.bin	2016	7bc7d91858d74dc85589a377d3394b9bbdee01e7eab2cb4ee17c065facc51efe	binary
gpu/kbc/unified_kbcs_32.bin	2443264	c0a4d406af19d7b38556ac79217a06c47032abf01508b38037541f4097d8ad9b	binary
gpu/kbc/unified_kbcs_32_a730.bin	2111881	546aa6e54984e654535fe904ca25c642b43b97c1c40fa20577958bac46ab728e	binary
gpu/kbc/unified_kbcs_64.bin	2460536	c772b8e115e291838ca0607d60c0958879b433667f00209f92f69c2682d4b40d	binary
gpu/kbc/unified_kbcs_64_a730.bin	2127633	5026341843920e56e958e6bd8fa3bb808092d65a0157204a47bd1173897a43ce	binary
gpu/kbc/unified_ksqs.bin	318222	be0a107c8b4e5d022fb61a5ff3db53756932202f5cff59cf54f5c689f8705dab	binary
gpu/kbc/unified_ksqs_a730.bin	278252	e48a98a4bf7495cdaeb16bf935691f1b0ed42f98d8e4c80384bc938fdba5d5ad	binary
ifas.ko	1096120	369aa2104832ba0e8d61741b89f6fe3435215e23d0860c42321488125c7b00a8	elf
lib/modules	-1	ERROR:[Errno 2] No such file or directory: '.work/fs/vendor/lib/modules'	error
lib/rfsa/adsp/libDspIOProxy_skel.so	29928	4bbd322831545667ce307b084061c8e804b561012be775b9f897ce8948051fbf	elf
lib/rfsa/adsp/libQnnHtpV79Skel.so	8726956	f2dc6c245acc2c8a6650ca42425cc7f414a36776fbeb56a930b8c9d058b0794e	elf
lib/rfsa/adsp/libadsp_jpege_skel.so	122120	8370eb3605389a26e7b2c0aa459c4c7a1c2e72749f9b6d12c34749eb06c3b2ab	elf
lib/rfsa/adsp/libdsp_streamer_binning.so	20736	1e0331b35304832794904ebed2d62ffac4e31275cf74590147cdac4f4a786678	elf
lib/rfsa/adsp/libdsp_streamer_qvrcam_receiver.so	21053	95df2850036ddea9832d0651a6f9f9f7a4de42ca8680561b02e5b3e7b314428d	elf
lib/rfsa/adsp/libeye_tracking_dsp_sample_skel.so	29208	24eddc92c28267cfa9d20ead574074893fdad4389aebf9af74f75a27c5137e22	elf
lib/rfsa/adsp/libhalide_hexagon_remote_skel.so	55370	c74918cd845dcb3d81298b05f628cb103bb10beea1284d0625181954ac44f933	elf
lib/rfsa/adsp/libhme_dsp_skel.so	116184	05c46690c03796592cdb0d49b1f6a0c48900c04ea3e1b91fa487173145336ffc	elf
lib/rfsa/adsp/libmctfengine_skel.so	91336	18a3d2ac55df74a26ff51d5c58bb4a3d3f0205f34bf372f60828b450e396bb1c	elf
lib/rfsa/adsp/libmlawbpostproc_dsp_skel.so	62796	62c6829cb0dfbbb0927e0fa6c1c02048b1aaf40d1271a760a132392ceaae993c	elf
lib/rfsa/adsp/libqvr_3dof_tracker_skel.so	38148	decc8e163ca094489bf6a2729a47b81a9a44e63c9d466a9b9d1cda8b8c888c65	elf
lib/rfsa/adsp/libqvr_cam_dsp_driver_skel.so	100741	e7c143d708627a7aae2163d37e226494ca2bf1618ac9eca72229359443347338	elf
lib/rfsa/adsp/libqvr_dsp_driver_skel.so	127736	a4edbb833b64197f694270f6643c64b803cba12bd7bc03570e052c86b2bf71d0	elf
lib/rfsa/adsp/libtracker_6dof_skel_8450.so	31295312	8a314ba368a7c25a54ff0156caaaf737587d3d7484bdd34b7ddbd98a895fd9c9	elf
lib64/android.automotive.watchdog-V2-ndk.so	85544	1d7bb95036d730937d0f432813a86eed1c12315f133a6c84cca69fe974fab288	elf
lib64/android.frameworks.cameraservice.common-V1-ndk.so	51672	9c5d939e5a05d167bdba1406e5ed3eab13a2faa1ced5ef40b3529165e6da2d4b	elf
lib64/android.frameworks.cameraservice.device-V2-ndk.so	118984	b232354d2e2b188d9fc936dd0e010af8081beff21b7b1a5860a041c13e429501	elf
lib64/android.frameworks.cameraservice.service-V2-ndk.so	85680	631af122ae82c619604d6f42dfeec3dc739ce04ad55cdb96c43734cee3101762	elf
lib64/android.frameworks.location.altitude-V2-ndk.so	68824	ea9d7fe3b2973365056f2b248142fd84fe559f99ff0811035bec3aa6b0d0fd2f	elf
lib64/android.frameworks.sensorservice-V1-ndk.so	118520	5bac011cc28b807750cf8c94e18a1dc9f1c67a60efa9d3515d8a1367f9cc2b0f	elf
lib64/android.frameworks.sensorservice@1.0.so	239720	269ce4eee6615acbe447e91caf9820d12722f324cfff9499a729be34f7ed66c6	elf
lib64/android.hardware.audio.common-V2-ndk.so	52848	6c7ae46a53ef51f38e4ebf8273ce152ca1d3817621345849dd16ad532c153a2d	elf
lib64/android.hardware.audio.common-V3-ndk.so	52848	8956af70e0d0604adfa3b6e8ccc366bb200ee625d7c7b80be67e9e931378b1f0	elf
lib64/android.hardware.audio.common@5.0.so	51856	0f8540d53cbc9bf999dd34e0e6054777293ddda37675320e9e2940348d76f88e	elf
lib64/android.hardware.audio.core-V2-ndk.so	418224	d0dabba51c4b482ddef71c5c40a9c4d96f392914936255fd3f13510c934b20b9	elf
lib64/android.hardware.audio.core.sounddose-V1-ndk.so	86032	73cee9a8185b3fdbb0ab2bb838116c6860a5715be6b774d50e1acfb2b2aba4d6	elf
lib64/android.hardware.audio.core.sounddose-V2-ndk.so	86032	6ce2668753ec4511aa06ee48c60e95df2f994883858f3986d20f53650ee8e69f	elf
lib64/android.hardware.audio.effect-V2-ndk.so	407360	a93e4b9e4a2e588e1acbfc0af8e44d28bd1f2f9921876d054fb1898a2dcdbf63	elf
lib64/android.hardware.authsecret@1.0.so	119328	8cf87759d0de245002dd4a8b760e7191877415c1be0e4385c437d8e7b5138be9	elf
lib64/android.hardware.automotive.vehicle@2.0-manager-lib.so	286696	888d92edc767f915cce98dd0f65fe698a3f448e0395633c447dd8dcf13e36bd0	elf
lib64/android.hardware.automotive.vehicle@2.0.so	221552	2800057c0d186fb90092b57f6ecfaff2337fc7ef7ade95f7a41f3482be2cc802	elf
lib64/android.hardware.biometrics.common-V4-ndk.so	86280	97a9d508020f64e68b01a23188416ccb877f2e9144ad639b3ea54b6fe909878f	elf
lib64/android.hardware.biometrics.common.config.so	136680	438d4102d28155714e078444f0d045c971a9cc6af8deb0904817f8958a8baa73	elf
lib64/android.hardware.biometrics.common.thread.so	51840	99b287ac8021631c529a378adcd972f5d4137d3bb2ca2dfd4958ac086bd7a4d4	elf
lib64/android.hardware.biometrics.fingerprint-V5-ndk.so	251064	9dccaaca14fea36c3e98c1bbff9ab5330022affa6ae0bcbc0374c6c486313b10	elf
lib64/android.hardware.bluetooth-V1-ndk.so	102152	28498f9d0c4a221cf8a6f499bc34e746d23a1011b107ff6ecbd1765b3d1fa667	elf
lib64/android.hardware.bluetooth.audio-V3-ndk.so	222152	743e3567c111a870e4e54456bf12ee903db3540e119c92efa8c12eb7d2bf2762	elf
lib64/android.hardware.bluetooth.audio-V4-ndk.so	372488	576354fb858e218aa193715030c1be0be7c833faaad1259b64e5f6fa3d7c8852	elf
lib64/android.hardware.bluetooth.audio-impl.so	374744	fbf42f4e42e4dd804ee49e8ef617f64c6bec7591cd8e8b34aa65c8a09f4de975	elf
lib64/android.hardware.bluetooth.audio@2.0.so	303952	6f121b384feaff641018fa5e218bfb009c9a3d5b13f7fdb6c278eb5ca84e8244	elf
lib64/android.hardware.bluetooth.audio@2.1.so	204456	a8455dcec78955b9f41e6e19febd90290e31bf13ec6200b297fe79f76517b38f	elf
lib64/android.hardware.bluetooth.finder-V1-ndk.so	85616	5d3f70b6b6cb0c756f5874a5ae195fc77aad876968fa01641268f7e2ca009e6f	elf
lib64/android.hardware.bluetooth.lmp_event-V1-ndk.so	85840	f0a90efcdf4a1a9946234c462c0dd2171439c405bd1c68061890e9e65a1ab95f	elf
lib64/android.hardware.bluetooth@1.0.so	169792	e2dff9a1877792330e1886f86d2f6c8e172ad37c394d27ea9b9a6285ff81a8f6	elf
lib64/android.hardware.boot-V1-ndk.so	85408	4dfb8380199e30592f946ef5e36bef8e61fe401349f76511bc22c9211a8f1147	elf
lib64/android.hardware.boot@1.0.so	136656	9f2491df97c167f35e4a051683feabf2771edd55b907db27fdc4d7ea43769648	elf
lib64/android.hardware.boot@1.1.so	136032	9e143efbb290554f5123c97bc1c2db83a28eba1f192e1cd94305a9fc32fe9353	elf
lib64/android.hardware.camera.common-V1-ndk.so	52128	2ee46a2926115f8e32fae4e5b1197188977d0050b74f64702a32682d948db221	elf
lib64/android.hardware.camera.device-V2-ndk.so	235784	e6fa19b8dd99ba336d8dfc945d0199e12de992d0d3add84add0961167f0c5804	elf
lib64/android.hardware.camera.metadata-V2-ndk.so	35192	3ead7aad089b7db9a921668659869bd875eb8e282176e86cb006180bfa9d3f4a	elf
lib64/android.hardware.camera.provider-V2-ndk.so	119104	fde516ce57d9712e73a5aafdd08f0b10e5a04be7d00be17bff841b76e034de72	elf
lib64/android.hardware.common-V2-ndk.so	52040	df669f6139af9370a003bcc7f11ef3ef9a96b5b2044b11f42d77611c871dd7e2	elf
lib64/android.hardware.common-V2-ndk_platform.so	52040	10af4b6648963b090d08ceec6c10de6c047342addf1fd41e06417812276addf8	elf
lib64/android.hardware.common.fmq-V1-ndk.so	51688	56bcb195fc2749c67e0eb7f2da7f47fa1a3aedfc54059f12867446a6ff010bd0	elf
lib64/android.hardware.drm-V1-ndk.so	251888	ec7e890004153430c22ad3de0ac8c2454978732ce049106e8b5b96e809f18cba	elf
lib64/android.hardware.gatekeeper-V1-ndk.so	85640	795692e33b6242c316233141f1a71fc2b2dea3209fcd117678bf8bae0f350dbf	elf
lib64/android.hardware.gatekeeper@1.0.so	136528	f572d2c57e61225090e9b57101a1b8af476ec86a8a7592e4e57dd6397f22aca3	elf
lib64/android.hardware.gnss-V4-ndk.so	649656	ec247cb2eed7288609b699825710ce59709326f9ead15160a98646d8bd8ac179	elf
lib64/android.hardware.graphics.allocator-V1-ndk.so	85752	2aab86bc5fcb2e6e5669690d7c0eac4970105aae61e805d6fb7d27d4fdc8c29b	elf
lib64/android.hardware.graphics.allocator-V2-ndk.so	85920	4d97077b7d13b3d3fa4e5f25e186be3943aa9717b30fab715767ae5a1b88fa1b	elf
lib64/android.hardware.graphics.allocator@2.0.so	119680	edac29bba2c9f5d067efa20bb6b5b08a418c3177bcd3b9d44aeab454a82375f8	elf
lib64/android.hardware.graphics.allocator@3.0.so	119680	9af49d7143042b650ab017c4bdfc89edc6a79eb1b382acf949f8d21bcea56fa1	elf
lib64/android.hardware.graphics.allocator@4.0.so	119464	e482f6f042fccd28581ed225aaf6f6d3ccbe75c7cc3bc1f1dbd7baf5fa9c302d	elf
lib64/android.hardware.graphics.bufferqueue@1.0.so	273288	44ece86d8d363a7b0d219faf7aefda4dbb340427bd184742dc6d8bb5c79eb9f4	elf
lib64/android.hardware.graphics.bufferqueue@2.0.so	239256	f97dadf1b8f15d6dc8840b3de41da74cf897820b163edab0810330b9ca5b8389	elf
lib64/android.hardware.graphics.common-V5-ndk.so	52384	3831356cc31bf38d8cac9a47eb4866fe9572b384ef5bb3e009882c38400b1668	elf
lib64/android.hardware.graphics.common@1.0.so	35240	ceaf4165752a28a7d97b06191e7a649c6ab207c4d9b57c71736360120ca302ad	elf
lib64/android.hardware.graphics.common@1.1.so	35256	3ae665aa4df8a67b2249a576d4d342ab2cadc0d36092d6174b12a57ba8cb04cd	elf
lib64/android.hardware.graphics.common@1.2.so	51704	9125b85d36ac87934614c13d8da2f0f953f90197026492dc250eb3434aa8ed41	elf
lib64/android.hardware.graphics.composer3-V3-ndk.so	285872	85fa51194fd70f48b28ef7066f60b7e04a6f59a8c4804f60b7562e9b9de99735	elf
lib64/android.hardware.graphics.composer@2.1.so	341400	3def2c519aeb157fba16e12737f26a6da1911d97fbf985282b83b2fba686a602	elf
lib64/android.hardware.graphics.composer@2.2.so	273992	5d686b143b226acc22372e29fc98967efc2f66364daa77c890c58045ac1abb30	elf
lib64/android.hardware.graphics.composer@2.3.so	342384	1d18c9dd20afc884112b3db11d9c9ca453fbc30c58bcdfeb81ed6fdb21ff51ba	elf
lib64/android.hardware.graphics.mapper@2.0.so	136616	7f4f2b3ccdaa31ceabf4436f9ea7daca76c5a5117f4165e439835f7fa8a4c8d6	elf
lib64/android.hardware.graphics.mapper@2.1.so	136664	c2a5f340e164f9df321df95f30862ce27a97f282dcca4f3af1f6604b667ffe82	elf
lib64/android.hardware.graphics.mapper@3.0.so	137360	00c1b64410a084f99d9d8a0c5d35c880e2ab97e19c37e69ea92179187de25d01	elf
lib64/android.hardware.graphics.mapper@4.0.so	171832	abdebe1110c4d6dad756c91194bf7617bd00f90e053644e32e77db44397e3233	elf
lib64/android.hardware.health-V1-ndk.so	102408	5325978015fd602f4f112c83378b68a456d807015dc8be28b56cc94d98074da4	elf
lib64/android.hardware.health-V3-ndk.so	118832	521cee972d94b8917d7bd85bcd3e5631ede327b345f5677684615e55d175d721	elf
lib64/android.hardware.health@1.0.so	51736	a43fa0a5ebfb6900a61213b2a903bc82bc30424b0924e765fd3859ef47ca58c8	elf
lib64/android.hardware.health@2.0.so	222160	0314f96df6031e3ee3a75bd9e1e3f5bb5e199dc59f2e9d0f1a8e9ca96a479408	elf
lib64/android.hardware.health@2.1.so	205048	b13ed7b1cc27d7bbaae21cd22bffc17933db7f4f11f2f8ec465fb22d06361787	elf
lib64/android.hardware.identity-V5-ndk.so	185240	2b23dd6684b1b614e3d109ee4eee330aeb9e77c71f458cb7197f5ae14bd03da0	elf
lib64/android.hardware.ir-V1-ndk.so	85656	9f2f1ab833dce8a2578b62db37c0e0215ee9787ff917a537b8e2fa857988da93	elf
lib64/android.hardware.keymaster-V3-ndk.so	51880	b0a509c0a5bdc5bcb3bbb2788017e112040f24ccda0ba4a8a3f1f5826e35d056	elf
lib64/android.hardware.keymaster-V4-ndk.so	51880	15ea8a3f1cfb2153a686731208c0849458be107428524406b4871a89dc2c2271	elf
lib64/android.hardware.keymaster@3.0.so	189024	6f0dfd001f48f58f2e76f9062957de84994379ecd0eab263ec79adc04e430034	elf
lib64/android.hardware.keymaster@4.0.so	223472	768fb46ad17b66292720df0b8d51f1c26e3099ccb8569bbd7b4ebf0a0da7dac1	elf
lib64/android.hardware.keymaster@4.1.so	154264	2fdad1f10ceb70c3af4d060facd1620d3bce1282db1fb6e12a53585f8081c2cf	elf
lib64/android.hardware.light-V2-ndk.so	85624	d366f85639b4fed5bc125709830d549069a844df4d33a3f8566304ec351acfd4	elf
lib64/android.hardware.media.bufferpool2-V2-ndk.so	136064	b1c4beeef8305c72b78ba78ac2ca57c7d5af837399b7100155fff1a9515f6494	elf
lib64/android.hardware.media.bufferpool@2.0.so	287960	3b5659be007bd158b541527ad034d3973d1f3b8f722786b9da5d94650cedbab3	elf
lib64/android.hardware.media.c2-V1-ndk.so	352464	2d90cb9b79ddc3bdc1f58fc6746598faa2ec4263553f2e69aca707b240dd1283	elf
lib64/android.hardware.media.c2@1.0.so	709672	aadb276e2a75197f67f8f1841726ba608cbc71ee8e865b1e07148422b18ce517	elf
lib64/android.hardware.media.omx@1.0.so	558544	d3154a9db924bb13244ed75f98bcb40490c2ad1f99366170f28fa7be57e63b08	elf
lib64/android.hardware.media@1.0.so	35384	38af7d4a0bd73a46974868bf1d6cb05bdd75ecbd29cbd1883ccb6f0018ee5009	elf
lib64/android.hardware.memtrack-V1-ndk.so	85704	4bdd0692e11edba2aa766031fc47924a4945e7b330c3902816e4b835cba8b979	elf
lib64/android.hardware.nfc-V2-ndk.so	102216	9455413fb97781dd7277dce8553c8e570fbc099a53f2dd4dbc9f5940f9c7c5dd	elf
lib64/android.hardware.power-V5-ndk.so	135456	61a1ebeb528119aa95a491fa696d73b2ad7c1d8faf95db5d9156e18ccb22af8e	elf
lib64/android.hardware.power@1.0.so	119640	3fe8b7ce5bacfca6dfc8fd17916ef3eeb9c0bab68336c09ae081c00888d02a3b	elf
lib64/android.hardware.power@1.1.so	136240	87bb388c70922b6ed4736f53aa3c6ee626a7d9d824ed9aecf3e2db631651a5c3	elf
lib64/android.hardware.power@1.2.so	136080	6fbec570a609dfec540bda44eff0411af544a9963af7627ed4cce86db27b66b9	elf
lib64/android.hardware.radio-V3-ndk.so	51704	48295ff7b25fff721d29fdceacd751a9e943a971034eaf1d19d1bb96695fcc63	elf
lib64/android.hardware.radio.config-V3-ndk.so	135592	54d773eb84ba29d8dc8abf645954a48d06a4417b3d7df1a2ed22e43066a6e7b1	elf
lib64/android.hardware.radio.data-V3-ndk.so	218568	6fbc5b87ec2a1c079e5cad046da3f266646f2dc8c2850f83b26188a45a25ee0d	elf
lib64/android.hardware.radio.messaging-V3-ndk.so	201344	15f58264e05a77c87cc03be1b3b6e19532ad17d9a4b2a8116178d05ea53fef45	elf
lib64/android.hardware.radio.modem-V3-ndk.so	184896	780e560f540b243c2e26b1a6f520ff17239fae686a54ec7927e8c905cd2883d1	elf
lib64/android.hardware.radio.network-V3-ndk.so	384496	33ea1ab0b0d8680c56f32cafbe1b72bb2cc5e7c8d70c3df3f81fcde3b798f910	elf
lib64/android.hardware.radio.sap-V1-ndk.so	102224	6b2693d86a0bac6897ca9967af9406eadbcf639ad79176a4ab8186f64cd74a8b	elf
lib64/android.hardware.radio.sim-V3-ndk.so	267208	968b8f6ffa38c3b60fc4d0f7f1d2c7369d0d3278f334760683d62594e18ef4f3	elf
lib64/android.hardware.radio.voice-V3-ndk.so	300440	6ce5adc4bfb0343e25d2a30df2a176b7320b74f4b45e65dacedcff88c6d455ed	elf
lib64/android.hardware.radio@1.0.so	1959944	c249d07cfada2d6f930ec8f2efa94aebbe4a6f56be8c7b2f0770b45b8b9a3291	elf
lib64/android.hardware.radio@1.1.so	1391056	7357115d2e0fc3070818240e8f47004886252706996fe00e6457fb732dac49e0	elf
lib64/android.hardware.renderscript@1.0.so	421512	2f083cf4da519206cbba2583021fc91b58e4cb2c9bc92138c94af9037af08859	elf
lib64/android.hardware.secure_element-V1-ndk.so	102224	1087fd714d681ba9511b5746f287afa5a807ad52c1e2726179eded640a419409	elf
lib64/android.hardware.security.keymint-V1-ndk.so	153544	70d7cf223078dd76f48d24a9b45964d341465aa579046a345e41a2361064ef71	elf
lib64/android.hardware.security.keymint-V2-ndk.so	153616	ee6bd22c9f853fe50cca1a077073079d0f8ff2f5177d727fc513be6ab643fac4	elf
lib64/android.hardware.security.keymint-V3-ndk.so	153616	7950e98e8e8332349de40d12cbcef821dffd26a2f2becef05bb3c8972f2fa9e0	elf
lib64/android.hardware.security.rkp-V3-ndk.so	85848	ab8d1881e8f2d7cab1ccd85a9ad415e23c50e5de60a524217b0f2cf04ea27dab	elf
lib64/android.hardware.security.secureclock-V1-ndk.so	85480	7f4b78b18f472c49764476f42e3098c4ce5096aa4baf25cff84723a66eb39161	elf
lib64/android.hardware.security.sharedsecret-V1-ndk.so	85704	a96f63db13d43b581d820be552a5ae07ed80a66aa2837ed8828542a100696563	elf
lib64/android.hardware.security.sharedsecret-V2-ndk.so	85704	75351ced747d9ad268acc4f92776cb7dcdacef1c6a0558f532ecee17698561f3	elf
lib64/android.hardware.sensors-V2-ndk.so	135584	375e85e45574b373f04bf14449b390218fefe20d88abd83dd8718045ab06cce4	elf
lib64/android.hardware.sensors@1.0.so	153528	f82582a01daa66f729f6574284c52f5722278b0bfc6306fe4775337e79922af7	elf
lib64/android.hardware.sensors@2.0-ScopedWakelock.so	51664	9dc6a59f52dafd359467e494e8a473be19917320aa15890d95e4993d8f27e0db	elf
lib64/android.hardware.sensors@2.0.so	204320	0bbfbfbc67b4feecc4a12604725bac514eb69975853223b6b04861eb1e207275	elf
lib64/android.hardware.sensors@2.1.so	204168	45f3a54a5a3eb3896421267c15811ba81fedc08c3f7b106c4060a31d29b069f6	elf
lib64/android.hardware.soundtrigger3-V1-ndk.so	135192	431e47ddf5127133c7bf74f188ebaec5a6b6d86b7c27a8e0e8dd2dd425181b7d	elf
lib64/android.hardware.tetheroffload-V1-ndk.so	102384	d11167ba7ffa67e411376bebf7dc0c31942990f33c96c8e095032b6701627377	elf
lib64/android.hardware.thermal-V1-ndk.so	102488	df69867678a3a92ea09cbf97cc9a93bf1dcdf99a66c593de9bd38083719adb3e	elf
lib64/android.hardware.thermal-V2-ndk.so	135472	2c20ff1da02c56ecdf0b170b26de4134fc2dea6b5d5bfbf2c9c13797a268fcd6	elf
lib64/android.hardware.thermal@1.0.so	136472	5843d4424bdf6b5c4748070563792184b97b1ffb3e476e193011dcac06b0e390	elf
lib64/android.hardware.thermal@2.0.so	204904	6f68ac4cc16890629c0c17e0f5627b2ddcb488f26ee90ba3b61f357993b3cf8f	elf
lib64/android.hardware.usb-V1-ndk.so	102312	5aa3e572d0521ce9bc047709eb208a494573b40e9e878390b8bdbc26096718c2	elf
lib64/android.hardware.vibrator-V2-ndk.so	151864	a40bd080ff160849717c717ecbb7ba102d93a8087f31b574ce02383ba1797024	elf
lib64/android.hardware.weaver-V2-ndk.so	85584	8551dca902701714be62e00362ecd9e369a8f01c6aabc00bb799a69b9c917e97	elf
lib64/android.hardware.wifi-V2-ndk.so	630136	9b53d9fb33742af64bc1638ad6aed772a25ff2f4708623a5c9a7735a53490549	elf
lib64/android.hardware.wifi.common-V1-ndk.so	51672	3e794f6fc1e1c77401a65936f9a95fa593995b9a4b33bf8b57e2930e39c92b96	elf
lib64/android.hardware.wifi.hostapd-V1-ndk.so	102080	82257044a12a229a7529cfba07d1323d72e4c838952eabd58d81a38ed8ec5abd	elf
lib64/android.hardware.wifi.hostapd-V2-ndk.so	118536	04e15445a83e9358ad28a39262ec48a253eb19ef61b45be4f1db6613d369bcc6	elf
lib64/android.hardware.wifi.supplicant-V1-ndk.so	627792	22e727965f8f9d4f522e72fd7cebfbf08391552dfe510cc822762574f480f777	elf
lib64/android.hardware.wifi.supplicant-V3-ndk.so	759696	2e1ca26a9793fca06c27f11202170406ceb25129e45fda207ddcf3790d4f527d	elf
lib64/android.hidl.allocator@1.0.so	102968	10af8681c6ed147e811614ac0a06cdec6a18ca2ef3d771bf9ece36372ef90f31	elf
lib64/android.hidl.memory.token@1.0.so	86296	0137857c9b0fd457a3fb94cc535d8e301a19a02fb946a891cb6128577738eca4	elf
lib64/android.hidl.memory@1.0.so	152864	6da43f16db1fd72c3ba756630fa847b8aa17cd9f7594863941e55bd82695492b	elf
lib64/android.hidl.safe_union@1.0.so	35224	37af39af3574b7b566cf0ecdfec20f3530a0fb1e3cfa2e7096a16945551ff3c2	elf
lib64/android.hidl.token@1.0-utils.so	51960	3c953d05132a5d68ca4c2fff7d1d1e8f7b094f861ddbbbe1830191d866e7960d	elf
lib64/android.hidl.token@1.0.so	102848	e320f71133449f34e5437bbe902870717a91d4f5aac8123d94a87955f0ad34b3	elf
lib64/android.media.audio.common.types-V2-ndk.so	118840	81f11e7db309028a513ba4996cfdca5b545614df8548dae55210e33af3368146	elf
lib64/android.media.audio.common.types-V3-ndk.so	118880	9fbb3d496ff6a1b9cc209689d99fa3cde272a052eb8547534565bf96bcbfdcd6	elf
lib64/android.media.soundtrigger.types-V1-ndk.so	51928	de6c19aa0f9c218d768d1fbbcfa38754d7bafa7eeb5b7c56ebe9bedebcb3bd77	elf
lib64/android.system.keystore2-V1-ndk.so	135744	4d224681b51b699bd41fb49a09b01481ef1a09db644ed8e02c010ee80032fbdc	elf
lib64/android.system.net.netd-V1-ndk.so	85200	053a1600ff1058f48f2d91655d28f6fc67724bbdefacff8a4de90ec34d8e108f	elf
lib64/android.system.suspend-V1-ndk.so	85296	76d66837414f42f3b23efe23e15d698024821de7b40717348aaf11e4fcf0d3ac	elf
lib64/android.system.wifi.keystore@1.0.so	103208	af04eb747f43b28ce3b10f44433f55e90443b9d8d267172dbc56e08436dd913a	elf
lib64/bm5a73v04s13n00.bin	5238784	b982e90a37fca0153ce82fd75881c8783e8e241d18541a1802f04374969bcbc3	binary
lib64/bm5a73v04s13n01.bin	5218304	35b9eb93b0437ecedbf59b17f5d5230a2c91847af2fba90d5248c38f6f015c97	binary
lib64/bm5a73v04s13n02.bin	4153344	a954d52496486393655c6097de165ccdd9b3d51ff68d0fda6904054a240fdb41	binary
lib64/bm5a73v04s13n06.bin	765952	bac84666b02966f8ecab2c842433f3b846a6d24a9bce0da940df8864637a7fa4	binary
lib64/bm5a73v04s13n07.bin	610304	23cb9fbcf8c160da10322864c5da5f49c3915f199cad82a30d569d097ee6df1f	binary
lib64/bm5a73v04s13n08.bin	794624	7028fcdfa874d24e0c644a139a1ace98ed336d5a9bd63e186da3cffaefad29c1	binary
lib64/bm5a73v04s13n12.bin	4243456	4cffbb980bb522ee506731f8191056b87491f8ba110b89d2f02eb996220b5bcc	binary
lib64/bm5a73v04s13n13.bin	929792	5868d0a8acba10574b8ca35c1519ecb6fbf8f912bef860201de567b03efde456	binary
lib64/bm5a73v04s13n14.bin	610304	9e9a7aa4442356bf9a58aabcea700b8fcc943acb74f47193a23d5d27f126ef30	binary
lib64/bm5a73v04s13n15.bin	573440	9ef47967b2772898cbf222609bb029a526c15bb159fcb8bfa6ed841d5ad41955	binary
lib64/bm5a73v04s13n28.bin	1200128	e1cf845fe098065bec64a2a52ba398c3efdea0c8027c66efbe0d4db03ca1d757	binary
lib64/bm5a73v04s13n31.bin	487424	e1cb547bdf01980992f41d850dfb112dbc91dde159354e9412a85ce6be3ebbc2	binary
lib64/bm5a73v04s13n32.bin	442368	ca5f46bfd38f0ec05f7cdfa96818d3ad5b8aa237678f0ed9b9ec1da7224799f3	binary
lib64/bm5a73v04s13n33.bin	843776	989c1a0f8d9de4111d3f2a08f237a91557d8e71398293d3ab4f7aaeb9643a1a4	binary
lib64/bm5a73v04s13n34.bin	806912	bffbcb4b0f4762415b8bc422896540583ff525104d97aa37481d1c66a77b5b3f	binary
lib64/bm5a73v04s13n43.bin	5599232	58c5ada300262350cd3b180b3964b531f9d27c12811b69445ca49429fa85313c	binary
lib64/bm5a73v04s13n44.bin	5738496	03cea9eef005d547177a0778dcef2f0734cd12726c85f4cc1c6833e30d927ad9	binary
lib64/bm5a73v04s13n45.bin	741376	35d76e4bc34b8e95eb50a206921ea4c651c4ab17bd2f897db880b5bd8d31e89e	binary
lib64/bm5a73v04s13n50.bin	12066816	8c44f290f31ff1b11b3a9d3f962d7f34517e809bc52a80d8e3ff7bee004b6a14	binary
lib64/bm5a73v04s13n51.bin	12029952	4388b24f15db58022b3588da3a72aa9a2580a44092e137effd2c958ef68de1ac	binary
lib64/bm5a73v04s13n54.bin	741376	4bf365d01c1089018a5f3c6e41c900f380bd2c6c327fa7f99b82dc32829c84cc	binary
lib64/bm5a73v04s13n63.bin	4571136	f6a50d0797e0ca76a363f02975e1478d32cd6b9d068fd89734508debbd5c50b1	binary
lib64/bm5a73v04s13n64.bin	4571136	48740a6b05a16dae1b5d084a03671951baecef20aba12551351dd35a2c980e40	binary
lib64/bm5a73v04s13n65.bin	4657152	1a22243b89cc95772f863fe00a74152124e6f9aa8b0390262388d31bcda0b5d8	binary
lib64/bm5a73v04s13n66.bin	4657152	619c977d5cc3ef45e7b2de3cc1c7f5d7ce4bcb1dcd6c62fda783c666f31c7d77	binary
lib64/bm5a73v04s13n67.bin	8794112	e9bb7509c94dff33962732e9662410039c31a092f764a7af0a90a609c8233084	binary
lib64/bm5a73v04s13n68.bin	8785920	89b56f1e7fdd533399cb4777c36ba39408c738fc50d86d3316e60b777814669e	binary
lib64/bm5a73v04s13n69.bin	8871936	13ca30a2353988bd0b6873d4b7d5ab55768d705b1856c4e41edb7058a188b3cd	binary
lib64/bm5a73v04s13n70.bin	8871936	019f703fd8bcbdebce0dfed7ac0fbef24b0e11114a8d9dcb723073852ba18c31	binary
lib64/bm5a73v04s13n71.bin	237568	eee07c2929e907f2fcd045cc6049ea8080832661890889fa3622df17608191bf	binary
lib64/bm5a73v04s13n72.bin	237568	50d291a4b5417d7fca6035b3dc73a359120327dd735c4a2aec97854d3ffd08e5	binary
lib64/bm5a73v04s13n73.bin	237568	ae37a6678aa7dd458e9c0af344813c0fb51e20e195d1425778e25f178f7d8178	binary
lib64/bm5a73v04s13n74.bin	237568	699e4098c3da3a61091dc0038c4149e03beb1907129ce39f18096a1d0ad57976	binary
lib64/bm5a73v04s13n75.bin	487424	e1cb547bdf01980992f41d850dfb112dbc91dde159354e9412a85ce6be3ebbc2	binary
lib64/bm5a73v04s13n76.bin	442368	ca5f46bfd38f0ec05f7cdfa96818d3ad5b8aa237678f0ed9b9ec1da7224799f3	binary
lib64/bm5a73v08s13n00.bin	5238784	e3b7777f592cca8bfe8ca7131675457b74ebc39dad47d625ea026536a528402d	binary
lib64/bm5a73v08s13n01.bin	5218304	cea534756f934dcd01233a218b646b25464912e9076e0476966f2ff0182ab54e	binary
lib64/bm5a73v08s13n02.bin	4153344	e63d259acc1a0f749f986e87840948f67b48d35bd6f37864066ef7e6d1d4f804	binary
lib64/bm5a73v08s13n03.bin	4263936	ac19bb4d41ea70ee70acfe7dbabc3e6c7e85a10ec2a83bb928854e69005a311e	binary
lib64/bm5a73v08s13n04.bin	4288512	4ddb994884d8e8b84f45608832f573ec09f81a379b0d3fafed86399c28bcba64	binary
lib64/bm5a73v08s13n06.bin	765952	49ad311bd3df70a7e49b610ac5ee067301786a8d623eb302a111df4d3155b645	binary
lib64/bm5a73v08s13n07.bin	602112	b63bd3c4897d3470251d588d7ef6239b976391f3102800ae4766ceccdf37aed7	binary
lib64/bm5a73v08s13n08.bin	782336	b661863879778e2796ce8cdb0a6cf52fe11809a205da688810981df6d50001f4	binary
lib64/bm5a73v08s13n09.bin	1589248	408b8bd1b384a9a9ffe8cdefd05cfaede3e1e6a68cdfce88c796509eb745fee3	binary
lib64/bm5a73v08s13n10.bin	1187840	b2d0c93dc970c3acd571b8ceccbe866eae61422a3dd01db0ea115d682d129178	binary
lib64/bm5a73v08s13n11.bin	23793664	0d03ec541fcfb165bed821507e657262e3e64eab442e435e9e9432fa182e3e9d	binary
lib64/bm5a73v08s13n12.bin	4239360	93b0dc08226d7dbf0d9675b006fc0ed9a23316ae04373e4a13dd89b3ce15f103	binary
lib64/bm5a73v08s13n13.bin	925696	2ba8bc2f0739e750e14a379c0ae309115d25cf9679624e6656a8bdb46bed338e	binary
lib64/bm5a73v08s13n14.bin	606208	f8f7a3553ef2c20d2acf4ebbddacf7bad3e74a5c9a5ab2993a78645ec5337cc2	binary
lib64/bm5a73v08s13n15.bin	565248	ac4a8e605957d3c1b10d8b999471418dcdf94ceb3fe91e76ca4221972622c0d9	binary
lib64/bm5a73v08s13n28.bin	1163264	521b98ff8ad51004d11b975b75cf8b083a08c6ff153719037fecd1fa7e8eddf3	binary
lib64/bm5a73v08s13n29.bin	5455872	513016ef066fc04f3c810e5a6b5b426d25327ad0fe60f11e3dc4339aa4ae01b6	binary
lib64/bm5a73v08s13n30.bin	4009984	a2dda16b52c030985b06e0fd2c324a5bfcc201fd9665915a0242f019b8bb3a43	binary
lib64/bm5a73v08s13n31.bin	335872	3ac40375faf7f695cb1973bb50f07dd542cb964d61748d48f48cfbe04835e117	binary
lib64/bm5a73v08s13n32.bin	311296	d9dcbc4b26da6ea62de22790e63051f3869a713af632b21461d1ab1c27d28652	binary
lib64/bm5a73v08s13n33.bin	843776	989c1a0f8d9de4111d3f2a08f237a91557d8e71398293d3ab4f7aaeb9643a1a4	binary
lib64/bm5a73v08s13n34.bin	806912	bffbcb4b0f4762415b8bc422896540583ff525104d97aa37481d1c66a77b5b3f	binary
lib64/bm5a73v08s13n37.bin	5554176	704a311f928f9291a80eff4178e9b55ab3c7ac201e334b927ce519a3c34737c3	binary
lib64/bm5a73v08s13n40.bin	4214784	14e935588597aebbfd621533f37415079348e6021cfbb3b22a3091507a418053	binary
lib64/bm5a73v08s13n41.bin	3969024	3a7dad62d4629b62e8cb96e839c1ef64aa9a9cd2b72a02bb217ee91fadea9a75	binary
lib64/bm5a73v08s13n42.bin	4120576	52ad49ce28a33d6a999413a1229b6168b62fd240dd0c2e56cd849d862ef66798	binary
lib64/bm5a73v08s13n43.bin	5599232	7b225ce57006f488e948243cf569749d30b5b010ad18df0c33a4e780e5cb11f3	binary
lib64/bm5a73v08s13n44.bin	5738496	5c6c38c14dcd11a1bddd7054236126ff2de9b4a09fefff7d4020e223f340d62e	binary
lib64/bm5a73v08s13n45.bin	745472	93ea0890f02786ed80ad7b044578473a1e73a3a6822eeb79d2ce7446b6d8dd99	binary
lib64/bm5a73v08s13n46.bin	4034560	f990500f157263126f9ecca1853c076e11d44b900660326ffca76e7901582579	binary
lib64/bm5a73v08s13n49.bin	4186112	f85d3e04fb14a09dd28287a2053b8c23aa4b5c80e1581a77bba1bb4e1a44f005	binary
lib64/bm5a73v08s13n50.bin	12062720	d581811cb222419e7acac0e3e6612550a0cd6966f51ee1095e2a38d2fa1bf25b	binary
lib64/bm5a73v08s13n51.bin	12025856	49742885722dca106f7dba59978e1d306b76b81390f008cceb32c95f888fb802	binary
lib64/bm5a73v08s13n52.bin	3940352	d1cadc66db4c76ed203098bf5b9487729fb8c7214eaf64e63e39e27cc0c63b25	binary
lib64/bm5a73v08s13n53.bin	4153344	fc1cd096afccec3d0dd98e969c953d41d29a4a5bc21092e12347746c9d22b8bf	binary
lib64/bm5a73v08s13n54.bin	745472	745f7600b3ffdea16da84fb5609af9dcac4a9c612d6a091d3d87b317d72cefe5	binary
lib64/bm5a73v08s13n55.bin	23584768	972274e4422e42543c85ecc8583b5a38ac941e46c7273b385e482f124ad3bc5b	binary
lib64/bm5a73v08s13n63.bin	4567040	60e7b328665358c8c55df2f1ed94ef170b00dcdf7ebed1cb01ebf3de2c184c53	binary
lib64/bm5a73v08s13n64.bin	4567040	879f2af4323a0d1e235f6e0ec58358f227f2cc73f9a2793fc04d3a78768e82f3	binary
lib64/bm5a73v08s13n65.bin	4648960	7d722fad184e109012d327a61c7faa21d88c4c594b2edb408cecac28429d5e64	binary
lib64/bm5a73v08s13n66.bin	4648960	150cc7276cfa2adffe5616fac249edd4f668edc3e6d1261dfddc89a1d2312ac2	binary
lib64/bm5a73v08s13n67.bin	8765440	95353d35d4653663af792a8f4451298aed706f34c384fb133d8ea0891dd1bd51	binary
lib64/bm5a73v08s13n68.bin	8765440	3e20b1b44d8a4d064ecbd790355bc0f95cca993961e3caeb37a5a8e1dbef5bdd	binary
lib64/bm5a73v08s13n69.bin	8851456	06faf522577b303015f8776e18d200bc0c9c11e8c1c3438511e28c8ab783e92c	binary
lib64/bm5a73v08s13n70.bin	8851456	fd11198efb6d25e6f68d501e8967c7f8f1ab8a4f54db29c504faf5859cb77670	binary
lib64/bm5a73v08s13n71.bin	237568	dc5d0d5e78cd79a4b624d3747c198a08eb4c55bfc15ad65af3d32f2c68d720e7	binary
lib64/bm5a73v08s13n72.bin	237568	3d58dc5756e7bcb8e398353883a12f15a6d3fe24c49a97b89f5e361373d6b569	binary
lib64/bm5a73v08s13n73.bin	237568	c561a4b9310cfde1f91829c781e0b8cf9bbd77459adf172321936e805ba27d7d	binary
lib64/bm5a73v08s13n74.bin	237568	bf971cb14255da64dd00931e9b776673d919a102876084599c87423fea0e8021	binary
lib64/bm5a73v08s13n75.bin	335872	3ac40375faf7f695cb1973bb50f07dd542cb964d61748d48f48cfbe04835e117	binary
lib64/bm5a73v08s13n76.bin	311296	d9dcbc4b26da6ea62de22790e63051f3869a713af632b21461d1ab1c27d28652	binary
lib64/bm5a79v08s13n00.bin	5238784	f8d41a1453017a9839ec86f2e00524f79f44dbc734e7b1a454f487203c8c034c	binary
lib64/bm5a79v08s13n01.bin	5218304	e3491d95fa1c286c639c2c1b81d467b90f56584d3940dcaf4a7103a1e3b061f1	binary
lib64/bm5a79v08s13n02.bin	4153344	2e303d47bf4bb08bf5ba4327e805521578791fa53cb9ed34f9dd0ea632292490	binary
lib64/bm5a79v08s13n03.bin	4263936	65d9ad1638e8ee42646564ce674c6e3a83413af45a7efe8ee2a2e43c145040fa	binary
lib64/bm5a79v08s13n04.bin	4288512	96455eb2d17a16d4984797ef2eb5ec66afd55e5bb89507cecc5d0467f443592c	binary
lib64/bm5a79v08s13n05.bin	1245184	4ff7e0da1c11710b987554452fa655675719e2cffe3ceb9cd0363c1c09c920df	binary
lib64/bm5a79v08s13n06.bin	765952	7beece3869306b4d407a04cd1eaf6fed7933a46011afbbd3c367547ca7bbe38f	binary
lib64/bm5a79v08s13n07.bin	602112	db0f005a303b576a0401f97b74aa6ae96b03ef8e7bd4f382cce968ddc1b8ca69	binary
lib64/bm5a79v08s13n08.bin	782336	482245b58603cc428fd6ff08fdfc71989518ae1e265ca6e7f85780216118bd91	binary
lib64/bm5a79v08s13n09.bin	1589248	2b5c8bd6f96a625b59767107272448545fab4e1207c7cceb5591fc83c3cff358	binary
lib64/bm5a79v08s13n10.bin	1187840	318f9296149aced08c87f40e9004026e40d4305faae703b6a8831187d736e290	binary
lib64/bm5a79v08s13n11.bin	23793664	48b602577405d0debe016982160748e437f4ebcbaecf6eb8e9fdce6a75d21295	binary
lib64/bm5a79v08s13n12.bin	4239360	e795000b1c492043899ba9e59ee02d7c83c80280b829a1cf69c6d80b864a1138	binary
lib64/bm5a79v08s13n13.bin	925696	89aca0bc0dc512fb104ce0c9f5d7a7caac1a1d1e22eedc8b7c0305cddcd0de61	binary
lib64/bm5a79v08s13n14.bin	606208	7f1d9dfb37d5e682e811e85a82aacdf613efea0fe8a1a5e3c3d3dd9bdb8da283	binary
lib64/bm5a79v08s13n15.bin	565248	f7e3a85fe397d33e02764a2ed3d4b3319160f2cddd799f3d5e34decbdd66170a	binary
lib64/bm5a79v08s13n28.bin	1163264	abc0a1df41fa06d1cb710f800fc6a969611bb9c99f61babba5699b0ac883c96c	binary
lib64/bm5a79v08s13n29.bin	5455872	e7531e7734f5b1046de92e82e01e5ab2764ac8fbf03f9f020dfe4ccc3bacc4e1	binary
lib64/bm5a79v08s13n30.bin	4009984	fa403e4187d14a0d6942f2ab916a1b9d1675c559d0804cbd5e52613510dc2dd9	binary
lib64/bm5a79v08s13n31.bin	335872	01ea45457c36056d0dec802839105f200bbd20324f00ebfabfc5b18bbed79d1d	binary
lib64/bm5a79v08s13n32.bin	311296	aecb56c052b54ea0a49513f159d85d5633b331925bc443b1f9249c7faf4aa4c8	binary
lib64/bm5a79v08s13n33.bin	724992	95abb5c2b9ad2ca3832f48d78ea04a500a8dd9ce04f469670fe784138407db0c	binary
lib64/bm5a79v08s13n34.bin	679936	ca7c4345d9ea7fe7c9cde49b37083ad96b0cf525550e4dcab5febdf8810ea011	binary
lib64/bm5a79v08s13n37.bin	5554176	31cdd550773a27336c775236dc4b7b9ebba0bb1ea3861aa49430348dc65c81ef	binary
lib64/bm5a79v08s13n40.bin	4214784	f00224d4dcbcb7fa2125837cc6737a3b64bc7c0c6bce30442a5dd8ac3ae9c299	binary
lib64/bm5a79v08s13n41.bin	3969024	5372dabfb0e641848ae85b6000f45fd24b6f516561c75e4479466463226c7730	binary
lib64/bm5a79v08s13n42.bin	4120576	4ae06e454de86eba698401cfe1d70db9817324f804314567a4a95bdce02f5525	binary
lib64/bm5a79v08s13n43.bin	5599232	e5e83a66d366762bff3981958ea7c9217b7344fa8559114d0986da551ad00182	binary
lib64/bm5a79v08s13n44.bin	5738496	c9d3a4639f21b77cd28288394a2c59045c3796f58a83a0f865070fffa37cd575	binary
lib64/bm5a79v08s13n45.bin	745472	6aecf1d60a4fa3109a053f327cef2919b8600efb9d1526af0798e6eab2f822c1	binary
lib64/bm5a79v08s13n46.bin	4034560	845c9d4724eaf44a00b6fa73d26f150835ae81e1f8a7178fab32e071773a03d5	binary
lib64/bm5a79v08s13n49.bin	4186112	c09646e65dbac71416b5d113bb7ddf704cd2b273d96d49edd1935bc80f0f6830	binary
lib64/bm5a79v08s13n50.bin	12062720	dfe644584b983c294b99cc29ebb98bcfcdd1f689f10047e61a4943db9f675fa0	binary
lib64/bm5a79v08s13n51.bin	12025856	8b2b1770feebb448aeacd720e9e053464aeff9b888309b04cc355e01d27c8099	binary
lib64/bm5a79v08s13n52.bin	3940352	099fd6dde5207cbb4c43bda05bc643b19d362e4d0952bda8d716c6af9b8eacf3	binary
lib64/bm5a79v08s13n53.bin	4153344	415116be55a9f1dd72d327f5d7442054970c5444b8fae1140c96b7827b25cbbe	binary
lib64/bm5a79v08s13n54.bin	745472	bc388eee1052c01965b90e677cb31069a07f0382d78196f7c6e8a06b32bab1a7	binary
lib64/bm5a79v08s13n55.bin	23584768	768ea2ce1a24cf9094961dabf47e07905e5d4c2a3569e4e35a991a8410480f8e	binary
lib64/bm5a79v08s13n63.bin	4567040	dabe34de9eaa76d6bbd9358418d72c6b5d950938b2ab85b181045371aa4d4e58	binary
lib64/bm5a79v08s13n64.bin	4567040	cb0305e3969370afa3a6ec6bd13b698553d18554ae45535623e4532f5c065329	binary
lib64/bm5a79v08s13n65.bin	4648960	73021504d41de7e159557ba142d4c9aac179d15566ebfac5a9cf9cbb10134d48	binary
lib64/bm5a79v08s13n66.bin	4648960	f2d856ffdbce438d6aa03b515d888436331a6eab50cdbed9e32df473e10f7cdf	binary
lib64/bm5a79v08s13n67.bin	8765440	28c1bbd011e9cf8c7b7301e5e05b9c8072a4f83641c57bbe7347a1f3f4758771	binary
lib64/bm5a79v08s13n68.bin	8765440	d630e496b8eb4ef85497803b35f23412f2f6cd6083f128e04f12419dd003dd45	binary
lib64/bm5a79v08s13n69.bin	8851456	f391499b2443f0a99041e9fc2e17f59ddd49b6d462755c0d168c8ec7a86db84f	binary
lib64/bm5a79v08s13n70.bin	8851456	8753d27924f3bb834c8077b90ca17314ff2dd2e4e2fba47b19196339ff8e74e2	binary
lib64/bm5a79v08s13n71.bin	237568	bb9d2452ff42fc41231392f795788d934c69ee133315a5ccdb82a30c8d06c52a	binary
lib64/bm5a79v08s13n72.bin	237568	7a31aab9801393a2c5450d1aab0b48015e4ffe096aa763e71f3b0678ffafcda6	binary
lib64/bm5a79v08s13n73.bin	237568	ab4b0ad376e53d439de10ed4d39ae7f16562b1bb45931a5c5a494e59a7f6db59	binary
lib64/bm5a79v08s13n74.bin	237568	66e04ff0d8e26c31b116f5a7e0acec00e14f2f392cbecaa008a0bb169a34fc28	binary
lib64/bm5a79v08s13n75.bin	335872	01ea45457c36056d0dec802839105f200bbd20324f00ebfabfc5b18bbed79d1d	binary
lib64/bm5a79v08s13n76.bin	311296	aecb56c052b54ea0a49513f159d85d5633b331925bc443b1f9249c7faf4aa4c8	binary
lib64/btaudio_offload_if.so	137928	25e44f0c12d540297df3141ff15cc1ed80606ad4860e53d861b02d7eb2496a8c	elf
lib64/camera/bitmlconfig.bin	620	24ce1855e84a9eafbfb97d72748f96435c61ccf3d28c8872ee19b1f3c825fff2	binary
lib64/camera/camxfl115indices.bin	9952	a621dd42f71cfc0b5212196620e0e4bc4ee0ae029780957cab152f529f3d3cbd	binary
lib64/camera/camxfl300v1indices.bin	9952	72c64edc28ad938ca61ee817b12659e8456d8d989ef0c903d1adac0d318276c8	binary
lib64/camera/camxfl300v2indices.bin	9952	6f8f09cf19b71aec9668664521a326374ceb04414096758fcdd4862fecc74c5d	binary
lib64/camera/camxflcustom300indices.bin	9952	1b79d9d3bcd70180723b7f3edc9946d8069c8d8337cf8ecf0eaf1ac8dcda991f	binary
lib64/camera/chifdnodeconfig.bin	377	5f03ad92b2aa33dbf8129b58484b60b2f5608e0e3f9dbcc7336a9a4b4d4ffdde	binary
lib64/camera/com.qti.chi.featurecompatibilityspecification.sm8750.bin	640	7368cb3b4880fed228cec8093908380845000a892366543abacd5feb7060c131	binary
lib64/camera/com.qti.ofe.profiledb.default.bin	8795	89e4a7f330bc5148bcbc43fb92c41ea550169ccdcab968bef3702f1733aecd37	binary
lib64/camera/com.qti.ois.ois_dw9784_aston.so	51656	24f89b52c8b7c220bbb4db761964c2c2c3ab07f4812fc1fb33650f0da5d0c8b2	elf
lib64/camera/com.qti.sensorsocmap.socid_map.bin	877	26b3afc18e0ad447317e6937389d06e4599675cd3693c76b4135754711aa2901	binary
lib64/camera/com.qti.tuned.default.sun.bin	1315849	4779da913e5f83f64c72e619471416dbfd7b5e36c16b095a6e4f7535f4f8fc79	binary
lib64/camera/com.qti.tuned.tpg.sun.bin	1130936	af59b1543ec53c9694ebcb3e8e16368ffc85562f176300ea086dde766a8e51b7	binary
lib64/camera/com.zte.eeprom.ov16a1q_aston.so	51736	1d1f674759e11b45b6075bed6f72dcead8b9f6c969ce84875ed277a3fae09488	elf
lib64/camera/com.zte.eeprom.ov50d40_aston.so	51736	1144d07f353dd9f58601cd2711ad5e850e301c4018c2c1bec029981e57b8d2d1	elf
lib64/camera/com.zte.eeprom.ov50e40_aston.so	51736	1ad9edd0d9bd9c86f50ae6f0aa95c76bbc67b964df0b734d719f62547d7492e3	elf
lib64/camera/com.zte.sensor.ov02f10_aston.so	51688	b3da18514d343d7ce7d4e4864547da28de35781cc964e24b1bb0672e72edf875	elf
lib64/camera/com.zte.sensor.ov16a1q_aston.so	51688	ad6f770a12efc0a1441a0a344efee2414244d4e7cd70ed7492aac7b59a10cbce	elf
lib64/camera/com.zte.sensor.ov50d40_aston.so	51688	791c83222c98fa7a0b5f058ce6ebc35238a8625ea3f711f03bed7a0b263b4d5f	elf
lib64/camera/com.zte.sensor.ov50e40_aston.so	51688	36e3294a892036ad36d48ce0a6710db28cd8f3a290afb4dc95e21116333ee155	elf
lib64/camera/com.zte.sensormodule.zte_ov02f10_aston.bin	26339	f21670d997e3d36a5dda47e16f679207c383ad5f2e062ca285ffa626de7d9fa4	binary
lib64/camera/com.zte.sensormodule.zte_ov16a1q_aston.bin	187209	573eb7d4bad7e6f2416886943ad3f27770361abd35709ddec1f3c20cb20fbc2a	binary
lib64/camera/com.zte.sensormodule.zte_ov50d40_aston.bin	285437	20927210185638bb9d4d6582df17575695a4dbc21902d1ea894785568456d2ee	binary
lib64/camera/com.zte.sensormodule.zte_ov50e40_aston.bin	619572	ece989e75d0ecc7941548bad9406bb19875de98001e63cbbea1b521f2ac31276	binary
lib64/camera/com.zte.tuned.zte_ov02f10_aston.bin	1209756	6053644165d9c3fb77395f81b2ea7db4f5643a925c811ee6bfe5b47a6cf244f1	binary
lib64/camera/com.zte.tuned.zte_ov16a1q_aston.bin	1903025	1fec4535022b14d6a968768f383c07fb74d8eae7120b2c9f8b5ba8f707c3b382	binary
lib64/camera/com.zte.tuned.zte_ov50d40_aston.bin	1908019	a3e996deeaff8fcf32f23ebf0c79d5390c30710749a85fc06f0c8f872d1dbdc2	binary
lib64/camera/com.zte.tuned.zte_ov50e40_aston.bin	3348606	50e054e91c870b8409ebf216541df97d65597e00cabcd551504b5c6d5176c0d1	binary
lib64/camera/components/com.qti.eisv2.so	722992	af29f7fb01299b33b83b7016b898463889a43e6c119bf75be721a8d85fe05cba	elf
lib64/camera/components/com.qti.eisv3.so	1067056	d3fd8fce9143aa5c8c6f5075aa729110d1fddd04ecd1eefaa79f4174f8ae2a91	elf
lib64/camera/components/com.qti.hvx.addconstant.so	51888	d009c43f8954d2307bfb571b13c01b5e1bbacd3a1a8d5f08499df5726f1cc8a3	elf
lib64/camera/components/com.qti.hvx.binning.so	35816	a07ba6622d07db5601ce0de2ecd73972c5a4ad6cf09ad263104efe9701c4c870	elf
lib64/camera/components/com.qti.hwcfg.bps.so	118024	d4027be576aa32e01c1e8cf3e1b2192f281c282fa8f3aecfe0abc3de8a4bcc58	elf
lib64/camera/components/com.qti.hwcfg.ife.so	167184	204918543689d7834f41ea67d654c13afc10bb5e6e14b49879efad42112cf651	elf
lib64/camera/components/com.qti.hwcfg.ipe.so	168232	0dc3a38aee9c36296fc33b078c24bbd4d19aa2d9121fa4ff0fe36f9a1132dfba	elf
lib64/camera/components/com.qti.hwcfg.mctfe.so	101696	c6cea3f75ce2cfe2926c19db18897e60832bb9f8c78874cc56ebad8dce48dc2d	elf
lib64/camera/components/com.qti.hwcfg.ofe.so	101664	229d329284266a627da6e918759cf5392d0eb935b07a014ae56761ad00e6564f	elf
lib64/camera/components/com.qti.node.afbfusion.so	85008	3cb7c7c910abdc55846251c4aeccf3610c868d813ff4b52d5c0635f09f297e5b	elf
lib64/camera/components/com.qti.node.aon.so	85016	6817cdecd25fba99ea795a6c8e8985adc1efed52dd261d2b2836684944b9ad9a	elf
lib64/camera/components/com.qti.node.customhwnode.so	85128	0f0fba5be8f1501104cb5a74dac8240206f2a4331853acdb03314dc7f228eef8	elf
lib64/camera/components/com.qti.node.depth.so	85016	bec8b2893b331beff2388837fd75de6a5807c00283334f5d02f2f654303c5653	elf
lib64/camera/components/com.qti.node.depthprovider.so	85320	e2452e66f9bc5a57f2c57434a6623530592d16069dac16ed0a6f895085709d84	elf
lib64/camera/components/com.qti.node.dewarp.so	151128	271890a03cdbd8b502b01f4d9c56b3f9ff7f5ea9723417fcb12d5986be88d77a	elf
lib64/camera/components/com.qti.node.dummydepth.so	101624	464463ffe6961468ddf10c526610e7ebe8fb98a62688e8cef72f5e98ee9f76bb	elf
lib64/camera/components/com.qti.node.dummyrtb.so	85168	f1af82671f624061a757eb77b82b00ea760529e15f92642f3259343cef8aaacd	elf
lib64/camera/components/com.qti.node.dummysat.so	167720	90170e2d2295e7e087507888ba4ce3e4d8889159722eeb1c4bae0b89d4160176	elf
lib64/camera/components/com.qti.node.eisv2.so	447936	7fa109bc07a3b428447cb07af6eed913fe7e0ad966d12fde47206ff87a4bb460	elf
lib64/camera/components/com.qti.node.eisv3.so	464672	f4f10a73b161e999359eebb625e6111c87efc70cf1f63b99294e80b39abc3519	elf
lib64/camera/components/com.qti.node.evadepth.so	101800	446d02b36dc1b6b62b1c94cf45724a800252c421f9f297d54cfc4c61ceecbec8	elf
lib64/camera/components/com.qti.node.evaitof.so	101848	76533b2864f93bfb2c29077df237b544a1efc9bd97b3eb53acc4075834d5f231	elf
lib64/camera/components/com.qti.node.evawarp.so	101840	1222f8dc85380c91c1d341db59e60fe3f8bdb98b7b9dfdb2232c2787e3de7bfa	elf
lib64/camera/components/com.qti.node.evs.so	85040	b6b3cd0eaa868eff3ae540c05be3f54cea55dbe6f84f4a301c995a5a4261583d	elf
lib64/camera/components/com.qti.node.fcv.so	85088	2af975700db2ae01c002c19bfd298558c61fdf4a2d52cf33aed589d9bd06b32b	elf
lib64/camera/components/com.qti.node.fd.so	482696	91e9b6724f415c10163803774111f9f0f3622d7db528b7fb34b26e0f7826219b	elf
lib64/camera/components/com.qti.node.formatconversion.so	68368	dd85a58a3fb9f1b29883166d01987a449bca30bad6ea9265eee541c02d4079e6	elf
lib64/camera/components/com.qti.node.frc.so	134712	3a806a2d86a01ebaa192d5ea3ea8a58da21731d3cb84798de9a24dba9ea67150	elf
lib64/camera/components/com.qti.node.gme.so	778848	56c0611582430a7688c0bb79dbe20334c91ec51af03a30aa0815019f36623a89	elf
lib64/camera/components/com.qti.node.gpu.so	233568	04a108cd0410c61451560b84441ffbbbff111d71f4225a36933858694174abf4	elf
lib64/camera/components/com.qti.node.gyrornn.so	300216	1409f4640bc87d2de0db9360fd76948097525b021670c0886ec462f37c04db93	elf
lib64/camera/components/com.qti.node.hdr10pgen.so	133008	3ef200d3c149f98691abe1166b42768d446465f3c9750538f3c92050b8b2e6f7	elf
lib64/camera/components/com.qti.node.hdr10phist.so	84016	2f7f981601c9b9dd3a3ab466f181964b40cca4177ecdc48387c710e3cf63eef7	elf
lib64/camera/components/com.qti.node.hdralign.so	317376	045c83e5b47e942d8605f25dae6ea23deb56b2db1f231e8e68a9cb8873b7a7a3	elf
lib64/camera/components/com.qti.node.itofpreprocess.so	150728	8116ff5ef981a8a5b9b1821c9326df03cdd00bdebf4797ed515e624406e33ff6	elf
lib64/camera/components/com.qti.node.mctfalign.so	200848	a43b9672a09012a3e012816a5df98f4a18c1667c012f78da97e53185fa85386b	elf
lib64/camera/components/com.qti.node.memcpy.so	85080	1b9d3f537059252857388e00974f527728d45cf599a4d1b2c6c3434387c9d4bc	elf
lib64/camera/components/com.qti.node.ml.so	149392	562c195c6528e217e72ec34f4dd409701f3cb8f13a1efee8da7ab1ea96c46f0d	elf
lib64/camera/components/com.qti.node.mlinference.so	84096	5390180023f6a163ad10468d7cb40045ce64319eec47280dbb8602923235818f	elf
lib64/camera/components/com.qti.node.mmfalign.so	134848	628940c12673cb3a12d2a18c51524093418e31a5bb269656d052d2efd4f10dcc	elf
lib64/camera/components/com.qti.node.muxer.so	234136	76b7361d1726f57843b26b1d1c06f5690cb857e1d4cac85f8d55ae5131f9132d	elf
lib64/camera/components/com.qti.node.qsatalign.so	200992	3d5eab99df067290f44cfc6d9feb3ad7312a73aabce7c127d6153c8fc4f2d7bb	elf
lib64/camera/components/com.qti.node.rectification.so	134448	f30aba58a949d038c311cab3935a4d1bde39b93afca10c4cdf8e6466510f4386	elf
lib64/camera/components/com.qti.node.remosaic.so	68616	ee7a42fc12abad21ba49afb0dc3fba2ba463ac656401d4470a7d04f05d31a12e	elf
lib64/camera/components/com.qti.node.sat.so	233872	d48f20a31fd3cc9d16cff6720c04a6fa79d6e6902fe4234feb1b0c6f49f5bf0e	elf
lib64/camera/components/com.qti.node.seg.so	300168	e1fea0f541dbb8b5e244f3ee888cf6781b8c3d1cfcb2a8bff6971c17fe22ec42	elf
lib64/camera/components/com.qti.node.spdepth.so	118016	4edd3a7402d591d2ebc0b999e77ac59c1747a1a14baee4ee50c1796335640499	elf
lib64/camera/components/com.qti.node.stich.so	68576	f8a329d8ab831147f55e88cd86114ef74dbd575edf8dba3a74f4e397cd6d8162	elf
lib64/camera/components/com.qti.node.swaidenoiser.so	149552	4ac838a33a50fd1a2ca6fcdf34ccc8e43fc1db37811fcc35e412e9419c36f0f3	elf
lib64/camera/components/com.qti.node.swbestats.so	165936	0ad249e594eb2017eac86b941f78df1906929ad74318034e0e1532d6be55e2d2	elf
lib64/camera/components/com.qti.node.swcac.so	84840	ef4d3f9c264175f9d58f16fbc09f0f561c9ae86dffaad6cf559d5ce254bbefe4	elf
lib64/camera/components/com.qti.node.swec.so	67888	9e813ba001ffaa86f9bbcecf797b7c0b993ebc852e440370ffd1d81d5612db67	elf
lib64/camera/components/com.qti.node.swfusion.so	188280	8b297b638ee5ce9887e10fbc36561c09209d6ce3757cfbee83f59ffc0a091558	elf
lib64/camera/components/com.qti.node.swhme.so	182320	80d85867c03e54cf8629fbe6d7e3a2b84663d29ff60c4b8968f6a18413099b34	elf
lib64/camera/components/com.qti.node.swlsc.so	165936	c0fc9fc3d42f18f9cc5200db8d28bd3b050923da03ae073e9cdbd219b6f352a9	elf
lib64/camera/components/com.qti.node.swmctf.so	166112	63cb4673c5e9bbcef3e8bf7f473eb9f5a95d1e13d2d58b8a31cb9007d03dd084	elf
lib64/camera/components/com.qti.node.swmlremosaic.so	101568	11a45bdea8d9f277784a7f1826a281e4f88668777e4869e58525f99b51252b71	elf
lib64/camera/components/com.qti.node.swpdpc.so	84016	5fe4951a28170f6e0fb0cdd1b9f4410f4a519da13bd88919c96c3ddb9d95f0d6	elf
lib64/camera/components/com.qti.node.swpreprocess.so	85120	28885c0d93bba0c866e7a49bb3a64b3e3a517883a45fe7007b295862515cb146	elf
lib64/camera/components/com.qti.node.swregistration.so	67632	ae804106109d25d77a4531a972f59faade625a8605ffe1c095cd1795b584e141	elf
lib64/camera/components/com.qti.node.swvrt.so	84024	ff29254739d6ec0455493413d5519fcdd18af941f41f3eeeb6da2a693779e7fb	elf
lib64/camera/components/com.qti.stats.aec.so	499344	111ed4d50cadd2d3ee1759aaf7c93a64172014aace8ac289408bb29796b666be	elf
lib64/camera/components/com.qti.stats.aecwrapper.so	52104	fbd5b1765959b7f8da04e9c99f278ed522ca479f090b04c0a0bfe28e718aea4a	elf
lib64/camera/components/com.qti.stats.aecxcore.so	838736	8588f4214b7b52c54610fe40e85a9cfe9d06b71947ba6d6c0905258bf02679fe	elf
lib64/camera/components/com.qti.stats.af.so	473192	a68186566359060a5a3c783015c86ab7ba33cae0bacdc370f715a50bac74d3e1	elf
lib64/camera/components/com.qti.stats.afc.so	378928	254b09014a419ca3742ad926155096a5cf59490555c2b82b45f790fa31fdc078	elf
lib64/camera/components/com.qti.stats.afd.so	362592	4abd2b600d65e0e2d5d187619417e72fdcfd85ac50b929d34a236829d6959058	elf
lib64/camera/components/com.qti.stats.afwrapper.so	52080	d2557ee007beea7b822c380076217c6f8284f7eb22997cc5de6b6be6fc06db49	elf
lib64/camera/components/com.qti.stats.asd.so	149600	aa12aedb82310f291104fa9dec512003feb883ec64026c7e2e2f851956259221	elf
lib64/camera/components/com.qti.stats.awb.so	6189976	77e23e28dc9aeac7ad101bc8e178af1c59484c0a1b061fe0baccaa839b6ca64d	elf
lib64/camera/components/com.qti.stats.awbr.so	5452592	4055c92b0320d0ab80f2a4ac79d1d5d16a0c13bf781f84cc64fcb636a09006b7	elf
lib64/camera/components/com.qti.stats.awbwrapper.so	68776	ba4b0aa9282606157b2d4c610a42c20a47c8c78145ef0c10d11fc31511535861	elf
lib64/camera/components/com.qti.stats.caflogicaldriver.so	231544	f065957229295c15744bfa35e24c3327373158c7434944f446a0a495bdf4d787	elf
lib64/camera/components/com.qti.stats.cnndriver.so	247856	722c4eff018710a53b227db4825dad9176c3eae216beecda0fefd65aa651538b	elf
lib64/camera/components/com.qti.stats.exampleaf.so	72824	a9819c0c82ec7b447a5c9f58a9a6897df7606128b15db6b4bbb37adcb4106f6a	elf
lib64/camera/components/com.qti.stats.haf.so	624760	135687159f76f7af6463f2219156e54514cd91d993ad1d2a6973d2166119dd8d	elf
lib64/camera/components/com.qti.stats.hafoverride.so	68920	68dceac70f5e64fffe74e6f60a35006cf8612d5bef494d3de3e6110af84cd764	elf
lib64/camera/components/com.qti.stats.localhistogram.so	67472	523210afe5bc81c288c2b0407361585ba9689cebc9d7e09372a8c42cf36e60b8	elf
lib64/camera/components/com.qti.stats.pdlib.so	1707136	174a7fb5958e07bd254ab082c5594b0fa6eab237d3c8f3b30c979fcea1036540	elf
lib64/camera/components/com.qti.stats.pdlibsony.so	52288	f87f88d1c49edf842893f2bf33ad8f55d46d355ede708e0f47ad042695f02b3e	elf
lib64/camera/components/com.qti.stats.pdlibwrapper.so	68560	8d4b927368582cad6ad42b50b32bab55d2833258add690d986e0c79483e7c28e	elf
lib64/camera/components/com.qti.stats.roimixer.so	51864	355a88973f2f6d1edba46bef59930896ac6af0273a507e63c7e1424a7b6c686f	elf
lib64/camera/components/com.qti.stats.roimixerlib.so	133008	a7ac8486090c6ef949afef9e22b5cf0579435341baec2616eb658c51908993ce	elf
lib64/camera/components/com.qti.stats.statsgenerator.so	51088	680b5312d7d5bc6f727cdd082a5535af580750d7b8afdfd9ce65d3ea1cc4a741	elf
lib64/camera/components/com.qti.stats.tracker.so	135488	93884cf5617273578bfcf72e5a7b072ff892012cb9c1097acf8dbdc2e1008090	elf
lib64/camera/components/com.qtistatic.stats.aec.so	68456	a0c49b9dbc1b50ac76b03943636c3ecc6e483a6bde93244ec4da47a9462da0d2	elf
lib64/camera/components/com.qtistatic.stats.af.so	68568	fcdbcec994135fa33c9607a606efd458584e01d7f56f7fa7a0e7a490a3457e8c	elf
lib64/camera/components/com.qtistatic.stats.awb.so	68480	76cabc19351bd055bf0d1311e952ce061e0c9df62f24db4b4bb9d3981e645908	elf
lib64/camera/components/com.qtistatic.stats.pdlib.so	68672	07920f2a4934058a6489c2189888eb086f9a9267ab259f4d0c7a74310e2db841	elf
lib64/camera/components/com.zte.node.aicud.so	85200	f426f23436e92eb9d76328f3bd5f74d9f791c705441a294513698c06f4e7c26f	elf
lib64/camera/components/com.zte.node.aipreprocess.so	101632	91266d395da64feb5362bdc329c75eadaf32eca773826b11b33d190e2e361d8e	elf
lib64/camera/components/com.zte.node.capturebokeh.so	102216	29486232ad9b7ecec8ff9c5965889f939a8e1dae03fd71e446450b295e52f78a	elf
lib64/camera/components/com.zte.node.capturepostprocess.so	85224	8f50a4510b40c81f29085c851645ca40cc9bfc71ff5f53fce60fe6fd66ec10b6	elf
lib64/camera/components/com.zte.node.capturereprocess.so	85288	94c1155188c75d48da3e6a94f4f404037dbcb7e7b83d618df10f318744c9aaf7	elf
lib64/camera/components/com.zte.node.capturescale.so	85336	9f80bc6f256a5bd14fe790e4dc8c31fad9b2320586e0aa750b3ebea7cac7176d	elf
lib64/camera/components/com.zte.node.motiondetect.so	85208	829b546689ab89b309faeb5bc54ef563538c4deef24a7f1c2f67244be8c386a6	elf
lib64/camera/components/com.zte.node.rawsvq.so	101744	9273178a8b92744b0102edb14a3c98a9c5fca738418d56546b694eee396ffb58	elf
lib64/camera/components/com.zte.node.realtimebokeh.so	102216	db4b449c834b42854c4e08cfb854ef0179ec942b9db8b073e6cddb87f9489164	elf
lib64/camera/components/com.zte.node.realtimedefog.so	68656	c3fa064b1a569cbc57791a83cbd371d346478c687b766b605017c7fc202a94c3	elf
lib64/camera/components/com.zte.node.realtimepostprocess.so	85232	54b4e75405364da53e0b18a22cb7c76eed185e2fc79ef930a1927f16f5b87a04	elf
lib64/camera/components/com.zte.node.sat.so	233800	258ad6dfc2336c417d4d4020d1baec0c7188cd34818571e8d245758dc8e6b897	elf
lib64/camera/components/com.zte.node.satpostprocess.so	68608	8bcfdf52433f741de4586a22cfa5e06bf2628dc231d6dca504992498b80bf4ab	elf
lib64/camera/components/libcamxdummysatsnapshotfusionwrapper.so	35960	2bf4250a57c2c65878bd8d7430fae39e4d582f147e1267f26be1d37b342cc10a	elf
lib64/camera/components/libcamxdummysatsoftwarefusionwrapper.so	52128	833fed9a6515ff0057d8383aaf2270f931e4eae36189a67f9f0244c94d6a95b5	elf
lib64/camera/components/libcamxdummysatwrapper.so	68504	653eaad74997f72d15517ee9464d821830120aeea883f71377fc8b31ec005d24	elf
lib64/camera/components/libcamxevainterface.so	51088	8dff43de7f0248ca6a7e194e33ae48c8a7e9678c4e0698eefc25d383fad32e4f	elf
lib64/camera/components/libcamxoemsatsnapshotfusionwrapper.so	35960	ac8f3eb7fed5f3d66e65f36214c6783f9d21fcf9310eddc9e8ce03dd3a60dfdb	elf
lib64/camera/components/libcamxoemsatsoftwarefusionwrapper.so	52128	dd89b9d1a5ed835711eaeaabfb9e9fb51dc3add462ca64f5f93c04b9b460dbd8	elf
lib64/camera/components/libcamxoemsatwrapper.so	101496	4c62fa0c44f3e54974e1a804fdd934b2bc5bd08ba4a0b4f345c477cb14acd02f	elf
lib64/camera/components/libdepthmapwrapper_itof.so	35520	bc1a4f7317f2a552c226b4a5ef67860d89fd9f4555f755744492e233adb02343	elf
lib64/camera/components/libdepthmapwrapper_secure.so	35512	5d498a16fcb62ce21ecadacb3149a04d46c18074c38f0dfc7082d90462e046e5	elf
lib64/camera/fdconfigoffline.bin	873	2a5ded4434d5f2c7225bfe2064845d42c3e0a83e12793c8b7eb4bd83330f3f1e	binary
lib64/camera/fdconfigpreview.bin	873	6f3f799a81084e33bef4d6dd0f15d2fe0a6fdc2daa847de745df9942797cb9e6	binary
lib64/camera/fdconfigpreviewlite.bin	873	64e10cd66a9478c274ea957bc056ff4c7b59b2185ba8903af7b7ea9c703d9bac	binary
lib64/camera/fdconfigsecure.bin	873	42e78a07d70cd5c4c0020ce465f5d211732d248cfc05514ab8ce5fe73eb6100b	binary
lib64/camera/fdconfigvideo.bin	873	8ecc04654f5fea46376c541e24f490d3d1a11c12e7ccd5266d3dae2a26e42831	binary
lib64/camera/fdconfigvideolite.bin	873	331aa13a67f3aa624c39723b772bf91baa7624e32c880e68f897fa10dd3538b7	binary
lib64/camera/qfdserviceconfig.bin	440	eea7583c187cf4343dbcf47197266c885835a015341378ddafef9ad4f0a27c7f	binary
lib64/camx.device-impl.so	1049824	5b48d68f73f8291ea58cb28ee09e7b8aa965819f801fec6f53eb5602eab29af6	elf
lib64/camx.provider-impl.so	269808	00402f1f1acfc3b1829180922b00759fa7ce445403b8cf9f14b302626157fe7e	elf
lib64/com.dsi.ant@1.0.so	153800	3f547adf3bb17f36693a1baa6c25b6a179daefecc1769673bb469e2b60f43496	elf
lib64/com.qti.camx.chiiqutils.so	117960	50fe8986bf9f07cdd5682bae907ddedcb0715606cf9484a64037497b0e98b99d	elf
lib64/com.qti.chifeaturecompatibility.so	235168	8d9521668fea80ec10a0d2844e066efba0752686cb1eaed563b23489b739d5e9	elf
lib64/com.qti.chiusecaseselector.so	1459712	049bf8e0720b1755ce59ab1e5334ce6eae0288e5e5368bf3b556a9788d533c26	elf
lib64/com.qti.feature2.afbrckt.so	467216	1df3d74ef7e3975900644b3d650f112adcebd6973668afcc03c73b306eb749df	elf
lib64/com.qti.feature2.anchorsync.so	550024	d0c7c8fb0d933fad19f631ce6fd4b47eb4700a36b64c3fa755e64f59cbeb4e4f	elf
lib64/com.qti.feature2.demux.so	434696	396bf81ede44f170dac0c45fbf6f642027e684be0b7766eac3d557c719116f56	elf
lib64/com.qti.feature2.derivedoffline.so	401344	2ca996fe3bb90360648e387b1248f3114192a8146054162b57000a91af792b78	elf
lib64/com.qti.feature2.frc.so	434304	548de393c20a22695efa9c8e7badd9bed5ac5e72a8ba6b1ed40818eb41b29fda	elf
lib64/com.qti.feature2.fusion.so	483920	fcf788dec4f32afd2c96b93466fc446595e6185dd8cda403798a7826bd32e997	elf
lib64/com.qti.feature2.generic.sm8750.so	962400	47ee5256acfdc755021c832380ee939aa13c2f6d16b04d4a70dd829b597536de	elf
lib64/com.qti.feature2.generic.so	962400	0043599081baa90d6769977e3375bdd8c415064940c95a6f4245ac96261d9b40	elf
lib64/com.qti.feature2.gs.sm8750.so	1609080	edc0888dc2841b358fcc2f9930ccad54135ef0bcf59c68464d7ac8bc76d5f63e	elf
lib64/com.qti.feature2.hdr.so	532936	ecd7423b49f20cfbdfe74c922a373d850ec0a29f095b30dd06b0efb81991dc98	elf
lib64/com.qti.feature2.mcreprocrt.sm8750.so	731168	6604370f20bc9305a452511e9809484230688987e70c4ef63c36f8826599d8fc	elf
lib64/com.qti.feature2.mcreprocrt.so	731200	64d50b35435efec699be902a1852ce9388e29231a55926e9afb061018c6302a1	elf
lib64/com.qti.feature2.memcpy.so	417920	6d28974aac5d1c6d72552d7848f42fb2fe4eda68f29fb3363b9abb067612c95f	elf
lib64/com.qti.feature2.metadataserializer.so	401592	aa6685cb2990fb41950d8d1d6b2809893c096023c643ae37b2d6d76a717629e5	elf
lib64/com.qti.feature2.mfsr.sm8750.so	682304	952137c59c7b866f378b30ac90d742a68098404b5adfcc847c40c80384dd95d3	elf
lib64/com.qti.feature2.mfsr.so	682200	a40353cc15593ba086182c6fef6c257a9db309495ae3eb0d4ad21b869d65d717	elf
lib64/com.qti.feature2.ml.so	450872	5a8d71f75df0b3e17d697cd356ce3937add6e4bc5dec1cc11c058ab51b19d038	elf
lib64/com.qti.feature2.mux.so	451144	fd137fca7a8b1b0c831847ac7bebe1f67babd34c2fe8387ddeef4168198d8e08	elf
lib64/com.qti.feature2.qcfa.so	384904	4e2bddf54e4640691de0b58ee491869a2c3384d90c963c3fa81e1e1dc930a50c	elf
lib64/com.qti.feature2.raw2yuvhdr.so	418016	9acd843a886039306e7c3758dc7bc8f78511537000966f18c680512af09a90b6	elf
lib64/com.qti.feature2.rawhdr.so	434560	961e25ccad5e2c7f70500906aa63c5a2a7c9c2b0d046d5ed531c373646993750	elf
lib64/com.qti.feature2.realtimeserializer.so	451136	9f971d69571d32e09791f25219ef912895fc051af706b954202eabf6d0fcb985	elf
lib64/com.qti.feature2.rt.so	747528	16a073a47cae2ca38d0accba1ccd53091534d49b8531d8fcf16875184dab4627	elf
lib64/com.qti.feature2.rtmcx.sm8750.so	1012912	92191f89dbf862b3b9bdbfc584da3ec5b1c39c3380f3b6014887ebc980bbf67d	elf
lib64/com.qti.feature2.rtmcx.so	980120	90f40538e9ca9c44f7365c04a5d406a74ce313064ec5f625e5a14bb696096ab4	elf
lib64/com.qti.feature2.rtpostproc.sm8750.so	500352	c32ee2fb92fe09b85d73e93fcddebdba1d566e042875c3489db03f5021e6fe96	elf
lib64/com.qti.feature2.rtpostproc.so	500304	076f3538f6f7d59917601bf35dd216d84b8d8337760af2adf37695fbe6a81be7	elf
lib64/com.qti.feature2.serializer.so	434616	300f4e48b07edc5f1c85dc88ad36e3397c25a4ebf10e3249cc91922fa06593b8	elf
lib64/com.qti.feature2.statsregeneration.so	467408	d16013d8e80d2f1de4bb0a7a36d608cb9bfa8c2d43ea9e3f24cb81c4ee5a2bb6	elf
lib64/com.qti.feature2.stub.so	401312	7b5271683b8a7aad78cb0dd7478acc131842ce1cf35ce6a47ddbfa5600985dd2	elf
lib64/com.qti.feature2.swmf.so	417960	1c868f2070c8b712325dbf60f5f7fab07b5109f29580df872b0a0e27bd1f11cc	elf
lib64/com.qti.qseeaon.so	316952	a1d37362971a40e6e7e404377ebaebca98ca343de80b4ecaad81dd882bdf8d00	elf
lib64/com.qti.qseeutils.so	85232	abdd614434293fff3f5a7da4df9832d1b9ca2254f1d0130e6fe5db150d2c6834	elf
lib64/com.qti.settings.sm8750.so	265184	9d8e1ce3fef486fe8dd1d34aaf9f87b5fef74ee13c13924d78bc737b0c6ba2de	elf
lib64/com.qti.stats.common.so	119000	7315f5dd229963f0feffb2cad2091de3fd9ee09d25bea44864af59698a26853b	elf
lib64/com.qualcomm.mcx.distortionmapper.so	35744	529a4366351100bc0557d63b07c493cd86d198ddd8561d7e6cf6891a93b91d43	elf
lib64/com.qualcomm.mcx.linearmapper.so	85112	5a82bfc51513cda3f86fa797d90d63fb680e2960c244e6c4db37441023985315	elf
lib64/com.qualcomm.mcx.nonlinearmapper.so	36200	10709496ec6b06450a44dd07ef212d824ac55b6177b499d51bfd77947e28c653	elf
lib64/com.qualcomm.mcx.policy.mfl.so	533848	f2b5b4765c84100ddec0ba0daa6a999478ee96c47b66c0bc74bde543eb439778	elf
lib64/com.qualcomm.mcx.policy.sfl.so	385040	e8c418d198e7ae79c1a29cf49ddc692a68789625a3362c50bcec835c7553e063	elf
lib64/com.qualcomm.qti.dpm.api@1.0.so	269736	1b91072161954a1eb69b3e76b1eb4cf470a00d6ee30e01958578c0aee869c6aa	elf
lib64/com.qualcomm.qti.imscmservice@1.0.so	370960	37347988e77dc9b56c28f7b9e3eb210bd980fcfcfb8e074c79be995ad8e319c5	elf
lib64/com.qualcomm.qti.imscmservice@2.0.so	372504	e27fba5edc2546f71355e62511abe2be41b9e208a9fa076e6548b777e4236954	elf
lib64/com.qualcomm.qti.imscmservice@2.1.so	355624	a83abe73b5cb8a8e066ddff446d6d58b5d52fc8ed0b5d0bfda227a010bd91f9b	elf
lib64/com.qualcomm.qti.imscmservice@2.2.so	271104	9f9f5ca78c7507aa9bcda2400193ed0c63940c5fb2b980703c10586d93a6e070	elf
lib64/com.qualcomm.qti.mcx.usecase.extension.so	385552	41c1c72d460fb8392077ea6e98f40945f4eb7059090647225a93460fd22f6067	elf
lib64/com.qualcomm.qti.uceservice@2.0.so	560496	80656a89059c833a31016f94055389971f0477ea9b69b108e82f0584225f10b3	elf
lib64/com.qualcomm.qti.uceservice@2.1.so	525384	bdcc98e7573571f5e1bcdc0d50ddc75a616ed64bc526be12273a89a53a5ed7de	elf
lib64/com.qualcomm.qti.uceservice@2.2.so	491048	2a041883aaa3f257724b490891636d12fd20b5e5c00f3cb5905bf3e2e5be2ae9	elf
lib64/com.qualcomm.qti.uceservice@2.3.so	660120	1199bd70619442bc86cbcdb2abc746af8cf7cb706255696b495e5b3ad98400f4	elf
lib64/deviceInfoServiceModuleNr.so	120800	a678ac8a93622afde7edc9ccadd98d9a7ea71baa31f776025214a9e6258d5cee	elf
lib64/drm-vts-test-libs/libvtswidevine.so	482696	43292b55f6ee472351a9776b73d8ff7e70789b8898362def3f311e76d625074e	elf
lib64/egl/eglSubDriverAndroid.so	165888	680d73228b9b97f211129e2a96868ace96a3d5d0595e15ed9abd8f95b61da597	elf
lib64/egl/libEGL_adreno.so	83960	4f4a5cdcde243650b16e1780bd810c4b6fe36400a105386ee35bd97aed59970f	elf
lib64/egl/libGLESv1_CM_adreno.so	280496	281e53fda67dfb040dd346db369612ba90240096cc4a1dc09c7638dc07f8aeaa	elf
lib64/egl/libGLESv2_adreno.so	6150144	8a1ad38aac1ea29eda6fc694ef6a851dc6dee8eeee355d2e70b2f7bb232be02d	elf
lib64/egl/libVkLayer_ADRENO_qprofiler.so	4278792	ee2fa9ab04e7d07f72c532505eef71a1c9a2b7af5e24f3e11355ba59c1371141	elf
lib64/egl/libq3dtools_adreno.so	379784	2387f717bf65de8b54a676daf9ca1f191e81d89c051f4f38e8cf52c71af92af9	elf
lib64/egl/libq3dtools_esx.so	2587816	2a4f4c5c84521d5deefc0bce9a373e2ea9c35fe69f0360094d4ab0a3022f2f03	elf
lib64/ftm_fm_lib.so	102616	5863bc77bc53f6959c10eca1268552a6c3d6274853f0673815ca0ae30fe6614c	elf
lib64/hw/android.hardware.bluetooth.audio-impl-qti.so	358216	ed0892b443a1658acf5bb83ff5842b05cb83b31e946da90b1f2c25f8202ea2f1	elf
lib64/hw/android.hardware.bluetooth.audio@2.0-impl.so	135008	a64480cfea7caa292b291ce2331bafd831ad2e0d81302470da4b45d73bded13c	elf
lib64/hw/android.hardware.bluetooth.audio_sw.so	239248	fdbd0e947b00ff3e244c70b8fc51244e17ed5ded820c949c7d257d41ac570cca	elf
lib64/hw/android.hardware.bluetooth.lmp_event-impl-qti.so	85368	26351a28436bf3cc058a78bdd37b4db8eff9f8e51b1e9c0a83b7d92428cc333b	elf
lib64/hw/android.hardware.bluetooth@1.0-impl-qti.so	1448448	00cecb4dbaacd961ed6bede5f204dc87e8d3c0e256703b27a83e917cab302adb	elf
lib64/hw/android.hardware.bluetooth@aidl-impl-qti.so	85008	e66828644f068aa89b557749da22a0535e963e36385da794b4dcbfd4bb08430f	elf
lib64/hw/android.hardware.gnss-aidl-impl-qti.so	351816	c394439be9746a0944d999e76679fa43681a041b9faec6b08714b5172ec7ecf3	elf
lib64/hw/android.hardware.graphics.mapper@4.0-impl-qti-display.so	118104	55e7411fe89fe3cb1f22cb092ea4018bd32d7124d2af00efe1b6b8346f36da84	elf
lib64/hw/android.hardware.renderscript@1.0-impl.so	84896	e242578879a1cf20e0df903709091de18a374561b1736aefcbb0b911cc8e7032	elf
lib64/hw/audio.bluetooth.default.so	204688	79513f1db7226e81cce861e0b0e99ec1bb1b1676b6e2fa0fcdef278f98474696	elf
lib64/hw/audio.bluetooth_qti.default.so	187568	a5ca4dd5e1e36db809c51ed303b1fc7a576e372787e247fb023d9be88e07ff83	elf
lib64/hw/audio.primary.default.so	52008	b9a315ca7025e20f35121d2becde0df5826356f7d0e70ae7322f821cfc82e2fa	elf
lib64/hw/audio.r_submix.default.so	52680	a1f0588c5cb72f1e060db3143a92a6c5c1427423eca87243fe887f65d2bf7ffe	elf
lib64/hw/audio.usb.default.so	68600	90bc5670115dd1af8bfbadb2b6c8b7975f1c3ce0dcc662c9441b7832db0e709b	elf
lib64/hw/audio/libQnnHtp.so	1868272	39f08ecd9067c1888b5e27f231d60697a97b56b8442e4f196b1979ed70b65e57	elf
lib64/hw/audio/libQnnHtpNetRunExtensions.so	912664	48a12494d984549da75514ab79475454adc752b6e3e8280f4caf9d8dd7344b4a	elf
lib64/hw/audio/libQnnHtpV79.so	11390080	eb7334b6f1edf6db4fbed73186ed89c3425a0c0ae9186411c58de4a5790fa1d0	elf
lib64/hw/audio/libQnnHtpV79Skel.so	8291296	f7290057acc7ad2b472ce6e3cfb4c484d423bf511550e277dae8781bed007a50	elf
lib64/hw/audio/libQnnHtpV79Stub.so	429992	3e1e63fded80cc1643b1c71daa13a60c20bf3d7c5b15133ebd7f0e9682136fe6	elf
lib64/hw/audio/libQnnSystem.so	264160	4c221cdd15eedfda218ed3c020e71c6c4f373f4f7149753b5eded92ef3c127e6	elf
lib64/hw/camera.qcom.sm8750.so	21822688	3aa579472695b3c80309bee35cff0a6c46dc90ec01d0ab7ec19e973d1ad5d230	elf
lib64/hw/camera.qcom.so	8935096	692e867de7b6c3ac44215f01b5b80272e9d1c2a367bf0704bfcf16d6e35676d3	elf
lib64/hw/com.qti.chi.offline.so	616912	aa4581eedc1acf2246290f50f2acc8e0bcbc4b2f7a6b10ee157cf13a55146f01	elf
lib64/hw/com.qti.chi.override.so	6284256	32e885fdb715875c9fe6466c78564d2cab21498aba272aa2ef1fd593fa52544f	elf
lib64/hw/consumerir.zte.so	51776	f5cbaf9edc546f03e6c6fb8e1254e482d9dac3e413b1ec343273c641936831a2	elf
lib64/hw/fingerprint.gf95xx.default.so	35712	ebf2b9c0e024df61da33a716f8461f95db565df5bf38ea5c7091edd8ccbb6ffc	elf
lib64/hw/gralloc.default.so	52424	64cc2951bdd6542100eef2c72798fe4410942f7caaf30a03b8c5ea6ed45794c0	elf
lib64/hw/libaudiocorehal.default.so	86160	bce7141d18a3007d6ca4d7e34ee52a0513e82c9cc458dc0e447b55949b0d882e	elf
lib64/hw/libaudiocorehal.qti.so	1444432	38650d96594c544be1ff0eaea5784ad191f9b23b336a491866dcc1cb2a224a38	elf
lib64/hw/libaudioeffecthal.qti.so	332976	b0e343531e25e24dcab4c7a28c1a8e4928e554f27c102731c1e58c6f786c3b4f	elf
lib64/hw/libqtigatekeeper.so	101760	db1effbbf9f3b2c6c73cd490020eed78c0ac549c9674abab56f2940afa67a06d	elf
lib64/hw/libsoundtriggerhal.qti.so	217544	1a0af0d320c39a1118ff8d1b37b40f3db18369ab2cf9e1e9b3d27a606c3d3f12	elf
lib64/hw/libspuqtigatekeeper.so	101760	eea68f26bead496510e3a69dc6103026dfc6e365965dadb8e6b5127082bfc20c	elf
lib64/hw/local_time.default.so	51544	3ed3c4644657a0e52882a2301c5f7787f5c53d28c02777af086a24c99d8850a1	elf
lib64/hw/mapper.qti.so	85832	60041b8a46123e7a708083d807ec3a04e27e096dff90b80c1e85d7615ca448c2	elf
lib64/hw/mbedtls_qti.so	1051000	c9e503068414d834b8708da4d58bacdadc9e7fe2d0cda9e5cf2c9e70a19bc75b	elf
lib64/hw/power.default.so	51640	d91893967a2152be351dd904af22ce8dc0d07a8300d0cde6af4e3d87c5f03367	elf
lib64/hw/sensors.dynamic_sensor_hal.so	252768	871ff5df6a9ff963fb9c38b4a3b668293b1bb325ada88e624a9e9cfc245c7d12	elf
lib64/hw/vendor.qti.hardware.alarm-impl.so	51704	1b97eed53dfb839ad6df7f8e29106d2e02408d8e4533e6ed1375f2b7d5a0ee75	elf
lib64/hw/vendor.qti.hardware.bluetooth.finder-impl-qti.so	51752	2f223de3f3b507c9374bfc06945944032ca1dd3fab5d8abdf4d9efc5f43e9cdf	elf
lib64/hw/vendor.qti.hardware.bluetooth.xpanprovider-impl-qti.so	118376	8abe08e8d0389432ca5cd909c26c2df5acc9881aa2c0a8d31a1b2ea056792d49	elf
lib64/hw/vendor.qti.hardware.bluetooth_audio@2.0-impl.so	118488	01f595b6f59d249fde2a6d10e97d9a909bc857bc5c2408b50769c85943ce090c	elf
lib64/hw/vendor.qti.hardware.bluetooth_audio@2.1-impl.so	135016	c1298c2d5fdd39c87290c641348e3a86cfadb9fc65e82e4e120bc0313523d282	elf
lib64/hw/vendor.qti.hardware.bluetooth_sar@aidl-impl.so	85072	3e27a48443fda835cab009a5a8582be5b3895ab40d6f28d7e1b5139ad5b338db	elf
lib64/hw/vendor.qti.hardware.bttpi-impl.so	85416	0bc36d7e87cc6df3b141f0ed4f280129e4d519f0605125133878fb99f483d83d	elf
lib64/hw/vendor.qti.hardware.capabilityconfigstore-impl.so	52456	479735c0ef42f09ea78db884ca631a9e5c2cabfd777b839722b9f5696bf9e70a	elf
lib64/hw/vendor.qti.hardware.fm-impl.so	102592	af17eb1409147877f83b183d9629dbecc09ae828af141b9759f03b55f7113aaa	elf
lib64/hw/vendor.qti.hardware.qseecom@1.0-impl.so	85448	719040a663e9cee6005d0b75ae3440a316e7f50f97690b01a5a693c50eb5291b	elf
lib64/hw/vendor.qti.hardware.servicetrackeraidl-impl.so	85584	2745ff2d515b057e0395c19b39807c03cf3ba8e9fc00b001e26925a0b4a87a6c	elf
lib64/hw/vendor.qti.hardware.soter-impl.so	84712	13f23da542500cb64ec43551a33d419558471f321c4774890ad195821fbde432	elf
lib64/hw/vibrator.default.so	51616	29bf71639e8dd3211abbc58f3a220482c84b62c20f44280f0861de6862164abc	elf
lib64/hw/vulkan.adreno.so	5350288	aee38d3398a133899bcd6ab15dc02e3f0f69c8736ce301032c479efb88f3021e	elf
lib64/hw/zte.ldd.light.longchg.so	52064	7effe32aeea029190b417b1cadd8ce757a2b1f07a507dfa195c4ffff63169c99	elf
lib64/lib-framework.so	85632	17f9ec139dbe52380d7028f85a91d2277d8ea8be2d4f8c43814f76da82767d1c	elf
lib64/lib-imscommon.so	698568	10cb057f3f4d60fd9d55bee2696a3cee47ddde97a6157af2b9c5fe6472e070ac	elf
lib64/lib-imsdcservice.so	515704	7d279092912a2fb1b0f5bc22c01600ffd12360ddfa22cdcad5506a24fbb09b08	elf
lib64/lib-imsdpl.so	416648	d99557e51f9879e12a0e0a135db18c70689341657b1a80365660120c9e0b2a36	elf
lib64/lib-imsqimf.so	151216	4b2a1cd1758980f871837d8f7f19701e82af68879c6a327d8326b78cfbf37882	elf
lib64/lib-imsrcsservice.so	955440	4c68fdd0782100a33f4302b06a363b3f1bba9e4a29a0edfc7442a43ed31d52d0	elf
lib64/lib-imsservice.so	399784	e9d21e5ee76f99f448ac2ff43824c86eb87af5a4264c4cc9c5407595d2a552ab	elf
lib64/lib-imsvtcore.so	450872	cacff8bba64e24a382d564c2baed6301291a915f4384b8b3d6179fd34ade53cc	elf
lib64/lib-imsxml.so	261904	9cac8e5d42ad6f42fc6889bb201c49c36fa09f9eee2938391d3aa678bc18251a	elf
lib64/lib-rtpcommon.so	85456	f69fd6435dea1caf75772518465c021910f93001a2bdb8955d4f36ceaf0ce70e	elf
lib64/lib-rtpcore.so	765216	78e5c0e403073bc7a2d140e51044aa35b6e03af14c6aae5c591e576c63e01d39	elf
lib64/lib-rtpsl.so	209920	07447398daed8e7b2f293ac3faab6d6744cf7ea2b40650adccd30c1b50294db3	elf
lib64/libATFWD.so	90104	2db103ca1c51cf5a9eb8b3afaf62e44701c5cb67de1ba8958ba8c2bd006f7e91	elf
lib64/libAlacSwDec.so	83864	3c7fac8c87ae566892a1bc0f4a93532270c93488553eee144ef86b8e8b5924e4	elf
lib64/libApeSwDec.so	100248	3ceed4481c5d30785977170560cef5b9b15537c4b2d2995cae0567b9dad9d887	elf
lib64/libCB.so	9923768	41c093537a0b4f4a5fca4cfb09935c90017d3f33d9b6ac9a416bb058ad773263	elf
lib64/libCneAppJni.so	202152	22ed30bf140ca771b6bdf5640fde5b2e04d5f8669a460e49f53feef94a6df7e8	elf
lib64/libDcfHalFramework.so	506712	cd26cde5aa0035a8da50ad1b4715eea03e136196c2ef1b8e2be7924279444b3f	elf
lib64/libDcfHalLogger.so	126560	6908bb2900c2cf4100f8bf3fb73bebe11d8ab2f5e949a2497c222d2bec7ae653	elf
lib64/libDspIOProxy_stub.so	35880	e56a63708e2d2e269bca79906a0c494479a13e10c2dbe361b0e4fffc5f844ad4	elf
lib64/libEGL_adreno.so	83960	4f4a5cdcde243650b16e1780bd810c4b6fe36400a105386ee35bd97aed59970f	elf
lib64/libEvrcSwCodec.so	198544	dac617467196d1b2e197942258c1fb3c440de28bc77fd883509e0f234fceee64	elf
lib64/libFace3DTA.so	100240	7bfd78e76d0f44d69e754ca5a398ac4c8b394ed80cb2e0942cd038ab2f096b9a	elf
lib64/libFace3D_hlos.so	83856	b68700aa7436bce24b17bfddc24770629b6e67f0b2f4beb638c755dab0391028	elf
lib64/libFileMux_proprietary.so	296936	06d795b7632d22881c84c2a03826297328f7f74beba1fc7ae461c58ee6473680	elf
lib64/libFlacSwDec.so	101336	aa5dcdf43063056443994944adf257df06339e6bdc81a14a1fb409e2e96a4731	elf
lib64/libGLESv2_adreno.so	6150144	8a1ad38aac1ea29eda6fc694ef6a851dc6dee8eeee355d2e70b2f7bb232be02d	elf
lib64/libGPMTEEC_vendor.so	85352	780ed7ca25e8e68b4a895c922932cfc1764941703712d35fae9ed00b1ad5636a	elf
lib64/libGPTEE_vendor.so	52176	effbb081f77277eec0035c7d42e66310b395a5cc4718af7fb82390a29e0a3e44	elf
lib64/libGPreqcancel.so	51640	046bef8934572136ec2634cc520b19cb8554c76c05d129e9d25e8479e30e6478	elf
lib64/libGPreqcancel_svc.so	51752	e4f3f3bddb2b116af898e7e7b8c94800bbfce6814e28687bd1c5a9a5e21acedb	elf
lib64/libMapService.so	7658184	a1f9eb97b5386a5e98442060143b72b62eef854cdefa83f1a11492a5af7c1bab	elf
lib64/libNubiaImageAlgorithmVD.so	8756080	5327ab4b496ce04930b5469438ffb4f6723c6885af62aad138add1487b160af3	elf
lib64/libOmxCore.so	68528	cd9581bdbd657e3d8b0a5c7000ae3701e044553300b3eaf1392c62b5e667a1d4	elf
lib64/libOpenCL.so	87504	cd35cf1ecbfb2053e45566421aa605f819b69ceb5264706ed4feb15bed0942f9	elf
lib64/libOpenCL_adreno.so	200392	7571bd91b0bb8cad06ce50873865c4161778aa0bf3d2af159a9098a5aa7497ac	elf
lib64/libPeripheralStateUtils.so	51736	1ed7ce473109747cefacfd249388c549694616f0b1dcbae3c19132864412afc1	elf
lib64/libQ6MSFR_manager_stub.so	35648	170753832cf5cbc9a7356fe46b7e268710388bbc8ae8fcdfd991e1944ce956f3	elf
lib64/libQSEEComAPI.so	85168	14a7c84db9661851d5c07dfe1532d5b7c7f5ce7497fdaae550c517b3ef767981	elf
lib64/libQcelp13SwCodec.so	214928	c24dc3596d9d34aad76db5df5f840c35c50d502855bede2ab212b173734cca60	elf
lib64/libQnnHtp.so	1960872	3cf3d864f6dac3f06fb8ae1107d6a1ed32eceabaef76cd4c6eaf9ff072baaea4	elf
lib64/libQnnHtpNetRunExtensions.so	667488	9df98c41638b6ab1a1070f0100a370083777de37e8691afbc3c5362118d2d5e3	elf
lib64/libQnnHtpPrepare.so	45683128	c965d6e1cf09ac51a78267e209ec8e5ff74a903bdfd1cee3f1c1983ab1013a31	elf
lib64/libQnnHtpProfilingReader.so	578384	789e84fe9364db94de3ca2447a457f96aac67fa1f5da2c69c6f9dade727c3410	elf
lib64/libQnnHtpV79.so	11390080	eb7334b6f1edf6db4fbed73186ed89c3425a0c0ae9186411c58de4a5790fa1d0	elf
lib64/libQnnHtpV79CalculatorStub.so	8152	4d098b67d0fd6e5d30702f0de4c5a258afa7160176bf34511c1667bea8d01487	elf
lib64/libQnnHtpV79Stub.so	454944	7eb3c3a6fe17975698b3397f86aa25782310e4a4eb0db407c2b481483db150a5	elf
lib64/libQnnJsonProfilingReader.so	601448	1cb511144c82a1ca2b1b850034d6858a48cde3148f78468c8d5df67e49f68c1f	elf
lib64/libQnnSaver.so	760960	2e5ebb725d9868f7fc5f7a53cd513619e3e3af99723446b5e34214c7f8249e96	elf
lib64/libQnnSystem.so	271568	4250e5366a7f7b3c692a184649929e4d763a979c47691bfec49e8511af993842	elf
lib64/libQtiRilLoadable.so	53800	4d54fe1a26e5d9996ba4d93637fcccd0aea958720885675f9884b11a35c53e62	elf
lib64/libQtiSocket.so	51712	c0b6650a1b393bc4dfd7488ca11a999efda8701c14395e8e5f526b08df402106	elf
lib64/libRSCpuRef.so	448680	668b7dfe72c0577b99d0b4c6219ede92468d9b66a07b48b6ab9c75e779d9b4c0	elf
lib64/libRSDriver.so	248640	c1e6f6cd2061c7eaa8437187b7cbcfb8b6e640251d02b9fc4e5d745bb145ed6c	elf
lib64/libRS_internal.so	348544	9a4df19cbe90454a58af6a602cef50f41bf9c31efdd16a5b3f22e843ba8ee641	elf
lib64/libScenescape.so	3298064	4c6ee2a86c7b5d8b0f2dc4c50bc4f6e8e87ca4142ef383a56f508336232c2162	elf
lib64/libSensorsInterface.so	258000	dcebec2839df0b14f847a03966846e62213f201d6b87ea552b2a005e4c9d6051	elf
lib64/libStereoRectifyWrapper.so	2929320	86bf7a821f809b825dc0c1863945df42970bcabd1ed1b870245fc2880f009f43	elf
lib64/libTrustedInputAIDL.so	52136	6a8d14376671447a64bc3e24ec5ae3335b947ae35567d51146e09f92aebacdb6	elf
lib64/libTrustedInputUtils.so	68208	7c801bdbf5b103857dbbb98145121141b5d0d142827a46f0e33ff12bf8c39c95	elf
lib64/libTrustedUIAIDL.so	135704	c9717eaa48baf42b8dae8100421e21e9e36df2a19c55b5c583da01234508d291	elf
lib64/libTxPwrJni.so	251368	c160087297bf118db21ae441c43b032a9fe5b9108fe8617e891e1b49e53d5974	elf
lib64/libUDCInterface.so	1312408	23f0ea71c47890525e4ace85e26382c7b7a9d75e6ff95acd985aa45676f90d29	elf
lib64/libVNSInterface.so	1353440	91b070a7db3f4cbc9023fd0544135e4d6d9447c6f5c0d1f29a4b19330487e5a8	elf
lib64/libVoiceSdk.so	1596000	a954e663a57ac9031ca2937a4b769cbf07d04d14756a356be13745a789f1f795	elf
lib64/libWlanServiceJni.so	285304	5cfef19ada2ae0554fd387948f2a6bf28bce60082616329f135e3e1b663ba02b	elf
lib64/lib_bt_aptx.so	51896	33182cd542345df66402856d310d10767339a2faa0dd04f7c0f8b638ffc409be	elf
lib64/lib_bt_ble.so	51816	484d14bc776050dc3d3f4ade79ea37f76f4f16ec9dcbb48a53951f39cfd7c21e	elf
lib64/lib_bt_bundle.so	51888	21ad0d2bbe983774021805f8c9527ad1f82dc3e1c90b140f7eb63df7941ff82d	elf
lib64/libaacvibrator.so	289616	8a24b3bdab0218c1bb8b5037dbdf59ecc9958181a7bd62f62d91abf1fcf24e61	elf
lib64/libaconfig_storage_read_api_cc.so	122488	236da791aa124f2566deafc146ad4a87d32930fe66a51db769eb6ef702415d65	elf
lib64/libadaptive_shutter.so	626240	c7167f98d78b1345f9b883e2f1cec0efdf9734b220f0d9a7fcc1701be72f67f2	elf
lib64/libadm.so	67472	5edd300c10a8d7300e8cc01c6f610fdd069cea0fc1da719c4c9679d43aa4c56c	elf
lib64/libadreno_app_profiles.so	1188384	d39bba3f962881e55fb707ea473cb5a0d248f4ad15c46536bbe2d68b9c29258b	elf
lib64/libadreno_compiler_cl.so	32978360	9fe91397e52a50de1290894600403aef2d22fd0e985a3dab78ca615d73acb842	elf
lib64/libadreno_utils.so	134224	5a9f642ffc50aa518c83f4177ca6b6fa29b67a3ada0ca6b2d95c2a6ae2606f8a	elf
lib64/libadsp_default_listener.so	51992	c08fb857c4b370bc1687ac9cd9157e0e263e62184bd5864b51353f15903f9aa8	elf
lib64/libadsprpc.so	530728	5c888a5eea14d580ab66ff00ca205d74a1596c207822fd06e04b4c1f09a55c09	elf
lib64/libagm.so	218832	7426cd573ecc7098bfaab677f5eb5925f670f8eb2b5d163c26a9c109528f8865	elf
lib64/libagm_compress_plugin.so	68520	800784bacbba9514a80e057c598cff66b7df74d345c60b217ce756a1467ddc07	elf
lib64/libagm_mixer_plugin.so	85712	db5859502f97f62d05bd1d902b74046aa46524a0bea617f7cd256ee68c4c5a7a	elf
lib64/libagm_pcm_plugin.so	68504	3d63fad81e1457e37bcab5c61b7dd0e693a74708cda32ce2b408960c9dda30d0	elf
lib64/libagmclient.so	136040	e9e5ff89c816022645a7392d65c0fbef22486e23c48ba2d49fae4d51ceff3cf0	elf
lib64/libagmipcservice.so	168592	ec390c5ffc2772b7c1d93b4f81bf5dba1d5e1af625ef736788451e2df1b4b878	elf
lib64/libagmmixer.so	84960	80130964454afaf586672e413dce5f82bb56c9a7c50b2e23cd0eee3c1df101a9	elf
lib64/libai_tflite.so	1213752	de63d8387963344e9099041832ce1eef91b2e852fea9f553e6a9308145db3980	elf
lib64/libaicudnativeprocessclient.so	51472	42d56b7b84b193ddeb7a75e9ef99bb57a4e9351abacb9b7d7604b277d4519c2e	elf
lib64/libaidenoiser.so	67472	ec4af30d4703a18b39cfc4350c921fd224c15b4ad158f75372f03516d4b57e9a	elf
lib64/libaidenoiserv2.so	116784	c61d165e279657b569357c4af5e4e4e1ad7399b731b506cf38e0cdfc5021d15f	elf
lib64/libainativeprocessclient.so	51624	364607ced057509ae798e67c11d611f3b0e0a1d95f815282bc7e924076f4ea2e	elf
lib64/libalsautils.so	36248	323c35bae2adca1785f78879469c4e9481c4cb07d8b1ad52c325aa6e03652bc4	elf
lib64/libalsautilsv2.so	36248	647332bc2b0ad51d972398a49e627465c074956b59b4a9159104f212bb6865c6	elf
lib64/libandroid_runtime_lazy.so	51320	9dba35e19efd5b3f4aea14631cb21f7a212649532ee608e64557b607574938d3	elf
lib64/libaodoptfeature.so	85608	0103fe918a9f39ef94082573a9c01c83a40daea840c8e6252841207f0a4f07ec	elf
lib64/libapengine.so	334472	a8f1222910a66fd81b085cbdc95994d435a691bb41c79d02d263a36b0daa6d28	elf
lib64/libapp-framework.so	51568	92d7fd486f5727c39cca83b82861087697dad34459deaa215f358ef3bcca39b6	elf
lib64/libappclassifier.so	102448	c67fb474fe09f7afe78ef2e5fffcda7e5a79247b26c2e051c83590edf443c2e5	elf
lib64/libar-acdb.so	366800	daa0e801decb2e9f0ffdc3ed633160f75373a9d33b0a3142302482b3147de0dc	elf
lib64/libar-gpr.so	102808	fe5fb7bfe77209a4e65ea742a8524ee1cc42d5ff59ca1781f1d3550f568f4740	elf
lib64/libar-gsl.so	267848	b8f46bf79ce0f6c973973f53510b73b4b915721702ee0c5ec2bc3e125a9fb525	elf
lib64/libar-pal.so	3848472	9f9ff5d17d1d443f3895ea6828caf5cb8acfb9f12b3a8bff0d6b22d18b0cb4b8	elf
lib64/libarcsoft_beautyshot_high.so	38211976	710b896bf7a61bd5f8d6e285e4d5f85d235ce6c7def5c9230c4c031597d7049c	elf
lib64/libarcsoft_dualcam_refocus_image.so	35634168	f8aa78e9b0dd2a5a0f3624dcc791ca5f3589894e0acc39500d981952e7dc9c33	elf
lib64/libarcsoft_dualcam_refocus_video.so	11636856	da4a049953b041d40c709ab7c3e81ab27c1118804fa5c41ef2bc664f0617988a	elf
lib64/libarcsoft_facialrestoration.so	39897152	0430469fed54eaa4d4451199afd3b60efc4e218115dbb29a9fba873105c78470	elf
lib64/libarcsoft_object_tracking.so	1891232	c7afce606b1ec916b77916f6accc07c6554f9bb64030099f552514369a548e9f	elf
lib64/libarcsoft_portrait_distortion_correction.so	19595024	aeff71d151c91e04393998603721cee6f08506ba0dbfc94dc1d25666eefe00eb	elf
lib64/libarmemlog.so	85360	d2d9c855a78893b26edc18fca045d04042c890e37cdf8c4657dfe8e29d836375	elf
lib64/libats.so	184624	b213e3d3a984f01e01378a9f66ba01a30b08d3ffcf5c2e5e0017ce44317005f7	elf
lib64/libaudio_aidl_conversion_common_ndk.so	276824	9c6992d7984f749c1dbc4c523dce8b7fa8ef8ef06696a525ed29dcdb279066b6	elf
lib64/libaudio_log_utils.so	51856	6c22e4891fd1d45bbef7e66165fceadedf4245e37d50ca326254805020f5b9aa	elf
lib64/libaudioaidlcommon.so	51864	d056ce930a4799e4e83ceb570b1914217e24e6f7126a8d0810a431bf4da1fb65	elf
lib64/libaudiochargerlistener.so	52016	d4674f254311dfe0bed4c95e793cca1e13411cd042ee948400e51edfb8a943b6	elf
lib64/libaudioloop.so	101624	3c64c497fe22510227820cdb7dbd28ede51947f49a76c33306fa33fc62132b18	elf
lib64/libaudioplatformconverter.qti.so	118424	905fb6c34ed5e0d0572c6790723cd280836ab56a2c8f32841c7f9d0e3037b814	elf
lib64/libaudioroute.so	35720	9cb4101fb3dc1603008765419025fe7eb2c61bd05037416b5c6949a8bb306e8e	elf
lib64/libaudioserviceexampleimpl.so	1277440	77ebedd8e8d5cdc651b2d5044851bbfa0982184d992c4526e7c414c84fc38d9a	elf
lib64/libaudioutils.so	349584	f6834e2d656e805998e1c153faf2affb39752ea1740ff3d4793b017ccaf98032	elf
lib64/libavservices_minijail.so	36144	427ad84509fb6db3123f8a78927b2b30c045087ba4257122d9608ab16914cacb	elf
lib64/libbacklight-calib.so	116624	d3a14bb0167208016615771ffcd43998877264ad6bed6bba5a15dc49643eebf4	elf
lib64/libbase.so	218912	540f2336f2f4700d03142249dc8c2bf2ad3af1575d5e8154f4bbe630c93aaad2	elf
lib64/libbase64.so	51632	f018da71eab84bed4eb48f93ce496ab4a281c289e99b3563c7d257a1b631e0a6	elf
lib64/libbatching.so	103128	4b02c23b8785771d2a3c4ccea27949cdae1792eede80022d5de4f9756dab0825	elf
lib64/libbatterylistener.so	85184	d4127469460b73b76b9442d10a5d1d97093ff0038c276340fbd216f3f38a27d7	elf
lib64/libbcinfo.so	1022840	5ee2f104b3a99da72cdc28d30c0762ada81b47d424ed705887836e192c21549f	elf
lib64/libbinder.so	787512	dc693bea45b2cafc95febfd4039dab85f91529f3b0268b9519c8430a2b208db8	elf
lib64/libbinderdebug.so	86656	140e03e8436ecd9e4f0fac83f0091d8c5b7107e7c8ca9dc7984e8e10760cd87e	elf
lib64/libbitmlengine.so	133120	1fb7b9b1ba54cbfcb60e08214b18e2f815ba6c8858dd788b1391bdad41bf1506	elf
lib64/libbitmlenginev2.so	280640	9a87d1577b9134b9d194adc7c90e24ca405449c119486cb6aa4dfa51584aa7d3	elf
lib64/libblas.so	1303472	a3b27dd978a85ffee60d99200fad73186415ab3219b9e5998a387c0069ebcf26	elf
lib64/libbluetooth_audio_session.so	135264	da04e78e0feccb2abf8df405de38179e711257b217da9903784f9526bdb5dee0	elf
lib64/libbluetooth_audio_session_aidl.so	442232	f63d3210cca052ba5b262b7ff19e4eeedfe0c9eb05c0c8a47d4e01c03a836fcd	elf
lib64/libbluetooth_audio_session_aidl_qti.so	391872	19e342856d5bf889b5a992ac1a64d0a37b9f42d63b397cd0f97fc59dbb293c80	elf
lib64/libbluetooth_audio_session_qti.so	219600	5084809baf4b7fc03c1ac546894b72e0aed1bcbebcdf9f0406746925cfca9dbe	elf
lib64/libbluetooth_audio_session_qti_2_1.so	252960	4af8f179d7e1654d16d6151727fec1fe8bc406dd64f6701af77dc21d8fc66490	elf
lib64/libboot_control_qti.so	186280	c997e02acb5b358ee1c92a2504cc05e33680e7ed7fa47597de20339c4c7794c9	elf
lib64/libbt-hidlclient.so	85640	63badba3435d9cc255f0aa89bf9afe67bb891e9732562e554363bc59f18ad5d5	elf
lib64/libbtaudio_intermediate_shared.so	85792	57f3752ff313bfcb530d9e5e906f880379482397a96c922ab8c77d327b89346a	elf
lib64/libbtnv.so	51864	9a3e77a16e30531093ded5eff9c4af05bcd5a9d7a6ab19a839c1f0dfb09acfc9	elf
lib64/libburstsr.so	1141504	7940d4785e2fd466fbd8eb51f55e14d8f84ba0d4b8e2553d02c0571faf1b691f	elf
lib64/libc++.so	1083168	794eb8fafd7be35da3725e9ec0b15189c6f4f2544f5b78afd8a647dde5b69195	elf
lib64/libcacertclient.so	52280	d298c4845437868fccab95e851a59aabb75743f8bc637997704a6dcb5135e398	elf
lib64/libcamera2ndk_vendor.so	373448	51ac3d442273e8208e18ff4d9f04e9c5c03e76a873c3d394916feb1b080106e1	elf
lib64/libcamera_metadata.so	90240	5e1a8c88847372e06102d037c244e050cfa600e711b691fb0acf4f922b1bffe3	elf
lib64/libcamxarcskinbeautiful.so	84536	b491f3c9bc06449915a9caefce3a2ad538ecc653fae184e8fec7570c9b2faf02	elf
lib64/libcamxcommonutils.so	336312	d666566d6a98484ddae703cfd8f0cd62bde44321cfc11c1aaf17779465b7e44d	elf
lib64/libcamxcoreutils.so	5555896	e7076b9910a04c6881bae3f95c809dba9f019909648006c5c960cbb2b2730342	elf
lib64/libcamxcsl.so	569752	c8f7138fcea4fc502689f4b2b719cbaf32367a147da98b14cd72084bb45bec29	elf
lib64/libcamxdefog.so	51736	9163f225a27c8f0ddfb4e2e7a1f4970f866b0c8dbca7374fbbfbf3512cf5d558	elf
lib64/libcamxexternalformatutils.so	68672	d4d93543d6a78d2cd060a6afe7540bff75cca644a24e72f006cba36c352916b9	elf
lib64/libcamxfdengine.so	3581232	3623e7965cf6283863755f1a2b9a95ab7b0cd26b7069c34912de3db85a71da6a	elf
lib64/libcamxhwlfrontend.so	1698320	73e5de7aa04ce9093cbccecec8be532d18414b89f2a0dd48b8d31b5fa676347d	elf
lib64/libcamxhwlipedriver.so	5010872	ffa6a5158987e59e1ac762a06ea9112ab68ca7f2386e05218495963f850762d5	elf
lib64/libcamxhwnodecontext.so	35472	06bb8c1cc5da30834e7efcf28d3b6cbb36c906f58e603dfc74799085bd9a36d4	elf
lib64/libcamxifestriping.so	313232	8c2cf435416d0a641be390b8796e820e1a2f2c75305939627e7d9c6ae596f3a7	elf
lib64/libcamximageformatutils.so	185640	ed3cc82eb038b3007b133caea3fe44ff1100acc330875cc10b495a8f67ff459b	elf
lib64/libcamxncsdatafactory.so	149552	174854eb4d713f7a1fcd5586c4d12de221004a908e1a9c518a3b36723e36a08c	elf
lib64/libcamxods.so	335656	93d68c3b12ef3dc3c3afea03fc3593285b509180b26e569d898dcb0c7ac3f37f	elf
lib64/libcamxofehwl.so	1198152	167d2650e75c996eb749a7c0805f25ec74bfa314fc6ffcc80ab2a3bd41e1b6aa	elf
lib64/libcamxqsatalgo.so	182320	3d752475c2572d87f7eb98f598943dcebcb72a505975771d9ff6a654b5711b45	elf
lib64/libcamxrealtimedefog.so	51808	1c93da5287049ab22830842cf1c02417594d8fc507eb7b4c312afe89596cb7be	elf
lib64/libcamxsettingsmanager.so	101864	e457ca81b8098e38ffaeb0be44ce829004d464e7d7b6cb4c362595a8741d2d54	elf
lib64/libcamxstatscore.so	51088	80bd7e6f7def6a6fcce7a3f1a3669954e3078250bd693082611b27aa116bfbcd	elf
lib64/libcamxswispiqmodule.so	314368	63e278fb0c7df2ae234ec679306adf4bd770f74f8ee37244de6009e92c7f5d9d	elf
lib64/libcamxswprocessalgo.so	51088	c3f2ca54e176a34096ad7dde83303cde2ee92ade09dc7ca15198860ec6f042ec	elf
lib64/libcamxtintlessalgo.so	182392	bedbf03f231b117e84b43b4593685b99aa0c4658537374a09bf1106a623d8cc7	elf
lib64/libcamxudceffectenhance.so	51776	82046866697142c1d858459c0c6ca9f2861bca1d0d525bec15d3ac9678fca68d	elf
lib64/libcamxvppservicebase.so	134800	db3de053752f1b86ad8f51e9ad442deaa4e64863fe43f5317f3c0fcfb2e26760	elf
lib64/libcamxwidelencalc.so	84688	d1a3aaeabc7be453b8eabde0e7063275c4e80c8de4a496c1d1ae008901203cba	elf
lib64/libcap.so	68104	0bbd1172183fb4d0f3e3b6336613dfe6a7816668c102f02cbb854efeba91403e	elf
lib64/libcapiv2svacnnvendor.so	490696	c4f149675babe23d45db7e712f00375fbb8a8130838c64e51d18fcbcbcd85311	elf
lib64/libcapiv2svarnnvendor.so	340296	b191109d0377fed6fcf67f758e4acb976042efa322927d33b49320b945c3f754	elf
lib64/libcapiv2udk7vendor.so	88688	d6710496a371845b56cf887cda69dfde09e45c0ea994f6366875dd53cbab858c	elf
lib64/libcapiv2uvvendor.so	615280	286fd252ca06c3af7271420f9def0e5b11562c4a77ef8da15d14f904553a5acb	elf
lib64/libcdfw.so	382744	e3e4539f135f074dd2eb4df05edd088baac86800317bdd2d252d58d8313fe1e1	elf
lib64/libcdfw_remote_api.so	184752	44ec6dc57f1ab1f6fac2272fb27c284a9ee7bd219e5780fbfd415b12f5b56f24	elf
lib64/libcdsp_default_listener.so	51992	4ba08a2be71ac1c427769b1c7c754c28cbae024d732eb735f7f264ca8c36cbce	elf
lib64/libcdsprpc.so	530752	501d2478fee5913171c00e63c67701fdfd6cedd4911641084b8f16b3030f6cbd	elf
lib64/libcert_parse.wpa_s.so	251176	f6e6418f45111b6b17a0dd86637ea3481783ec9f2f78a2ff8528561fbc8d5a75	elf
lib64/libchifeature2.so	6284256	f3fddd85c16bfc64e07137b61b3fb0da5e98856aded68e9e15cbfba0744a046a	elf
lib64/libchilog.so	51888	ad3ad7a7242f8c215aba17bd174f9ffe43a91a9d2f687aeec41ba3643462fc3d	elf
lib64/libchinodeevautils.so	51728	4be7646b5e9b6807f832af7919f6ddfa0a3baa5bdb6ae361b08940e24b545b7c	elf
lib64/libchinodehmeutils.so	51696	67e0c4a05566c5ded1d92b14ec8edc6f90fb0308686e7105829e08ea98c1ee9e	elf
lib64/libchvs-bc.so	35832	ae120d4e7c4b8cbcb14620fbd3f15d389b1c5e6969832ff6e12494a8d9ae4b3c	elf
lib64/libchvs-util.so	51368	3825249a43d644851a06742f01a76a3ad68d72a1c5466ed36c0ca14a1f6f70e9	elf
lib64/libclang_rt.ubsan_standalone-aarch64-android.so	739600	ba8197bccbee28b2d5bc36ad2e4288240d63588f3951f11985360045b2fd9f5a	elf
lib64/libcld80211.so	36160	edf5f490cfe537bdf6030a88a6e0593e66842f278c0d067b01f8a8715ca8241d	elf
lib64/libclstc_algorithm_adapter.so	444304	3931dd1e4f39ba13ec19312351384c523fa017e7daef6e7255746aed26980872	elf
lib64/libclstc_gcp_adapter.so	116624	aa2c7d4e4631da8153e43d7ef264203b7f8455549ad12359e8e813b47ea6fae1	elf
lib64/libclstc_tm.so	215008	a5b547f75d713ad6c909f59bc25aae82602ac4ea494b6577dc87dc7bc3bc5a2f	elf
lib64/libcne.so	1363128	07e739b0ad623e8054dd43330a55a5d9b3532e4940b49386d01d96677b26ab05	elf
lib64/libcneapiclient.so	235752	770cf960f98b6a6538b8c16c0064989f1120c05b86e5e7d0d9eec4856910e233	elf
lib64/libcneoplookup.so	51832	89d248c94d344d157f589e40c1d1cbd06f1a04b4e14946a677cdcb123a00e1ac	elf
lib64/libcneqmiutils.so	51800	d05cc956330309990bbd86a13bf30f6b1178ac38742aa7fa6dad60ea6436bc02	elf
lib64/libcodec2.so	35160	f894916b5827dd8c335417a88ee758e9a03ede4e25631247949739e449600dde	elf
lib64/libcodec2_aidl.so	255280	3763451255e34f45efba1b7834f204d6b80339c24dc0bcf88820975c98405962	elf
lib64/libcodec2_hal_common.so	119376	9e07b394dd5f1982fc662f6d3ee96a041723fa2dc3cd652c5a2134f7fc877f5e	elf
lib64/libcodec2_hidl@1.0.so	320960	b966fc2a6a074d0c483f95b1740ec733393c7995df94a653265c1dbed27bce7e	elf
lib64/libcodec2_hidl_plugin.so	102888	35c636e38bd80283b66ab8fca25913087c38bd4693546cf8f846dca194877fe8	elf
lib64/libcodec2_vndk.so	788456	f94c7696b08c1c865fb6cc5a1dc0e5dc8837f8317f1804bb32cb8946fec90c9d	elf
lib64/libcom.nubia.chinodenubiautils.so	68360	3e3902d9744d53d4984211739f1fde31996805bf048f06d067d70fbf295e3512	elf
lib64/libcom.qti.chinodeutils.so	85408	f5dec8eed0575dd5f9109c14c0bfb950c337ebdd9143d5386df0f1575a21fb25	elf
lib64/libcommonchiutils.so	51856	a03e33855ba343f951c5c602e435fe0cd340c5e50df7ee405d499ca80098bcb7	elf
lib64/libcompiler_rt.so	68464	5957ca45477351b598b3280e61c2a54557f5db41bbcf94e71925bd949d809a41	elf
lib64/libconfigdb.so	51952	f30f719ba3400079eb4a56d3c6824bb9f2345817878fc1daf4a1a9a228263d8b	elf
lib64/libcpion.so	51752	43ccb10792d56d3cf921d5c053a4ec8fa051ca1572a75b89605c69d6c051d196	elf
lib64/libcrypto.so	1516752	6469d55989547dd7d68df65c5a22efc8fabc4423f08306e2540a4e57594f1d1f	elf
lib64/libcurl.so	605240	2c2804fb9e6b4f04e693a7a76048a0d153f8a0425893cbae3ff254c5b20f6e35	elf
lib64/libcustomva_intf.so	118176	1cf1db47a2a7a20d320b249c7d6bda0c6b6828b093067907579448de04910bf6	elf
lib64/libcutils.so	118192	7acf6d28f4013fe234ce103ed6f4263313200e392579b2f724678bd4c1fa28be	elf
lib64/libcv_common.so	51096	bf77d0c123b1a3da341ba98da40b7203043baa1da8e8e03e4724bc48a7a212ad	elf
lib64/libdataitems.so	151032	2dbf2080c7fd41b5ec7e6e6d91fa98b347544233ff0883d76e8886fa89e28be7	elf
lib64/libdehaze_nvx.so	1770136	7b54f6b04e804e6e611cb7a8c680a9cbfb7b4f30209289abd81f70f5197fd87e	elf
lib64/libdemura_oem_plugin.so	85352	d7fa6a2a14e780f83cfa84471a092b21cdfc007cb2fc53c79ec6d2d273d82e77	elf
lib64/libdiag.so	354472	4b6c946de0397af3f585d06bcb3e9d7116cd729ffb15f34ff7033b7a849e7424	elf
lib64/libdiagjni.so	51824	e5937dbb8449336c03b3b99c16ca240685b9ed5c8434d99b101c47e91eb8eae5	elf
lib64/libdigital-dimming.so	83976	21a225d2fd5097141ab0f9ec98a0024bc6df6261483e33d0c55dc1a9611026a2	elf
lib64/libdisp-aba.so	248480	b517633c864a0ff3f7f54549e2771e9fe3a0fcfb156f7e13df845f615ede9a4c	elf
lib64/libdisplayconfig.qti.so	155944	23f7ced61d45c788d76d327340babb49706b571b3fc444c71887f19132abfec8	elf
lib64/libdisplaydebug.so	51544	cb6bccae5fef6ab19669a5e811467095bb4aaa2af438f916bd5f7576caacee8e	elf
lib64/libdisplayqos.so	116712	45a8958586eb1fce463326a1411318cbf7f5c954ec8117a9af38a0938df4d382	elf
lib64/libdisplayskuutils.so	83856	3fec5064ea67591633428791c4f0d0aba7c4b276fd61c2e92b3e10181e381c30	elf
lib64/libdmabufheap.so	102344	28d11810ddac335d77a2ddb52a7fe58b0a8bd9c5c02ad7894f89d95405085bce	elf
lib64/libdmap_consent_sdk.so	252848	37512ac2baacbe676b75a6277539fffda18dae619dc739dc2f862d6e3e71daba	elf
lib64/libdpp_manager.so	186184	478cf8cac979e75a2e40b3def0f1bb0cbccd3315f14e1a4cf69d1fb2929f1cfb	elf
lib64/libdpps.so	1312768	2eb479ee48bf587e2ea514736621c947ef52ba309a4b799254cbe54b85677d41	elf
lib64/libdrm.so	117288	61fe30ab0c265f0b02e6443146dbb5b4e941add642473cd1cfc492aaec9a406b	elf
lib64/libdrmfs.so	101048	812ac0e0e1be9452c1bf9925cea360e47861d639aeb149426bc8287cab410bb5	elf
lib64/libdrmtime.so	35456	7a04a918b6e93fe6df7560ccc68c0befca1fc052ac9e717abb34e2fcdcc99f0c	elf
lib64/libdrmutils.so	52032	c023c4e2706cf4d15d1b73bec4c6bad4de8ddeb8509d21f2bee4e7d6732687ee	elf
lib64/libdsd2pcm.so	74088	8dd736d51fe69c6779a7d14bcf53cdb3348199d4b7f9dc6065747240cb91612c	elf
lib64/libdsi_netctrl.so	730736	54c6bef83982520d15b8c538e80d4c3b61c906e52476438c941a12d844cdbf9c	elf
lib64/libdsutils.so	135136	0e2bb74f1dd639e1855bcde6ed6d7f5649b1a19706ff6b1aaeb59d6c0056a2c9	elf
lib64/libdts-eagle-shared.so	1251632	a5bdfaea8c1524a23dbe4f4424bb77ce9a672eb72ea216fa971c1a5a48a967ce	elf
lib64/libdtsdsec.so	231168	d02db648fa901980654377fee63067d61400158795fdae6e5fd88c89b77d63b5	elf
lib64/libdualAlgo.so	382768	ae7d5e849a9c2b13ec60f874ff233f308c8ad98ce62d9863ca9549e965f08ac3	elf
lib64/libeai_fixed.so	320544	7dac4e52df180f9740a637ef9887efe445255239454b8fa4d49fb358e7f168a8	elf
lib64/libeai_float.so	285120	236e74fdb3c2ebe36ca61173d741a4a9ae08720590609764107bd6b2d92dc2d8	elf
lib64/libeepromutil.so	51792	b70a6db0a315c4ccd700c799c3bb47e885be349ac1532202609fe18c4abee586	elf
lib64/libeffects.so	52312	1e36d87b6472d45ad3017c63e178608d493278452a85685e059ba2ebb8d2c661	elf
lib64/libeffectsconfig.so	68752	070b1f054f81d8de2491d1d10a6377cd926c18c24cd4d05e130206a81ea35b47	elf
lib64/libembmsservice.so	1027072	65d7a2b1b5c38f42bcb7fa609b7635bf17a61f6f4db7b3d2c4cf562ea8f2a655	elf
lib64/libengineplugin.so	334000	f00fe2a21a9cec234bfab31fccd670393ec1347d2f3268caf69172e6080f175a	elf
lib64/libeva.so	1592640	0894439725cc667f146d15f55b6a97a5ed2f746bc05886cc1b9ccbe050f587d5	elf
lib64/libeva_util.so	51088	5a492d751e8ebb9e8ca69554668ce286ef0d97a55f3e670df0ea42c110485464	elf
lib64/libexif.so	150176	ff77788a681148dd4c231909be20e46bae666eefd2f74a38eedae239bedb37f7	elf
lib64/libexpat.so	184696	a6010db412d5e6286cb646111648e220ecab69eb28fd1e18926ad6fa689d25da	elf
lib64/libeye_tracking_dsp_sample_stub.so	51024	027bbf8beb3b36944af59619c015b9bb432af68c13a48107959c902f8451a01a	elf
lib64/libface3d_dev.so	133088	d551ef969a83d60ad8c4c1af95c2a93cab13324f66504fe33321ed080d13d92b	elf
lib64/libfastcrc.so	67552	4db62af32e54e1c0a9f322bbbcedf68feb139be228598dacb8811f05c16e45ba	elf
lib64/libfastcvdsp_stub.so	313232	3a5bc9f9720d5dd87441aca635ee225503c37c4afc210fba7f3df543293bbc12	elf
lib64/libfastcvopt.so	3713616	b29abbff63e16a4510cd090a0fbed25b0d96c49eb501584b32314f01aadaa5e4	elf
lib64/libfeutils.so	67472	dc0c2a419e0fa891d8d6e2d5f99b3a8c9614512d40d8ce346bf2c18730a64a39	elf
lib64/libfilefinder.so	52264	957aea43ac77658394712d5e75970d432df026bfee647d05825b1fa718a91310	elf
lib64/libflatbuffers-cpp.so	1080096	2c85d9bb8076cefbacfd6465fd46eaf757ccac4b4b3e875ab7791cc8eec49ee6	elf
lib64/libfmpal.so	68568	b6c3d9f862fb15031a318e66c6e67473c38da05d88e02cdd89c8bb996c00469a	elf
lib64/libfmq.so	51696	8d49d02faa3e31fc4d680c762d0b12919133a47bbb9f6afc8c2d638993cff082	elf
lib64/libgame_enhance.so	313232	c318cde2685230776003af4b3f7821efab7df7609322e394f38b2316315841b7	elf
lib64/libgamepoweroptfeature.so	301304	29f9213d41a591732e144fb1a379b923f9e0d0525bf7cd850474a06458c71409	elf
lib64/libgatekeeper.so	36256	0880a5283b07596b62b3206623faf4734f3f1592c9bbc919cecd00f37ae0f118	elf
lib64/libgdix_afeH018AM2900.so	75696	31c67609aee40795708255bfe0da7d09d70e862ad7c0b2f40e655c8b04a6d6ed	elf
lib64/libgdix_tsa.so	1812032	c89160614764effd15cce1890def560c3787b5766cdbdc3d9ff7b7099f1cb3a4	elf
lib64/libgdix_tsc.so	69752	2d8d76735f548c7ac861d20b8930abdd7323713c775d04f3266c1ffff803e37b	elf
lib64/libgdix_tsd.so	46416	2f19f96b9751fd7d7f1fafcfd4bb8d3d28377325ea015d63238c3cd65a45c900	elf
lib64/libgdtap.so	118880	14251d3cf3df2df5239d0bc0199ace45746b848c45b59f0e76094125eab71e4d	elf
lib64/libgeofencing.so	103040	717d062dca4e52c78697f9e6b992f6ff000bcf941a4bad6e5a754a8f3372a4ca	elf
lib64/libgf_hal.so	565080	64f4ccbec7469dd0224899d8ff17492932fd4de4497b68d3fe392d162498fa39	elf
lib64/libgnss.so	590608	aa872658f338e8f0c47eb67b647926a481026388751d062ecd23ecfb015ccac4	elf
lib64/libgnsspps.so	51904	22e0549b1f459efef8c36f52f23429cafaccdd080861e69cf09287db553f9749	elf
lib64/libgps.utils.so	252728	2f6af3a0398ef582b02ffba17d302941a35711c66a67383368472a9585e43e10	elf
lib64/libgpt.so	68200	023f3fe9c1c01a35a6f24d142da38d33bc2eb267696355dca342deabfcf8993a	elf
lib64/libgpu_tonemapper.so	101912	388559a5cb4755b951e6c1079613b5d17542110d391fba5c61e8015b0ec1964c	elf
lib64/libgpudataproducer.so	1267760	5d800df3f76feefbd1c48c629ce1479cf42015e8b649254b60709d0877ac23a7	elf
lib64/libgralloc.qti.so	68936	29112179b3948a4a2fc2ecfec28f0ceeefc2868c994a96be293285e61abb97d5	elf
lib64/libgralloccore.so	151296	38809025130dd7a31b53da312dbfa4bf5eb9be6c0563ad73ca956c86ff07daf0	elf
lib64/libgralloctypes.so	101512	f2c3236a7d2ef5d8842e96a03afbe4506b8550ffc5ac71d211e4f5c55fd0f8bd	elf
lib64/libgrallocutils.so	367096	cd0e59f4318e525871c6d537b7d5904a20fa6ca2ece0e550141a42243e7e9f6b	elf
lib64/libgsl.so	2284144	5faa109742a4f7adc94c58b4265eb7e686c4cdd15527057af268f73c2c0c9bfb	elf
lib64/libhalide_hexagon_host.so	26120	f7b3e687eeaa904b9d43af403bfa991936795d82f4a72f8859370d15c53f329e	elf
lib64/libhardware.so	35488	e936a3d3388eeba451d9edcd7e43299993a30217fd199bae6ee8917761172929	elf
lib64/libhardware_legacy.so	52224	61d6acc73ad072b3d02795e62d7d78aaae3bfa57a60cfc3a8f0ef401501eeb50	elf
lib64/libhdcp1prov.so	51688	ac23a3d0a59257c8387770af52bb330ccacbdfc0303eb278d9822ff6f450f917	elf
lib64/libhdcp2p2prov.so	51672	000b19688b129f7ca1c835f7328e108fc3811d979b2cb36042ef1df26341611e	elf
lib64/libhdcpsrm.so	51920	ba3f7f1fcf61afed026427189990484e85c69351ee21b5482825b10917521ea0	elf
lib64/libhdr10plus.so	83856	58e6628556ed0fb3a84b8264677c190d61f5b3dd7934bd045c104c2d56a8bab6	elf
lib64/libhdr_backlight_adapter.so	83856	a8047d89368af362cba109fb0e3aa25052a53f7a934f7cf3a6aa176f1be00004	elf
lib64/libhdr_stub.so	67472	30ed54df2c5255451e5b5351e204357150fd6b46a4720c940b83ca035d83d240	elf
lib64/libhdr_tm.so	395152	492c486846e449a7e422d9345fdb1ee7e47aeb7cae90c64b013fa56b02acd9a8	elf
lib64/libhfp_pal.so	101656	c629cda95c9e3aef0040dea58fbd76136fa07b913c48956286375001879cdc13	elf
lib64/libhidlbase.so	660640	1fea2b5e19e43ff14f883e435fb8c1077b45a1f2e4a878337eee9bbfd1d03083	elf
lib64/libhidlmemory.so	52248	e6600a8cda09dc4e66c8e2fb6158fd8bd10af703b6607bca5c6b6f7ba20d20fe	elf
lib64/libhidltransport.so	35160	4a5d43d1de26d90cb4eec87d495f047377d6faeef71e57e697484e7ef255bcb8	elf
lib64/libhidparser.so	85296	2e9e8a5555c1d72d67da39b0669f4a6e96d6a1c139a6a7d3a5b45bcbc339bd47	elf
lib64/libhistogram.so	52184	ca60a526cac2125cb9ecf10e6dac51c54f32d7fd87f898b2df05a09814867d84	elf
lib64/libhme.so	183256	5d22edf2a24edff67b32041d504545b45709829ffd3fbfb24dcc646afe02f1c3	elf
lib64/libhotword_intf.so	101752	f0d2a427429ebfe020872cf10c709e2059c59f866f4c645eb11d13e7ef70497e	elf
lib64/libhwbinder.so	35160	81f64e3bf5a5c28d8fb811d793e1d9bdf44a97f8640dd84794e870c461d6d091	elf
lib64/libhwfenceclient.so	35560	a56c3a5f9d5cfb492d748df7ea60ddc93d12630f7e0b69cbaa8d4b37e7ee8ae3	elf
lib64/libhwliqinterface2.so	2712744	360e4ab30088e7ea7908473d7c55d628a24b5f7fe77b5ed468a5d3886b55d5fe	elf
lib64/libhwlispcffdump.so	67632	2affb97cc9fab5c39aea00a5df13da93a31589f48a4f8086a7332034a12a146d	elf
lib64/libiccprofile.so	52696	30c9093f5acb45418e589d2fe028ab5eb1c09a39b4d9eef54adae5cdec9fefff	elf
lib64/libidl.so	51912	dc8a56fbcb6a1892625eec3a96b7a78d7195656c327ee41c6893d2f1e09ae22b	elf
lib64/libimage_segment.so	18641144	e9cc56c0c34523dca813afbbcc8c07fc1bd8166821dba2d7782108e1978351e6	elf
lib64/libimage_split.so	47144	f84298e671ebf45735d2b8e21ed04fb93b1685ccd5d92027d4ad2bdb58b563c7	elf
lib64/libin_display.so	653088	f16f92fc5c00d2ea8d9690ff826c0212e698a9eee434a2cbc77b930d4b77de42	elf
lib64/libintervmipc.so	67552	fcb47de44077ecc29bc32a8c13f46791ca3f4a9cb9747e7d4c0180c6e4afdc58	elf
lib64/libion.so	51232	a180b893980ffcd5b5bcff931d67bcfa348077f6caf0a67c62d699302feeb8e6	elf
lib64/libipanat.so	119584	34c07194e89a0ed42dccb603ce1e39e3ffa6ad082a1f6bf4f11961590b8ad45c	elf
lib64/libipebpsstriping.so	641184	99cf8e8248885ac9bdf9898af816b89bcfab7b394e0c6d12984d83b34b6cbd7b	elf
lib64/libipebpsstriping170.so	641184	ab150311e618bad596ed94018f8548a6a7c7afc22ebfb33271e295736bde1907	elf
lib64/libipebpsstriping480.so	641184	4ab5f260d79ff60cf15868e9a2ca247b9d773bbf61216899d1c69d55349c497e	elf
lib64/libisphwsetting.so	690224	8bc50c47b2878e4fc2a3972518d556cacec54dcfeb36454d05223c50cbdcfbf6	elf
lib64/libizat_client_api.so	117864	64965fb432e6049e5019aa67335e4a26524263cf6ee9b5783751da1284ac70ec	elf
lib64/libizat_core.so	946520	cdc40ac8fa468f699b8950287651b3175c2e99f3010fbbe6ae0ecb1b920f8819	elf
lib64/libjni_imageutil.so	68720	9c0dc4c901a791f28bbbc817a6662880b90f89b7a5a23867e6d5e86576295201	elf
lib64/libjnihelper.so	102376	3bbf750fbd5740044578d549038aeb618594b0ca94732612b19d176370c4ac48	elf
lib64/libjpeg.so	384592	fab83c6cf1f285347ad0d83746b66b5dd6e94bdbaf41f2686ab986e02fbee961	elf
lib64/libjpege.so	200216	b9d0792b70fe80803afb517679f5fea67b9f85c6f897d635c566b1bbb6858786	elf
lib64/libjson.so	84608	ef578ef3a544ed3151b2c8032d43d6dd0866c2790b8d33ab3ccdf806a5ba9e29	elf
lib64/libjsoncpp.so	200576	9ba9ffb761b9850ac9194ae1b79b5edc8805f6323327a561c0879b5c18b8a4b3	elf
lib64/libkcl.so	5510432	1336e25d38d91a1218604aaa0b811edc2f19aca1456018a2cb3b7247dbf831c0	elf
lib64/libkcl_a730.so	4773152	4036b5cc609ac5940032f22eb19630145e94020a5a5a72965c53969d453f37bd	elf
lib64/libkernelmanager.so	69792	af7e06229c158de2822e9fadc424cd07aabfcc08250de6fee58d700e12b7348b	elf
lib64/libkeymaster_messages.so	151016	3dcb5c89c2d7a323799c236e54a302bdc9c77a973fcefd52eaf108a4774e0eca	elf
lib64/libkeymasterdeviceutils.so	51728	930a112b4d867a17dfe7893ac2605b2a4fd684735ac33194b60a32a450cb3150	elf
lib64/libkeymasterprovision.so	134144	01f40395c21738a62dd36bc626a264e3bb4261e1738487557a56169492449cae	elf
lib64/libkeymasterutils.so	269048	c07e6f10406ba426c6cc524382b1d4a865e260883a0def2f21f3796e60d729a6	elf
lib64/libkeystore-engine-wifi-hidl.so	69360	7c37701d8cf30dbd36e198c8679456628a0ef4ec2857da2ed9a0fc6e209f9b87	elf
lib64/libkeystore-wifi-hidl.so	51648	def2dc7bd5964cdb90e2a6e7d4979f48fba37f421c226a83179bfaba51fb4d75	elf
lib64/liblbs_core.so	185320	b301bdf4a7a28a46e1364771f62e489b08642c0e9ce43de37993490138e31166	elf
lib64/liblearningmodule.so	218656	67906e6e9be5b878f8e15eb51a32836e32ab19b9cee3f257b92a16734e2b67c1	elf
lib64/liblightninglaunches.so	168432	1c5e91d402017b121dec89bff0b28b034e5e612c58008dcece9349982979d0e9	elf
lib64/liblistensoundmodel2vendor.so	2398536	afe51baa8dd4268212c7967379b853d129d2377e6e4d97a59759b5335bb53e32	elf
lib64/liblistensoundmodelaidl.so	100240	8a8a5e9a0bb1786a95873047f64c7ca92fdcb389a89c0615c829dcaeadeb4844	elf
lib64/libllvm-glnext.so	1993624	786e6b9f7338f06c94e81380d85f244d6a98e62d53d7921991ad03bc0e044533	elf
lib64/libllvm-qcom.so	257616	f716ed62e07ad6e40239368b95666967713326a6b5284c9624f26cae963c31ff	elf
lib64/libllvm-qgl.so	21568256	2860c44e411fddf73592db6d9ab30e78f7860aa48eb64a6243061eef6201e574	elf
lib64/liblmthermallistner.so	85504	5be20da6117df974d96a1d66db5ba0c2e496c511eb0a0a7f45d1a1ae8f0284e7	elf
lib64/liblmutils-ns.so	168952	d473d7fc7ade4783a2852ac53eb5b58fae6d00df8da5f18cb4ed5951cdb36dd4	elf
lib64/libloadalgo_stub.so	35848	e99e81ce3d304d9af16fd9ced96fe62659c3fa5d97cd2cdc5023a634b6f57b05	elf
lib64/libloadtrusteduiapp.so	85224	88d1d166235b07189efbafd82be8771a01b42d120b2486c768231e649ebff59e	elf
lib64/libloc_api_v02.so	468120	cbe8cec77a2ed00824227cf357fa196166a8701f1806e778dc077a46b18279ec	elf
lib64/libloc_api_wds.so	85032	dab9338381e25aa234522299d923ebeb4c81ca1482f26dea0a97ca8cb3c2fbe1	elf
lib64/libloc_base_util.so	167896	c431c7d00175553fc4bf3e12de869f36e1cbe238c432dd0e1b5fc1d77e10d4fc	elf
lib64/libloc_core.so	532768	b1b480c77bc1096a2d6d3b8328c8f3ee77ecbd2518840f895a538ff489ad9a0e	elf
lib64/libloc_eng_hub.so	268272	2244bc5aaaaeb8dad8798ce65659041a74a24f9adb58073b32727b2db8c845aa	elf
lib64/libloc_mq_client.so	118296	6265cf2a5d99f4f3ad436d7daad83829bfa6c69711374bb25be05ba2dd3011ee	elf
lib64/libloc_qwes_iface.so	101696	ef009f2535efcd65c5b0b0d1958edb616b0559b62a1799b13819b28c3388c612	elf
lib64/libloc_ril_client.so	203072	00f1b80285e78e24912d9007913f33b648538242f7dd91d3afe38b3e4b4fde9c	elf
lib64/libloc_socket.so	68856	5c9a1a2ed240293aa5cf464eb9e6278c718ace4c60b0c31db9d770c194e47bce	elf
lib64/libloc_util.so	101984	378d08d898af7a6456bb70849c853c17c6238847e75d20c7434a113d2ddb0d9c	elf
lib64/liblocation_api.so	185416	194b09765dfdf717c02e78091bfc600b2773fbfa00db9893d1b54d378d0065c0	elf
lib64/liblocation_api_msg.so	1821240	c073980fbe427cf7251200fd96569da55ffcf1d3bfedb730b2b67c037079c874	elf
lib64/liblocation_client_api.so	370344	b2c53ebcbb5b3eeb0e32b9555bf06f48df54d0ee9e4291468581c3e3529730f8	elf
lib64/liblocation_integration_api.so	168992	62a5f378c2cd9a8b64613e07c4bfc707bf5e91ce40e94da0f347a28bb479e9e5	elf
lib64/liblocation_qesdk.so	136424	82e2726aba3c60e3a180d3b7b4a152015b789b399ea4c2ba6703133d0031c40d	elf
lib64/liblocationservice.so	432704	399dae0b66a4a70ea68f67737461f154756efddb22e710ce947fceb946af3c3e	elf
lib64/liblocationservice_glue.so	101928	3a54cd79803c2d52e72afe0252e225157944d990917fc9dd4093293f7f9fad03	elf
lib64/liblocdiagiface.so	101400	eb7304bf726f6d72bf4fa3e7160db9f9b362a265221d487f33e78166385a5112	elf
lib64/liblowi_client.so	68176	7c320ca7118873e93b423e44c58c5e1df13a211ea0974a9d3ca4e3b55e369698	elf
lib64/liblowi_common.so	350024	36003c1ef2f6f3342b967a652b3e59b448332335880b01ca336b03c2fb7eac6c	elf
lib64/liblowi_wifihal.so	151832	926144acc8c88accb7015dec5e7d4d24b9520446f46b3ee771fa47462134fc1d	elf
lib64/liblqe.so	101328	41ec5c2926041ec3bb0564f4894349be0882578ee3c650a2983a560ce0627780	elf
lib64/liblx-ar_util.so	68256	a813d8df53246d1da6a613e5f2e55d650ff3676ff8f7f3e145d9d5ace5da86e7	elf
lib64/liblx-osal.so	101760	a7b4b7151905c97a21e6bc2bf5f8152dee379ca0fc808d533c2ebddd52aabf3e	elf
lib64/liblzma.so	200104	36356bbc6711da6487bfaae4c790a811ac293d5de94234d8019c380298ea2baf	elf
lib64/libmapdata_api.so	102184	8ff697a09b7fb911b18a479f4b0552b4a38f84dca6405bd518a56d2d333634f0	elf
lib64/libmapperutils.so	52096	248dc97d53f03b122bca1732e1094a893db0cfe29cdea952e2b3a1dc660bab2a	elf
lib64/libmcs.so	84808	99df417f29fcef0e8c4f119dee8be3aeb1bef83ced71afc0327296d623b2c9ba	elf
lib64/libmctfengine_stub.so	231232	87b7d5ddc82d55b0b300817345da6cfc71167b62f56eee9542f4929fa7d81410	elf
lib64/libmcxcroputil.so	51840	9826a032e2a577b76fccbb901c88be70872b3f472ea87409b3a09cc47200f41b	elf
lib64/libmdmdetect.so	51968	10ff024a8bdb7ceacf0f56d8a63ba4a20625cbd98f3a338491294892a00ee7d3	elf
lib64/libmdsprpc.so	530728	ddfb4781d503f5d6f76e5cd2720253367a45edc88511c76b3e102512e0aa5bd5	elf
lib64/libmedia_helper.so	137848	2b16f30e57d748413833fc9f3dcaddd349cf5088f727c591cb2663296970bdcf	elf
lib64/libmedia_omx.so	219448	605d9e598898dc8ce3cc06fa76545b6e34dade57175a69ab7550c1f4df2e27a7	elf
lib64/libmediautils_vendor.so	204488	a4a6dbac28c6a31bbd80c94ad358ca323bed62b22fba27bc1e5c57de90b2cb9b	elf
lib64/libmemperfd.so	1045104	82fb6ed51308b43ec4c67b555ad48ba078db7f42e488e716fd706f7a8383529b	elf
lib64/libmemutils.so	67472	914acb82b00a5312cf04a8ffbf0dccd45a1b871c923aa3750d0bccc7ce47c2b4	elf
lib64/libmeters-ns.so	218088	798e05f74e6104e4316af64548f9a30d69be4b0fbe9e5ec07b52a26b10c5568c	elf
lib64/libmeters.so	52384	b03509fecbc7002241aff74c89b18490db62ce0f9de470a33e8664a2291f0b2c	elf
lib64/libmfGhostDetection.so	67472	8ed2418e4eec5fbc26c319e03fa8f9db3b83cca5258b959296a318a788b154f8	elf
lib64/libmfec.so	83856	ed6d4d6bac0d7492b0eef1e86c6ade18efcd99900af2bc3d6f45ec896305c076	elf
lib64/libmfnr_network.so	10417064	56dd9dfa48f891e267bc31149885ba91ad4dfd430af3e1fdcbdb9f2fdeb63fd5	elf
lib64/libmfsr_network.so	760848	28472479a902ab47584854bbb2a67a8ff1157c2606137ad168fe6b2cf6345ae3	elf
lib64/libminijail.so	182872	cd0101dc322a4d2278b59253dd9a1f79b57f7e570303cb0a6bc0a8595593e9fc	elf
lib64/libminkdescriptor.so	85512	34b77cbcdf332fa6e529f493b06dae7c7a323004a3c2da86bf1376055928c23b	elf
lib64/libminkipcbinder_vendor.so	169744	e3ebd9d54ef83a5d53967ca3c313effe05077becd2543fa97ce68245ca3fd565	elf
lib64/libminksocket_vendor.so	185464	b5ece4d6d00b1d15d0a16f043e0b0a5e559f5714444469d5c681b38713999720	elf
lib64/libminui_ftm.so	2145904	cff8441b05e83b0f4d8f8d1ddf7c5491d3656b312ed2e73e16b55bb694dc67f4	elf
lib64/libmiracast.so	67472	c8240e9c92cfe386838b61838a9fd061c1347f54e553565143e58e8451eb08d6	elf
lib64/libmlremosaicengine.so	231472	72b66eb3c231962c64b338eaf2cb8fbf1d05a343b7f14f32937b201dc1fb9808	elf
lib64/libmm-hdcpmgr.so	83952	8649702d8ba9511bc3a9bf4cfe40bda698965b0b336832dde5a808e91b87a20a	elf
lib64/libmm-omxcore.so	68528	ded20300168d43e5607df9133931e1e6c8707ea7dd7c283ca7ee196aaa4f85b7	elf
lib64/libmmcamera_bestats.so	83856	b02fa767b927dd6956c24d75c2ad4e8be4c9fcad1d99e137e919ef87423ba03b	elf
lib64/libmmcamera_cac.so	248072	f61708688edde594b042764b3ac8297f316bc8e61668e5ff80057d49a7101acf	elf
lib64/libmmcamera_lscv35.so	83856	b0ff015b7e8839bc7b74020d4eaf19d20921234fe99ee00f8964ed57961b5a1f	elf
lib64/libmmcamera_mfnr.so	624608	cc125006d11c8273cca6db02ed5af952f6244aabcd6d2f4b0d2a1a56ca879144	elf
lib64/libmmcamera_mfnr_t4.so	608224	413234e0e5080addb4a89744b0600a64b33c5b7fa926caa53a9a510fec98da13	elf
lib64/libmmcamera_pdpc.so	133008	a53e668a4d4ef389dd8aedcf46e11e098734956f2691998b8926f237fa41f74f	elf
lib64/libmmfp.so	149680	2047428bce4c16ce85d816b83dd7751e62a4dbcd655c7986619624aa6bcf7957	elf
lib64/libmmosal_vendor.so	85576	3af229f6cacd5176ce2307478c596873ce636a2a065be5c0c6fc54d330e8e435	elf
lib64/libmmrtpdecoder_vendor.so	149392	e06899e5f3791b50afa1b7b7ebebd4e67e61fddbd2c84aa3bf89e9a3abb49c1c	elf
lib64/libmmrtpencoder_vendor.so	116696	7ff1589394524fe0809f21c80a62b5e578cc0df952bf0a6f7b523965dff4c500	elf
lib64/libmodemapi_vendor.so	166568	9535862d14b58ef3ee48026e8af65d3f84d4611a315d82dce4c80285270204e4	elf
lib64/libmpbase.so	5296	a1391e697699e2a87d9d46dc91589fe64521d08b4079f6643d6ed71ba5e01144	elf
lib64/libnative-api.so	51696	f82461c7427c43d38a0dca08ded69702dc36989d85635be738e97cf6b1a47430	elf
lib64/libnbaio_mono.so	36832	718ce912e21950123b326ddaef4857ad06877b2b4afe3bc0e87ad0e6175aa20a	elf
lib64/libnetfilter_conntrack.so	119264	43f480cd1cf237c55eb072bb6b74ee6fd4a32feff75e3541ff7770551f5303c4	elf
lib64/libnetutils.so	68584	eea3d64744143d626aee2d00541f14e064faab9c8cdb8bfe50087b2699d848d4	elf
lib64/libnfnetlink.so	35752	b835b63798331f479e3fd1fff2f9d4d8fd1dc81022423ab7bc6b9e1e82959b11	elf
lib64/libnicm.so	52296	6e15ba96cbeb6454b311c9e012fcc4ec4d7df95e9cce9e95458f8a8f22f98a48	elf
lib64/libnicm_dsi.so	68296	2428d2bd2453b20a18c38c7863db81ba210a1d0c2f9f9a37f69ea22ea74a6e51	elf
lib64/libnicm_interface.so	51696	3e506fbd6a60bdd03b3cfefe2a205d883da51aea91ab4cb2d20c5eac5c39a2c8	elf
lib64/libnicm_internal.so	633720	dcae69ccc4830ac6f12d6962f10b3dc0de02e34ff6b88b76b389ea45a49d73a0	elf
lib64/libnicm_modemproxy.so	317536	d19b419e11bb1d36c997bc65eb0ac4624a3238d54e7eff855a5ccb7f0f60b6af	elf
lib64/libnicm_netlink.so	102520	bae0f4b215214c4acd679c46e1a4bf474af3ffee2306d3cce83206b982bc48d3	elf
lib64/libnicm_recovery.so	85768	1d86bc64d9880b427e86a5e1866b31c88a8b71e008734b4e94db44f745944dda	elf
lib64/libnicm_utils.so	222928	fb591e58c421eecfb06199dcf0160674ef3bc598498b9047e6c2fb0882e06509	elf
lib64/libnicm_vh.so	51512	b04c374a5eab0888e79294a5f0ad520de3abc28049daf8985499be176767fdce	elf
lib64/libnl.so	286280	fbca69bb5e8b0032272379fe54775036528fb1b5d1844e6a492e4f33eccf4f8c	elf
lib64/libnook-framework.so	85536	32bd37a28db8106bb36725284d181985cc17fd23dd2e612ba3ffb870658c7aae	elf
lib64/libnspdependency.so	134832	90423d0ddfc4bd41f39e34f5e95b2ee956c110c3d8a05f7e0895acd00100b0eb	elf
lib64/libnspdescriptorhandler.so	118760	f909b3cb167368793e53f3f9068699595b6734e9e9b4d6e346ccf12ef4fd9010	elf
lib64/libnspdiag.so	103096	573b22243ebe8963a7442368099d2c26d5498f994e9b4543a776eaa65ddb8844	elf
lib64/libnspextensionloader.so	153072	ae07eb958c28323360249622be1e1dda2acef94ef340ca8f8fd38a60488e290a	elf
lib64/libnspframework.so	2476576	9fb95bc5c096cf5193c4c14b8f3f48f2e29358d3e4027d03f324bc4c79022877	elf
lib64/libnspframeworkcore.so	253024	5f5874dc567abb5044e015211867fe66c2a15754340e70c62d54e697a7d24ed9	elf
lib64/libnspframeworkcoreutility.so	105992	b2022b6abb2b7714204e6a577a7ca875cc3454fc6c5e6c5569c8b6408e6049f3	elf
lib64/libnspgraphing.so	387352	19b27e0750f43315387275d8f84c24fcc90fa2d184260ac0cb1a69019c7383f6	elf
lib64/libnspipc.so	201296	893bb77b22f9fd5d2c4c55ea0add0169b16c8fc39fcc8114bd50503a1e38fd3c	elf
lib64/libnsposal.so	101992	2351e51e5fd679e5fb4e1e99a6e306cf5f11e41b9afeee0d18cd9abe1b7a1b44	elf
lib64/libnspresource.so	354536	815370290426a76a994574564fcc8ef399c4ab0f817fa8fb5450cc0457b27ae1	elf
lib64/libnspscheduler.so	170208	020aa09d09db6e157125bd01ec3f2e0b67a76790a1e6cfc65bcb9dd975411d36	elf
lib64/libnspsession.so	406592	dd745b216ab73dc207f220c3a57240881b4f64ec3192bc4db6e3ae41550bbe85	elf
lib64/libnspsuperresolutionserviceextension.so	484208	280659687bfede9e498c716caefa32affae9f8feec7ade00f65a731ebb776253	elf
lib64/libnsptransaction.so	333904	6ff0521005a24e21bbd0e86eac5e4ebccc71747888f84ee0cb33b6a69ba8a682	elf
lib64/libocl_runtime.so	363280	313792597fbbb13aabc0384268774a64bdccd5b5074426fbb5888162ea2f99fa	elf
lib64/liboemaids_vendor.so	35168	5eb7ea6ab2d8aa3075bde45ee9002d9dd444a15eafb7238a3b61f81fdf632fcf	elf
lib64/liboemcrypto.so	267528	3fdf192f846e8d7acbac793a2d569f0ee1e5b2021c5ce6f91022ac9d2f4ff218	elf
lib64/libofestriping.so	362384	e97ff37af7ca78b5bfb8faa6f33ce5dc618fafd42529acab9dc76e61d0cef9a1	elf
lib64/liboffloadhal.so	102072	d04ec645aeca70258d08011ed01135b6d8dc0d4a70bfecc020c14192374d752b	elf
lib64/liboffscreenpoweroptfeature.so	118872	bf70cbde60e4031dc52577514899029b2c72040ec7215d6f49604aed905d560a	elf
lib64/libois_channel_stub.so	36048	bc0cb849a8f4d4983ceb266dbe88975dbf9f7d92824aa6d55ad546c86a66df6a	elf
lib64/liboischannel.so	151840	f41966b62e5baf3e983ddb9b7d7a57d82b446ac5594637ebdfd83e263b37707a	elf
lib64/libopencv.so	9706568	c1690867bc34810a27902440560ce7249781bcc724cbbd9669dfa2321335e00f	elf
lib64/libopencv3a.so	5190432	1de852c11e5ae2b09c0128fd51f93f3e219514ba9d0bc55178f2888c8ad5dede	elf
lib64/libopencv_core.so	2290296	7ececdf15f03ef9b941c3a4f2486c53864fb67ca1ac9a5d7f84ed0deafbe66ef	elf
lib64/libopencv_imgproc.so	2597312	6bfe845d3a4f8d6b0365a92bcd6305a09e4f2d45eceda6d1eb0e44d32116bca1	elf
lib64/libopenshort.so	121480	3ed0bf88389669d29536060b0964575aba4da2621c0e2e0ca98b223b8c273f53	elf
lib64/libopestriping.so	100240	93396d260378506090598eaa999206bb89670abf660dcae9bb3a99e40007d2d6	elf
lib64/libops.so	51920	52b7956a1513df79f8832c73cb1d0bcecd80039256be9306da57a1bced30bc50	elf
lib64/libos.so	68888	b45af3e37aa96b9ea6388883a59bbf8a6bdf045f9878dadf91f91f60d3739563	elf
lib64/libpal_net_if.so	101960	ca11f9092a284ffe40eaa61a5d127d6c053c02d3225e79b1abf0db6d8f6f9451	elf
lib64/libpalclient.so	185432	bab6f033433596b25839a63c9143c4ddfe5b89757a93e39a08b6122de69c7d3c	elf
lib64/libpaleventnotifier.so	101856	8431ac272e87810d3709464784e19d3d804309e22bdea2717934ace5f747c08b	elf
lib64/libpalipcservice.so	185464	406e6a845faf400cff4f259fd39623e8016ba32b905ec7591195d4f0bc9080db	elf
lib64/libpasn.so	535696	5c442aafd697181018538efdb09e67ce96c6acf4255cb51fcdd6b7d9288906a4	elf
lib64/libpasrutils.so	51712	39a6fe7ebfd69aa4b32bceefa689008c27ae97ce6fa66e1af790c43338e90b8e	elf
lib64/libpdmapper.so	51952	fa1e0aeaf1adaa63ca1712697ad3b5155cd3e546958700d71cd0be2cebb93111	elf
lib64/libpdnotifier.so	51768	0296408dfac8e97cab72cda835af33950a480ad1ba661d778c88528e26311bce	elf
lib64/libperfconfig.so	118808	6355ff48794cd3da021571f8c440dbbe0aee19d8c29a92f88df35e6e6d60e238	elf
lib64/libperfioctl.so	51592	c638a93c5f7320411baa937f0aa64620f3f3422bd49f0602659289b557bab972	elf
lib64/libperipheral_client.so	102192	920e3d8bf5c8290dc597726530e686a01a348759ed80e67341e1449d23dc730e	elf
lib64/libplatformconfig.so	52304	18bd5137e25e09c5674c1cf95ee38d9039c7e660134f7d9bfda412fc9fd3e08f	elf
lib64/libpng.so	251208	ca363a7b3a587f497396055acb318ba3c42bc7e39e8091b0d13bf6dd20585979	elf
lib64/libpolygon.so	68696	07d1f1b8e2ba9706fe12ec36b8c6aceeb597a5c9f4a97118da0c71f27e6c6f2e	elf
lib64/libpower.so	52224	7040c8f563b1a9095c54601c8565f7a63d445edbf30c93cc314734cf0ee83b29	elf
lib64/libpowercallback.so	52224	4770728086adc6b8f389061c92dcf9b4b4602eef1625b0c2a28475207aad766e	elf
lib64/libpowercore.so	85416	0d3900e5d886f2fd382656c7cd0c987bafc1b40f9af089ac89d4f184c7bc043c	elf
lib64/libprefapps.so	184896	e5064a4eaaeb3347d4df1124121ab4c3fc58c132114a990f0d175d87d05cbe2a	elf
lib64/libprekill.so	335968	d5408b4441412c2a9d0b55b64c6b0e156f6a713a7e875a92dfd4b6f087b7a976	elf
lib64/libprocessgroup.so	367248	2e282d10408bae207ed8a440c7f311585e1576a54763ac06efbdf8a56b3f45ee	elf
lib64/libprocomp.so	151864	e0f7f744025ef9bc183b928d940539900d4379e08da4f7ca67a4606c635388d4	elf
lib64/libproj_qmot_tracker.so	198704	4c10c905384ac02e08c32bde31257dd6bb150df437d695681567c78070ec72c9	elf
lib64/libproj_sot.so	231560	240aaf6a1f3c907bc2e63e06d2c22c8662e1b4af16d5b09155fc2e230e2a5105	elf
lib64/libprotobuf-cpp-full-21.12.so	2289856	6d00d744d8d9167f07bdad5d25c4f11760d1d2c95bce2c385ad34d07edb6e3c7	elf
lib64/libprotobuf-cpp-lite-21.12.so	595312	aafaa0d280b96b536ee08048cebbd6ed50a77adef374de796c4fff2635ffd093	elf
lib64/libpsi.so	35424	db256111a397eb32a2b55ccbf3d1ccadabfc4958ba4a5e0e246fb69fea799cb9	elf
lib64/libpsmoptfeature.so	152352	44e7930b5c45eb91c6293519a63d5210a4b80af49d99aa63aa2e5354ccbf46b7	elf
lib64/libq-perflog.so	51288	cff1ecdb7dc4e6e6daeb3658d3a3ee34ffb46db51e52a95bfb67f9b661e6b161	elf
lib64/libq3dtools_adreno.so	379784	2387f717bf65de8b54a676daf9ca1f191e81d89c051f4f38e8cf52c71af92af9	elf
lib64/libqape_oem_ext.so	35376	8f30a6cb9ad3bb0df3930e61bcfaa057256bee3c0b8851b40fcdce4e8d4f2a32	elf
lib64/libqapesdk.so	185032	91b1bb0ed96c893200d48158b3be971408131f6596643a1159580c4e3e188e29	elf
lib64/libqasr.so	200960	ed8e81e9fa91a52bf28607150422640274a78b85a1a0df4c2be9f1304e7c7866	elf
lib64/libqc2audio_base.so	83856	27883c937a2cc95b66e4d42ffb3c559ad5133c363881c1d42c258c66ca9bd1ed	elf
lib64/libqc2audio_basecodec.so	149392	ccdd6982b8a49033c7ac6f79b510924d9533a6eb5cb388561ed83f23d563b209	elf
lib64/libqc2audio_core.so	264080	978fddc2b021499dd226658529f5c77ef472b4609aa2ff9c79961b34c838443b	elf
lib64/libqc2audio_hooks.so	52440	f3a92b89f8446fa13e85dc06a7b7b6cab2fc6e5d023dd0c50ad153c810c1812d	elf
lib64/libqc2audio_hwaudiocodec.so	714384	3748f5b4915b536f7c00dfa26ae4d10c7029a07d99ae0eaf759bace728d03484	elf
lib64/libqc2audio_platform.so	35328	2e6eaa06e8aa58c21d8ad2d9a553fa78447700809c8149a93cc55cb7abd294d9	elf
lib64/libqc2audio_swaudiocodec.so	461120	31fca25e93b3c865adab82461464c86cc6736582bc27a7feb44d9a9be4c77ac1	elf
lib64/libqc2audio_utils.so	133008	1ddbf3d23e0a9f4673290c9efb3bad11cac8420096c613abe8e15208f8f7ff07	elf
lib64/libqc2vppfilter.so	755768	84c19821530ed542adb2bfdfc486d961a0a81f9856b1799c74a534da32969148	elf
lib64/libqcbor.so	52024	c8465439937f4fc019ab2312c4fccf291c6a5cf47b908c5431ee8a685ce219c4	elf
lib64/libqcc_file_agent.so	69392	a77a20e1b8d70868c63c275877ca96a59cf73a1659eed660b565c5191fb01d7d	elf
lib64/libqcc_sdk.so	467256	0867a9f1cf48bd1a642fb2b1ea0fb21c1179b8a7bd31b5fe42b102430333f18a	elf
lib64/libqcci_legacy.so	51824	55cee1a7a437dd9e3189dae55995edeaf41ae96c9bd73cb13bdbcba909350d63	elf
lib64/libqcmaputils.so	51880	e5ffec8b1900af6be5d15cf5c0e6b0d15058d4b0495a75b655351db865104d0e	elf
lib64/libqcodec2_base.so	67472	bc4bd3f7dece2ca6d87df49e35bb3c21427ce0c969befede4ac6b1c4db111369	elf
lib64/libqcodec2_basecodec.so	346000	bc6851760af8a7f0bbe68d546f9cd17851d26dba1f471459ce5038176a9c7338	elf
lib64/libqcodec2_core.so	329616	86d728a6ae25c1c1d12a88d51116aa05bf226ead634c3c369be9215f6d0f1cdb	elf
lib64/libqcodec2_cvpfilter.so	215320	e407025cf10c8874966843ea4939073152345f302624a78aa102a7526b248d01	elf
lib64/libqcodec2_filterbase.so	272312	40d7d01e2c3858a4adea0606e706f294b9eacf7d3960203fad977d8972d8c8e5	elf
lib64/libqcodec2_hooks.so	51616	abf2de2b144ba542b1472d5d1d5057e1cfeffb627abef14d3132d1aa28b887cc	elf
lib64/libqcodec2_imgtxrfilter.so	329776	100866328d1c6664d7c10f75656b4f144abdb2b7c56082763a3c8603819b0543	elf
lib64/libqcodec2_mockfilter.so	276504	6d9b5d068081086f6a9f7e35ca3f8ae24075ff349623d1891406dee4a59ef06e	elf
lib64/libqcodec2_platform.so	116856	e4bfb40d2bcaf272d66f8aae48acbaa335203a288aee41abd4a16499efd5f35c	elf
lib64/libqcodec2_streaminteg_filter.so	165936	0242fc10975c627b98626ea07a0855c82532daa7cbb36678c02fc1da9699bf03	elf
lib64/libqcodec2_utils.so	444304	71b24bb58e24fdc6e6cd64035f5761b01b791331aac6a9d08208959b0e8ac468	elf
lib64/libqcodec2_v4l2codec.so	1624024	7e2eb0387c0bdd0baa78095d2ab7e7217e8fe23585802bf71bf7c0bc64dcfc45	elf
lib64/libqconfigclient.so	85312	e39d800a972d3259ec65e5ea0f5e260130bad19476977d39a05bc125c0b7c3c8	elf
lib64/libqcrilDataModule.so	2271720	b5391e4b33b046feced563fd5a94905697e01978357abbcede77b30cba58a53f	elf
lib64/libqcrilNr.so	4818896	8d096c9fe9e9fda10769130b2f467017c66da8d80829c300ee84096a44e3458d	elf
lib64/libqcrilNrCellInfoModule.so	69224	bb51d302ba28bad4be7940bf03a1de30c0b593b0c813cab34a16f1d761e7aa12	elf
lib64/libqcrilNrFramework.so	257128	c41a6cbfb574b3eddd0e7240bbb6a2805417afbd6da1baf56b9646482c9655ea	elf
lib64/libqcrilNrImsModule.so	595520	f9bd65796e2f4a17c25e558c260d41c8cc17ffdfede863b84956d5402eb7b393	elf
lib64/libqcrilNrLogger.so	53080	f4008aabf083dff4efb1eeb12fd1d3a929b5bdbffc347bd3bdcd9e0282f049c7	elf
lib64/libqcrilNrPbmModule.so	243024	db8338374e307bd3df6643402c7ad535108495a4815d1b9ae255ac6c732fd679	elf
lib64/libqcrilNrQtiBus.so	170768	19a9d2fc2eaf66df6e11f9445faffea42a0f703e165f6a6676ff1a46eab365d4	elf
lib64/libqcrilNrQtiMutex.so	86400	bfe2515b97e46b384d7b3105db9f29dd56ebfe97e91b5e9b515dd1ec2bb12f42	elf
lib64/libqcrilNrSmsModule.so	430352	a608768182b9af6bf0901fe0e10f79e2131d23f5151998fa9fb0fa6045e0b140	elf
lib64/libqcrilNrSocketModule.so	1431656	8f81301bc8fc7f5d4ab0232886ffa5a3b41596534b4bc5380890a0612534e858	elf
lib64/libqcrilNrVoiceModule.so	1048360	1c1e71ccb6214818efbd5cf275d1a68f7cd26623d2d86788a9cbf65f915eb6ed	elf
lib64/libqcrildataaidl.so	103328	c652c85ec39f6b3ad1e621d5ceadcedd01304e91d6428a0e65e2d6f5033c6dc4	elf
lib64/libqcrildatactl.so	68640	4b694b09369bf1bf15df11bc4896ae6f45aa1e28aa6a7d3bafcfa55fbcbf5430	elf
lib64/libqcrildataqos.so	219832	b86284b1d2b703789e3d9bad206ec23e69106ce98b842fe3bc22d345c2196294	elf
lib64/libqdMetaData.so	68592	af6088776402676a83052963477f8a0007e1be47964cfef29bb40303a830270c	elf
lib64/libqdcm-algo.so	591760	7c0d7a8e918b22d17aa4f573763ceb9f3b11c63144409d339d29e9ad204b0ad6	elf
lib64/libqdcm-json-mode-parser.so	313232	60579e7e85dbc150ec8d81f4676d6f9e7af40f2671b0b1bc09002ae84353ac92	elf
lib64/libqdcm-mode-parser.so	100240	c4769f0bbf349572d4d84435daab98d2e55c40deac877cbe8191047a8f4815db	elf
lib64/libqdi.so	199648	e30fe62ffe7e7b72d9d645368d39d0a72307c7353745f79ef9fe89210adf3a99	elf
lib64/libqdp.so	119008	cec9fb7219273491c0f8eed6edc7e4af720f6ee163c8955395a96bbb557d9dfb	elf
lib64/libqdpr.so	333760	b8336ec2f9bc786d8cd13d2aeb2479b597e5a91119285eb96314b41d9e8e29ae	elf
lib64/libqdutils.so	68768	1d915984cdc6681c7452625522c45391e41ac365843c9edb22c0b53de8da2d61	elf
lib64/libqesdk2_0.so	203752	cad97026dd6e611e6cb50db17c58435cd6c4e647d98230e519264113bc7256b1	elf
lib64/libqesdk_manager.so	436272	1a20c44e8885d18dab6dc2e89f2870bae7638715f6d25206d6d63c02acc5257e	elf
lib64/libqesdoem_query_sys.so	102392	16248837c6f1af351fbb50ac545e9257bb6d9335915615f7d4e2c27e8e514465	elf
lib64/libqfdadapter.so	218240	5f6b309f6d8a860897cdc7ae8d153e47a6bf75557147ca1860bf82e8aec0f875	elf
lib64/libqfdservice.so	182160	6ecad03073310a4d08dd07d117a9e13058ffb8be9163d25e5725df051d2ca3e0	elf
lib64/libqisl.so	52000	819b0c27c88dd0704635533ba7fcd83e3b673eee12f19b9ccf5f9b6bf2f262f5	elf
lib64/libqll.so	182448	4eab59e195f1108423c5ec60ac2e3ac35a23d61d2f61bf7ba1e443510f0ff1d0	elf
lib64/libqllengine.so	116624	29ab7d99f5905f69d8a023681e6900a54f7a36f33f5f47774416f2b1a0a4ffe8	elf
lib64/libqmi.so	333504	fe4008e7f28bfd4ba00130aaea7212031e69d40064f8cdf607d9fd01aa687a2e	elf
lib64/libqmi_cci.so	102160	e7f9d9d7aa098d375768ada73868dbabd141aeb70eea8efe519d492499c503db	elf
lib64/libqmi_client_helper.so	38152	4932a2c1fe4b4ee16d42f716bfa3bb7efe4019b219b07bce9ad7752a489fd72a	elf
lib64/libqmi_client_qmux.so	68784	3ca65a8bbef4a57983113e98602f9d673e2aa7416d97d3413417f22d7b387694	elf
lib64/libqmi_common_so.so	51328	bebe076005437dff6b8decbb13564159994bec900e48b3601d6cc5f89a0d99e8	elf
lib64/libqmi_csi.so	69208	83618207235908e991513ff46ce5b2f63b967aeb280d5816e2e4d33ce5db7e4c	elf
lib64/libqmi_csvt_srvc.so	68264	cdf2c9b0138a0d4283b0e50fc5d65ec2f3e150ae9324e03113dbf05ed266d158	elf
lib64/libqmi_encdec.so	51928	d55f8998ad95e245fa373cd9b31172d1917fb3ae4aa4254b91557055fb501eae	elf
lib64/libqmi_legacy.so	317128	79fe837d2700a1a0a629d0467eb6bc88cc108ad73001b6aaf8a905a3dadda747	elf
lib64/libqmiextservices.so	51640	daf37c6f927a0d80cb4b11f10b0b412a188e1f4b23aeb6e13340c4376ff24c71	elf
lib64/libqmiservices.so	202472	ee8a5579c92177a6db945d49613dd1b02bafa9fa8a52953e839301c3b267f246	elf
lib64/libqms.so	518128	c2e118f95cfd60a0b65a358448512121017990ffa3e796664bd2fe0ddd43d660	elf
lib64/libqms_client.so	799192	2c2eea631a5d8237ce2ca6e5abc0b655931a060953e999ec430e8543aff10833	elf
lib64/libqms_optimized_route_mgr_sdk.so	252824	7beb4276c92d10713eaac352bfab635e46d8bde1201a33d629f33661f0d78169	elf
lib64/libqms_packetstats_sdk.so	252616	f47a98e7acc53c1ce606802aea0443cf987f98c10424ca1b6b4815de24e20b95	elf
lib64/libqms_sdf_sdk.so	219704	eb228181879e1fe9207bb87c2cfb2513cba8a496aa565d029e8b48fe28c97a3d	elf
lib64/libqrtr.so	52112	ffde130127e6e237dbefa59400c9f6a715a42d1593398cca49e4512d80cdd731	elf
lib64/libqrtrclient.so	83856	928b5786944afd4de7e2747e54f7d3ec6785b9366ff8309c7bc588b30ab4284c	elf
lib64/libqseed3.so	356840	1453534dacd488238fce7fd1275cd712c206e1b8331cb18393a887f154522654	elf
lib64/libqsegnet.so	264248	a115c132073106f7b8e20d004b56d125e628e524884ee9dcee296a34f7a6083b	elf
lib64/libqservice.so	85600	fdef67a18e05d03501f079eb6b75e1b4ad206f585d7c8432472f52e74733b4d3	elf
lib64/libqsh.so	102576	364390c62088da35ef0a496a5339f9edf5e6059e188c2179aaa9bb4e7798e13c	elf
lib64/libqsh_ble_pb.so	251600	601cdc3de06623499bde8c7b4e3f58a55e387f5c9573eb9e38e4c9052ed9d8b0	elf
lib64/libqsh_wifi_test.so	168656	ae106ba53882d6d82da13d4eda1dea633f40ced6225fd6a481b5f20cb8201776	elf
lib64/libqshcamera.so	400800	9cba36ebf5254981f2bd05f0fcd020155f9cce492a6de6627a810194e114fdfa	elf
lib64/libqsocket.so	51624	9472935d610fc6ba85f17be380207ce4544a747081c473f48cbe529573dc0a52	elf
lib64/libqspm-mem-utils-vendor.so	51864	4dfbf56bac4463d7195bf31151d344c469ee4acf73109f98f65e1cdbc9860aa3	elf
lib64/libqtbase.so	247696	f32fef646027a467138fc17c53aadc2afe50d5e2ff93c6cd09f2634cedb9661f	elf
lib64/libqti-MemHal-client.so	52032	e40d821717e24aab8bedcf4cda0d22796642fd1a8fe34a71e5fb66a93c8cef60	elf
lib64/libqti-perfd-client.so	69184	b23ce632e8163698aed5837dc8ea431026b395e9a90b3a71ffdec8e6b12d8096	elf
lib64/libqti-perfd.so	400984	7af7348c01e473b956f0d00965a6f126ab2b66c82b748132547fcac99e304cc6	elf
lib64/libqti-perfextn-intf.so	51912	05b72a7ad0f340b7877cdc6406a94876813b30910584a90f17e51e1eeb0ab697	elf
lib64/libqti-qesdk-secure.so	51912	b084e36e642d489059e8d0ce011bfcdb4d6fd0f4b578c5c9682f2424ff078951	elf
lib64/libqti-scenariod.so	118608	dcdfc36f75205a9024f8955b3bb7c51af0a78041e77dbbecfc3abb26e5ef7e4c	elf
lib64/libqti-util.so	85168	bdf21222faae9fb28c0fcdfecd2768a652f1dd6108d59efca2b96f0f661ef69b	elf
lib64/libqti-utils.so	35224	bb40a1c009d4c8b86588ac826e80e9a714a45dd87aa7b2e267e32c7e2e1fa5a1	elf
lib64/libqti_vndfwk_detect.so	35336	b0e6e07bff479600e381c3f9fa50cbe06019e29a758ef20a00b89081dd917bd0	elf
lib64/libqti_vndfwk_detect_vendor.so	35336	5c61ac9177b8388cde343f1afab92143623b93af55cf3a4808a08501ad5bb3e8	elf
lib64/libqtigefar.so	102280	caef52f89b1034de06f2ea895f5a9d95f80ccff76f7e546c365f4b779d4a7d1e	elf
lib64/libqtiidentitycredential.so	467296	a1146a4e48c7e410f489bda253202fd4370dd8ca4b1776e9d0029c9d27627e88	elf
lib64/libqtikeymaster4.so	254880	b57a51c261c4fd21cddc264c0bd416a540602016ab4ba854b874a9c04df753b5	elf
lib64/libqtikeymint.so	290616	549448ab0e96e1dc77d228ccdd6d9c38ce1b720bdb102779a7e0347d53a65733	elf
lib64/libqtivibratoreffect.so	35432	6acd2b0f40c26ffa3da354dd0e1e43ec7cf8ec915f957151098f02a00c26c11a	elf
lib64/libqtjsonhelper.so	67472	528826c75e08b208b172a297984b2039ab4c21fafbb90f6514146fe6b1cb1527	elf
lib64/libqtnodes.so	608144	08641bbc8a582c292bd6324f17bf9f24c1f1696d8250b5871998a54b9d8e699e	elf
lib64/libqttestclient.so	133008	038036681d60fe9c54a8fa1a4b8a0fc04587b9c08b716b090d31db144cad1735	elf
lib64/libqttestservice.so	116864	3abd7c19d5e908d8ce91c041c2011d1a519f41fe53b3b98201a05b4a774ad392	elf
lib64/libqvr_cam_cdsp_driver_stub.so	67552	d422eb18718890be58d787da011ec1a2477a8186f77c42357edb0eab11c34643	elf
lib64/libqvr_cdsp_driver_stub.so	83856	d49a9c9a75c4bc5d785ccf2b0bf879285eebb69dec8d9b8881f5c54bafa09418	elf
lib64/libqvr_eyetracking_plugin.so	101168	2cc721add061d91466b5a08dc5c133580414e653eb8b9381a3e795c427b61052	elf
lib64/libqvrcamera_client.qti.so	315008	8bf13530a7663d33df3fe152c499d2df65a839130fb454fc0066fcb24abb91bf	elf
lib64/libqvrcameraplayback.so	67472	4532b2e828677799e12f8fd99a694365f1cc6a975b841791884c885b9198dbcd	elf
lib64/libqvrservice.so	1595216	017b9864c4f824ba437992250c748ea0cdca50d5da49f46fa655db853712e0ea	elf
lib64/libqvrservice_client.qti.so	369584	1c622d104c3a6533f86e73c22b5b6248f8ebaca416af0fdcc9d7e74794613763	elf
lib64/libqwes.so	85472	0884a342899569cde0b118c2761f6329205c6a421efec725b004bc3e7e2b3a26	elf
lib64/librcc.so	150712	992eab41af52d3de6d3b7fc33400fd974351133af4e52b1f6114ae23480af214	elf
lib64/librcmask.so	83856	4d7c8c9c21983508bd3d4b73311a3bd8e7e061ef9fc2cd8aadf7af91d535560e	elf
lib64/librecovery_updater.so	135240	8058729bb51dabb8f71be2af4e65da7b1cd9096d510f2943c1ece65dc5b2f9a5	elf
lib64/librecovery_updater_msm.so	85176	283e77d5396422360481881fe8111ae0937c457fb5306549199cb6a7837d8d66	elf
lib64/libreference-ril.so	168128	02f7655028ae0bee31f2ad0e34bad6ff6eca21b757626b5da3fda39bcd80538e	elf
lib64/libreffeature.so	102632	c72d350d8529e2582700603ea5233f0c84083db9be376558bb5f8a1a5824067a	elf
lib64/libril-db.so	204136	770be0557c62351eecb0923fb7f3d6098907f3d7610644e2fa69ef35cea1ef1b	elf
lib64/libril-legacy.so	85336	497b0c2f6cc6c4cd5846e94934e81ceb931ec018b8c8e73cfbdaf1f5382541dc	elf
lib64/libril-qc-ltedirectdisc.so	35256	76b7d41da126ef520b5fe92998e2ffed0045b88e00047df6a436cbd1928e132d	elf
lib64/libril-qc-radioconfig.so	35600	c3f5adcfab1f7828b26ce89b4b10d85b2902a4861a1c1bda5ab554b51402daba	elf
lib64/libril.so	350528	0b12585bb5b8709b035a19f96e7fe2aea46021090a329b89fcd7185550ed671b	elf
lib64/librilqmimiscservices.so	51552	d25fb72dd65e2e1e4020f2061c045bdbc3f600d021e26678d14dced126ac5c9a	elf
lib64/librilutils.so	35296	3b53dd57ee48a7e84bffd5004e290aee541948c869f016b7ec19ac73bc21b551	elf
lib64/librmMug-lib.so	231288	de984a368e8365f507d87b57a7797dfcd7eeb3256cf0135f1273e3f6d2093656	elf
lib64/librmnetctl.so	71024	e0ffecd40dc1d30d4c37e5fccea093a97ff3c597f76cfd77e65b146b56c915b5	elf
lib64/librpmb.so	86080	9bfb32089e4c3e71eb3aa2fa6ceebc659376551e5247638779a9bd3fb91f7458	elf
lib64/libsatopticalzoomfallback.so	52296	f111f886624ae0bf38d9516bff90670fb8d856aea0b35ca6dc752c53bf29ee4c	elf
lib64/libsbprovision.so	51688	0d6935bfcc16a53058730743b6a54a90e6df9659cbacccf6c4b4a095825a87d4	elf
lib64/libscveCommon.so	67696	5b7092e01b49f1d7dce31c528d8b2f4de6ad431075a3aa66a6e4b7e689460ab0	elf
lib64/libscveCommon_stub.so	51088	410a0c70ff67e857d03e0beb33c4912cea268f765450bd572020cb484f9c0f71	elf
lib64/libscveObjectSegmentation.so	247928	cbbe6f2bdba24e34c87d3ed4f0f9e75e588147dc5a1cac564efcd692de8f02b0	elf
lib64/libscveObjectTracker.so	409720	50673453120314289627e14e66c98997f410784195b11a45c66279e02c12d923	elf
lib64/libscveObjectTracker_stub.so	67616	494850bf9adf5869079a2a19f7079c1458bc7da052de077cf7d47438ef64a20f	elf
lib64/libsdedrm.so	400336	42ddebb657a29f598eb6e3d0712f7a77ebe11ef0dbf85a9048be7cae5151d73a	elf
lib64/libsdm-brightnessaware-parser.so	83936	e9b5850427b943d5c229156813ae42aa52d2dd0bc27ed07968ffb0483d4e509e	elf
lib64/libsdm-color.so	427920	57d6bc910230763dc75c99ff5c1ca9ac807c84433f748bd1c7a0cb9edf28b5bd	elf
lib64/libsdm-colormgr-algo.so	83856	db4c3f071fcf7dbe9517b7452150e5115096489a5129bd043b64efead14f6b56	elf
lib64/libsdm-disp-vndapis.so	150360	4d4f75b8d0f4a8d6550e4a47959eb6973931add09478e5932b15cb86b463061a	elf
lib64/libsdmclient.so	797752	b6d0e1ccb6a28d38ab74dbe5db1036d5509cc1a3584b29d97051b09c34ae1b84	elf
lib64/libsdmcore.so	816464	a0276f91c6dca9442a10ad52f6129d08ab33ef06fc23fa2947f6199b2e8ad727	elf
lib64/libsdmdal.so	367360	a714dc7d4767fdb3a141e95da347f4a30509e707041f6faf3474af1fd5d654e5	elf
lib64/libsdmextension.so	2230464	0a29227c7232eb971643a7fdb4925ecbc05537163a13d23ce5a247f68fd2ec3c	elf
lib64/libsdmutils.so	103504	dae44e80ad2257376ecb133b98dbf60ce2246cae886d288b253cc0e9c2453a39	elf
lib64/libsdsprpc.so	530720	f3bd6f968671d06fb1c2c4dd558ca871467fbfbb6676f7bab10ee585d4203540	elf
lib64/libseclog.so	51464	3a9a6626949bbd203ae780a91c404d497973807880c2b756e082e96b2988c1e5	elf
lib64/libsensinghubapi.so	882576	4b64874dac9ccc0561c5b983d895e28a1db6b02bfad2bf497e507b9bfcbe4cea	elf
lib64/libsensinghubsession.so	51392	7247d31be1a47d3a2127aab2a2a3e428a7c6356a12066c477be0da4f5b4bdf19	elf
lib64/libsensor_calibration.so	100320	35f006e97ada2c7b5b2583a2891d1c0eef9d53307b2b78ddcf8ea4b45a96b8af	elf
lib64/libsensorapi_vendor.so	51928	d733c279886ae0f88c350b6c2b744da3d0e679dc02d6f130602a24c339adc8a6	elf
lib64/libsensorcal.so	69144	9ba5726ae431164dc0d82f35f4dcd5fd879b8fdac0b03c22bd5fa3cf3e87e358	elf
lib64/libsensorcal_vendor_vendor.so	85576	95a857275c78e23580d68119854b4394447a32d915fef67f20c1f7ae63621255	elf
lib64/libsensorndkbridge.so	85152	14b9bbeb64b4426b8be6555b7d617c02174bdac4ea2baa24b8b40b0efe0acd2b	elf
lib64/libsensorslog.so	51808	a850ae0b80f05263d13d031aa4d452b7b67f11cb5fc5c4de9693887ecbf601cb	elf
lib64/libsfeShiftExtrapolation.so	67544	4229952dfdead0b992c77d74dd9b094264a4b1d734575dfaa58e0f5c136784f6	elf
lib64/libsgutils2.so	270536	a4a7d233addb3c47cefe1634f2031c835a54bff37b0ff7ac42b1b905930f8a93	elf
lib64/libshsc.so	134400	7492a314596077d9e4fe6797a4c4a029e5a49e103d0d3097cff8843dfbcea67e	elf
lib64/libsi.so	84736	1a66ffa7d330495eaa7a0e02417fdab7b2a9c3b0f22d13c4be0a0e3691b48b15	elf
lib64/libsilkyscrolls.so	135264	cbc6293fd897b47b4b4ba8e416cd6297fbcf3e24f252e58fd0ba6089de14fa2f	elf
lib64/libsiminputgenutil.so	182320	cdbf9dcda47bf059f25a8088d3081b80b65dadaff94129bf7e6aeacd3dd69c5b	elf
lib64/libskewknob.so	68192	e78ca08b641bfcbaf7e6240a2e55e61cd63213f8d1f248e58fafcef6a8aaf2a5	elf
lib64/libskia.so	8812968	672770c1d985c61e0a517c565b6c5e286e9dd3f366d6793ab9f90cb0ba9555ab	elf
lib64/libslimclient.so	186096	e1e71e5b0913a7957437898822e419cd24f66d1c232f08a595c178663e78405c	elf
lib64/libsmemlog.so	51288	673a5577ba527249fa8823c204bd891f379525f5313ee90c3e2032e78c731d26	elf
lib64/libsnapdragoncolor-manager.so	165944	6ca73dfcfcf9bb6aa8a81db8e51bb0a2da1f6eced372b7a0ebb78a56ab13375b	elf
lib64/libsnapdragoncolor-qdcm.so	116624	ca0e912cec735a08215d7d38af74bbb698e035ea63e9c538fb92a449e37784ea	elf
lib64/libsndcardparser.so	51840	21e4d940ed80b42382027dabe1a7acd6964db90569d7ee10339b38b9ec145fbd	elf
lib64/libsns_device_mode_stub.so	35792	cfabf5f0e44bd329f13ce7be25faedc33b0c71a24786b21663ad16e7c00288a9	elf
lib64/libsns_direct_channel_stub.so	35968	b9b5b3a456d173a626d27288c5444fef486a7739a619e7878268a50e9310b3df	elf
lib64/libsns_dynamic_loader_stub.so	51472	17739b8840fe3775b56dd03267533aae5eba073c1a3aa02ba5c0988614521453	elf
lib64/libsns_registry_skel.so	51680	ef2694eee361ca43e6d28dba5871d5ea77bb28ce76231b77d076ff1f8ae08d97	elf
lib64/libsns_remote_proc_state_stub.so	35648	f933903545dd52d99b9ed2efd8807073f90dedae82f31ea87463e9a335e88e9e	elf
lib64/libsns_set_brightness_vendor.so	52216	21b24f56413eec7b4ed891136118bc16dbf13bf2de18cceb3215ddb9a8bdda99	elf
lib64/libsnsapi-full.so	1405592	0f936f194d2bf552c940987cfc958333081638b3d672da5a3754863a5612e359	elf
lib64/libsnsapi.so	1380280	d393cd860d10e9e6fe123fe68332cd5287fbbc7c8716bdd6fb5fb70bf5f9d40a	elf
lib64/libsnsdiaglog.so	68608	cff76645ff1717952dc59fea08482a558470570878bee4a5e0c833ec05b611fc	elf
lib64/libsnsutils.so	51976	cdaadd25722dd3e023cae4ce88054e816f3e95d721963ef30749feb216710276	elf
lib64/libsoc_helper.so	35368	87a1fb65b209b81bd09eaa3ca9e9a573642e0cb037e272d3307ab31df958b33a	elf
lib64/libsoc_helper_jni.so	51536	ba16b7c1b03557898411c5265e75a49891189ba0366ec1b91bede1f91ae95571	elf
lib64/libspcom.so	184560	76719aece71759673d414afb08463eb28e10507e3cbf3bb5e7e5927c6d27b50f	elf
lib64/libspeexresampler.so	51736	2576fd40dfc0d544010fbbee6055c4d41c0abc70a1f146d8cb4e3de34d057195	elf
lib64/libspl.so	51424	26bd1b59af2071a195949806e5a0129a0c454ace0150f4b10adface7f2a7166d	elf
lib64/libspukeymint.so	241344	8ad963385267b9ca57618189c6ed508d37c22389a593b74dc789e4e3733758b6	elf
lib64/libspukeymintdeviceutils.so	101208	25416cce1e150153e50a7e5dfc65a65ba01e0061c66ff1030ae5a90053243708	elf
lib64/libspukeymintprovision.so	117712	8220e4d39d54c18e2d556a7c7f20354145c7c9631d8d15ba294e0a1a92b9f8fd	elf
lib64/libspukeymintutils.so	269008	52bfc18626e01ca9e2bd751e826e51cf6b3c7853b813e41dc4ffc7a76816c337	elf
lib64/libsqlite.so	1349208	e30945fa17822149f2b6f919ed3fb335d25aefe889b2855b0ae76816524ebea7	elf
lib64/libss-base.so	595384	8b88e37baac266d7ec00f2a4ff603febee76530eb7dea60d248c79cd595f86da	elf
lib64/libss-modem.so	234168	953aa6d3511b908734569996b9106808e482c1876a7ead76c337a9aaab782223	elf
lib64/libss-plugin.so	52168	caff6b39a2a90b7786883843882a088e356e1651c405a3f4d0766486da58ecb1	elf
lib64/libss-qti.so	250776	6cff633241331a2a5366cfb3d37c2ccecf9d347ef9dc924551710bcd31f2c662	elf
lib64/libssc_default_listener.so	51992	68b4ef96552fa3d6f0fc62f0e6f4844aea6d65aa9c06f4e02b3de3dd9149bf7f	elf
lib64/libssd.so	51432	466067585f8f8bdb06a5b73581255ff2609656a4a87f63fb9b6a7ffa5fdc6bc5	elf
lib64/libssl.so	472184	206f010a9bdf57bf1dc49193761f8058b2d595003ac1e3373b502f7f251926b2	elf
lib64/libstagefright_aidl_bufferpool2.so	186312	53c10a0d02895644828a1a9b6237ca0cbc701381791cc46e77e7beb334b1b2b5	elf
lib64/libstagefright_bufferpool@2.0.1.so	202208	4cc6c70f8cab2e76f30efb9780b3a9204154d39c923fa4e07447ff670d934d5e	elf
lib64/libstagefright_bufferqueue_helper.so	368104	4124d4e89859f1e70548afb531b05190ace5397c1ec49ef88274cd01a6d7aebe	elf
lib64/libstagefright_foundation.so	268712	7cf310762474b086280cf23934625ecccbd4e08df96d25446472245f83d27747	elf
lib64/libstagefrighthw.so	51632	c1e758cab0401d4b4dd71700533a90f3ac91a3cba5f8f9bb1504b77b9879bae3	elf
lib64/libstandbyfeature.so	68776	da2810f956b7d86f20d44e6065bf3e6f3a944a04dbf1b54f4bb138cba164ad53	elf
lib64/libstreamparser.so	116704	3a0f2de82c2d88625572203b5cb8bd8a9ddb31dac91c2673f54441385566ed73	elf
lib64/libstreamprocessor.so	165944	6b5bbfc355c07d0e7d56b3131102bb6c488d0d024ac9095fe9407aa832b01413	elf
lib64/libsubsystem_control.so	51864	c05ec360629fed5d059abbb744a161fb0238b5b517401c4b28714430c99ba1dc	elf
lib64/libswregistrationalgo.so	5255888	2c0c1f311a8db0d1c39ebd9c950784dad446dfcc544cfcb2c3e36f620cbdf9f7	elf
lib64/libsxrservice.so	509944	86140b76ba175256344ab17076ecb5931a5ba81088013e1ebf317db2cfc68e2e	elf
lib64/libsxrservice_client.qti.so	428000	7964bdc319154150a26e73f65d3859820c49c8654cbebfc65ea13f2f2186f747	elf
lib64/libsynergy_loc_api.so	153112	7486eb415aa590b723176a0c698932a3f1b46ac6e861be7d615bf613d0f34d7f	elf
lib64/libsynx.so	84800	b3bd71e16f5edf39e309dbe1348d5e1c36cb19b6a1613cff69a76587ddf2870a	elf
lib64/libsys_info_cache.so	102216	7613ef73740af3bd25e4d698f59d120ee4fa043b2e33375cd6e473812192dee1	elf
lib64/libsysmon_cdsp_skel.so	51648	6beaf96fd9c98698ba1afb64a8fc1908efac56da151ec801dfd6d7de2810e724	elf
lib64/libsystem_health_mon2.so	51608	42467b8fe8957e994e482d0f8d564338a6a96108891beec50fe857c31cce5ce0	elf
lib64/libtaautoload.so	84968	5800e4714b5ed888705e9be959406182b45f9c38f29cc759cecdea5fdd8d570c	elf
lib64/libteec.so	51408	f211d5270f8a52b0bc742e6f8853db1992e3217ee3cf870dcd5d433d4336f7bc	elf
lib64/libtensorflowlite_c.so	2697112	f2618197a8ff741e9cfd8429e72e52ac2c363af8ee32681de28e009180b2d5bc	elf
lib64/libtensorflowlite_gpu_jni.so	2025872	763396bc25669aef665ec5e560c9fb4022ae0841188f250dbe33cad73a80df44	elf
lib64/libtensorflowlite_jni.so	3516544	afe1d3554fb73941ada7a22f0b80a893cd50989effbf75fe39cca20f85e6989d	elf
lib64/libtestutils.so	51088	0af7c937dd258a3c403c7b4c274ff077c4f06fd25c53cb2fce5379780be072fa	elf
lib64/libtfestriping.so	165776	0019b8b0a68104815d7b326cba13c0b5b379662fdf693f6081e3b053d08c2182	elf
lib64/libtflite_model_denoise_deblur_refine_a0p99_528.so	4184400	10663592c4f0d8fa70822b0e78f8c27effb50682d82172753763b623aafe084c	elf
lib64/libtflite_model_denoised_528_528.so	4180272	9962f531afe3efcffcef0d88ce62404874b957ac7117fdc1f6a4a932914f505a	elf
lib64/libtflite_model_denoised_608_608.so	4193096	2a2185b3328ab6f9a4863537d0b01ac72ec09b28c4d5afafbbc06a17773603fa	elf
lib64/libtflite_model_depurple_544_544.so	353040	df51b53400e3b49076ff748f709c11f8cf9114eff3f090139cf058bb7700be18	elf
lib64/libthermalclient.so	69360	e2a820ca39a8538a077812aa638115e5633a6652862f53443deb74765adf4cc6	elf
lib64/libthreadutils.so	85200	2af4112f0c34dcb274256ec0099b6a0113d6a6fd6f0b66f76888a86d7979cf76	elf
lib64/libtime_genoff.so	51672	c3070f2f05cbf0ab2c00d61844b15ecae5e53319a9c89db579f8418d7cbb0893	elf
lib64/libtinyalsa.so	68504	a738f16ed668d852f7e042d2cb83aa96db3b485400829e49f03444199dd08d2f	elf
lib64/libtinyalsav2.so	87704	6de4a7ad07d2ab024d1507945385b15e2cbdf95c8f38779320645d07ad7d28ac	elf
lib64/libtinycompress.so	51856	0b994944c7d89d9ea0ee8cbaa62ecac47f159be771e591f89a7737ebe371927c	elf
lib64/libtinyxml2.so	150936	dd0f17a8d80f2a2088f50d20e7265cc5c80481663e3e77db0ea1de4e98ba08b5	elf
lib64/libtinyxml2_1.so	151248	8be6da83f2794771d8f898262d7d6effa773cf7e520f596ba50e10fdbf34f804	elf
lib64/libtlpd.so	138600	73cc2580b2383758f52e429dfd95c6580fa0c652ac92151936ebede85335a680	elf
lib64/libtlpd_configmgr.so	135696	96cd92d59f7927e3f1d334ded5fac5c755386ce94317c3206a5d4ec5039eac0d	elf
lib64/libtlpd_crypto.so	140464	6aa8f3c6bec300bb9125a593ec9b86d2a83bbb13faeaaafb401edf98330ceea7	elf
lib64/libtlpd_internal.so	884096	d7300be76428aa69f7d6186a6952817195bad2c7a2535bd493627195f13aef31	elf
lib64/libtlpd_logger.so	137624	335d1802987512e799a26dd48510251236ceb37f60d6a5378462149ea5c64830	elf
lib64/libtpdlibrary.so	101560	9352f8cbf0ac42f89d8e483d510944e50424abc8505d85496cf5b74ad194c6b1	elf
lib64/libtracker_6dof_impl.so	34328	5e5e2ca7bd342efc36bacfdb8d7fd54b87268c0518437017b2b366ec82df6edf	elf
lib64/libtrustedapploader.so	84920	cdb1d015188d701892ee3140edc1353a657a279f399e8473789342eabfb3ec46	elf
lib64/libubifocus.so	345920	e0bf5663fabe7c37fbc989ba04c5542fa3de014e45afde65c9f9e9fb4b6c492f	elf
lib64/libubwcp.so	35472	601089a7844eab5ca1566f139f5c32b989b56ffda9e38b3806dd9e02fff10030	elf
lib64/libui.so	355552	a9c1f8108659ff7dff199bf50a30ef6a462986bc46e5408a7fb6d2e93d2986ee	elf
lib64/libunwindstack.so	722864	3b7f59a597b2007ad0c1ad61206592a4abb4dd9e7976e196e5e80edba973ae9d	elf
lib64/libusbhost.so	35792	19733df876c2b8fcf00419e97c045f2d7775789d2317761e164b88f812d0b664	elf
lib64/libutils.so	151080	0c35e3309797af503de28bd05920e62374699ec110923c3fabb611fcde4f3b9b	elf
lib64/libutilscallstack.so	52032	54366c0c29bc478ddccf57a9009b1d70f1e0f38877b9ee0b358608cb1e28ae6a	elf
lib64/libvendor.goodix.hardware.biometrics.fingerprint.so	316392	8b6566bf77e05692d570a4e2950b10cccbd1c8bb3325516ebaabbbfb95dcfbfe	elf
lib64/libvendorcfg_vendor.so	51632	40a4cb1d5b6f1be919a555c62742d564d2460e134732febf48be109c772506e2	elf
lib64/libvendorutils.so	152352	88a8eb3fed6966cac0b8311b79cc7f1a49969cbbe904415d79180d67ece7ae1d	elf
lib64/libvibratorutils.so	35264	979aaa6f66aec08135272f651ca77694ffa4a0d340a0236490255a58ab90dd45	elf
lib64/libvideoml.so	51088	9fe50caba0c798539994f5f4d2b3e6da8f39bd666001910830a674fb1e3ee7c0	elf
lib64/libvideooptfeature.so	119272	0780cf4900de74dcbf3ee3ddafa20d4bcc15729896aa2f84d5f5c50f4e5d703a	elf
lib64/libvideotxr.so	4933680	756788af559461128349467d0db70f3d902eeabe1af1724944235fd090fe2a61	elf
lib64/libvideoutils.so	51088	c3f1b0b0f5ce8e32404b2d75411422cd3e2fa740f32f3b42d0046563f0b2e73c	elf
lib64/libvmfilexfer.so	83936	267795d81c6a60f8a860a97db57afe6f739c8948b9fb71d8f98847874972f234	elf
lib64/libvmmem.so	68672	834938f12eeb8828d396acfa980381bad52d85054ecb7bf1f7c29dc41e7cf6d1	elf
lib64/libvndfwk_detect_jni.qti.so	51512	a57a8ad6c6e4b4129599605d07fa578554e82bbd89b18230b3c3b70292bb27f5	elf
lib64/libvndfwk_detect_jni.qti_vendor.so	51512	85cb0226add333636ef6a15fabb9211b6ba9dd0a3a9c02999c8200dd237bb825	elf
lib64/libvppclient.so	85408	4ba73d2739c053683cf1d4090a2a5e64dcc8dd98a627eb134cbc9c1a83d7a0db	elf
lib64/libvppcommon.so	85000	d52809496d1bf6a62bd979e4a58c2bbceaaf17f8f174a920ef237dc8c660169a	elf
lib64/libvpphcp.so	67472	28699e0bac3849aa5f2332f705f3726962a3c95de91eadba33b77c80ad556dbf	elf
lib64/libvpphvx.so	83856	145f6875d36c3c3fde45317f3626e23e8ba4485f3730c8dbbe7bd757094f760d	elf
lib64/libvppimmotion.so	116624	3891cd48e35f3b39042a3de5e6ac2c421ed10ee599b147007389a5a67ebc7e41	elf
lib64/libvpplibrary.so	594592	ac61c2976ab6db913103164d29387291162cf88dc6c189e1e1c1c087b4ee2dea	elf
lib64/libvpptestutils.so	235848	949bbbd437a7fa275355efb865f77d4d773fd72f775288381f120e193694a0f2	elf
lib64/libvui_dmgr.so	67640	76ed16f51a94d1c133658ec64a85a38a8db000f241d9bcfa01b4b5f66abda149	elf
lib64/libvui_dmgr_client.so	51256	5659a9f789c9c7db2bf52aab6eba1dbb73dbc86413da75d6c82cad2bd945d804	elf
lib64/libvui_intf.so	264080	a6578a6577eeb8e3945015b6b7f9b06dc2532c069fa25e7df6481f23a5600c27	elf
lib64/libwfdaac_vendor.so	1603088	97332266228dbe9f121d7b15804439f138b0e47798d444c0808133cca70c7723	elf
lib64/libwfdcodecv4l2_proprietary.so	100240	d4293a1cd9fbf702c973a9c510f18a21f36fcece235116883582f1e38a56598d	elf
lib64/libwfdcommonutils_proprietary.so	116624	2264de19a951196961ee506ac1e0de513a8dc78333102366bed35826dc40fcaf	elf
lib64/libwfdconfigutils_proprietary.so	151536	f581182157f755d2eb4d7dd6fa56309ddf63969ebf082632864e6afb3465fa4f	elf
lib64/libwfddisplayconfig_vendor.so	51088	37750502c3e209e4871bc480fcf4cd488715e0407d47a3c2dc0d02eaf8b597e4	elf
lib64/libwfdhdcpcp.so	84696	171ed0d89e6f3c9ff88d21b206679a67c219a96833591868119cf4b4c9eb59fd	elf
lib64/libwfdhdcpservice_proprietary.so	121336	581ba4199212d084d74da280b8eccc59876334c589d04878d7be6f5bf9f4a4f5	elf
lib64/libwfdmminterface_proprietary.so	83952	61ec8cf81b60238c66cd3025936fa2dc2245cc9b8656c2eb8e9fa9d0c2cb27f7	elf
lib64/libwfdmmservice_proprietary.so	116856	ed366e5954fa88f18d7d1fcdd8ca4de994e91268d8173eaf03587ed77226adf1	elf
lib64/libwfdmmsrc_proprietary.so	378880	56adf463668bb18e620a73f446999be52df785091a7fe4dd7dd733ef8b27539f	elf
lib64/libwfdmodulehdcpsession.so	51088	8b87eac512d2d2ca61b18fe681541c4643ca601781bf8d71418d34bcc423eb5b	elf
lib64/libwfdrtsp_vendor.so	411536	316b1c30a297f6ae7825714d3eaf77c75460ee0f403c38c112f37d2f9a33a7cf	elf
lib64/libwfdsessionmodule.so	116808	a804435b1e2af94499c1dc1dced6d319aeb4fca23f9b6c5dc267620247d2107f	elf
lib64/libwfdsourcesession_proprietary.so	116624	3b14ae81fcffbbff5e1ea739a13ef63c02d5117c6b805ce5c12594dff8516bd6	elf
lib64/libwfdsourcesm_proprietary.so	198624	82e585134ec638945ffbfcfbdd649fef5dad31f8badef378c4fa38de0b88d479	elf
lib64/libwfduibcinterface_vendor.so	34936	aeb2c7bd8c0d98d9ef202e891bc4d4aaf52a8ee220fd117e6421e448c7f40f33	elf
lib64/libwfduibcsink_vendor.so	83856	febec695e59e4d771cc9c7f622e390d708b7c9b710be7d09a760bd2df9ad782c	elf
lib64/libwfduibcsinkinterface_vendor.so	51088	69a79a17d915cebd9caee50aba7b713ef6add389b10b5d06d8935bfdf28daa88	elf
lib64/libwfduibcsrc_vendor.so	117448	d7e254cb77b1c3dfe4de3a54e523ff7d8dc24d140dd450e643e5cf1b308ea23a	elf
lib64/libwfduibcsrcinterface_vendor.so	51088	7e0e7686ee0578e3399a81c71ff296b65bccef0485481ddd5231e887a00d186d	elf
lib64/libwfdutils_proprietary.so	51088	ef1ec3baad35b67c15c031946986ee9da2a8794198a75d7ea66d5ad1a8edcb17	elf
lib64/libwifi-hal-ctrl.so	51704	5435b26a6d82b6e7f52dba38f92e6d8351a001376b730ad360a813eae052522b	elf
lib64/libwifi-hal-qcom.so	602568	64f86bbbc2616e0b4a0e693b343471b925404c52b5b0c08323a1c15216899eaf	elf
lib64/libwifi-hal.so	637312	20f0851b3cf9bfd72d026999358a90a83b436364416daaadc436df557dae0da1	elf
lib64/libwifi-system-iface.so	36008	4e456baceb4bcb157e26ce7af614c5919fda99bb6e50d2b90ffdc5b83f920a8c	elf
lib64/libwifiobserver.so	117552	1ca7621266f6e0c047cddb100d3fbcc8f4219452b5455367a8385ace236969b9	elf
lib64/libwlanapi_vendor.so	35448	8c53f17be68003c7e85fdae7f9d491541ae352f6d1a24b996f9f998a7f22ef38	elf
lib64/libwms.so	101816	4fd172b294a6a0d92d54e88d0061ed6e824474c0f30a32b15801961e9782d18a	elf
lib64/libwpa_client.so	51880	405cbfc344ded590f34737a4b90a2cba8847d211d3463000a0eb4406a108e3f1	elf
lib64/libwqe.so	1095664	cc37d8b4bf99c8145893e83556477637d386788a5ca41eb2e443005e1bf0f7cb	elf
lib64/libwvaidl.so	3681760	6a37489eef57abda905ba88906de49b7e48d9740a3ce43acb811fcb8db11d275	elf
lib64/libxml.so	68816	b114bb9c2801a47781882f3306c01138b21c2ceb1bebdabc59e577e8c49f0167	elf
lib64/libxml2.so	1240728	ffcab60e64600a8cf57d3a2b571a20833ffeddaa83a85cf08859936397e88481	elf
lib64/libxpan_wifi_hal.so	118536	f43f8cc209f300da1dd3ffa48a1c891a73c5d3a2cbc64c465b67e9451b07c06f	elf
lib64/libxrcommconnection.so	149472	1b2fb597bfb55a99406262f32d5373c2f106c6e0384f8b6392a57b8b27b77b99	elf
lib64/libxrcommcoreutils.so	100320	ba634fe5e473275564c99decd6ac0ad923943a61d41a3ac14e6af36ec6bbec77	elf
lib64/libxrcommdiscoveryservice.so	198544	4fff63fb6621d9cb6f8316db402f1b0e385a0afa24bdf26f9657118aa0d49efa	elf
lib64/libxrcommdiscoveryservice2.so	100320	42ae80583394b5b731998028cdcc8e8f2d1edd67e0899b1363ba9863097716ec	elf
lib64/libxrcommdiscoveryservice2_client.so	67552	168e0c2734086b53b2d3aa94fe63fce50210310aac720520fc14a7eb0f2e9ed6	elf
lib64/libxrcommdiscoveryservice_client.so	83936	889f49cd420a00d49f5b703c1bff5989cf0a6bd9c7a011a2cba91b06ac2a280c	elf
lib64/libxrcommdpqaservice.so	116624	6b263857f733532af2f0da9e7fae07d3a179313ed47d15d4d2f48c5b4dc537e5	elf
lib64/libxrcommdpqaservice_client.so	83936	257b4320013da3e8b1f522720b3767222e2638bd48760f517a84ce25409993c6	elf
lib64/libxrcommnetworkservice.so	165776	22b2980f3287bb8c51f5ecf1f8bf4dc538c06ad16c9b2fd76966b7e4edc9bef0	elf
lib64/libxrcommnetworkservice_client.so	116704	500130bfd56a9bc77fa4c8c5ad8817dcaf92db190df30259518080e524149e06	elf
lib64/libxrcommservice_client.so	67552	2c1f54692b08eb08acaa84c648e8144204661f24f2a303650414a8c4207bc996	elf
lib64/libxrcommtimerservice.so	100240	55922b4131a4f8715d6ed9af4864f252f056aa8489966aefa0ea4711f4cfedb8	elf
lib64/libxrcommtimerservice_client.so	83936	98ab0aa219571f929f790018112dbc59e2eb58a08700dcdc4b1836d1f0bd3251	elf
lib64/libxrcommtrafficshaperservice.so	182160	b3c1ff81cac61cd7643a10685d8f149cd71592512ac45ad16bee2a73227d4b3a	elf
lib64/libxrcommtrafficshaperservice_client.so	100320	516e561a185cc75cf61828523f9251c5f4553de1e974f420217fd675ec95995b	elf
lib64/libxrcommwirelesslinkconfigservice.so	83856	9cbab06566ccd5b14a8107a13809a33304c859f3d8c949423901e4e53eeeef40	elf
lib64/libxrcommwirelesslinkconfigservice_client.so	67552	60ff4ef697c6ec1d1eff78ea6fc762d7b788a5c8ef1676950badfc42f3ba7185	elf
lib64/libxrcommwpacliwrapper.so	133088	3a3c52f98f3737ee3dced206c72f7e782bdcf64db04fbb57ac2290dfacac821f	elf
lib64/libxtadapter.so	51744	dcb424b200468c95b6e7f36300afb54211c2ce6891b2ff0646427828a3a4eda4	elf
lib64/libyuv_udc.so	1107648	e8be5afbba31b04324e035a9c9c8d9e0dbf04fd2eed37bff1d49dccff42f4431	elf
lib64/libz.so	133848	4e2c62bc3bff2b534ef6be3299f3a0c0c580eb51e8edf0b957b07f4bd4ee045b	elf
lib64/libzcv.so	15285136	9169d8bab59b28dac93739d233ed1a9e6afa8a77938a959bda9e2c8692e4b87b	elf
lib64/libzte_variantflag_shared_vendor.so	35424	1a742b894f5b27e96259d231c624494fcb1c2a466276a3c0a0e0811481f3296b	elf
lib64/mediacas/libclearkeycasplugin.so	102176	fb899b8cde7537c3437cf852f44376c6cf9c4cf2d60f8142120d5563fd757058	elf
lib64/mediadrm/libdrmclearkeyplugin.so	85840	b9bf01ae54d14d0c5f73cf10a11c4a3885fc911721d01b75ac8d10db8c4f71a7	elf
lib64/nfc_nci.st21nfc.st.so	283440	b5aed18d2a0f3905fa1dfa4d3a33c4dd8d27b795b61a284abd4be39a3256bc4c	elf
lib64/qcrilInterfaces.so	85728	cfcbc2fb16130e1ebefefee3a92cad5f8377b436399d6017af4e17e84ecf1b28	elf
lib64/qcrilIntermodulemsgs.so	51936	b5713ef1262c8336f2dd75a2ca2294523fecb97fa11e409f5ac21184ea7c3951	elf
lib64/qcrilMarshal.so	317024	d056101abf512d1be3d1d2e0d4cf118c86261de2d27a18ea3d6c8f05c815ddd7	elf
lib64/qcrilNrQmiModule.so	460808	549b8b12d23e04e126ffaa71573a9ca9a2dc5e8ddb3659ffb6d1003bdc3ac4fd	elf
lib64/qcrilNrSecureMode.so	70080	c5f8da2076cd666a0a123000613965646f1ad8c0d263caf69d415546d85cf2f3	elf
lib64/qcrilNr_aidl_IQtiRadioConfig.so	173472	d5b52aae78fa3e125f439e304da7e5a288eb289d2e19e9794ba97dfb98b201f0	elf
lib64/qcrilNr_aidl_IRadioConfig.so	121864	893f144448a04fb11c00310aa6c614e2f0088cd3a04fb861b53e55d3e9008ab3	elf
lib64/qcrilNr_aidl_IRadioMessaging.so	190512	363bf10b56cdfbf56c4c31d3727c6275320bd5baecafd85a2e3beb539653bd5f	elf
lib64/qcrilNr_aidl_IRadioModem.so	139376	757677f28e4fe25a98dcd51bb5384fc71c14794883964cc922c015dad76977bc	elf
lib64/qcrilNr_aidl_IRadioNetwork.so	397232	869010c70329870443dba6bd30759e954dc45609b0fd6be5403d00cb15b5b6f6	elf
lib64/qcrilNr_aidl_IRadioSap.so	87672	0f0cd07f55f754e93d183d7275846098a5b845a21233cb6197f3baa9f2504266	elf
lib64/qcrilNr_aidl_IRadioSim.so	261672	2786cfeb05ca24aa80fbba7432b1ccb3d7749a3df6af0d4bc0c15e0dfe12768b	elf
lib64/qcrilNr_aidl_IRadioVoice.so	293720	ca99326ab755ac734a346c30a1394174497fa41e7c057fdd09ceee9c9a9b96eb	elf
lib64/qcrilNr_aidl_SecureElementService.so	103864	555231289aeada10ec21820fdb6b87d956269fcded636990c333d1e12f8755cc	elf
lib64/qcrilNr_aidl_UimLpaService.so	120632	9c05a2bc9145ed64e2fc26eec55a90f6854ffc6c73f49398b3f668ec5afe17a7	elf
lib64/qcrilNr_aidl_UimRemoteClient.so	104144	2ae9267510578fd6f9f2f0962923c8af49206d0dfc3cbc63760752e2a1a20ffb	elf
lib64/qcrilNr_aidl_UimRemoteServer.so	104488	e8080b38e8e7d9ba1341b2e9b7b87dc02e62b11c7c59c2583f41978a20bd7d55	elf
lib64/qcrilNr_aidl_UimService.so	104144	4588ae45c13730ea6da161eca0618ea36016af966edc7edd34431f4e99817f62	elf
lib64/qcrilNr_aidl_common.so	52024	4ef67d626a01214569ea0aca32c89485164fb564b3f699571306ef0be2c21702	elf
lib64/qcril_client.so	536208	86db43042f739c36f8d9fe37812fd10bab73fe605be2ab11a49c6087bb7575bd	elf
lib64/qcrild_libqcrilnr.so	209464	72594b598c35aebc447c00ce238b9a306a69e555f2a85c9e83c1fa712243d49f	elf
lib64/qcrild_libqcrilnrutils.so	51696	351693f701b1f4021094d4e129fc1b220c80282e92bee631b612698905e03886	elf
lib64/qsn1nrt430.bin	98304	b7c195a9b145fe385c970dc3e5f193f932876e960ee70c892ff58768ca312fd5	binary
lib64/qsn1nrt43180.bin	98304	354b9c0342dd553fc28462df06f3e14a2c3ec5a30292c2c68a5424e14de6f470	binary
lib64/qsn1nrt43270.bin	98304	0aa0ff74d089184396a30e1be9b2dcddf29dc131cec06c2432fc161d8113f68d	binary
lib64/qsn1nrt4390.bin	98304	ac9fc1cf6e6172020261e91844f1dc2d0e75c40ad573a052a2f16112a4d369ae	binary
lib64/qsn1rt1690.bin	57344	a7a4948ac45f8300a710170a05752964fc67bad7d2e43d47858421d33a028d97	binary
lib64/qsn1rt169180.bin	57344	0b5bb6eb1e8a4e17f1370d93f01eafe81263773f2aa351c790c8b218521aa76c	binary
lib64/qsn1rt169270.bin	57344	77dc340143522e4f3bbba040b884ce745dda609acb00b33839cd24ebce9c9024	binary
lib64/qsn1rt16990.bin	57344	967dc57266e10d29662f67a39acea187af80a7790fa37e232cfb76cd95d9bcf0	binary
lib64/qsn1rt430.bin	55296	639e9213a21c714e1052cc2cdb948fd9fa0f70a5f63896e77e20b599abdab0a4	binary
lib64/qsn1rt43180.bin	55296	f0d29516ca8c45c8f9aadf9038e465de25b7b2dc57f8f2db9817e4b9068360b3	binary
lib64/qsn1rt43270.bin	55296	df13584f392e8886d35680ed468c685579c685c3e91539f7a04e9674d3abd80c	binary
lib64/qsn1rt4390.bin	55296	7a51e9ad2c7f11216e3f9bb64dff570b86d0c7e39da6f8c4c8249f23d958755c	binary
lib64/qsn1rtlp1690.bin	57344	a7a4948ac45f8300a710170a05752964fc67bad7d2e43d47858421d33a028d97	binary
lib64/qsn1rtlp169270.bin	57344	77dc340143522e4f3bbba040b884ce745dda609acb00b33839cd24ebce9c9024	binary
lib64/qsn1rtlp430.bin	55296	639e9213a21c714e1052cc2cdb948fd9fa0f70a5f63896e77e20b599abdab0a4	binary
lib64/qsn1rtlp43270.bin	55296	df13584f392e8886d35680ed468c685579c685c3e91539f7a04e9674d3abd80c	binary
lib64/qsn2all.bin	100	f26920217b625a5fd1ddc1c8ef478e86458b441882f095dd9e5a8832b5150cc9	binary
lib64/qsn3all.bin	256	a971e8e4ad08188585fc7cad8158f50534186e9ee8f55d8d573ca37e23355c0e	binary
lib64/qti-audio-types-aidl-V1-ndk.so	51744	f48972107c10aad17745aefafd7107a5bd0fe4842d191e9cc0ca48f448fea506	elf
lib64/qti.video.utils.videobufferlayout.so	51176	0f354a6024ed7729d430ee699e0e884b2783efe40b343035e590735c4c371019	elf
lib64/qtiPeripheralMgr.so	85008	e4cbfce4f9a84905387dfaed67d7835c76cbb33a727dfb6c6b001d6879eed06c	elf
lib64/qtiril-utils.so	103728	d4c8c731663084da7f23e2d87459fc51e618ad3312e6bcb31ca760c4c7058ee8	elf
lib64/qtiwakelock.so	51784	7e5af92c899e97094bdcaec90bdfe4318ffe4121ed716807b26953f87932ff92	elf
lib64/rfs/dsp/libQ6MSFR_manager_skel.so	25252	8d7224cba6017739c6705d7f8d1a7307ad30d0fdfbb44c5c77ddd66d4a6cbb44	elf
lib64/rfs/dsp/libVppAisQnnHtp.so	7987288	3d52f42ee5d56acab4534636a52e9f7fe971cae456d9dd20be704abe79ac697e	elf
lib64/rfs/dsp/libVppFrcQnnHtp.so	7987288	1ae5ab032825434f6e6429312ee3b3cc1d6ecc9e2a702c6751703eb16b01dffc	elf
lib64/rfs/dsp/libapn_dsp_skel.so	399908	56a5fd61e6b6ac2110ea8bed978992b48d9dff87e0a12a39408fa06777637c97	elf
lib64/rfs/dsp/libbitml_nsp_73na_skel.so	4376288	d02115567a22a4ec4bb3fab6a9743c9e714a3643b16810043475a0c0220ed87a	elf
lib64/rfs/dsp/libbitml_nsp_79na_skel.so	4370412	1b5257229113a0cc9b86f8e5db15a289f961accc3175d7f30332f549520fe9d3	elf
lib64/rfs/dsp/libbitml_nsp_skel.so	3998416	5945fced0c7f24f7b5cee350c9bf9a12e02431d4d67729a519e0bbf8136e56b4	elf
lib64/rfs/dsp/libdpp_engine_skel.so	559708	f88b9684748d622b6e42158ab9ed2f5d5b0a14b83320779bb186e87e7d224430	elf
lib64/rfs/dsp/libdspCV_skel.so	37500	668489a6d72c61561517ce6352f419e70040ace74335486d0a8129a6630c4d04	elf
lib64/rfs/dsp/libevadsp.so	505700	df484ec98b9feff41d26d4cd6f4c5d9c593e4e6c31441bc429f19a0d1f61a1f1	elf
lib64/rfs/dsp/libfastcvadsp.so	1273044	319c8e047faa17a5a87009bae839c61e29f36fb618c5db5e6b97030966e6d22a	elf
lib64/rfs/dsp/libfastcvdsp_skel.so	668956	cd4989eafbcb000e689b7942a639034335cbf0e7ef9d1b675dad42c4fdc0274a	elf
lib64/rfs/dsp/libhdr_skel.so	59308	6ab2a98736a2307c54ae8c5ac4a685f7b1f47bd2c47594189272c257c1cc0c2a	elf
lib64/rfs/dsp/libmobilenet_dsp_frc.so	508900	dd004f0c1e92d5e48ffcc904c94a20bba8f17094b1678ecdfcd8b71c99309e95	elf
lib64/rfs/dsp/libmobilenet_dsp_frc_networks.so	4212544	0191c518af821d35940d7fcf8ad91df80463d855cdb1dfbc06d657058bfd44f9	elf
lib64/rfs/dsp/libnsp_ipc_cdsp_skel.so	2773004	b116a4ab549dc6f8776677fa635ebc963fbb92f6d61154e3dee9f37f33582379	elf
lib64/rfs/dsp/libnspsuperresolutionproviderextension.so	1356472	eb2459065731b128180cda41887e0fee93b80267ebc4e3128edd94bff71d7159	elf
lib64/rfs/dsp/libqsegnetengine_dsp_skel.so	451716	2210eef9a8b586f69455ce23fc9ce32660661f7d3d18ca58e250cb6a38ebcfac	elf
lib64/rfs/dsp/libscveT2T_skel.so	599552	1e0a21aa282b2b88718e29438d80d3618e3cd868a97398f7e9f89cfece91c571	elf
lib64/rfs/dsp/libvpp_ais.so	1235968	56c4194c85d2291614735a11ae6fd36d490f9a73af07e39f9e1d8a6e30987a2b	elf
lib64/rfs/dsp/libvpp_ais_networks.so	1446632	a29a49c3b7e864aad54eb37efb4a9981da31d365d98907ab08e647b9ff1d3bf4	elf
lib64/rfs/dsp/libvpp_frc.so	2702852	3d2bd6f8663ef8d844c5f54be989231d533722d44668d17a402f04964ed96a56	elf
lib64/rfs/dsp/libvpp_gfrc_networks.so	4284280	eae90e6a40baceca7fae850817583f476cc884ce24ec46541f13c8af04729793	elf
lib64/rfs/dsp/libvpp_svc_skel.so	150032	901feade5a5418588a20ab5b7d65ea9a32f20ea7dbb0e2c726b95d3d88d313bf	elf
lib64/rfs/dsp/libvpp_vqa_networks.so	4380656	f55b5427f5e3bcd6ce4f5f4ea47947369adbb2059a7ed1b526dfc4d0e37d7650	elf
lib64/rfs/dsp/libvpt_action_recognition.so	55318112	e0d874a4127e6eb364c85164dced51e2a8a03ff836af60099ab0c7a6c9480f3c	elf
lib64/rfs/dsp/libworker_pool.so	20856	4d767e57af5e2b238b2deeb1799724b9d392356cc2f8349cd9bd074eff5a5689	elf
lib64/sensors.qsh.so	567072	70dcd2fdede00be78e67f32b12294e2b5b1e63d5832194a797877dd217c685a4	elf
lib64/server_configurable_flags.so	36112	d14b2a133a4a957a7ba49cfed0d3411145896aeb5e918a2efc10059f222d1017	elf
lib64/soundfx/libaudiopreprocessing.so	1081736	92e6c3b1d69de42fd0ccd167e5b20d815b096672b5f66b150b2e34c8db36f863	elf
lib64/soundfx/libbundleaidl.so	576016	af4ad9f4f59a8488887351d1d79437269b25b9ce98e57a5da92ba8ca64da2d77	elf
lib64/soundfx/libbundlewrapper.so	135216	321186913281017bc22f85e7aab94e952bc388500b16b596c333f3be99f4732a	elf
lib64/soundfx/libdownmix.so	51720	1d4981be2e2a9a5c0599bde8dc507e8dd397e43be30590b8e761140cccd3a433	elf
lib64/soundfx/libdownmixaidl.so	423080	82f9cf0b75892785fb6cabf8aa24cf56a1b30131b1ad0dd410df5f6783dd29b3	elf
lib64/soundfx/libdtsaudioaidl.so	641784	02107e8d9303959f15daa31e58263a124c0cb295b8076c684975150f5a674785	elf
lib64/soundfx/libdynamicsprocessingaidl.so	508152	7a29ff03d0962436ab23cd7f80a8c456da873b0fc6513a72f5aeb2cc66322dca	elf
lib64/soundfx/libdynproc.so	85304	eac5763a02ef83ea1d8334eebe2bd6a746ac75f86f50874efaf6f06fa937cb3c	elf
lib64/soundfx/libeffectproxy.so	51560	dee556d25c547d8548df3f1ec60543ce9d785898e95ca016fd1940eaab63d30f	elf
lib64/soundfx/libhapticeffectsw_aidl.so	574280	d135f87110ea7666f8ebabeb75b67372c9a81d53a56ae90aab3ec20eab332ff1	elf
lib64/soundfx/libhapticgenerator.so	102976	7fd6dd183893a95bbde6e8f7d9ed38076cdc1abb03368813e188e894d30019e5	elf
lib64/soundfx/libldnhncr.so	51512	5144fd84cb4e0c1d9506c31ff7c9c1f31c5eac84b9d9dcc9fca9655d1ff90ff8	elf
lib64/soundfx/libloudnessenhanceraidl.so	406288	4b40de853e3313214e1300644881cbaf9de05226779acc16b08ffda4ecc19402	elf
lib64/soundfx/libqcompostprocbundle.so	773848	2aaf86bd29eff451af4bacb2d7b900ea9e1f324c11748647908c52b345be7aa6	elf
lib64/soundfx/libqcomvisualizer.so	524816	3b2be94f40e16bc311dcbe9393a4f70733003795c3dcacffd730b86b98d99d3c	elf
lib64/soundfx/libqcomvoiceprocessing.so	458616	9a5bf81e58ac892cbbf971321cdbe3b4bf745cad8e7a8f07339c84be2d41d4fa	elf
lib64/soundfx/libquasar.so	581336	734255c95e36f5b4c98e6bb40feef77624a7c5cbf7b3417e60f00a206581e16b	elf
lib64/soundfx/libreverbaidl.so	508184	c34749acb05b01756ad8d5afed54082810f2da8af1acb779712e5bb7e568bd1d	elf
lib64/soundfx/libreverbwrapper.so	118600	9db658b972fb34754c02b39f55829fb251ca97c6ce3ee095a1a387131c676cae	elf
lib64/soundfx/libvisualizer.so	51496	9e3407eecf75078d9e55e7e7290735d039d0f1b3ad53015c04652660c7b83cb9	elf
lib64/soundfx/libvisualizeraidl.so	458424	5b1c50fcb64da355ed661de6dda6ae01bada6f54aaa9ed83fbd0a58b96a71391	elf
lib64/soundfx/libvolumelistener.so	555536	646275ab906054655355d967f43d288a091f03e58cdc52f1122b66258f0262ca	elf
lib64/vendor.aac.hardware.richtap.vibrator-V2-ndk.so	85368	97df6ded8baef4dc37d8f28e0776eddc7e93263836eb953f4166b2387e2a7f3e	elf
lib64/vendor.btaudio_intermediate.btaudiointeraidl-V1-ndk_platform.so	85336	8f64ecd7a0af286b7021f47a1dae072a5df72bc931ce053a93f48b156f06a7e8	elf
lib64/vendor.display.color@1.0.so	240088	22ae4d09af616af0b7c598039212d26bda7e315deeb726954c04638a9072d006	elf
lib64/vendor.display.color@1.1.so	170528	fa366db7b3df2e21bee4b16054a94c34874d31e99c18ac442ac340c99208af46	elf
lib64/vendor.display.color@1.2.so	170984	8c3aca204e824834f6b27e56c8cfbf269df72393c2e3e23cbd2a43bfd52b3e97	elf
lib64/vendor.display.color@1.3.so	187352	7826d6d998de0b41d224ceb856d8185f90705d3ab16a46ac417f01f7fdec7b69	elf
lib64/vendor.display.color@1.4.so	187728	70cfdba028c8617e4a6c5417dc7acd90185db98998f35a8770c909540c65c4b2	elf
lib64/vendor.display.color@1.5.so	204752	4cab8c6321788cb314ff2a3b26dd16c26924ba32cb03702fb576f94a1e84daf5	elf
lib64/vendor.display.color@1.6.so	220768	b4e777e304566436da2d0fbf221a698a490d3a43f5010f47370d3ddf31483b13	elf
lib64/vendor.display.color@1.7.so	237408	a8b5a0e4735799750138644aaa04a799a292c50199e77b0aa2d840fc4c02143b	elf
lib64/vendor.display.config@1.0.so	187576	c846e0e452c78f8ecd9d67cfdde10d8ea8427a9a75949331ae3f6aab7999e3fe	elf
lib64/vendor.display.config@1.1.so	152832	562e56d99a0b8c8f6a3e422453dda23ca2d076de02d461fd1691787f4ebc5b0a	elf
lib64/vendor.display.config@1.10.so	287392	6e349a31e33a81e694a394c4396abfa13d6815c7d3380010a31f467d22a18e38	elf
lib64/vendor.display.config@1.11.so	236088	141a6cbbe60a193a6acc6c958c93034b6b2c8f7b4de37d588ba83df0d772800b	elf
lib64/vendor.display.config@1.2.so	152888	3d5bb9bdfb3cb67507666a5b9d131b9e03866c0da41c7b26e5e0a8d9b527ef36	elf
lib64/vendor.display.config@1.3.so	152928	51442bd280e33c9929c7768790a1a05d1d299d4e023e9aaec3637a630d7d7020	elf
lib64/vendor.display.config@1.4.so	153312	5bcbb59a57ae46251f14324321ac57985e3c9f8b8ef67ff940aeec9254a07f90	elf
lib64/vendor.display.config@1.5.so	153208	da9ee2da82f9438fc5353a3f48b92872b00f6d6fb095fc8a373ecd62b21c84b8	elf
lib64/vendor.display.config@1.6.so	186104	5c6f6e308fac4fc1f4554b2709f3f31dcc4fbe634b64b01f5ab4b481040617f3	elf
lib64/vendor.display.config@1.7.so	203184	32ff5a8d058f9daf4930351964a90890586d94e04215b22e2f4163ed5ddd22f4	elf
lib64/vendor.display.config@1.8.so	186840	8460a9ee71703fe6d98d2ab414791b7af76267695ed0261b4a779d99fbd238a1	elf
lib64/vendor.display.config@1.9.so	202928	15d9c11f9a548aa89352e3871d5c780c506c416a7e931a601d93c2f837f32ac1	elf
lib64/vendor.display.config@2.0.so	170696	0931e2e4a150477ba84dcd0e5086b9dff599d03b01e902080993ecc92c7ab744	elf
lib64/vendor.display.postproc@1.0.so	119448	51147d2ede8017d74f464adc2450e5131ee6fa77426f71cca42f9ef9930293ea	elf
lib64/vendor.libdpmctmgr.so	118400	59f0e658ba13960e1100d67e6304172d1ff2768bc916218ad651d9f257313f3e	elf
lib64/vendor.libdpmfdmgr.so	68656	d9741d8bfaed665e43d298f8c0a43ea30df1a63a9cec23482596c9244c8be1e1	elf
lib64/vendor.libdpmframework.so	449736	94d534cec598252207a4103e5ae799042514b92a57b8794498344ee16ce56e24	elf
lib64/vendor.libdpmtcm.so	68664	e53fffbef09241cb1be4d5e782a56967b0a87a6e36da833b323bbc61aa9d0d89	elf
lib64/vendor.libmwqemiptablemgr.so	68664	b07878b863ba840c60775ac373ba0891279eda561b7d3eac47872abbf7c50fce	elf
lib64/vendor.qti.ImsRtpService-V1-ndk.so	135176	980a828b9c492053ec4c147832ccd1bbd8d53b12deaf47a18d08589395f59b06	elf
lib64/vendor.qti.ImsRtpService-aidl-Impl.so	118048	826201b856230277a7295175cedfbbfacc23e8c40a2580e7509d4443beb9dcd2	elf
lib64/vendor.qti.MemHal-V1-ndk.so	69152	f55bdc72e87e068e83a030207b1cc85e8f8fdc2647ebd2118bf50a9c9e31602a	elf
lib64/vendor.qti.data.factoryservice-V1-ndk.so	85680	aa153cccf6961f9041c9b72eaa5a6575da9a89bcaed73ef1b17b8d819c959df5	elf
lib64/vendor.qti.data.mwqem@1.0.so	169592	708a6894db4020fe2cdb413e39c2cb24da1bbff24c3f9304f291e1fcd77153c0	elf
lib64/vendor.qti.data.mwqemaidlservice-V1-ndk.so	85760	4820c4de7b3c87403205a6fe81fc17674bca68683f564ed742e1074a3bb3df96	elf
lib64/vendor.qti.data.slm@1.0.so	169560	e971dfba9acf50f9d4707f9297a09140408f0c7293be3ed101139d5f95bb49d0	elf
lib64/vendor.qti.diaghal-V1-ndk.so	85776	e1ad8871f1a2e6ec65568a9787ce8c6c704eb01c9acf33ec1a4a312e0f665c36	elf
lib64/vendor.qti.diaghal@1.0.so	169648	66f32f65059b8d55053eb5690a0b5c1b9db01375f5138a9710e1fd3b8833ebf2	elf
lib64/vendor.qti.esepowermanager@1.0.so	119328	1a61ee323801baf5a0cd5dec52b652b0ba1e7cbc2bcce22b825b7ee1c676a261	elf
lib64/vendor.qti.gnss-V7-ndk.so	963920	f7a358c9596006a34aa5cd3297ea63f51d9bc488f209206027390808002a0b7f	elf
lib64/vendor.qti.gnss-service.so	468304	dce1f46142564b8fa1ab7e2e1277fd13e1188772431968e8c77b0ee28acadf17	elf
lib64/vendor.qti.hardware.ListenSoundModelAidl-V1-ndk.so	202280	00e312180e58d4b9f9918771b908c2668ba80d379e52dc80cc66b169595a5f4e	elf
lib64/vendor.qti.hardware.agm-V1-ndk.so	201272	4ba5c9d0216f89de7e68f8b9e1625037b5ea172c96deda2ab36aae864350ff46	elf
lib64/vendor.qti.hardware.alarm-V1-ndk.so	69032	698402bca937d5fce7b6a6a850860c4ef319fbed17364ca19b496a42f9a296ee	elf
lib64/vendor.qti.hardware.automotive.vehicle@1.0.so	119224	1941611f1456b5f21126d771e4e206cf527779bc9ad0673cf0b280bbfd2af404	elf
lib64/vendor.qti.hardware.bluetooth.audio-V1-ndk.so	52264	b1da4ee58b37d11af21676bb299926c139c475eeb9293523b1e56b625a8f97bd	elf
lib64/vendor.qti.hardware.bluetooth.xpanprovider-V1-ndk.so	85792	6fce0eef6c986653723ea7e6de9953cd05af31a5a74e05dbe333bb08b4f4c5ef	elf
lib64/vendor.qti.hardware.bluetooth_audio@2.0.so	271456	33723ad52d329041ca39f92da4e3e6fb0578173263171aec510fd4a658369d1c	elf
lib64/vendor.qti.hardware.bluetooth_audio@2.1.so	271592	78ea36221cf9fe98ca1088763782bad3b44633c997825e317d15fdd52bc9b92a	elf
lib64/vendor.qti.hardware.bluetooth_sar-V1-ndk.so	85576	46f4c5a6c54105dc9c95499bf362434e5133b5d73b1174a9d02c341dd89af5e5	elf
lib64/vendor.qti.hardware.bttpi-V3-ndk.so	135408	bd59a73d93b3522e3cf5ee7a0ecd1139bcd9c891846a499078d871c0c793ccde	elf
lib64/vendor.qti.hardware.c2pa-V1-ndk.so	86280	b58356621d9fd7aea79dfbe20f62b22d5e86f6bc83336aadfd0afe83c18efc18	elf
lib64/vendor.qti.hardware.cacertaidlservice-V1-ndk.so	85992	8eb878a775fb7e907cc5ffc6bcb5eb324500c878e6a93b3602b8e02a2cb311c3	elf
lib64/vendor.qti.hardware.camera.aon-V1-ndk.so	102560	5d702145a6eb81e2686759c873fc9bff0a4561c11a806511785d6a1f117a9bc9	elf
lib64/vendor.qti.hardware.camera.aon-V2-ndk.so	119104	657bb5109cbc74f4540fd24999794c30462744af475b29bc3ef6bf191439ce0a	elf
lib64/vendor.qti.hardware.camera.aon-service-impl.so	102136	6ecb2b2e09a25a522384dbaed5546759ad4447c0c84e28fa8d870a4f6ff1a878	elf
lib64/vendor.qti.hardware.camera.offlinecamera-V1-ndk.so	169104	3f45b4a6403fc1acc4237930f5a237cb46cedf985a99e109c0d10c16fdbf68a6	elf
lib64/vendor.qti.hardware.camera.offlinecamera-V2-ndk.so	169104	20385bf838f1948a3d6e7eaf24772c84355dd8cba5cafe3e76efe20461dbe383	elf
lib64/vendor.qti.hardware.camera.offlinecamera-service-impl.so	165776	0f7e3979d17422422d6280bda71e2d94acd6813e206321c376088adfaa9eb151	elf
lib64/vendor.qti.hardware.capabilityconfigstore-V1-ndk.so	69128	cc283c8ee694a98fddbf7329ac6625419de92ac68db5b738d29769fcd3ac0d16	elf
lib64/vendor.qti.hardware.data.cneaidlservice.internal.api-V1-ndk.so	135368	85d16e3bb0fa7075836a29ac72e0cae857525a0d1139c923eedfe4f0e6be603e	elf
lib64/vendor.qti.hardware.data.cneaidlservice.internal.constants-V1-ndk.so	51688	d8f9cc7a393d73a78f0da92f44d912e64047e0c0f17bf9e5b3401bc835a1038d	elf
lib64/vendor.qti.hardware.data.cneaidlservice.internal.server-V1-ndk.so	135576	b0c98d4d40d3922bb40ab3adf7cab9cca9f2c53bf58f180d68a9d2397f24b34a	elf
lib64/vendor.qti.hardware.data.connection@1.0.so	237144	628804a8a32ebc093e7c4b35b3210b07552fc397646de23d217f02f9080663a6	elf
lib64/vendor.qti.hardware.data.connection@1.1.so	119624	904f6bb53449cbe3400e676d23b39266d0bd393a8b607692292ac742b62b272a	elf
lib64/vendor.qti.hardware.data.connectionaidl-V1-ndk.so	119072	706495588a0d5212b5fb6e723b65aa1f456ccd09ffdaee5c97703c1a151d7699	elf
lib64/vendor.qti.hardware.data.connectionfactory-V1-ndk.so	85568	12433efd7f889f58af53d5a06d9502f191edf60afcbbaab96891d280cfb2e322	elf
lib64/vendor.qti.hardware.data.dataactivity-V1-ndk.so	85736	a0333896cf05d810212a7c67cfd9e818ac53e1f13b1e547ac8f8424900d037f5	elf
lib64/vendor.qti.hardware.data.dynamicdds@1.0.so	354088	eec31986970c50381473d561e27022cf84c2dc5170693aae66fe1ae9329cd035	elf
lib64/vendor.qti.hardware.data.dynamicdds@1.1.so	119504	0c541d597fe9325624a792723336ab9d7a424da807daa79c8e38f9acdcfcfe04	elf
lib64/vendor.qti.hardware.data.dynamicddsaidlservice-V1-ndk.so	152264	d9395554a7bdc527fef0c95ec97c56830f0e3232845a31556c557f404b8b6328	elf
lib64/vendor.qti.hardware.data.flow@1.0.so	253928	1a5779c91eabd6a54dd8498d8d4193fb0b50737c95233b95e54297c66ebb237a	elf
lib64/vendor.qti.hardware.data.flow@1.1.so	136216	09266d33a05bc034a9a426b131751534b1a64485a27eaa7b37a6b67b51df4fbe	elf
lib64/vendor.qti.hardware.data.flowaidlservice-V1-ndk.so	118976	671caed88c728cafee2302267c0f045f8a97ba651e80f36d950f6f2f107aea0d	elf
lib64/vendor.qti.hardware.data.iwlandata-V2-ndk.so	135688	81c4301c039faa868f05e974494f3fc1e87a2c78fdd9446ea2ee73a616973c4d	elf
lib64/vendor.qti.hardware.data.ka-V1-ndk.so	102296	70f9d27f995a3377aa1a222e806d7db86398defd79e5027c75a8ab2a76f5456e	elf
lib64/vendor.qti.hardware.data.latency@1.0.so	237248	cdf67705fc264b8d7476a997837a5255947e5c76ef986e140376bdcf9439b196	elf
lib64/vendor.qti.hardware.data.lce@1.0.so	236840	510049130a36d967f6003069e5fe9625802d35fa984e7c2f21ba50595560a55d	elf
lib64/vendor.qti.hardware.data.lceaidlservice-V1-ndk.so	102400	6440ade9e82c56bc460dcbfd94c895712f97bf961289a6717799e77c45cb0e84	elf
lib64/vendor.qti.hardware.data.qmiaidlservice-V1-ndk.so	102640	2ffc15293c5169402eb774bd546896f7ca7c9477ba22d6c8df8f0874074f3348	elf
lib64/vendor.qti.hardware.display.aiqe-V2-ndk.so	85512	0b8c606d834d07b9a91c29185f95286628d382e3e9bc9bc7493f6c2b12150936	elf
lib64/vendor.qti.hardware.display.allocator@1.0.so	119392	4d577fdd6524305ddda0abef9ed984da2549a796978cb403a93a2f77d00377e4	elf
lib64/vendor.qti.hardware.display.allocator@3.0.so	119400	38174e92a700bc806304f779070d3696b0b9e3f1f2e890e89a7e77ffb6dd9477	elf
lib64/vendor.qti.hardware.display.allocator@4.0.so	119328	e15c7637cfe2c11bf894678474c6ec30b3e216de5601fce6aed373d1d28aacfe	elf
lib64/vendor.qti.hardware.display.color-V1-ndk.so	85792	92f0d9ee9baa82ea6dd8041a268eeaa15e717e9cf7f9b6aa3c7ea156852d7c62	elf
lib64/vendor.qti.hardware.display.composer3-V1-ndk.so	86712	d74203762895784143967bc3e6d42a1e57e148aa123ced7b52dfae6320d604d1	elf
lib64/vendor.qti.hardware.display.composer@1.0.so	255704	6d6cec8363a4d09c778402b98b7c4278cc48988fac422a960dfd7287f0501653	elf
lib64/vendor.qti.hardware.display.composer@2.0.so	306688	8a562153f428fc2b10b62a5c1400d2281ed67f1d24e618703a4e133f57f13ba5	elf
lib64/vendor.qti.hardware.display.config-V1-ndk.so	167960	4743eef91526c1c920607850491395156a010d1df53df75647c7f9e41440e1e9	elf
lib64/vendor.qti.hardware.display.config-V10-ndk.so	200776	f30150b763aeb46a8f149fc6fce6baf926f8c41bb1976cdc6791cacbce4b9992	elf
lib64/vendor.qti.hardware.display.config-V11-ndk.so	200776	812a182b89c2293373e0098d7da1196f4e68513ed521d321655b46e8737daf6c	elf
lib64/vendor.qti.hardware.display.config-V12-ndk.so	200776	2721a9244b2dbd5dd9e6840dd4524482e4abb250ee2ae3387b5ea56d6b4b9128	elf
lib64/vendor.qti.hardware.display.config-V2-ndk.so	184328	1150d5953f4e0f8e03a31b2c0925e8ab05df3672b6929773eea1708f369015f5	elf
lib64/vendor.qti.hardware.display.config-V3-ndk.so	184336	6ba8c5be4314dd78f27209221f9957e246994ad27224d04393631e420835374d	elf
lib64/vendor.qti.hardware.display.config-V4-ndk.so	184344	098c99059be8f38bea0504df387ec8b736e9254df4dda76ffe2a1bb45d850711	elf
lib64/vendor.qti.hardware.display.config-V5-ndk.so	184336	8af92c0d5540f9b82fd62795ee5dc44305bdaf0d9fe0d107099f5cbef5577edf	elf
lib64/vendor.qti.hardware.display.config-V6-ndk.so	184344	a59a0aba8215f01664a146d586c53c21dc9af6e201463d74a48fc13656436e83	elf
lib64/vendor.qti.hardware.display.config-V7-ndk.so	184336	11d834503923a184d493938cad39052f443c5dcbc108f47d11372696ff45acc2	elf
lib64/vendor.qti.hardware.display.config-V8-ndk.so	200712	2f7a0d4fcdef069f5cb43c193cb5a15da148da60018658a5c71dae5550236cba	elf
lib64/vendor.qti.hardware.display.config-V9-ndk.so	200760	85465e8543d8456e423826eb72bd10017206e994617c94aead18f1d454974617	elf
lib64/vendor.qti.hardware.display.demura-V1-ndk.so	69056	f7d082594f74c42022d8ddf203df3e700daf06b799d73bc1366ae4246a2c5a1f	elf
lib64/vendor.qti.hardware.display.mapper@1.0.so	171248	e8d1e1a9a8e1a8f3d8bc57c8fb692fae82b4205d1f43e138154f3910cbd41095	elf
lib64/vendor.qti.hardware.display.mapper@1.1.so	188272	0b5534f95c0658c8c9542c8192a8432eaac91aa997aedc9e2155cafc26fcc2d5	elf
lib64/vendor.qti.hardware.display.mapper@2.0.so	153440	453f78b4b970b2d96419d1aaed37f596e3fca4ddbf5ddb2cd20cc5b7f31111fa	elf
lib64/vendor.qti.hardware.display.mapper@3.0.so	137048	992028cf23efe8476d4adb246699e10eecd065f1c5e8e7d9cfd22df2b20ffaf4	elf
lib64/vendor.qti.hardware.display.mapper@4.0.so	154416	5c00fd6809776b34cafe615f93020d9faa77ead9fc1633ef153351ea96696b6d	elf
lib64/vendor.qti.hardware.display.mapperextensions@1.0.so	172248	8974a02d3c7e9114bcbd4dd655a0419d90a17208484932916a6c3be28feb9c0f	elf
lib64/vendor.qti.hardware.display.mapperextensions@1.1.so	154376	c3d85240700d01ec8353393a5173ad5bc86b3412e4794e93e74c2c433a54496d	elf
lib64/vendor.qti.hardware.display.mapperextensions@1.2.so	187416	cddf145186d57cf6b046896bcb2711a46228a1536ed87b6fb2cba2664485acf5	elf
lib64/vendor.qti.hardware.display.mapperextensions@1.3.so	187424	6916cec30591377df87f07fa1508ef3db427f4f4b5a12d95196a074eff861ca4	elf
lib64/vendor.qti.hardware.display.postproc-V1-ndk.so	69040	323a0ae25c2792c7e57883d0a36e52c0ecf21019e27523e16184a8a9bc1dcc1e	elf
lib64/vendor.qti.hardware.display.snapalloc-impl.so	333096	07c1817fa658d5f12b509db471d2b50da0b87d69769fd6082d2956f424144352	elf
lib64/vendor.qti.hardware.dpmaidlservice-V1-ndk.so	102320	c1f2a747b67c0e90b73e6c2882aada01ce747a47d9daaf63d5050338d1f4bce9	elf
lib64/vendor.qti.hardware.dsp-V1-ndk.so	85712	0fdf6af8c3c121b078989463e9669a448ea2fea3293769212591e80c74e7edbe	elf
lib64/vendor.qti.hardware.dsp@1.0.so	169904	c6afcc63ea1df9a0a6e821b8eb034e7679f87fb7048d8b8d5f31e1aac8e83778	elf
lib64/vendor.qti.hardware.embmsslaidl-V2-ndk.so	201256	ff7391a88f7ec98fd9459efbd988a37819552769ad2ee0a29e7611cb7016e74e	elf
lib64/vendor.qti.hardware.fingerprint@1.0.so	526608	df1eb2a5606f5b2f93c1eccbc1a3d158d90ceba2bd2da6005b71775ae731529d	elf
lib64/vendor.qti.hardware.fm-V1-ndk.so	85752	0ac9442bed331df39f5f7a4d04ea9c0c81f94f12af7348f32ed7d350c00c602b	elf
lib64/vendor.qti.hardware.fm@1.0.so	169680	c1637b47559fdbb4aa1eb171f497efe08ada7aeb7fbd54683943ff593f568771	elf
lib64/vendor.qti.hardware.hexlp-V1-ndk.so	185880	50ad147d3ec6a706f476d6835f2e071054cb2cee955039c5445a54c7f0749d70	elf
lib64/vendor.qti.hardware.iop@1.0.so	119184	7df282fa63ac6e9171fe0203b978eb8d4ed4912c1b113ddf26ccd88a821f415b	elf
lib64/vendor.qti.hardware.iop@2.0.so	119544	ffb37ade96c1267074a8e1565bc9d65cf252dd42370631adecc8e4929f9071a5	elf
lib64/vendor.qti.hardware.minkipcbinder-V1-ndk.so	85816	4fae550e141619e533bfbaa13429a18a55f91c1e99f1af611deaf161efa159fa	elf
lib64/vendor.qti.hardware.mwqemadapteraidlservice-V1-ndk.so	102200	8b59f9f926d75c021019f4b396261b2f53bbaabdba5975aaa163f20b1c6f3344	elf
lib64/vendor.qti.hardware.pal-V1-ndk.so	185152	87cb2ea4185118bf15c7efa9e243a4c922cb98f9387077c72e43fdd0a1c2017a	elf
lib64/vendor.qti.hardware.paleventnotifier-V1-ndk.so	102216	071b750b0fe35aa1ee7ee6b2c7d80a3bbe97ecd2f41e8528122ab403860cefe2	elf
lib64/vendor.qti.hardware.perf2-V1-ndk.so	102232	02fe06567038b0b226d1a12e7fe041446a12f3ab1635835de324530d427929e9	elf
lib64/vendor.qti.hardware.perf@2.0.so	136344	582a5eac0d89d0c19a3d5155829b59fa47fde11a4a856b5a7b9f2b011b7c2ab0	elf
lib64/vendor.qti.hardware.perf@2.1.so	170264	535abf706e76a93dd39c36a9cfca2fdd990b9c6ab70ea0e4e13703b6e4ed06e5	elf
lib64/vendor.qti.hardware.perf@2.2.so	152696	bc9e8481ac1c3f9c1407d4db7d842b605fddc8865991e7a609d61a1e737fb378	elf
lib64/vendor.qti.hardware.power.powermodule-V1-ndk.so	69128	2d4bab054e5eb1703b888658c2076c05c3c566eefcb7c26d6783c59b19b5d7cc	elf
lib64/vendor.qti.hardware.qasr-V1-ndk.so	119096	1b6da7f386c3fa5d64dad282cb922890e89918faa8ecb53801d613b8279577be	elf
lib64/vendor.qti.hardware.qconfig-V1-ndk.so	102568	e6e22980d3d14a0f4256d6b063aeacedc13748b7a93fc6deecddf486181904a3	elf
lib64/vendor.qti.hardware.qdutils_disp@1.0.so	119688	2ad56de3c004368c9224afba102a964427a5fa66b39a48283a2bf2ec039d215f	elf
lib64/vendor.qti.hardware.qseecom-V1-ndk.so	135376	a1dd1ca16766180c689a3508198b6b6a91a653e54d8374f8532e0a12930d1b4a	elf
lib64/vendor.qti.hardware.qseecom@1.0.so	170616	58c7b138bc5ddbd41a9c7cd8d236c3c2369d935d5353ca49dc0c72167bfc9aee	elf
lib64/vendor.qti.hardware.qspa-V1-ndk.so	85776	fc847cfa32a522966f0b8f94f49473c9441843baa354d00cb9f42f352b06c02f	elf
lib64/vendor.qti.hardware.qteeconnector@1.0.so	289360	3f9ba9f5e27be1ad0fb66fd4965e367b1433c55f5f9393d18a8e67e95909252e	elf
lib64/vendor.qti.hardware.qxr-V2-ndk.so	135712	9ad437f40da8db9fbea6bcd72ce46953a8a614da5d6175ea0f81322aa25c74d2	elf
lib64/vendor.qti.hardware.radio.am-V1-ndk.so	102328	90edcf7e84179d97456bf2b8f0343042698861d6f018d8ad469aa4dd3b8b1722	elf
lib64/vendor.qti.hardware.radio.am@1.0.so	170264	a984c33d50a8f1fb8736bfeb50ebfe81353839b4edfbd36e9800f863389c1a37	elf
lib64/vendor.qti.hardware.radio.atcmdfwd@1.0.so	119528	93e8ae6fce92e281128edabb5762ecb09f74e606b32d1f50fa8def7e5da3ff5b	elf
lib64/vendor.qti.hardware.radio.atfwd-V1-ndk.so	85936	ec44016ba9db1e69b9247817a4386d93524cbfb800d176ade1d1aa973c82cd57	elf
lib64/vendor.qti.hardware.radio.common-V1-ndk.so	51688	bba0836d3262c378e37176a94ded07a0aee21b8bf519b19a67304e0f64626cc5	elf
lib64/vendor.qti.hardware.radio.ims-V16-ndk.so	482112	2e25ce2712ff2796bd04345e3d0beba0388ab60fd3357145f015225a692da33f	elf
lib64/vendor.qti.hardware.radio.ims@1.0.so	744176	826199c00fe55dd7824bca15cd3794920f4f6859c015cf9b7232f23dcd786fdd	elf
lib64/vendor.qti.hardware.radio.ims@1.1.so	391408	9000e3104e340e656b51958c54bb6dc4f1b52d903693f7b341ad2c6df68478e9	elf
lib64/vendor.qti.hardware.radio.ims@1.2.so	645264	b55e917f5292f3020b0ac207ed31fa64139a7d81c78a24a78af691e896a51310	elf
lib64/vendor.qti.hardware.radio.ims@1.3.so	661984	4da37a90bc12234f496a605b92430ac20b0405801eba2eb6a657c037bf62538e	elf
lib64/vendor.qti.hardware.radio.ims@1.4.so	712424	5e4ea3992e36786c4eb9131bcbb2086ed2d8a9d07955634e5c88c08cf733e02d	elf
lib64/vendor.qti.hardware.radio.ims@1.5.so	779808	37a1e8d9938161e0284af3ea46201be2cda20d22ef0d8cf97883df2dce627c77	elf
lib64/vendor.qti.hardware.radio.ims@1.6.so	914728	bacf9edc203a61bcc363186c4d64e44ec8390691d4377ee0e2356e8a5971e328	elf
lib64/vendor.qti.hardware.radio.ims@1.7.so	881352	aef9c9cc2d5bcf90cb65c78a954620dd02f0981064e9e66b354225f071803a32	elf
lib64/vendor.qti.hardware.radio.ims@1.8.so	948416	f6170286241e95e908898e06b055d814a8b79cb450346f65e03729db796b477d	elf
lib64/vendor.qti.hardware.radio.internal.deviceinfo-V1-ndk.so	118784	b27c81ada1417c3605209700dd4f9d46049e32e58dd083b662b23415d1bbd33b	elf
lib64/vendor.qti.hardware.radio.lpa-V1-ndk.so	135632	08e16b9cc8c18a2ef6680b7758c7a31f46e5ef907195c40dd9f4328371967044	elf
lib64/vendor.qti.hardware.radio.lpa@1.0.so	254208	3ab35674f49a3f85f0b86228d49790d27e158a4edfedd212bd4479a857822c5e	elf
lib64/vendor.qti.hardware.radio.lpa@1.1.so	187336	66f3740085c8da6af8465b788f6c2a98c09f63a6367707ae17945b917c717656	elf
lib64/vendor.qti.hardware.radio.lpa@1.2.so	203856	08d037eac9b8b00be7d708c6be20d9d295c73e48752c03dfbb06f534392fac91	elf
lib64/vendor.qti.hardware.radio.qcrilhook-V1-ndk.so	102456	d1af9162a8532d163de55c3cd1841c4a6b237c588ceaf50dc9c01cac8d008cad	elf
lib64/vendor.qti.hardware.radio.qcrilhook@1.0.so	220560	deb837c17ab518a4714f9a7524ac6a59cae16bc3f7d8eb28a65a20d218c5f020	elf
lib64/vendor.qti.hardware.radio.qtiradio-V13-ndk.so	285720	1a58b04e2473ae8feb24806ff8e85c48b612348e09ae1a1ce822010b1f002f5a	elf
lib64/vendor.qti.hardware.radio.qtiradio@1.0.so	220352	360586e226b9e44e077583d87f5576b8d0c26e93ccce3ae0ac8ac5421ce1e62d	elf
lib64/vendor.qti.hardware.radio.qtiradio@2.0.so	338272	e77057aec940a89b677e399d190e152d5605da5207b3a41e9a7e678a4ad5946f	elf
lib64/vendor.qti.hardware.radio.qtiradio@2.1.so	355376	a6d86fca409079f3f7e26dd4c41a88de314c239d50b5380498e3306a528bde88	elf
lib64/vendor.qti.hardware.radio.qtiradio@2.2.so	355560	66344bb24c48ac379d6258ec93ada5bed82dccaacf13d01d2d60f2135046d7ff	elf
lib64/vendor.qti.hardware.radio.qtiradio@2.3.so	305224	1f2d57220ea9912b90cf4063f94bac3cfd3ea77d64baf23d0984b8b8eaae0601	elf
lib64/vendor.qti.hardware.radio.qtiradio@2.4.so	321520	e2b9fbebcb65d5e7ea86240d2fb2cfb670219cd06420afd87ceed0b922321514	elf
lib64/vendor.qti.hardware.radio.qtiradio@2.5.so	439232	ff76f3c004862380b587f87a2a236975b44c83f5362693ab329ab4fc0fb3b243	elf
lib64/vendor.qti.hardware.radio.qtiradio@2.6.so	355104	42d91e8eeef2b04a6bce225c0ab2a549e54df26ab1cd1a943ba1e85feb7cf76d	elf
lib64/vendor.qti.hardware.radio.qtiradioconfig-V6-ndk.so	151792	a7a303093841932becbc10e3d158e3de77ba97bb46319fb53fd6b02decc4faa6	elf
lib64/vendor.qti.hardware.radio.uim-V1-ndk.so	118848	f3fefd51510b0a24adca9588f5a6c5a7ab4e91788b4f23b97d828a2d765d36d1	elf
lib64/vendor.qti.hardware.radio.uim@1.0.so	236856	3758589f6e585268074c69d668602a31ec627c46f6c3871014121a9ebbdf31fa	elf
lib64/vendor.qti.hardware.radio.uim@1.1.so	187176	e16c3d0d3ae35cc0f119e7c98dd7fdc4aec5dcebf7148e6f96f6dc02e7c20de7	elf
lib64/vendor.qti.hardware.radio.uim@1.2.so	220808	56a8ebbdccf4d3ac1383e8340567c5971b5196e8062da23c4d3d56cf48d4347d	elf
lib64/vendor.qti.hardware.radio.uim_remote_client-V1-ndk.so	135440	6fe217bf576f67e12179407fe2d9450400e239822caa196d6a6c7d9ecbf98c85	elf
lib64/vendor.qti.hardware.radio.uim_remote_client@1.0.so	271128	d7a9a5668349711f895a8e2abe12b24c66dcb4102c55c94f75cdfca24a9a1bc4	elf
lib64/vendor.qti.hardware.radio.uim_remote_client@1.1.so	136504	53da6efc069049e433624a60e84d2616e938dc01a37f6a3ffc21741dd5ca7583	elf
lib64/vendor.qti.hardware.radio.uim_remote_client@1.2.so	153176	d1b7d96c812d2c4ffdf5bca37fa1947481ea87ec9e9b50e4c03e63e4a47fecd9	elf
lib64/vendor.qti.hardware.radio.uim_remote_server-V1-ndk.so	135256	477e7315e78b8fdcc34bbb11012383c7e5097dba4d69162db60f4ddcbe8fe52f	elf
lib64/vendor.qti.hardware.radio.uim_remote_server@1.0.so	321680	27ca1622a33c21a3ce1d883a0c09880c745ea83d9bc75f3dbb138f194c7b0527	elf
lib64/vendor.qti.hardware.secureprocessor.common-V1-ndk.so	35208	d42688562329f58f84b1f697b341b3d6bd6dba8893af9cc379ace4e8c409fe2d	elf
lib64/vendor.qti.hardware.secureprocessor.common-helper.so	51704	33d1a9471038371c66a4fe6f87157544fa20528801c382ef33f0a8722038ba52	elf
lib64/vendor.qti.hardware.secureprocessor.config-V1-ndk.so	35208	e7d638341fd4617b849e5c51481e59de5dc91777d1ad642f57d90cbef1a0d6ed	elf
lib64/vendor.qti.hardware.secureprocessor.device-V1-ndk.so	85656	e5b9d678346abcd2a7fc237ef8e48bd5eaf56ef3999ca274aaaf756afa382a00	elf
lib64/vendor.qti.hardware.sensorscalibrate-V1-ndk.so	69096	4b11490fe05fdb32bf85ba25bd708cf200c5dd6e8dedaa7112e6d8e08c084b6f	elf
lib64/vendor.qti.hardware.servicetracker@1.0.so	188680	81b3bcc207bc57db0b5c36d61f485981a23283403b82c4c96b6593615b08a577	elf
lib64/vendor.qti.hardware.servicetracker@1.1.so	154048	d01242ac3cac785ba3d256408fce23a979a8d160550737ee3052d55a1f15501a	elf
lib64/vendor.qti.hardware.servicetrackeraidl-V1-ndk.so	102544	64b07cd5cbfa463405ab23076e474ad74488ebaefff506c39039fccc1d8aec56	elf
lib64/vendor.qti.hardware.sigma_miracast_aidl-V1-ndk.so	85808	c2812cb7dd97ec3af8e6e2c264dcf4e5b9d22f9978b1dbe689ecaa3d2ffb97e8	elf
lib64/vendor.qti.hardware.soter-V1-ndk.so	101952	aa9273104c2233482f481d0792bf05d900dd15c88e4cb7cd573e0cb8fc29c73b	elf
lib64/vendor.qti.hardware.spu-V2-ndk.so	184912	0a3f5e8c705ddb04b08cf166b8443a785a983440330ee740931ecfc50132c77c	elf
lib64/vendor.qti.hardware.systemhelper@1.0.so	237600	e8b96d3ecc36970dac34675f185edff7373b413d099b5a2d165344602f5a4737	elf
lib64/vendor.qti.hardware.systemhelperaidl-V1-ndk.so	102400	0e46036bee2ed9caba9e19f7ba9d4492032667872c11541f9e2f292e045e51f5	elf
lib64/vendor.qti.hardware.trustedui-V1-ndk.so	135536	d8edf4afaab33bce62cba5518b87414c77b0adefe2e371c67d14185b5569da56	elf
lib64/vendor.qti.hardware.trustedui@1.0.so	321584	ddedf08f4b286f552602fc8bc0df602b57739cff22483f232a3f8e5108389fc8	elf
lib64/vendor.qti.hardware.vibrator.impl.so	51872	a48f94bfe9a17392951a5cc43e1c365eaea2a3f927f9e9f32231bf927b4c9dd1	elf
lib64/vendor.qti.hardware.vibratorCL.impl.so	85536	55a6555e78a27366a486a78e8b4f0806662ce8fc810687bf6ed002cffc653433	elf
lib64/vendor.qti.hardware.vibratorOL.impl.so	85080	b53a7959dafa5bbdd0d3ba908a85ea5349ae0e41322ad564e80ad7a848d26251	elf
lib64/vendor.qti.hardware.vibratorSel.impl.so	52112	71cf5799822df50ffba771fca741377089745b667fbfa42c47d0b1ed1cc66227	elf
lib64/vendor.qti.hardware.vpp-V1-ndk.so	185104	a9ce80bb2f69602b2712977ad3901b8daeb88f24f8d8113aaa6e48a2c021db37	elf
lib64/vendor.qti.hardware.vpp@1.1.so	253656	166f6b5772ed1cdbb160a1916474c2a7f852c62f92fc0ea6d65dde339a6c7c3f	elf
lib64/vendor.qti.hardware.vpp@1.2.so	186864	4becd69d93d6d888474111a2b2b5ff4458e8c8c33e41b36cc5eb439549fe8567	elf
lib64/vendor.qti.hardware.vpp@1.3.so	220064	9391aa0e9cd7c86a999feff8b665fe725a6aed3f879ad54ab4a6db71df32ac42	elf
lib64/vendor.qti.hardware.wifi.supplicant-V1-ndk.so	85856	ab1b93420270e6a57bd34f225ba265beb739e2f9daaaec24d1d9ec3eb0d00285	elf
lib64/vendor.qti.hardware.wifi.wifilearner-V1-ndk.so	85816	6d99205c8382f187478952ab02fd7e65d1f473d0710578ee38a3b045642a587c	elf
lib64/vendor.qti.hardware.wifidisplaysession_aidl-V1-ndk.so	317224	132aef07ccc28ec1e7bd265bdf9964df8ad00c82e512a055530cc648b655eab7	elf
lib64/vendor.qti.hardware.wifidisplaysessionl@1.0-halimpl.so	100240	17ee53a299bc961fed776c43bf6c16bb0edd34225dd6874f91f93b5304d62693	elf
lib64/vendor.qti.hardware.wigig.netperftuner@1.0.so	119744	cb2aa0390c008f03f148d4b2f045a76cfc1e0f81a7cf02ecb2b1f0f130c57521	elf
lib64/vendor.qti.ims.callcapability@1.0.so	169864	f0510655e6b685812f04c311b542280e1c01b6243bb6b6a4996cf1f9b98bedb0	elf
lib64/vendor.qti.ims.callcapabilityaidlservice-V1-ndk.so	86048	72f6250e050cd30e2c30ba2d90951c80ebccb329744fc127bc021fd8a8d04b36	elf
lib64/vendor.qti.ims.callinfo@1.0.so	169680	b210d2231c2a14d4cceb4ddb9cad9d2d3a0765ffe6f001bc149f02f140358ba8	elf
lib64/vendor.qti.ims.configaidlservice-V1-ndk.so	135328	3a1e9d53130eae1e8098fba82541ddc9c675088f787f518b4c098e2cb6e07e4f	elf
lib64/vendor.qti.ims.connectionaidlservice-V1-ndk.so	102488	cd4487a0f2d564ff60831a5ce29f9ea46ec897f3226e5fa94b0123dce3ce98a1	elf
lib64/vendor.qti.ims.factoryaidlservice-V1-ndk.so	85624	98e6e0c9c65ec42e677d76895bccb57f508f17b44a6d9edee259edb0d8a802fd	elf
lib64/vendor.qti.ims.imscmaidlservice-V1-ndk.so	168688	9a395c49ec9b9bfa9b75e275fb5deb7f4bc783b35ffdd568324b957ee2843fb0	elf
lib64/vendor.qti.ims.rcsconfig@1.0.so	220448	e8e7305a224fe43eca1afa0abe473038b632eceb34490402a1d80104a9bea4c8	elf
lib64/vendor.qti.ims.rcsconfig@1.1.so	253944	28a5c8a2dd023076560c96b4a8c09184fe295c3fd481c601a33fdade3e51c80b	elf
lib64/vendor.qti.ims.rcsconfig@2.0.so	388904	6e6d783fd9dfc0d7d9775df84498e4613bbb0daa7f9e095d3c35c5e0676172a1	elf
lib64/vendor.qti.ims.rcsconfig@2.1.so	220432	69bb19233763f962bd7388d0c90a1bdc020a54032b29df00fae301342b12338e	elf
lib64/vendor.qti.ims.rcssipaidlservice-V1-ndk.so	168808	f94a42d89fb35485bc17a223c550a6011372608eb780a15065f1345949be8452	elf
lib64/vendor.qti.ims.rcsuceaidlservice-V1-ndk.so	135800	f548b91e44dd2a8e6dcc70367b76e96091a91d3798735da2f542308b198eee42	elf
lib64/vendor.qti.ims.uceaidlservice-V1-ndk.so	234992	a37dc4b87ca47966cae381b4de9eb73aeb7e3c3e26d8b189fd2ca19d8f95f48d	elf
lib64/vendor.qti.latency@2.0.so	169808	08cb11c5e6ec8f65d2e671a50aba978fda726198353fb7ec97a9c673b88375fe	elf
lib64/vendor.qti.latency@2.1.so	119408	a240831611a7b7b152740c2d25e6c9fb34f491b59e3b67b2379c703450bdbcc9	elf
lib64/vendor.qti.latency@2.2.so	253488	17caf56327fdd30dc1c9e763393d26bcfb662be26ad0365fd93255dcbc5a92aa	elf
lib64/vendor.qti.latencyaidlservice-V1-ndk.so	135448	79e4240fd2604552df1603d0ee614575d412f5402326d124c329ea0bd0393d7f	elf
lib64/vendor.qti.memory.pasrmanager-V1-ndk.so	85536	c8652a9d1b8379be55aeb8775966a886b4b803338c14f8624f5e4793811de6b2	elf
lib64/vendor.qti.memory.pasrmanager@1.0.so	136128	5e43bf89d6f4982a2c0ddd309ac76835ffa8229a2042ae74f4caa72012fa02c2	elf
lib64/vendor.qti.memory.pasrmanager@1.1.so	169160	c8ce3cba83266341da7efdcf4f37cd0c57964cef8ce05fcc25bd1c2f363a9883	elf
lib64/vendor.qti.power.pasrmanager@1.0.so	119200	2fdb289216dd62043f1b7587b50ac862b27d54e82a466a24e2f10c9b2b79e9e4	elf
lib64/vendor.qti.qccsyshal_aidl-V1-ndk.so	135584	21cd71f9dac0d1346da51ffeae1e9b63df7e0b8fa83fdfac4fed79992dbc75b9	elf
lib64/vendor.qti.qccvndhal_aidl-V1-ndk.so	85752	e027fd4196f707492c3a52a290051ab12ef4a5ecd6a17218db5663c0be4d67bd	elf
lib64/vendor.qti.qccvndhal_aidl-halimpl.so	85112	1d5cf561dd21fbf215406da92bb0c94b8c23e72053e797ba7788add9d95e0993	elf
lib64/vendor.qti.qesdhal-impl.so	86056	9856b6a3de832bb183e96c2b8664634d13c4c57b1d986ba7c30a9de86453be18	elf
lib64/vendor.qti.qesdhal@1.0.so	253744	7c45f26a16555e7a53fe964567a6cc4522f0567769c83cf1992e36b135d2436e	elf
lib64/vendor.qti.qesdhal@1.1.so	187368	d28a6f31b60da86e729a5dade5965e72c948371de9ce3703e2acb2f5ac7cde05	elf
lib64/vendor.qti.qesdhal@1.2.so	153072	2a2f5967d603113cda22808d0f12bab43a896bcb027af78541913a10d8a63630	elf
lib64/vendor.qti.qesdhal@1.3.so	220624	2eddb8c64cee1a72a337cb767fdb1abe8fd06b8374ae37985971d315a7f8afb5	elf
lib64/vendor.qti.qesdhalaidl-V2-ndk.so	102424	e5d3f78358b7f7ab409cee66b085bc2a75393f40ba4b1e60207a6779767dd9cc	elf
lib64/vendor.qti.qesdsys-V3-ndk.so	102496	10ced1d74a963d32761d6449df81f1a7fa14697a30c82146bb77e5c192dab0d4	elf
lib64/vendor.qti.qesdsys-V4-ndk.so	102488	847a793136f46fb87aea08b8001a24d1be0da540948e953cf79016d889ba9ebd	elf
lib64/vendor.qti.qspmhal-V1-ndk.so	85672	d0a66dfae83e88ac30e07a8b07c95e50a8a9b32912bc23b1d31e47b51c7da258	elf
lib64/vendor.qti.qspmhal-impl.so	68984	8049d13e34ac742084ca7670c16bbce726404078648def485af51301c25191dd	elf
lib64/vendor.qti.snapdragonServices-V1-ndk.so	85640	a87ce6ce430e8d435d448ab83c4fdd8671836949d4f64cd79d7f5d9fdd67324a	elf
lib64/vendor.qti.snapdragonServices.qape-V1-ndk.so	151832	e5f793b42a8474bc1420fa8c20c0ffd769704004ef520594aca4f0e038a43f32	elf
lib64/vendor.qti.syshealthmon-V1-ndk.so	69032	e1f5bed7d1e03364bf18573d56bb9a96e493281a6f1c6860b93c772c05e0dffa	elf
lib64/vendor.zte.fingerprint.ifaaaidl-V1-ndk_platform.so	52480	469bc5cf494fa450ee95c3ef6021ee81a51863f01fbaa7f373c4781a1d669f7a	elf
lib64/vendor.zte.fingerprint.ztecmdaidl-V1-ndk.so	85392	c85e2058ebbba61b65d617fa0a9334241638fedc229d47211ec9e71da773d6d4	elf
lib64/vendor.zte.hardware.camera.transfer-V1-ndk.so	85360	a698f93547648750f2bcc9db30132a7f95236b9830b95c00c5f4275c8c1a9bbe	elf
lib64/vendor.zte.ldd.cmd-V2-ndk.so	85384	3776cd73475b5af4893f31331182d4296a367de2543d8e2008cd029325b15793	elf
lib64/vendor.zte.modem-V1-ndk.so	167672	a49d072dc2a0baa7dae3852d58152c96c649969216319d73ee011563ab5536b2	elf
lib64/vendor.zte.nook.modem-V2-ndk.so	184032	3a3b89888fff0f0a93ce0d9d136ce69757b18976d88d981177c47e626a5485fb	elf
lib64/vendor.zte.radio-V1-ndk.so	167744	6bdb6307d3d0c9046b84b488d93662faf0b80c73492e49e829addb5195743dd7	elf
lib64/vendor.zte.subsys-V1-ndk.so	364512	5c5908fb51e4e78ac1dede2cdea0014203ad2680e873684f29220998fd23ed70	elf
lib64/wifi_legacy.so	35160	e5139ab6826411ee998b3ee96010b1ae5b6ada9b22813c175256c4cfb7dbbe21	elf
lib64/wv_media_drm_flags_c_lib.so	51600	98a9d3c16268acecd226d26cba09347e6949a3c3095ac01f45d1ce5b47368ebe	elf
odm	-1	ERROR:[Errno 2] No such file or directory: '.work/fs/vendor/odm'	error
odm_dlkm/etc/build.prop	818	98e9cc1fc92a9b132453d98838f6ff48005631c98774aaad0b03f8792a5e11c0	text
overlay/FrameworksResTarget_Vendor.apk	12781	eba8a1d2e92465ceddd9ea241dded0e672ce1c76899098c0f229b767dd8c64da	zip/apk/jar
overlay/GoogleQuickSearchBoxOverlay.apk	8542	46a1cef741b20c64b80349487740c2b8ba2d15dc62e4693215fa9c453d2edf28	zip/apk/jar
overlay/SecureElementResTarget_Vendor.apk	8542	27ec10e8cfd2e44758ab8971557b778fa6aed5887a43bc9799c7a01c412b3d83	zip/apk/jar
overlay/SetupWizard_MFV_REDMAGIC_rro.apk	1667814	f9c2660c9a7958f455c786212d70cc6d484938ef907bba8030d3e1ce54c26a81	zip/apk/jar
overlay/WifiResMainlineTarget.apk	12638	faa4c71871210d7f9b5e5cf4f6c3e4afaf9a71d10901502de45caade2c2cbe59	zip/apk/jar
overlay/WifiResTarget.apk	12638	2efa9a95acc145c8eb29fde6d7bb203a36791ed75489648a4d651562f42b2086	zip/apk/jar
overlay/XpanResTarget_Vendor.apk	8542	46646abc58eccf0fb16beda0dce34686a434e70c782d1f6e916e9ab2e0288618	zip/apk/jar
overlay/ZteHaloAppOverlay/ZteHaloAppOverlay.apk	8474	f762b30140eef51a745a2b064a7fae5a0f89851fc1d9af67a0be02d82b4d5798	zip/apk/jar
overlay/ZteWeatherOverlay/ZteWeatherOverlay.apk	8474	760bbe37ce09bd67c761f808de580df1cd1a7776f8f37f0430974c57dc15120a	zip/apk/jar
overlay/ZtealiveupdateOverlay/ZtealiveupdateOverlay.apk	8474	d854d1585937dbade974878811ea3cbbfa8c229336e2723f54d159f09c8452a4	zip/apk/jar
overlay/ZtecallsettingOverlay/ZtecallsettingOverlay.apk	8474	64351219ae45eb50d3c556aec8b9dbaa267c6ff280982a466140a295ef843ecb	zip/apk/jar
overlay/ZtedoubleappOverlay/ZtedoubleappOverlay.apk	8474	bcd065f5613f0eebc4b0975cf70e87c23bfbd1c211f54e333752d651e6f88404	zip/apk/jar
overlay/ZtefaceverifyOverlay/ZtefaceverifyOverlay.apk	8474	7f8ef8bc7ffe6c1cd185699db195786565552c284debe3fe94979a0f36f0b900	zip/apk/jar
overlay/ZtefingerprintsOverlay/ZtefingerprintsOverlay.apk	8474	0c8fa041c5fb245a2a2ef686597f640c1e5e74561fc6d9fc90b2c23eadf76375	zip/apk/jar
overlay/ZteheartyserviceOverlay/ZteheartyserviceOverlay.apk	8474	d2db521fc0cf32ae99cd4940b066516e8b525f5631f70904e1eafbdaf482a46c	zip/apk/jar
overlay/ZtekaraokesettingsOverlay/ZtekaraokesettingsOverlay.apk	8474	7309cdd77fd41595c8c64f77cc0bbf7cd5467ba8aa4e96f5807f9625b3fb0a67	zip/apk/jar
overlay/ZtepresstouchOverlay/ZtepresstouchOverlay.apk	8474	75c9149791e1267bb31dc7e5a270ffdcad3d36e28721f1d1d604d206853f898a	zip/apk/jar
overlay/ZtescreeneffectOverlay/ZtescreeneffectOverlay.apk	8474	976431f2a0bb066d24b907342e4ae2042d718e1aba8a51016ce63993ae8c3b59	zip/apk/jar
overlay/ZtesettingseyecareOverlay/ZtesettingseyecareOverlay.apk	8474	5b70534ab487d0bc03e5239edfe20428c22b557fb6e4e8537878a5cbd17c9627	zip/apk/jar
overlay/ZteskyeyeOverlay/ZteskyeyeOverlay.apk	8474	2847ecaa920ec22347a14beb0f57cfca53caa64d760c88674ef472a2d27eae99	zip/apk/jar
overlay/ZtezdmOverlay/ZtezdmOverlay.apk	8474	235772d53cf904df7c0615b63e9a77140d88fdf1f78ffd6575c6cef41dd83bb3	zip/apk/jar
overlay/ZtezgestureOverlay/ZtezgestureOverlay.apk	8474	07225aeeed7f945f058f115e029d5ea009dc5e8ce900972e23bac0cc5ca6a558	zip/apk/jar
overlay/aiassistantOverlayColor/aiassistantOverlayColor.apk	8474	ee1588248f3ff1ec00996e1033492df2b1b45d354b47ca54d50d2d7cbcd19ed6	zip/apk/jar
overlay/aiassistantOverlayShape/aiassistantOverlayShape.apk	8474	48578e8f7bc27aea90ec551828e5cbf1a777f7d80571c4373c87db7dbc426e23	zip/apk/jar
overlay/aigcinputOverlayColor/aigcinputOverlayColor.apk	8474	e2f86c585fa0afa4f08b040af91ca8ac385162abd84351efa0fadd7b3b2e7c35	zip/apk/jar
overlay/aigcinputOverlayShape/aigcinputOverlayShape.apk	8474	43bc413723e94af2197725344fe5c5bdc8e8fbad75df8acea88b777f23621ac9	zip/apk/jar
overlay/aigenerationOverlayColor/aigenerationOverlayColor.apk	8474	b171138fbc14f1309382ff52382846d098dae8df774d1ae16703d4389ec95745	zip/apk/jar
overlay/aigenerationOverlayShape/aigenerationOverlayShape.apk	8474	560c01d65a44d38adcc8db368153533d89d79074cd7b367613eaa8e86284b0e1	zip/apk/jar
overlay/aimemoryOverlayColor/aimemoryOverlayColor.apk	8474	c69f43917217835fba5141292147e83bc2763b245babb155ab93d6b0ba602ee6	zip/apk/jar
overlay/aimemoryOverlayShape/aimemoryOverlayShape.apk	8474	49a1c3d0d90dde042f760c38efec858a9f16a187ba3342177b40ac031bdec83a	zip/apk/jar
overlay/alarmclockOverlayColor/alarmclockOverlayColor.apk	8474	db15d6cb7b24b171a40037527d9e8bbef834f62fcd678dee6fdfaa839a9963ab	zip/apk/jar
overlay/alarmclockOverlayShape/alarmclockOverlayShape.apk	8474	5c9e9a2f2e92a5c06562be2fde0d86d1a25d007fbe1d15506a7fb7362cf2e6c5	zip/apk/jar
overlay/aliveupdateOverlayColor/aliveupdateOverlayColor.apk	8474	a39b0b95534371c72ef5913206a57b5b6e49c3d69348e701a4106ba7fb5ba5be	zip/apk/jar
overlay/aliveupdateOverlayShape/aliveupdateOverlayShape.apk	8474	911f4ab528c6090438d171ae1f8eb89063bfb90a1fb10eb84fb0b3c8a318195b	zip/apk/jar
overlay/authCompOverlayColor/authCompOverlayColor.apk	8474	90fb35b8ad2de80e5f09cb14eaab08aa7de26c1992e9a9ce53204c62bf507af6	zip/apk/jar
overlay/authCompOverlayShape/authCompOverlayShape.apk	8474	f5ebcc7cc8d607156c5b7eeefb72d836862cf779f7cba3d1586d0ed5e056c59f	zip/apk/jar
overlay/beautifyOverlayColor/beautifyOverlayColor.apk	8474	e0a592733dbfdb622cb8f5508f13e71863bc02c7cf087e8eebfea4ed373d776e	zip/apk/jar
overlay/beautifyOverlayShape/beautifyOverlayShape.apk	8474	31adf5665b0cad1c3f23dbb248ba065af5f48d24d2a1a467859274e822e2b243	zip/apk/jar
overlay/bluetoothOverlayColor/bluetoothOverlayColor.apk	8474	7670221898a86141840ffee35ee8755a5db7d18d1dfbe7cd887cb4866cdf2f1b	zip/apk/jar
overlay/bluetoothOverlayShape/bluetoothOverlayShape.apk	8474	b8d55bc21581a395eb50a33fd84b7fea00ebdd51d69ac80e0f063b2af40fcb0d	zip/apk/jar
overlay/calculator2OverlayColor/calculator2OverlayColor.apk	8474	5ece90264241d6dff7d3f8ceafdeecdf8933cb3cf1b40d36b389890d7d79eb88	zip/apk/jar
overlay/calculator2OverlayShape/calculator2OverlayShape.apk	8474	2ce9c4a4e17682b41c18482799c37766c38e9adb28d4f6ae30195ab56296f8da	zip/apk/jar
overlay/calendarOverlayColor/calendarOverlayColor.apk	8474	bd081423bbbb05c572c91f4ba10ec0a169f719122baed980aa2f77277c9d7063	zip/apk/jar
overlay/calendarOverlayShape/calendarOverlayShape.apk	8474	b5c5eb242fc4cd65eadcc8629d45ac92293aff52ae93d11650321959d6147c4b	zip/apk/jar
overlay/callsettingOverlayColor/callsettingOverlayColor.apk	8474	309f12b5e72e87d1a277e538d51d3e8cce308a7fbc3a9272ad39141beb021622	zip/apk/jar
overlay/callsettingOverlayShape/callsettingOverlayShape.apk	8474	f23d16ccf9d1f474553061a9e65c3dd95122c0f328014c1fae671b96cf989fc8	zip/apk/jar
overlay/cameraOverlayColor/cameraOverlayColor.apk	8474	9cf39d1c80a2b95a8f608478a6fc79d2909b2165140e1ff038e6c622ae19bfc0	zip/apk/jar
overlay/cameraOverlayShape/cameraOverlayShape.apk	8474	ec2086c2d4ac51f06e7bd93c4a170c962a9c3efb5a08f922a67e97e6426a9a46	zip/apk/jar
overlay/carLauncherOverlayColor/carLauncherOverlayColor.apk	8474	a36c907ba100675a0dfcce91b513a76535975afe81763474893b8511c7cd789c	zip/apk/jar
overlay/carLauncherOverlayShape/carLauncherOverlayShape.apk	8474	7002f10f6c00267b4330324f16b6544c55098905fdf51b1b48c3ad99245ba991	zip/apk/jar
overlay/cellbroadcastreceiverOverlay/cellbroadcastreceiverOverlay.apk	8474	ab6430e97488bd0f5bfd00447d64ffad6071f7c1aa4248bb7d5caeecad03835f	zip/apk/jar
overlay/cellbroadcastreceiverOverlayColor/cellbroadcastreceiverOverlayColor.apk	8474	fa8aa8f971b6d10ca4ab4793381961cd48ffa1e5931764b32099debb7ec7078e	zip/apk/jar
overlay/cellbroadcastreceiverOverlayShape/cellbroadcastreceiverOverlayShape.apk	8474	fa6ec9bc2b7b17816871ab8ae7822eb8cde4d203963e8a786a3b25418e457b45	zip/apk/jar
overlay/chargeseparationOverlayColor/chargeseparationOverlayColor.apk	8474	f3753623ca72f1b6b181ab0107f07d8bd62110ff2fc00f1b47b264958944af0e	zip/apk/jar
overlay/chargeseparationOverlayShape/chargeseparationOverlayShape.apk	8474	bcb2be5788b3138d87793ceaa1302e220a8ee63c46e17e60b2f771132067434a	zip/apk/jar
overlay/contactsOverlay/contactsOverlay.apk	8474	75a3123761e8977081542f78f1d1ca519091001de4c4c219da2a759a66fc6d18	zip/apk/jar
overlay/contactsOverlayColor/contactsOverlayColor.apk	8474	4efd87203af2956167ff65535dc6721583d56da55dd3336317ed7b62573a1a9c	zip/apk/jar
overlay/contactsOverlayShape/contactsOverlayShape.apk	8474	b5ce357b705c101dd2e3c435508cdeff68cea8cdcaa0d0d3457bf76a5b22249c	zip/apk/jar
overlay/cuucasendfilesOverlayColor/cuucasendfilesOverlayColor.apk	8474	945cb7fd31a15f11788f98fbb6a0f743d1e085bfddf500740edf51d8ef0c5f15	zip/apk/jar
overlay/cuucasendfilesOverlayShape/cuucasendfilesOverlayShape.apk	8474	157a3b623fc8043605fb8d4c55790e69c49abff3733003e9b2fc7ad4b9018bbd	zip/apk/jar
overlay/dialerOverlay/dialerOverlay.apk	8474	9b3e872a5fd4d0ad3b86148a0a85083238270d2d4db5bcb115ed8f5348f3f24e	zip/apk/jar
overlay/dialerOverlayColor/dialerOverlayColor.apk	8474	f9ed24a3a9fbeb7f0957dfc2a5a258f06eabd7a2b8b20fbd5691407f9379e5a5	zip/apk/jar
overlay/dialerOverlayShape/dialerOverlayShape.apk	8474	afdb755e78cc3275f806cef4b8b0a1707d3767cbf3a5b4740d644ab20abc716b	zip/apk/jar
overlay/discernCallerOverlayColor/discernCallerOverlayColor.apk	8474	7520fb70f1d5f26c20c6ecb6e41294fc785aff90ba653723bce6e15717bd237c	zip/apk/jar
overlay/discernCallerOverlayShape/discernCallerOverlayShape.apk	8474	d41f68cdee864fa4d2a513e676cffd28a6e96d1d9e5f455d15604981695492da	zip/apk/jar
overlay/doubleappOverlayColor/doubleappOverlayColor.apk	8474	c177b51b63d1796f3a452d08d0638ec885dd9f30428b4695315c49da17161f94	zip/apk/jar
overlay/doubleappOverlayShape/doubleappOverlayShape.apk	8474	12d1e3afece9430e81630668630b2fc798216043baad8575ea51778e99d2c6d2	zip/apk/jar
overlay/downloadsuiOverlayColor/downloadsuiOverlayColor.apk	8474	921ff0a8b366cdb824b4754d4a6574518977295fac81dd3d9623328ebd84f9cc	zip/apk/jar
overlay/downloadsuiOverlayShape/downloadsuiOverlayShape.apk	8474	47ce15a983d4f73ac165304590e68eb00aef7e450296de0a51e737e304efccb6	zip/apk/jar
overlay/dtsOverlayColor/dtsOverlayColor.apk	8474	5412ce9a6d3fcb0d19696544371acb4706f02ff841999bf894d94cd4ac4253e0	zip/apk/jar
overlay/dtsOverlayShape/dtsOverlayShape.apk	8474	5d905e63d34945e9b3280b4a25b733ef6d700bbd797b1a26d5a519fdc7805dee	zip/apk/jar
overlay/emergencyOverlayColor/emergencyOverlayColor.apk	8474	e3866e53909da8c0a467e5e40b294dd9e7f2b0e8b4afeced1ecf243f487c2b66	zip/apk/jar
overlay/emergencyOverlayShape/emergencyOverlayShape.apk	8474	f2bf4c5574598e2b3208dbe57833b8e4be09b84f43b17508229ac1b7cf239b6b	zip/apk/jar
overlay/faceverifyOverlayColor/faceverifyOverlayColor.apk	8474	2ac9290068ebdabbf727751e9874b1cd1026a344ed3bbf87883b603ae2701f76	zip/apk/jar
overlay/faceverifyOverlayShape/faceverifyOverlayShape.apk	8474	5f1ee05f0c3ae53552f2c2da9cfb590edae17db5e8afb6ae37ccb8422792e857	zip/apk/jar
overlay/fastpairOverlayColor/fastpairOverlayColor.apk	8474	b3c7004bad22c95bac13e99447e4b006b448b210dd316d5ad7e037f5ac340842	zip/apk/jar
overlay/filerOverlayColor/filerOverlayColor.apk	8474	62e802d2a0a7225aceaa82a640dc951d7b8387ea4a36d0fab6962bea8c89f8d4	zip/apk/jar
overlay/filerOverlayShape/filerOverlayShape.apk	8474	183e65e69454f8d7f6359b65fe540bf53d392b022810e49692a2fa31aa8a3c14	zip/apk/jar
overlay/fingerprintSensorserviceOverlay/fingerprintSensorserviceOverlay.apk	8474	9ab90351b2c23507ee5320955fbfa481a64d52c34b6b8319da60e38bd29b9278	zip/apk/jar
overlay/fingerprintsOverlayColor/fingerprintsOverlayColor.apk	8474	bdf37030455215a018babda526d6a0af1a0a81544e571e3fbb16901e43821254	zip/apk/jar
overlay/fingerprintsOverlayShape/fingerprintsOverlayShape.apk	8474	69591049ed9cbc121cf0759d627477f35dce5e3a2ca6d45fa674b837435e839b	zip/apk/jar
overlay/floatassistOverlayColor/floatassistOverlayColor.apk	8474	5c5d1f3d93d1d1832779058384cfe4a0c319bbbfafe08e3694e6cf683771dcc2	zip/apk/jar
overlay/floatassistOverlayShape/floatassistOverlayShape.apk	8474	bdab7ef8eb285f39ced42e77d264664b20e745c5fbbe8b66f89dd961ede12f61	zip/apk/jar
overlay/framework-res_common_rro.apk	1528368	b3c5394eefc236bf6b700ae0a7e043d0a1f0219b720744719a2e551dcd230638	zip/apk/jar
overlay/framework-res_common_rro_ip_pb.apk	467391	1c8eb958cbf0c1ee36977e61bdeecdc9e9b00a16e47916b8f80ee4a59f210f0b	zip/apk/jar
overlay/gallery3dOverlayColor/gallery3dOverlayColor.apk	8474	63b95c0a9c7b726edf88c491b64aa306a41226ce4cb53e338880f9f2d5082824	zip/apk/jar
overlay/gallery3dOverlayShape/gallery3dOverlayShape.apk	8474	ec41131148391404662dc57290c52ce6f4338acc61c5cfe376b6f4f2b1c5002e	zip/apk/jar
overlay/gamefloatOverlayColor/gamefloatOverlayColor.apk	8474	58734fa3fc8d27e77855064736495ba3946ac9396f88a16287a773d55a4a1d37	zip/apk/jar
overlay/gamefloatOverlayShape/gamefloatOverlayShape.apk	8474	b5c5de61b3e04a160ef7475b4bfe1372ff3e338c44596af4f10011e3a78e792f	zip/apk/jar
overlay/globalzboardOverlayColor/globalzboardOverlayColor.apk	8474	5ff802b85be4a65910011145089f3965a5d010699850fb594a3636f2e75970bf	zip/apk/jar
overlay/globalzboardOverlayShape/globalzboardOverlayShape.apk	8474	ff26944b2fac4c39b46fe642f9b86e7936958db681ec3991cd27b17592cfdae2	zip/apk/jar
overlay/haloappOverlayColor/haloappOverlayColor.apk	8474	f315e7ffa8ed30958c330b9929667bf28b922c7660dd2448c29544e618cf7a06	zip/apk/jar
overlay/haloappOverlayShape/haloappOverlayShape.apk	8474	b0377e99d596e4ec27af9d63353b827ccc8bbb439615f73cece15c4f774e2c94	zip/apk/jar
overlay/heartyserviceOverlayColor/heartyserviceOverlayColor.apk	8474	41774ce089b17813ea8b828e334af9ff506f998f681d651787d5bca4391c51a3	zip/apk/jar
overlay/heartyserviceOverlayShape/heartyserviceOverlayShape.apk	8474	96b0ef6f1db60c64716dd6de701a997950fa86efa0eaf33dc7a5d3e9599f66d1	zip/apk/jar
overlay/incalluiOverlay/incalluiOverlay.apk	8474	13f6a77974ef9d2f012c8ba3b74ad542f9d01fe793dca780068485488b7a7a0f	zip/apk/jar
overlay/incalluiOverlayColor/incalluiOverlayColor.apk	8474	a3565db83997c8e40ce810684f5d05f72a0ac8be63c8b7479870d5296e13921f	zip/apk/jar
overlay/incalluiOverlayShape/incalluiOverlayShape.apk	8474	877a712d2266aa29e6750a8c11c3c53f69e201b440c1a6b668467d62291d76e0	zip/apk/jar
overlay/intellitextOverlayColor/intellitextOverlayColor.apk	8474	4063fdffa8938d0114d270bc6fdf7be35dff0a0f323e305ddf6acf4072a23059	zip/apk/jar
overlay/intellitextOverlayShape/intellitextOverlayShape.apk	8474	fd2f173874e206a4ce5ce0d636f91e26fc66b8506b248afcb03665812326f786	zip/apk/jar
overlay/intentresolverOverlayColor/intentresolverOverlayColor.apk	8474	c4e04bb0e6fe078bb56cdb50aca9c8b552200ebbdcbc356e9ae5851a12b6925e	zip/apk/jar
overlay/karaokesettingsOverlayColor/karaokesettingsOverlayColor.apk	8474	c5d15ee8061997dc5132cbc11ef2e7f6c704f97506b749fedcc1f57f7062a225	zip/apk/jar
overlay/karaokesettingsOverlayShape/karaokesettingsOverlayShape.apk	8474	e18bd6fe015842b193c75c485cf6ce216b00e36aa6f0cd67f336ca46307929dd	zip/apk/jar
overlay/kidszoneOverlayColor/kidszoneOverlayColor.apk	8474	4fb2490d1fb30eb1308e471653abb751553dbc1a73c852f7e50bf84f126ddf07	zip/apk/jar
overlay/kidszoneOverlayShape/kidszoneOverlayShape.apk	8474	5bbaf31c966509077297a2fa6e59812a6a1d7b2a6688893d9458142c3e731a02	zip/apk/jar
overlay/launcherOverlayColor/launcherOverlayColor.apk	8474	fea6054f829cf628c317836ac0010883fc6cdf2ec0fcd9a8cf238910c7ef16dd	zip/apk/jar
overlay/launcherOverlayShape/launcherOverlayShape.apk	8474	bbe46ba95df91a83a943b717d65681639991a270da736fb2642cf32a5d3e7588	zip/apk/jar
overlay/manualOverlayColor/manualOverlayColor.apk	8474	45283ed45512b8fdc4367405f9f86eae85d1adb23bd62bf300b8b6d5e6d324ce	zip/apk/jar
overlay/manualOverlayShape/manualOverlayShape.apk	8474	337babb27e67de9a4f2a2f994302d751f122559a866ba5033a84e1e36984be7b	zip/apk/jar
overlay/messagingOverlay/messagingOverlay.apk	8474	4d7846689c99e0228baacb86d88e98ff3cdd0aac68b1e4c65237ccba2726fbfd	zip/apk/jar
overlay/messagingOverlayColor/messagingOverlayColor.apk	8474	48e44e62f59e80395855c8a240fd98bcabe6dc6994f44afb647c84f94622de5f	zip/apk/jar
overlay/messagingOverlayShape/messagingOverlayShape.apk	8474	d11a213c17ceb0941a6a44d679f46f17e47e47ea6a1285fdc289dd656bae8462	zip/apk/jar
overlay/mfvkeyguardOverlayColor/mfvkeyguardOverlayColor.apk	8474	578f71ca78a8cf8e1f1fc035ee58dc1136f09f23174ed066722018fd234bacb9	zip/apk/jar
overlay/mfvkeyguardOverlayShape/mfvkeyguardOverlayShape.apk	8474	0baa9d4aaa8ba4aa898f8e6d2e157758c3c0f83e55967ea636011fefdbbf5c5b	zip/apk/jar
overlay/miboardOverlayColor/miboardOverlayColor.apk	8474	63be2578d49864eceab1edf833f5b0fd1de241edb51375b2e6d8c7023fc2cc9a	zip/apk/jar
overlay/miboardOverlayShape/miboardOverlayShape.apk	8474	4abec883fcc354bba5a7c05896686c138e25685e9c80e686ba54215dca5626cd	zip/apk/jar
overlay/mipopOverlay/mipopOverlay.apk	8474	8b1d460d9ee401ce848b4f18efd81f800f72d56ad58aa91e409667bf232a3a00	zip/apk/jar
overlay/mipopOverlayColor/mipopOverlayColor.apk	8474	5ca242b54d68308111f799333ae501c3b106985c54f03001ba1567fff68f22dc	zip/apk/jar
overlay/mipopOverlayShape/mipopOverlayShape.apk	8474	cff8c04fc71e1cdc7614228c445c8a012bef3d2b2a6c66a26246e96589523c65	zip/apk/jar
overlay/mmsOverlay/mmsOverlay.apk	8474	cc0f6e2d895f45ee2842894d3699746867419df8463f2b1cb0390a7488d3cbd7	zip/apk/jar
overlay/multscrOverlayColor/multscrOverlayColor.apk	8474	e173e7eccf0b9edd7e972ab1b4c127ec526726d0e00e7f9a0213b7b8d9209594	zip/apk/jar
overlay/multscrOverlayShape/multscrOverlayShape.apk	8474	aae6b4d2ca3683c189a1fcb89f659cd1326488bb866a4c41316e71fca4b28af9	zip/apk/jar
overlay/nebulagravitationOverlayColor/nebulagravitationOverlayColor.apk	8474	7e78b1e3ad5d455463bb5d3c033e311269cce17bee61306f5c172e67b53a3b0c	zip/apk/jar
overlay/nebulagravitationOverlayShape/nebulagravitationOverlayShape.apk	8474	015d8512a4a3bfb80d6ea5b04147082b215cb058cca2b4c8bc03fbdd058d6d9a	zip/apk/jar
overlay/nebulatranslationOverlayColor/nebulatranslationOverlayColor.apk	8474	00914aa1565320dabab2eaa02a4b64351abe0c1f0dfcf4b4bcae78b48b814642	zip/apk/jar
overlay/nebulatranslationOverlayShape/nebulatranslationOverlayShape.apk	8474	d6bd8d9e6a7121f820ca1eab3b33f12747f7310452958d54fc90d54ff32ad31f	zip/apk/jar
overlay/nubiaCloudOverlayColor/nubiaCloudOverlayColor.apk	8474	898716696009ffbe52b535aeb37a73ee86c077e7f24b2c7ff5f0ead8f98e6c01	zip/apk/jar
overlay/nubiaCloudOverlayShape/nubiaCloudOverlayShape.apk	8474	cf70b735e9f5a3c27932513a3b34133912b6d6ac5b940fc10fc479fa0dffa44c	zip/apk/jar
overlay/nubiaColorfullightOverlayColor/nubiaColorfullightOverlayColor.apk	8474	9f1730df09c51ce3b2fcc19bd45a4964622db68009beefbd012349feb09eecc6	zip/apk/jar
overlay/nubiaColorfullightOverlayShape/nubiaColorfullightOverlayShape.apk	8474	9a2ac8c7a509a441d76e7ea08e41063c943d30fc5487bb130397842e197db24b	zip/apk/jar
overlay/nubiaFanOverlayColor/nubiaFanOverlayColor.apk	8474	5072023acbdc72c248430d25468940cf2c1ced72d337255449887a3b48d6acca	zip/apk/jar
overlay/nubiaFanOverlayShape/nubiaFanOverlayShape.apk	8474	e400ca3d3105c8e9906b41dcc41f8ed27ca618ce2660b5421fa5c33fe4218859	zip/apk/jar
overlay/nubiaInspiredwallpaperOverlayColor/nubiaInspiredwallpaperOverlayColor.apk	8474	c6700319ebd43aa8d842411df1e73139789bf80a930d6017b36e4c29f1872891	zip/apk/jar
overlay/nubiaMiboardOverlayColor/nubiaMiboardOverlayColor.apk	8474	1a23e569c40268c075c9616913ea181807998c3fa6318726975dfae5f5a15265	zip/apk/jar
overlay/nubiaMiboardOverlayShape/nubiaMiboardOverlayShape.apk	8474	d69c7178e31b7d87bdc10215b9c589257277b91a796a547ecf689f439874c76b	zip/apk/jar
overlay/nubiaNotepadOverlayColor/nubiaNotepadOverlayColor.apk	8474	97bd7297fd4ff46a1b9c60bf4a5fa4774ce87d232229279e8e5ca5aa3344d9f5	zip/apk/jar
overlay/nubiaPhotoeditorOverlayColor/nubiaPhotoeditorOverlayColor.apk	8474	fb4fd8dc12561036c04fe0a1782609df3d997c543027d6da4e5a73836fec2984	zip/apk/jar
overlay/nubiaToupingOverlayColor/nubiaToupingOverlayColor.apk	8474	2702bfcad1be9d083baccd77709fac851f49c4f82de909feba8288774baca702	zip/apk/jar
overlay/nubiaToupingOverlayShape/nubiaToupingOverlayShape.apk	8474	16d0a8763dfae664bb1c8604f48677b84b1752d7eae28128b7fd0a29549064ca	zip/apk/jar
overlay/nubiaVideoEditorOverlayColor/nubiaVideoEditorOverlayColor.apk	8474	eef88ebea25e7a613cc164f31fb5bc73471b58cc0af51854a5f527bebfe31747	zip/apk/jar
overlay/nubiagifOverlayColor/nubiagifOverlayColor.apk	8474	ceba5a89fb3fd68569383fb88ccea02abb5621914772df8773030d7256c0bc8c	zip/apk/jar
overlay/packageinstallerOverlayColor/packageinstallerOverlayColor.apk	8474	acf188e8f3ff024c1b4c0ccb7e2487edad2c9ffc64f53846c4aec4466ba9c043	zip/apk/jar
overlay/packageinstallerOverlayShape/packageinstallerOverlayShape.apk	8474	575443079cbdfe630e629fa114d9b1afd2268dd315c079fe6ec82c384d9b408b	zip/apk/jar
overlay/padWeatherOverlayColor/padWeatherOverlayColor.apk	8474	240766334ea2013305ad5484f670ef37f0cc7e5ee27cead0703bc4bc6fc90321	zip/apk/jar
overlay/padWeatherOverlayShape/padWeatherOverlayShape.apk	8474	d54397e17a57ca24cb39c971880529f53a50fe00a1a2fb01b058c7fb1f91c13b	zip/apk/jar
overlay/permissioncontrollerOverlayColor/permissioncontrollerOverlayColor.apk	8474	733874e913f241acfdafeedae7394358773bed5c395f9463d72e091a26af9e60	zip/apk/jar
overlay/permissioncontrollerOverlayShape/permissioncontrollerOverlayShape.apk	8474	3b258abd145876e6ca85fda654cae5b711dba3b9bf5a8020a3b775a16baddbf9	zip/apk/jar
overlay/personalagentOverlayColor/personalagentOverlayColor.apk	8474	aa1d1362dcce60cd8a28b7d6c4b5f1e7dd6db6d7ea55425a315145ed5452246b	zip/apk/jar
overlay/personalagentOverlayShape/personalagentOverlayShape.apk	8474	f226fbbb0f44287a2863446eb5779265685b1e5d86e54216765ea574df4d0a8b	zip/apk/jar
overlay/phoneOverlay/phoneOverlay.apk	8474	177d6ae229f35ab2bab1c93e71879972dad91608cab8f187e9f74f69111685c6	zip/apk/jar
overlay/phoneOverlayColor/phoneOverlayColor.apk	8474	1ec7c2bbcf537d7ebede2056b188e0037092cf4552ca55236f8f117a3537d95a	zip/apk/jar
overlay/phoneOverlayShape/phoneOverlayShape.apk	8474	093b9b3ae2ce6ad9feab337ecfe91b0b9bfa28d723ff29d1f929b6c45631c48c	zip/apk/jar
overlay/photoeditorOverlayColor/photoeditorOverlayColor.apk	8474	2a3c2e41c050c3154ff02bba15961845da835c14cbf0c599f87b5bcbae0a4c86	zip/apk/jar
overlay/photoeditorOverlayShape/photoeditorOverlayShape.apk	8474	53ab0f44f44815b4cd5ea3c3a2af8ed4a0e6241cf86af3c604d8506195aa2633	zip/apk/jar
overlay/powersavemodeOverlayColor/powersavemodeOverlayColor.apk	8474	f0da3e3b8ab0701b7f54594fb2469f3fafc5f0071dd1791f09acc326d61533a2	zip/apk/jar
overlay/powersavemodeOverlayShape/powersavemodeOverlayShape.apk	8474	7928d81f9f29b078541e49ca9649affdb2a68cfb4dd93112e230595689126182	zip/apk/jar
overlay/recorderOverlayColor/recorderOverlayColor.apk	8474	7d1d5aa873fb13f52388d3939f41461b36512f4e6705b7c4a52efbebea6a25c5	zip/apk/jar
overlay/recorderOverlayShape/recorderOverlayShape.apk	8474	df2450fb1f9ea5c5d480c9d7a34a22a2465f568a31be3e756b40a59aa6af86fe	zip/apk/jar
overlay/retrieveOverlayColor/retrieveOverlayColor.apk	8474	d9a52f9230c9a64170659d09e1739eba15f983267ed0334c7db873e365bbebe9	zip/apk/jar
overlay/retrieveOverlayShape/retrieveOverlayShape.apk	8474	fe25760fa11ff9c9af455793f8b13d9981ceb73401d99e97cc4e9818a8586495	zip/apk/jar
overlay/screeneffectOverlayColor/screeneffectOverlayColor.apk	8474	6454a7da9e91925192bca92258472903ced479c8dbe6754f7fd25503dec73a02	zip/apk/jar
overlay/screeneffectOverlayShape/screeneffectOverlayShape.apk	8474	92c50832c2f48593f73b593dbbe47a843311eadd69818072bea78ec031148bd7	zip/apk/jar
overlay/servertelecomOverlay/servertelecomOverlay.apk	8474	ed5943de28db3a0e27983701afa64f973fb54a419c8cc7cd63c7a492bd7505ee	zip/apk/jar
overlay/settingsIntelligenceOverlay/settingsIntelligenceOverlay.apk	8474	6cdef4569ef734518dff8bc7ebf77c30eb0769b19d548e318927880fb63fe98c	zip/apk/jar
overlay/settingsOverlay/settingsOverlay.apk	8474	2a89fd8ac42ed53f7b48a7a064bfca1a8be5569ad2376446708211ff58a4de10	zip/apk/jar
overlay/settingsOverlayColor/settingsOverlayColor.apk	8474	1c427cf078c7d6bbd803fd9fcdb94f556ed43d016662dd6c5c093b7bfdb3b447	zip/apk/jar
overlay/settingsOverlayShape/settingsOverlayShape.apk	8474	388a17b0de63a81c9258b114b4ea71e891df5c9bd4d5d4bfcc2ccbcaefaccb91	zip/apk/jar
overlay/settingseyecareOverlayColor/settingseyecareOverlayColor.apk	8474	852d41ebcc269827c05eb4226565d114e742e3766d67c587af3ce4b5e8e4cc53	zip/apk/jar
overlay/settingseyecareOverlayShape/settingseyecareOverlayShape.apk	8474	b5d26e6c5d56b9c412564e8907118285414c8e4e802fdca8d155025d720ed549	zip/apk/jar
overlay/settingsintelligenceOverlayColor/settingsintelligenceOverlayColor.apk	8474	d30d995714a3f9288408c2a2e3fa572ca500a5c4991e98983da374f844c333e2	zip/apk/jar
overlay/settingsintelligenceOverlayShape/settingsintelligenceOverlayShape.apk	8474	81aef0b161794e3b6e39da5b3bdd411c0dacee1026e64767dab1622c36597502	zip/apk/jar
overlay/smartcastOverlayColor/smartcastOverlayColor.apk	8474	a5032f5d26138a229302dabccb9ece974d99d4ca0356498d31b53e65c6bb4b71	zip/apk/jar
overlay/smartcastOverlayShape/smartcastOverlayShape.apk	8474	67380b7b3c43fb1615e65247f9ff52fede2fa9a8b1bcc0ebaa624a0f17a1c5aa	zip/apk/jar
overlay/storagecleanupOverlayColor/storagecleanupOverlayColor.apk	8474	39f1f5389608995dfd2290a7c907930ee43e4ba6df57215eff13e3e2b1e7473a	zip/apk/jar
overlay/storagecleanupOverlayShape/storagecleanupOverlayShape.apk	8474	088c683f321b102827bc5bca03a238c1bbe311bc9ac26be624d550e07a5fe8bc	zip/apk/jar
overlay/systemuiOverlay/systemuiOverlay.apk	8474	389db138e67bfc3e29f3479e5a38d50ced8b7696aa36f1f13505a736a22420fc	zip/apk/jar
overlay/systemuiOverlayColor/systemuiOverlayColor.apk	8474	3ca4ba07fb2017835c361d1597e8bf4e0be74a82b31f8676c473fa6dafe5c600	zip/apk/jar
overlay/systemuiOverlayShape/systemuiOverlayShape.apk	8474	483b24138fd173a4f81f544034f4bdf53a4870ce03bf9cad6ed9015e85edf08c	zip/apk/jar
overlay/telecomOverlayColor/telecomOverlayColor.apk	8474	ee5aade9e2101f18ca931793410de8b0e4b025e613165cc136384adfeff30d77	zip/apk/jar
overlay/telecomOverlayShape/telecomOverlayShape.apk	8474	c466682d9bf8d525d78364f672bc9f19d21dd86c132c29ae03fb4f7fbd93bfd1	zip/apk/jar
overlay/timestoriesOverlayColor/timestoriesOverlayColor.apk	8474	8e27f399723dbfaad196654200ecbff39839a59856f9a4f1f1a580c5f421efb5	zip/apk/jar
overlay/timestoriesOverlayShape/timestoriesOverlayShape.apk	8474	edfba147ffd1a89ddd8f74f5fe0ab89e0a22e0f4f19b8c3518890290ec7794b6	zip/apk/jar
overlay/usebalanceOverlayColor/usebalanceOverlayColor.apk	8474	c7188b92a226e311f7cfeee5e0dfecbbbac54c10066f954fd1d1a91eeb76fd3a	zip/apk/jar
overlay/usebalanceOverlayShape/usebalanceOverlayShape.apk	8474	79521f80671745aa5fbaa204a43a5f97f3b447f16836fd13975ab201a885a33e	zip/apk/jar
overlay/userguideOverlayColor/userguideOverlayColor.apk	8474	3bfde6d6af3fda00f26544ace4d8641ee22d8fdd0e37fcc5ddab07170015f72d	zip/apk/jar
overlay/userguideOverlayShape/userguideOverlayShape.apk	8474	b576af55c9a0bccbcbb3ec59a4652452590edf1f2be89b968e8e0a164e8eb9c3	zip/apk/jar
overlay/videoeditorOverlayColor/videoeditorOverlayColor.apk	8474	80ff391ecaab9f694c3af769d787b5b31fd7896bd60abbd3096e3c2adcf15e32	zip/apk/jar
overlay/videoeditorOverlayShape/videoeditorOverlayShape.apk	8474	d780d4b0ebf1d9e8bf25ef1b8e1c9c5d194854e23128ba534cf47c0db1a88820	zip/apk/jar
overlay/videoplayerOverlayColor/videoplayerOverlayColor.apk	8474	a3d7ec9c20f317b00768380bcc7c84a898ab0996c0c325a4f533f5ba0d68f5a5	zip/apk/jar
overlay/videoplayerOverlayShape/videoplayerOverlayShape.apk	8474	bca4e7a2892d618e76fb34a4ae9e033a4e908d90c7291cac569a9d390dff08b8	zip/apk/jar
overlay/walletOverlayColor/walletOverlayColor.apk	8474	6f92f480351f92072e26aa7bffb1a74cee2731de18be735bc95153957a8c1a23	zip/apk/jar
overlay/walletOverlayShape/walletOverlayShape.apk	8474	5bd4c4932c8e33b2e286894497e6ebeb12433b16f306ed6a2b2a58112ca8f872	zip/apk/jar
overlay/walletSupportOverlayColor/walletSupportOverlayColor.apk	8474	47c11f005ab8586a902adbd212e62d00aa1a63983af73f4b126f8a1a436458e8	zip/apk/jar
overlay/walletSupportOverlayShape/walletSupportOverlayShape.apk	8474	d7e5fac9ddce50572cd74f1b2dd792aba4befe6b31f3c3befea7b4c6d7313112	zip/apk/jar
overlay/weatherOverlayColor/weatherOverlayColor.apk	8474	3ee865044789909dd02d7887a8cfdbc1890da9b0bb22957c3ce1ac5e17d585ec	zip/apk/jar
overlay/weatherOverlayShape/weatherOverlayShape.apk	8474	c1f2528a814f0282fbd276d1411a681865c576285d190d0592608c54c276f68d	zip/apk/jar
overlay/zdmOverlayColor/zdmOverlayColor.apk	8474	d5dd611b9f79bb9a9ef03b67363731e6160b0e1074fe9ef884c20dd283cf8343	zip/apk/jar
overlay/zdmOverlayShape/zdmOverlayShape.apk	8474	2a8c0f92b762d0f4a79c2b6a12fcc7839051c934d12b86c1b575012125103851	zip/apk/jar
overlay/zgestureOverlayColor/zgestureOverlayColor.apk	8474	ecc45ece0a08605d5a6a1fd8753a8204336650bc44da5cf1091d097008b41832	zip/apk/jar
overlay/zgestureOverlayShape/zgestureOverlayShape.apk	8474	57c1e46df03b761327cf90c628dc9e70edeb4d88e8ae84c37bd4efdfecf99a81	zip/apk/jar
overlay/zsearchOverlayColor/zsearchOverlayColor.apk	8474	962daf2858e5611f4b78ed2b98494bbc2e4882a7e73b757ce8aa9c7a92d2f3bb	zip/apk/jar
overlay/zsearchOverlayShape/zsearchOverlayShape.apk	8474	8f046cd83102499aef3d9e9ec5b99deebd62cfe8de1dd853ec56d0af83b33e17	zip/apk/jar
overlay/zteCameraOverlayColor/zteCameraOverlayColor.apk	8474	3eb81f5e3a35ede01ea0dd94031bb63a7e99da81b4cafe88801206896223fe59	zip/apk/jar
overlay/zteCameraOverlayShape/zteCameraOverlayShape.apk	8474	ebef13bc3e742a6f35051962f0c4de24e52ae5bac95d006b904829c372b48d09	zip/apk/jar
overlay/zteCloudOverlayColor/zteCloudOverlayColor.apk	8474	6de513b705f457216adc719b698744877b7ee9614d480123913d93cda973d48c	zip/apk/jar
overlay/zteCloudOverlayShape/zteCloudOverlayShape.apk	8474	c97ed4b22a17729af76745c4909486958673322b1ce685401f78e3f042aebf45	zip/apk/jar
overlay/zteCompassOverlayColor/zteCompassOverlayColor.apk	8474	66847460e6674f4e01fb9178d3a2aab9275c0ec2c21d49c75096a39b3f5f5ff1	zip/apk/jar
overlay/zteCompassOverlayShape/zteCompassOverlayShape.apk	8474	f28d91e278c22a6bd2402d43328b0afaa812c6e37efcfb3fd261e5c1671fcb64	zip/apk/jar
overlay/zteHeartrateOverlayColor/zteHeartrateOverlayColor.apk	8474	efa6aa2adf6c9274fe3ec8130c2dcb5ad1fc7773fe6b0c9a8f39bab467ef9074	zip/apk/jar
overlay/zteHeartrateOverlayShape/zteHeartrateOverlayShape.apk	8474	dbbc22dfc2eb01668dfbb7e8e03c3f0a3550eebaeb3d84beb4e9a320b2b51f50	zip/apk/jar
overlay/zteMusicOverlayColor/zteMusicOverlayColor.apk	8474	01dd31badc6f5e7dec71168c80a61468a84fceb1ecb02785f813c80ea3ebfade	zip/apk/jar
overlay/zteMusicOverlayShape/zteMusicOverlayShape.apk	8474	ec3bd1a2076bfd18ccd3fcb997f620aa8cadc8e9847197263dc5321f8c996f1f	zip/apk/jar
overlay/zteSuggestOverlayColor/zteSuggestOverlayColor.apk	8474	f77a8cad74dadfccff12364fbfc7a46e5f892740c35980c87f738c0c4f5b33b1	zip/apk/jar
overlay/zteSuggestOverlayShape/zteSuggestOverlayShape.apk	8474	ba7fe0daf703f141b5ae55f2d725fb659bca6d38d4bb09f27745835ef14d6c88	zip/apk/jar
overlay/zteVariableWidgetOverlayColor/zteVariableWidgetOverlayColor.apk	8474	b0f96c739cb85a51b459261a8c89045f26ec2555ac245e8ce6db517f6636687c	zip/apk/jar
overlay/zteVariableWidgetOverlayShape/zteVariableWidgetOverlayShape.apk	8474	52dd0fd9db42110e79386d555e34f3f9ffeacc8991caa44a61528f84581186db	zip/apk/jar
overlay/zteZsoundOverlayColor/zteZsoundOverlayColor.apk	8474	9c194210cec3857281a24f1c77bbd7e9b28bd1532d6b0b0dcf6e01f37e77ebcb	zip/apk/jar
overlay/zteZsoundOverlayShape/zteZsoundOverlayShape.apk	8474	0e61bf9da737bdb5084e856864505bd8f443380c29a80c66e29301e2508cba40	zip/apk/jar
overlay/zteaigcOverlayColor/zteaigcOverlayColor.apk	8474	b5d2137f5d67ce2e8689a1a4ad721b360f3d44c749348587058d03884b687e0a	zip/apk/jar
overlay/zteaigcOverlayShape/zteaigcOverlayShape.apk	8474	7787128a00c7c3bdf640eab0c40dd753b90c7ea91043fdc87a694ddccc024378	zip/apk/jar
overlay/ztedfsOverlayColor/ztedfsOverlayColor.apk	8474	6405b64ab47b9a6c3ec1d0db7751a77fa41fe6c2b189a96be112fbc96970e75c	zip/apk/jar
overlay/ztedfsOverlayShape/ztedfsOverlayShape.apk	8474	ef5fd964ed2cc2be210e522f6b64a6c3a14d6bfea68063b5d15c8e258cdeb820	zip/apk/jar
overlay/ztescreenshotOverlayColor/ztescreenshotOverlayColor.apk	8474	fd1894f8ed58d59df6d1a386b21099489bead528f759603a41d100ebe4902a7a	zip/apk/jar
overlay/ztescreenshotOverlayShape/ztescreenshotOverlayShape.apk	8474	834c24c610655427831633c035fcdd12648503f25899c17074a68bc48338a4b0	zip/apk/jar
overlay/zteshareOverlayColor/zteshareOverlayColor.apk	8474	0276e65f2cb2ab292ec744c249a48202bf37b751fe938063f70637f8439487a6	zip/apk/jar
overlay/zteshareOverlayShape/zteshareOverlayShape.apk	8474	f2356f27cd3022b526cd05eda1974a430750d7c3a89fa5d7b021f552d366ffa3	zip/apk/jar
rfs/apq/gnss/hlos	-1	ERROR:[Errno 2] No such file or directory: '.work/fs/vendor/rfs/apq/gnss/hlos'	error
rfs/apq/gnss/ramdumps	-1	ERROR:[Errno 2] No such file or directory: '.work/fs/vendor/rfs/apq/gnss/ramdumps'	error
rfs/apq/gnss/readonly/firmware	-1	ERROR:[Errno 2] No such file or directory: '.work/fs/vendor/rfs/apq/gnss/readonly/firmware'	error
rfs/apq/gnss/readonly/vendor/firmware	-1	ERROR:[Errno 2] No such file or directory: '.work/fs/vendor/rfs/apq/gnss/readonly/vendor/firmware'	error
rfs/apq/gnss/readwrite	-1	ERROR:[Errno 2] No such file or directory: '.work/fs/vendor/rfs/apq/gnss/readwrite'	error
rfs/apq/gnss/shared	-1	ERROR:[Errno 2] No such file or directory: '.work/fs/vendor/rfs/apq/gnss/shared'	error
rfs/mdm/adsp/hlos	-1	ERROR:[Errno 2] No such file or directory: '.work/fs/vendor/rfs/mdm/adsp/hlos'	error
rfs/mdm/adsp/ramdumps	-1	ERROR:[Errno 2] No such file or directory: '.work/fs/vendor/rfs/mdm/adsp/ramdumps'	error
rfs/mdm/adsp/readonly/firmware	-1	ERROR:[Errno 2] No such file or directory: '.work/fs/vendor/rfs/mdm/adsp/readonly/firmware'	error
rfs/mdm/adsp/readonly/vendor/firmware	-1	ERROR:[Errno 2] No such file or directory: '.work/fs/vendor/rfs/mdm/adsp/readonly/vendor/firmware'	error
rfs/mdm/adsp/readwrite	-1	ERROR:[Errno 2] No such file or directory: '.work/fs/vendor/rfs/mdm/adsp/readwrite'	error
rfs/mdm/adsp/shared	-1	ERROR:[Errno 2] No such file or directory: '.work/fs/vendor/rfs/mdm/adsp/shared'	error
rfs/mdm/cdsp/hlos	-1	ERROR:[Errno 2] No such file or directory: '.work/fs/vendor/rfs/mdm/cdsp/hlos'	error
rfs/mdm/cdsp/ramdumps	-1	ERROR:[Errno 2] No such file or directory: '.work/fs/vendor/rfs/mdm/cdsp/ramdumps'	error
rfs/mdm/cdsp/readonly/firmware	-1	ERROR:[Errno 2] No such file or directory: '.work/fs/vendor/rfs/mdm/cdsp/readonly/firmware'	error
rfs/mdm/cdsp/readonly/vendor/firmware	-1	ERROR:[Errno 2] No such file or directory: '.work/fs/vendor/rfs/mdm/cdsp/readonly/vendor/firmware'	error
rfs/mdm/cdsp/readwrite	-1	ERROR:[Errno 2] No such file or directory: '.work/fs/vendor/rfs/mdm/cdsp/readwrite'	error
rfs/mdm/cdsp/shared	-1	ERROR:[Errno 2] No such file or directory: '.work/fs/vendor/rfs/mdm/cdsp/shared'	error
rfs/mdm/mpss/hlos	-1	ERROR:[Errno 2] No such file or directory: '.work/fs/vendor/rfs/mdm/mpss/hlos'	error
rfs/mdm/mpss/ramdumps	-1	ERROR:[Errno 2] No such file or directory: '.work/fs/vendor/rfs/mdm/mpss/ramdumps'	error
rfs/mdm/mpss/readonly/firmware	-1	ERROR:[Errno 2] No such file or directory: '.work/fs/vendor/rfs/mdm/mpss/readonly/firmware'	error
rfs/mdm/mpss/readonly/vendor/firmware	-1	ERROR:[Errno 2] No such file or directory: '.work/fs/vendor/rfs/mdm/mpss/readonly/vendor/firmware'	error
rfs/mdm/mpss/readwrite	-1	ERROR:[Errno 2] No such file or directory: '.work/fs/vendor/rfs/mdm/mpss/readwrite'	error
rfs/mdm/mpss/shared	-1	ERROR:[Errno 2] No such file or directory: '.work/fs/vendor/rfs/mdm/mpss/shared'	error
rfs/mdm/ois/hlos	-1	ERROR:[Errno 2] No such file or directory: '.work/fs/vendor/rfs/mdm/ois/hlos'	error
rfs/mdm/ois/ramdumps	-1	ERROR:[Errno 2] No such file or directory: '.work/fs/vendor/rfs/mdm/ois/ramdumps'	error
rfs/mdm/ois/readonly/firmware	-1	ERROR:[Errno 2] No such file or directory: '.work/fs/vendor/rfs/mdm/ois/readonly/firmware'	error
rfs/mdm/ois/readonly/vendor/firmware	-1	ERROR:[Errno 2] No such file or directory: '.work/fs/vendor/rfs/mdm/ois/readonly/vendor/firmware'	error
rfs/mdm/ois/readwrite	-1	ERROR:[Errno 2] No such file or directory: '.work/fs/vendor/rfs/mdm/ois/readwrite'	error
rfs/mdm/ois/shared	-1	ERROR:[Errno 2] No such file or directory: '.work/fs/vendor/rfs/mdm/ois/shared'	error
rfs/mdm/slpi/hlos	-1	ERROR:[Errno 2] No such file or directory: '.work/fs/vendor/rfs/mdm/slpi/hlos'	error
rfs/mdm/slpi/ramdumps	-1	ERROR:[Errno 2] No such file or directory: '.work/fs/vendor/rfs/mdm/slpi/ramdumps'	error
rfs/mdm/slpi/readonly/firmware	-1	ERROR:[Errno 2] No such file or directory: '.work/fs/vendor/rfs/mdm/slpi/readonly/firmware'	error
rfs/mdm/slpi/readonly/vendor/firmware	-1	ERROR:[Errno 2] No such file or directory: '.work/fs/vendor/rfs/mdm/slpi/readonly/vendor/firmware'	error
rfs/mdm/slpi/readwrite	-1	ERROR:[Errno 2] No such file or directory: '.work/fs/vendor/rfs/mdm/slpi/readwrite'	error
rfs/mdm/slpi/shared	-1	ERROR:[Errno 2] No such file or directory: '.work/fs/vendor/rfs/mdm/slpi/shared'	error
rfs/mdm/tn/hlos	-1	ERROR:[Errno 2] No such file or directory: '.work/fs/vendor/rfs/mdm/tn/hlos'	error
rfs/mdm/tn/ramdumps	-1	ERROR:[Errno 2] No such file or directory: '.work/fs/vendor/rfs/mdm/tn/ramdumps'	error
rfs/mdm/tn/readonly/firmware	-1	ERROR:[Errno 2] No such file or directory: '.work/fs/vendor/rfs/mdm/tn/readonly/firmware'	error
rfs/mdm/tn/readonly/vendor/firmware	-1	ERROR:[Errno 2] No such file or directory: '.work/fs/vendor/rfs/mdm/tn/readonly/vendor/firmware'	error
rfs/mdm/tn/readwrite	-1	ERROR:[Errno 2] No such file or directory: '.work/fs/vendor/rfs/mdm/tn/readwrite'	error
rfs/mdm/tn/shared	-1	ERROR:[Errno 2] No such file or directory: '.work/fs/vendor/rfs/mdm/tn/shared'	error
rfs/mdm/wpss/hlos	-1	ERROR:[Errno 2] No such file or directory: '.work/fs/vendor/rfs/mdm/wpss/hlos'	error
rfs/mdm/wpss/ramdumps	-1	ERROR:[Errno 2] No such file or directory: '.work/fs/vendor/rfs/mdm/wpss/ramdumps'	error
rfs/mdm/wpss/readonly/firmware	-1	ERROR:[Errno 2] No such file or directory: '.work/fs/vendor/rfs/mdm/wpss/readonly/firmware'	error
rfs/mdm/wpss/readonly/vendor/firmware	-1	ERROR:[Errno 2] No such file or directory: '.work/fs/vendor/rfs/mdm/wpss/readonly/vendor/firmware'	error
rfs/mdm/wpss/readwrite	-1	ERROR:[Errno 2] No such file or directory: '.work/fs/vendor/rfs/mdm/wpss/readwrite'	error
rfs/mdm/wpss/shared	-1	ERROR:[Errno 2] No such file or directory: '.work/fs/vendor/rfs/mdm/wpss/shared'	error
rfs/msm/adsp/hlos	-1	ERROR:[Errno 2] No such file or directory: '.work/fs/vendor/rfs/msm/adsp/hlos'	error
rfs/msm/adsp/ramdumps	-1	ERROR:[Errno 2] No such file or directory: '.work/fs/vendor/rfs/msm/adsp/ramdumps'	error
rfs/msm/adsp/readonly/firmware	-1	ERROR:[Errno 2] No such file or directory: '.work/fs/vendor/rfs/msm/adsp/readonly/firmware'	error
rfs/msm/adsp/readonly/vendor/firmware	-1	ERROR:[Errno 2] No such file or directory: '.work/fs/vendor/rfs/msm/adsp/readonly/vendor/firmware'	error
rfs/msm/adsp/readwrite	-1	ERROR:[Errno 2] No such file or directory: '.work/fs/vendor/rfs/msm/adsp/readwrite'	error
rfs/msm/adsp/shared	-1	ERROR:[Errno 2] No such file or directory: '.work/fs/vendor/rfs/msm/adsp/shared'	error
rfs/msm/cdsp/hlos	-1	ERROR:[Errno 2] No such file or directory: '.work/fs/vendor/rfs/msm/cdsp/hlos'	error
rfs/msm/cdsp/ramdumps	-1	ERROR:[Errno 2] No such file or directory: '.work/fs/vendor/rfs/msm/cdsp/ramdumps'	error
rfs/msm/cdsp/readonly/firmware	-1	ERROR:[Errno 2] No such file or directory: '.work/fs/vendor/rfs/msm/cdsp/readonly/firmware'	error
rfs/msm/cdsp/readonly/vendor/firmware	-1	ERROR:[Errno 2] No such file or directory: '.work/fs/vendor/rfs/msm/cdsp/readonly/vendor/firmware'	error
rfs/msm/cdsp/readwrite	-1	ERROR:[Errno 2] No such file or directory: '.work/fs/vendor/rfs/msm/cdsp/readwrite'	error
rfs/msm/cdsp/shared	-1	ERROR:[Errno 2] No such file or directory: '.work/fs/vendor/rfs/msm/cdsp/shared'	error
rfs/msm/mpss/hlos	-1	ERROR:[Errno 2] No such file or directory: '.work/fs/vendor/rfs/msm/mpss/hlos'	error
rfs/msm/mpss/ramdumps	-1	ERROR:[Errno 2] No such file or directory: '.work/fs/vendor/rfs/msm/mpss/ramdumps'	error
rfs/msm/mpss/readonly/firmware	-1	ERROR:[Errno 2] No such file or directory: '.work/fs/vendor/rfs/msm/mpss/readonly/firmware'	error
rfs/msm/mpss/readonly/vendor/firmware	-1	ERROR:[Errno 2] No such file or directory: '.work/fs/vendor/rfs/msm/mpss/readonly/vendor/firmware'	error
rfs/msm/mpss/readwrite	-1	ERROR:[Errno 2] No such file or directory: '.work/fs/vendor/rfs/msm/mpss/readwrite'	error
rfs/msm/mpss/shared	-1	ERROR:[Errno 2] No such file or directory: '.work/fs/vendor/rfs/msm/mpss/shared'	error
rfs/msm/ois/hlos	-1	ERROR:[Errno 2] No such file or directory: '.work/fs/vendor/rfs/msm/ois/hlos'	error
rfs/msm/ois/ramdumps	-1	ERROR:[Errno 2] No such file or directory: '.work/fs/vendor/rfs/msm/ois/ramdumps'	error
rfs/msm/ois/readonly/firmware	-1	ERROR:[Errno 2] No such file or directory: '.work/fs/vendor/rfs/msm/ois/readonly/firmware'	error
rfs/msm/ois/readonly/vendor/firmware	-1	ERROR:[Errno 2] No such file or directory: '.work/fs/vendor/rfs/msm/ois/readonly/vendor/firmware'	error
rfs/msm/ois/readwrite	-1	ERROR:[Errno 2] No such file or directory: '.work/fs/vendor/rfs/msm/ois/readwrite'	error
rfs/msm/ois/shared	-1	ERROR:[Errno 2] No such file or directory: '.work/fs/vendor/rfs/msm/ois/shared'	error
rfs/msm/slpi/hlos	-1	ERROR:[Errno 2] No such file or directory: '.work/fs/vendor/rfs/msm/slpi/hlos'	error
rfs/msm/slpi/ramdumps	-1	ERROR:[Errno 2] No such file or directory: '.work/fs/vendor/rfs/msm/slpi/ramdumps'	error
rfs/msm/slpi/readonly/firmware	-1	ERROR:[Errno 2] No such file or directory: '.work/fs/vendor/rfs/msm/slpi/readonly/firmware'	error
rfs/msm/slpi/readonly/vendor/firmware	-1	ERROR:[Errno 2] No such file or directory: '.work/fs/vendor/rfs/msm/slpi/readonly/vendor/firmware'	error
rfs/msm/slpi/readwrite	-1	ERROR:[Errno 2] No such file or directory: '.work/fs/vendor/rfs/msm/slpi/readwrite'	error
rfs/msm/slpi/shared	-1	ERROR:[Errno 2] No such file or directory: '.work/fs/vendor/rfs/msm/slpi/shared'	error
rfs/msm/wpss/hlos	-1	ERROR:[Errno 2] No such file or directory: '.work/fs/vendor/rfs/msm/wpss/hlos'	error
rfs/msm/wpss/ramdumps	-1	ERROR:[Errno 2] No such file or directory: '.work/fs/vendor/rfs/msm/wpss/ramdumps'	error
rfs/msm/wpss/readonly/firmware	-1	ERROR:[Errno 2] No such file or directory: '.work/fs/vendor/rfs/msm/wpss/readonly/firmware'	error
rfs/msm/wpss/readonly/vendor/firmware	-1	ERROR:[Errno 2] No such file or directory: '.work/fs/vendor/rfs/msm/wpss/readonly/vendor/firmware'	error
rfs/msm/wpss/readwrite	-1	ERROR:[Errno 2] No such file or directory: '.work/fs/vendor/rfs/msm/wpss/readwrite'	error
rfs/msm/wpss/shared	-1	ERROR:[Errno 2] No such file or directory: '.work/fs/vendor/rfs/msm/wpss/shared'	error
rfs/rfs_symlinks	0	e3b0c44298fc1c149afbf4c8996fb92427ae41e4649b934ca495991b7852b855	text
